ISO-10303-21;
HEADER;
/* Generated by software containing ST-Developer
 * from STEP Tools, Inc. (www.steptools.com) 
 */

FILE_DESCRIPTION(
/* description */ (''),
/* implementation_level */ '2;1');

FILE_NAME(
/* name */ 'OB_Chassis_Bearing_Cover_new_omni.step',
/* time_stamp */ '2026-01-24T12:44:12+09:00',
/* author */ (''),
/* organization */ (''),
/* preprocessor_version */ 'ST-DEVELOPER v20.1',
/* originating_system */ 'Autodesk Translation Framework v14.24.0.0',
/* authorisation */ '');

FILE_SCHEMA (('AUTOMOTIVE_DESIGN { 1 0 10303 214 3 1 1 }'));
ENDSEC;

DATA;
#10=MECHANICAL_DESIGN_GEOMETRIC_PRESENTATION_REPRESENTATION('',(#13),#2876);
#11=SHAPE_REPRESENTATION_RELATIONSHIP('SRR','None',#2883,#12);
#12=ADVANCED_BREP_SHAPE_REPRESENTATION('',(#14),#2875);
#13=STYLED_ITEM('',(#2892),#14);
#14=MANIFOLD_SOLID_BREP('Body1',#930);
#15=FACE_BOUND('',#151,.T.);
#16=FACE_BOUND('',#152,.T.);
#17=FACE_BOUND('',#170,.T.);
#18=FACE_BOUND('',#182,.T.);
#19=FACE_BOUND('',#183,.T.);
#20=(
BOUNDED_CURVE()
B_SPLINE_CURVE(2,(#1718,#1719,#1720,#1721,#1722,#1723,#1724,#1725,#1726),
 .UNSPECIFIED.,.F.,.F.)
B_SPLINE_CURVE_WITH_KNOTS((3,2,2,2,3),(127.72727103326,130.998245839861,
190.286512857223,249.574779874572,252.789004655171),.UNSPECIFIED.)
CURVE()
GEOMETRIC_REPRESENTATION_ITEM()
RATIONAL_B_SPLINE_CURVE((1.,0.991480074809883,0.906158773228625,0.941332249294015,
1.00003838098146,0.941332249294012,1.00003838098146,0.991671949223605,1.))
REPRESENTATION_ITEM('')
);
#21=(
BOUNDED_CURVE()
B_SPLINE_CURVE(2,(#2241,#2242,#2243,#2244,#2245,#2246,#2247,#2248,#2249),
 .UNSPECIFIED.,.F.,.F.)
B_SPLINE_CURVE_WITH_KNOTS((3,2,2,2,3),(0.120501709101766,3.33472648970143,
62.6229935070504,121.911260524412,125.182235331013),.UNSPECIFIED.)
CURVE()
GEOMETRIC_REPRESENTATION_ITEM()
RATIONAL_B_SPLINE_CURVE((1.,0.991671949223605,1.00003838098146,0.941332249294012,
1.00003838098146,0.941332249294015,0.906158773228625,0.991480074809883,
1.))
REPRESENTATION_ITEM('')
);
#22=(
BOUNDED_SURFACE()
B_SPLINE_SURFACE(2,1,((#1700,#1701),(#1702,#1703),(#1704,#1705),(#1706,
#1707),(#1708,#1709),(#1710,#1711),(#1712,#1713),(#1714,#1715),(#1716,#1717)),
 .UNSPECIFIED.,.F.,.F.,.F.)
B_SPLINE_SURFACE_WITH_KNOTS((3,2,2,2,3),(2,2),(127.72727103326,130.998245839861,
190.286512857223,249.574779874572,252.789004655171),(0.,0.250000000014001),
 .UNSPECIFIED.)
GEOMETRIC_REPRESENTATION_ITEM()
RATIONAL_B_SPLINE_SURFACE(((1.,1.),(0.991480074809883,0.991480074809883),
(0.906158773228625,0.906158773228625),(0.941332249294015,0.941332249294015),
(1.00003838098146,1.00003838098146),(0.941332249294012,0.941332249294012),
(1.00003838098146,1.00003838098146),(0.991671949223605,0.991671949223605),
(1.,1.)))
REPRESENTATION_ITEM('')
SURFACE()
);
#23=(
BOUNDED_SURFACE()
B_SPLINE_SURFACE(2,1,((#2470,#2471),(#2472,#2473),(#2474,#2475),(#2476,
#2477),(#2478,#2479),(#2480,#2481),(#2482,#2483),(#2484,#2485),(#2486,#2487),
(#2488,#2489),(#2490,#2491),(#2492,#2493),(#2494,#2495),(#2496,#2497),(#2498,
#2499),(#2500,#2501),(#2502,#2503),(#2504,#2505),(#2506,#2507),(#2508,#2509),
(#2510,#2511)),.UNSPECIFIED.,.F.,.F.,.F.)
B_SPLINE_SURFACE_WITH_KNOTS((3,2,2,2,2,2,2,2,2,2,3),(2,2),(0.,0.412210632886129,
0.824421265771973,5.14406337967977,29.1794723553896,32.2238560201826,97.2512001350896,
124.330992775596,128.611217895546,129.022107122259,129.432996348972),(0.,
6.50000000001705),.UNSPECIFIED.)
GEOMETRIC_REPRESENTATION_ITEM()
RATIONAL_B_SPLINE_SURFACE(((1.,1.),(0.87016347565593,0.87016347565593),
(1.,1.),(0.870163475656099,0.870163475656099),(1.,1.),(0.994060084677107,
0.994060084677107),(1.00167334967645,1.00167334967645),(0.992718128190215,
0.992718128190215),(0.987374752599844,0.987374752599844),(0.986697947583603,
0.986697947583603),(0.986079088765314,0.986079088765314),(0.972860404865258,
0.972860404865258),(0.986079088765319,0.986079088765319),(0.991583837942243,
0.991583837942243),(1.00167334967646,1.00167334967646),(0.994230654887078,
0.994230654887078),(1.00003838098146,1.00003838098146),(0.871009632043015,
0.871009632043015),(1.00003838098146,1.00003838098146),(0.870992917421888,
0.870992917421888),(1.,1.)))
REPRESENTATION_ITEM('')
SURFACE()
);
#24=(
BOUNDED_SURFACE()
B_SPLINE_SURFACE(2,1,((#2515,#2516),(#2517,#2518),(#2519,#2520),(#2521,
#2522),(#2523,#2524),(#2525,#2526),(#2527,#2528),(#2529,#2530),(#2531,#2532)),
 .UNSPECIFIED.,.F.,.F.,.F.)
B_SPLINE_SURFACE_WITH_KNOTS((3,2,2,2,3),(2,2),(0.120501709101766,3.33472648970143,
62.6229935070504,121.911260524412,125.182235331013),(0.,0.250000000007946),
 .UNSPECIFIED.)
GEOMETRIC_REPRESENTATION_ITEM()
RATIONAL_B_SPLINE_SURFACE(((1.,1.),(0.991671949223605,0.991671949223605),
(1.00003838098146,1.00003838098146),(0.941332249294012,0.941332249294012),
(1.00003838098146,1.00003838098146),(0.941332249294015,0.941332249294015),
(0.906158773228625,0.906158773228625),(0.991480074809883,0.991480074809883),
(1.,1.)))
REPRESENTATION_ITEM('')
SURFACE()
);
#25=B_SPLINE_SURFACE_WITH_KNOTS('',1,3,((#1288,#1289,#1290,#1291,#1292,
#1293,#1294,#1295,#1296,#1297,#1298,#1299,#1300,#1301,#1302,#1303,#1304,
#1305,#1306),(#1307,#1308,#1309,#1310,#1311,#1312,#1313,#1314,#1315,#1316,
#1317,#1318,#1319,#1320,#1321,#1322,#1323,#1324,#1325)),.UNSPECIFIED.,.F.,
 .F.,.F.,(2,2),(4,1,1,1,1,1,1,1,1,1,1,1,1,1,1,1,4),(-1.22528428922794E-5,
1.),(0.,0.650235413897409,1.33608440804046,2.05104348988244,2.78816065768233,
3.52527782548542,4.240236907328,4.92608590146606,5.57632131536515,6.22655672926336,
6.91240572340502,7.62736480524536,8.36448197304627,9.10159914084655,9.81655822269071,
10.5024072168317,11.152642630729),.UNSPECIFIED.);
#26=B_SPLINE_SURFACE_WITH_KNOTS('',3,1,((#1395,#1396),(#1397,#1398),(#1399,
#1400),(#1401,#1402),(#1403,#1404),(#1405,#1406),(#1407,#1408),(#1409,#1410),
(#1411,#1412),(#1413,#1414),(#1415,#1416),(#1417,#1418),(#1419,#1420),(#1421,
#1422),(#1423,#1424),(#1425,#1426),(#1427,#1428),(#1429,#1430),(#1431,#1432)),
 .UNSPECIFIED.,.F.,.F.,.F.,(4,1,1,1,1,1,1,1,1,1,1,1,1,1,1,1,4),(2,2),(0.,
0.650235413897409,1.33608440804046,2.05104348988244,2.78816065768233,3.52527782548542,
4.240236907328,4.92608590146606,5.57632131536515,6.22655672926336,6.91240572340502,
7.62736480524536,8.36448197304627,9.10159914084655,9.81655822269071,10.5024072168317,
11.152642630729),(-1.0842216401075E-5,1.),.UNSPECIFIED.);
#27=B_SPLINE_SURFACE_WITH_KNOTS('',3,1,((#1502,#1503),(#1504,#1505),(#1506,
#1507),(#1508,#1509),(#1510,#1511),(#1512,#1513),(#1514,#1515),(#1516,#1517),
(#1518,#1519),(#1520,#1521),(#1522,#1523),(#1524,#1525),(#1526,#1527),(#1528,
#1529),(#1530,#1531),(#1532,#1533),(#1534,#1535),(#1536,#1537),(#1538,#1539)),
 .UNSPECIFIED.,.F.,.F.,.F.,(4,1,1,1,1,1,1,1,1,1,1,1,1,1,1,1,4),(2,2),(0.,
0.650235413896568,1.33608440803864,2.05104348988148,2.7881606576823,3.52527782548385,
4.24023690732174,4.92608590146435,5.57632131536518,6.22655672926154,6.91240572340116,
7.62736480525154,8.3644819730463,9.10159914084574,9.81655822268942,10.5024072168323,
11.152642630729),(-1.08422109562264E-5,1.),.UNSPECIFIED.);
#28=B_SPLINE_SURFACE_WITH_KNOTS('',1,3,((#1609,#1610,#1611,#1612,#1613,
#1614,#1615,#1616,#1617,#1618,#1619,#1620,#1621,#1622,#1623,#1624,#1625,
#1626,#1627),(#1628,#1629,#1630,#1631,#1632,#1633,#1634,#1635,#1636,#1637,
#1638,#1639,#1640,#1641,#1642,#1643,#1644,#1645,#1646)),.UNSPECIFIED.,.F.,
 .F.,.F.,(2,2),(4,1,1,1,1,1,1,1,1,1,1,1,1,1,1,1,4),(-1.2252846655752E-5,
1.),(0.,0.650235413896568,1.33608440803864,2.05104348988148,2.7881606576823,
3.52527782548385,4.24023690732174,4.92608590146435,5.57632131536518,6.22655672926154,
6.91240572340116,7.62736480525154,8.3644819730463,9.10159914084574,9.81655822268942,
10.5024072168323,11.152642630729),.UNSPECIFIED.);
#29=B_SPLINE_SURFACE_WITH_KNOTS('',1,3,((#2721,#2722,#2723,#2724,#2725,
#2726,#2727,#2728,#2729,#2730,#2731,#2732,#2733,#2734,#2735,#2736,#2737,
#2738,#2739),(#2740,#2741,#2742,#2743,#2744,#2745,#2746,#2747,#2748,#2749,
#2750,#2751,#2752,#2753,#2754,#2755,#2756,#2757,#2758)),.UNSPECIFIED.,.F.,
 .F.,.F.,(2,2),(4,1,1,1,1,1,1,1,1,1,1,1,1,1,1,1,4),(-0.000506186349955039,
1.),(11.152136444379,11.8028780446255,12.4887270387681,13.2036861206114,
13.9408032884107,14.6779204562088,15.3928795380554,16.0787285321953,16.7289639460935,
17.3791993599907,18.0650483541314,18.7800074359743,19.5171246037761,20.2542417715756,
20.969200853419,21.6550498475609,22.3057914478077),.UNSPECIFIED.);
#30=B_SPLINE_SURFACE_WITH_KNOTS('',3,1,((#2759,#2760),(#2761,#2762),(#2763,
#2764),(#2765,#2766),(#2767,#2768),(#2769,#2770),(#2771,#2772),(#2773,#2774),
(#2775,#2776),(#2777,#2778),(#2779,#2780),(#2781,#2782),(#2783,#2784),(#2785,
#2786),(#2787,#2788),(#2789,#2790),(#2791,#2792),(#2793,#2794),(#2795,#2796)),
 .UNSPECIFIED.,.F.,.F.,.F.,(4,1,1,1,1,1,1,1,1,1,1,1,1,1,1,1,4),(2,2),(11.1521364442883,
11.8028780446255,12.4887270387681,13.2036861206114,13.9408032884107,14.6779204562088,
15.3928795380554,16.0787285321953,16.7289639460935,17.3791993599907,18.0650483541314,
18.7800074359743,19.5171246037761,20.2542417715756,20.969200853419,21.6550498475609,
22.3057914478984),(-0.000506186440678271,1.),.UNSPECIFIED.);
#31=B_SPLINE_SURFACE_WITH_KNOTS('',3,1,((#2797,#2798),(#2799,#2800),(#2801,
#2802),(#2803,#2804),(#2805,#2806),(#2807,#2808),(#2809,#2810),(#2811,#2812),
(#2813,#2814),(#2815,#2816),(#2817,#2818),(#2819,#2820),(#2821,#2822),(#2823,
#2824),(#2825,#2826),(#2827,#2828),(#2829,#2830),(#2831,#2832),(#2833,#2834)),
 .UNSPECIFIED.,.F.,.F.,.F.,(4,1,1,1,1,1,1,1,1,1,1,1,1,1,1,1,4),(2,2),(11.1521364441858,
11.8028780446267,12.4887270387673,13.2036861206116,13.9408032884106,14.6779204562103,
15.3928795380537,16.0787285321961,16.7289639460925,17.3791993599888,18.0650483541323,
18.7800074359763,19.5171246037753,20.2542417715745,20.9692008534194,21.6550498475609,
22.3057914480008),(-0.000506186543168734,1.),.UNSPECIFIED.);
#32=B_SPLINE_SURFACE_WITH_KNOTS('',1,3,((#2835,#2836,#2837,#2838,#2839,
#2840,#2841,#2842,#2843,#2844,#2845,#2846,#2847,#2848,#2849,#2850,#2851,
#2852,#2853),(#2854,#2855,#2856,#2857,#2858,#2859,#2860,#2861,#2862,#2863,
#2864,#2865,#2866,#2867,#2868,#2869,#2870,#2871,#2872)),.UNSPECIFIED.,.F.,
 .F.,.F.,(2,2),(4,1,1,1,1,1,1,1,1,1,1,1,1,1,1,1,4),(-0.000506186666679124,
1.),(11.1521364440623,11.8028780446267,12.4887270387673,13.2036861206116,
13.9408032884106,14.6779204562103,15.3928795380537,16.0787285321961,16.7289639460925,
17.3791993599888,18.0650483541323,18.7800074359763,19.5171246037753,20.2542417715745,
20.9692008534194,21.6550498475609,22.3057914481243),.UNSPECIFIED.);
#33=B_SPLINE_CURVE_WITH_KNOTS('',3,(#1245,#1246,#1247,#1248,#1249,#1250,
#1251,#1252,#1253,#1254,#1255,#1256,#1257,#1258,#1259,#1260,#1261,#1262,
#1263,#1264,#1265,#1266,#1267,#1268,#1269,#1270,#1271,#1272,#1273,#1274,
#1275,#1276,#1277,#1278,#1279,#1280,#1281,#1282),.UNSPECIFIED.,.F.,.F.,
(4,2,2,2,2,2,2,2,2,2,2,2,2,2,2,2,2,2,4),(-0.801864088324081,-0.765996887062799,
-0.730129884726617,-0.706224067410428,-0.674345006779276,-0.574733160271293,
-0.549903096050693,-0.500213444069743,-0.450523638898116,-0.400844256015144,
-0.351164856896051,-0.301475058862532,-0.251785377090186,-0.22695531508892,
-0.202125507272345,-0.152436103333748,-0.114343651875246,-0.0571719112534171,
0.),.UNSPECIFIED.);
#34=B_SPLINE_CURVE_WITH_KNOTS('',3,(#1329,#1330,#1331,#1332,#1333,#1334,
#1335,#1336,#1337,#1338,#1339,#1340,#1341,#1342,#1343,#1344,#1345,#1346,
#1347),.UNSPECIFIED.,.F.,.F.,(4,1,1,1,1,1,1,1,1,1,1,1,1,1,1,1,4),(0.,0.650235413897409,
1.33608440804046,2.05104348988244,2.78816065768233,3.52527782548542,4.240236907328,
4.92608590146606,5.57632131536515,6.22655672926336,6.91240572340502,7.62736480524536,
8.36448197304627,9.10159914084655,9.81655822269071,10.5024072168317,11.152642630729),
 .UNSPECIFIED.);
#35=B_SPLINE_CURVE_WITH_KNOTS('',3,(#1355,#1356,#1357,#1358,#1359,#1360,
#1361,#1362,#1363,#1364,#1365,#1366,#1367,#1368,#1369,#1370,#1371,#1372,
#1373,#1374,#1375,#1376,#1377,#1378,#1379,#1380,#1381,#1382,#1383,#1384,
#1385,#1386,#1387,#1388,#1389,#1390,#1391,#1392),.UNSPECIFIED.,.F.,.F.,
(4,2,2,2,2,2,2,2,2,2,2,2,2,2,2,2,2,2,4),(7.91739850423353E-9,0.0358673342828484,
0.0717344617224721,0.0956403624218531,0.127519534246741,0.227131728194752,
0.251961879021083,0.301651704317076,0.351341682803937,0.401021238937466,
0.45070081130776,0.500390782656131,0.550080637743581,0.574910786350582,
0.599740680771986,0.649430258024231,0.687522842345405,0.744694782376348,
0.801866893048904),.UNSPECIFIED.);
#36=B_SPLINE_CURVE_WITH_KNOTS('',3,(#1436,#1437,#1438,#1439,#1440,#1441,
#1442,#1443,#1444,#1445,#1446,#1447,#1448,#1449,#1450,#1451,#1452,#1453,
#1454),.UNSPECIFIED.,.F.,.F.,(4,1,1,1,1,1,1,1,1,1,1,1,1,1,1,1,4),(-11.152642630729,
-10.5024072168317,-9.81655822269071,-9.10159914084655,-8.36448197304627,
-7.62736480524536,-6.91240572340502,-6.22655672926336,-5.57632131536515,
-4.92608590146606,-4.240236907328,-3.52527782548542,-2.78816065768233,-2.05104348988244,
-1.33608440804046,-0.650235413897409,0.),.UNSPECIFIED.);
#37=B_SPLINE_CURVE_WITH_KNOTS('',3,(#1462,#1463,#1464,#1465,#1466,#1467,
#1468,#1469,#1470,#1471,#1472,#1473,#1474,#1475,#1476,#1477,#1478,#1479,
#1480,#1481,#1482,#1483,#1484,#1485,#1486,#1487,#1488,#1489,#1490,#1491,
#1492,#1493,#1494,#1495,#1496,#1497,#1498,#1499),.UNSPECIFIED.,.F.,.F.,
(4,2,2,2,2,2,2,2,2,2,2,2,2,2,2,2,2,2,4),(7.91473044164911E-9,0.0358673342777657,
0.0717344617160729,0.0956403624145198,0.127519534237688,0.227131728186865,
0.251961879013511,0.301651704308376,0.351341682795616,0.401021238933272,
0.450700811307703,0.50039078265628,0.550080637744127,0.574910786351206,
0.599740680772726,0.6494302580251,0.687522842347767,0.744694782381312,0.801866893052876),
 .UNSPECIFIED.);
#38=B_SPLINE_CURVE_WITH_KNOTS('',3,(#1543,#1544,#1545,#1546,#1547,#1548,
#1549,#1550,#1551,#1552,#1553,#1554,#1555,#1556,#1557,#1558,#1559,#1560,
#1561),.UNSPECIFIED.,.F.,.F.,(4,1,1,1,1,1,1,1,1,1,1,1,1,1,1,1,4),(-11.152642630729,
-10.5024072168323,-9.81655822268942,-9.10159914084574,-8.3644819730463,
-7.62736480525154,-6.91240572340116,-6.22655672926154,-5.57632131536518,
-4.92608590146435,-4.24023690732174,-3.52527782548385,-2.7881606576823,
-2.05104348988148,-1.33608440803864,-0.650235413896568,0.),
 .UNSPECIFIED.);
#39=B_SPLINE_CURVE_WITH_KNOTS('',3,(#1566,#1567,#1568,#1569,#1570,#1571,
#1572,#1573,#1574,#1575,#1576,#1577,#1578,#1579,#1580,#1581,#1582,#1583,
#1584,#1585,#1586,#1587,#1588,#1589,#1590,#1591,#1592,#1593,#1594,#1595,
#1596,#1597,#1598,#1599,#1600,#1601,#1602,#1603),.UNSPECIFIED.,.F.,.F.,
(4,2,2,2,2,2,2,2,2,2,2,2,2,2,2,2,2,2,4),(-0.801864088084326,-0.765996886832771,
-0.730129884505271,-0.706224067194855,-0.674345006571723,-0.574733160088841,
-0.549903095874271,-0.500213443906486,-0.450523638746692,-0.400844255900901,
-0.351164856817476,-0.301475058796944,-0.25178537703641,-0.226955315041434,
-0.202125507231159,-0.152436103305277,-0.114343651856804,-0.0571719112495398,
0.),.UNSPECIFIED.);
#40=B_SPLINE_CURVE_WITH_KNOTS('',3,(#1650,#1651,#1652,#1653,#1654,#1655,
#1656,#1657,#1658,#1659,#1660,#1661,#1662,#1663,#1664,#1665,#1666,#1667,
#1668),.UNSPECIFIED.,.F.,.F.,(4,1,1,1,1,1,1,1,1,1,1,1,1,1,1,1,4),(0.,0.650235413896568,
1.33608440803864,2.05104348988148,2.7881606576823,3.52527782548385,4.24023690732174,
4.92608590146435,5.57632131536518,6.22655672926154,6.91240572340116,7.62736480525154,
8.3644819730463,9.10159914084574,9.81655822268942,10.5024072168323,11.152642630729),
 .UNSPECIFIED.);
#41=B_SPLINE_CURVE_WITH_KNOTS('',3,(#1727,#1728,#1729,#1730,#1731,#1732,
#1733,#1734,#1735,#1736,#1737,#1738,#1739,#1740,#1741,#1742,#1743,#1744,
#1745,#1746,#1747,#1748,#1749,#1750,#1751,#1752,#1753,#1754,#1755,#1756,
#1757,#1758,#1759,#1760,#1761,#1762,#1763,#1764,#1765,#1766,#1767,#1768,
#1769,#1770,#1771,#1772,#1773,#1774,#1775,#1776,#1777,#1778,#1779,#1780,
#1781,#1782,#1783,#1784,#1785,#1786,#1787,#1788,#1789,#1790,#1791,#1792,
#1793,#1794,#1795,#1796,#1797,#1798,#1799,#1800,#1801,#1802,#1803,#1804,
#1805,#1806,#1807,#1808,#1809,#1810,#1811,#1812,#1813,#1814,#1815,#1816,
#1817,#1818,#1819,#1820,#1821,#1822,#1823,#1824,#1825,#1826,#1827,#1828,
#1829,#1830,#1831,#1832,#1833,#1834,#1835,#1836,#1837,#1838,#1839,#1840,
#1841,#1842,#1843,#1844,#1845,#1846,#1847,#1848,#1849,#1850,#1851,#1852,
#1853,#1854,#1855,#1856,#1857,#1858,#1859),.UNSPECIFIED.,.F.,.F.,(4,3,3,
3,3,3,3,3,3,3,3,3,3,3,3,3,3,3,3,3,3,3,3,3,3,3,3,3,3,3,3,3,3,3,3,3,3,3,3,
3,3,3,3,3,4),(-252.789004655171,-252.113886345159,-251.44648799056,-250.782922547409,
-250.123756722347,-249.574779874572,-246.521539309674,-243.431544510236,
-240.296980912667,-237.079010887602,-233.798902924824,-230.451989991968,
-227.038952481293,-223.57008647182,-220.068601430052,-216.568090500844,
-213.128701873872,-209.749498178163,-206.434778364714,-203.182351983197,
-199.958392201704,-196.832295996001,-193.740986660827,-190.689190152161,
-190.286512857223,-184.993219522881,-179.731398486548,-174.499876028528,
-169.062172254944,-163.90191525738,-158.766287070693,-153.654304377797,
-148.564992517323,-143.507399218962,-138.467417545315,-133.452062841818,
-130.998245839861,-130.663129705007,-130.296147371039,-129.912664032332,
-129.507324125652,-129.062310852554,-128.603047229915,-128.140399230217,
-127.72727103326),.UNSPECIFIED.);
#42=B_SPLINE_CURVE_WITH_KNOTS('',3,(#1890,#1891,#1892,#1893,#1894,#1895,
#1896,#1897,#1898,#1899,#1900,#1901,#1902,#1903,#1904,#1905,#1906,#1907,
#1908),.UNSPECIFIED.,.F.,.F.,(4,1,1,1,1,1,1,1,1,1,1,1,1,1,1,1,4),(-22.3052852614577,
-21.6550498475609,-20.969200853419,-20.2542417715756,-19.5171246037761,
-18.7800074359743,-18.0650483541314,-17.3791993599907,-16.7289639460935,
-16.0787285321953,-15.3928795380554,-14.6779204562088,-13.9408032884107,
-13.2036861206114,-12.4887270387681,-11.8028780446255,-11.152642630729),
 .UNSPECIFIED.);
#43=B_SPLINE_CURVE_WITH_KNOTS('',3,(#1909,#1910,#1911,#1912,#1913,#1914,
#1915,#1916,#1917,#1918,#1919,#1920,#1921,#1922,#1923,#1924,#1925,#1926,
#1927),.UNSPECIFIED.,.F.,.F.,(4,1,1,1,1,1,1,1,1,1,1,1,1,1,1,1,4),(11.152642630729,
11.8028780446255,12.4887270387681,13.2036861206114,13.9408032884107,14.6779204562088,
15.3928795380554,16.0787285321953,16.7289639460935,17.3791993599907,18.0650483541314,
18.7800074359743,19.5171246037761,20.2542417715756,20.969200853419,21.6550498475609,
22.3052852614577),.UNSPECIFIED.);
#44=B_SPLINE_CURVE_WITH_KNOTS('',3,(#2024,#2025,#2026,#2027,#2028,#2029,
#2030,#2031,#2032,#2033,#2034,#2035,#2036,#2037,#2038,#2039,#2040,#2041,
#2042,#2043,#2044,#2045,#2046,#2047,#2048,#2049,#2050,#2051,#2052,#2053,
#2054,#2055,#2056,#2057,#2058,#2059,#2060,#2061,#2062,#2063,#2064,#2065,
#2066,#2067,#2068,#2069,#2070,#2071,#2072,#2073,#2074,#2075,#2076,#2077,
#2078,#2079,#2080,#2081,#2082,#2083,#2084,#2085,#2086,#2087,#2088,#2089,
#2090,#2091,#2092,#2093,#2094,#2095,#2096,#2097,#2098,#2099,#2100,#2101,
#2102,#2103,#2104,#2105,#2106,#2107,#2108,#2109,#2110,#2111,#2112,#2113,
#2114,#2115,#2116,#2117,#2118,#2119,#2120,#2121,#2122,#2123,#2124,#2125,
#2126,#2127,#2128,#2129,#2130,#2131,#2132,#2133,#2134,#2135,#2136,#2137,
#2138,#2139,#2140,#2141,#2142,#2143,#2144,#2145,#2146,#2147,#2148,#2149,
#2150,#2151,#2152,#2153,#2154,#2155,#2156,#2157,#2158,#2159,#2160,#2161,
#2162,#2163,#2164,#2165,#2166,#2167,#2168,#2169,#2170,#2171,#2172,#2173,
#2174,#2175,#2176,#2177,#2178,#2179,#2180,#2181,#2182,#2183,#2184,#2185,
#2186,#2187,#2188,#2189,#2190,#2191,#2192,#2193,#2194,#2195,#2196,#2197,
#2198,#2199,#2200,#2201,#2202,#2203,#2204,#2205,#2206,#2207,#2208,#2209,
#2210,#2211,#2212,#2213,#2214,#2215,#2216,#2217,#2218,#2219,#2220,#2221,
#2222,#2223,#2224,#2225,#2226,#2227,#2228,#2229,#2230,#2231,#2232,#2233,
#2234,#2235,#2236,#2237),.UNSPECIFIED.,.F.,.F.,(4,3,3,3,3,3,3,3,3,3,3,3,
3,3,3,3,3,3,3,3,3,3,3,3,3,3,3,3,3,3,3,3,3,3,3,3,3,3,3,3,3,3,3,3,3,3,3,3,
3,3,3,3,3,3,3,3,3,3,3,3,3,3,3,3,3,3,3,3,3,3,3,4),(-129.432996348972,-129.38163519564,
-129.331213566264,-129.281207891352,-129.231419101461,-129.179091106674,
-129.128908163252,-129.078371186507,-129.027045164225,-129.022107122313,
-128.970745968973,-128.920324006506,-128.870318133879,-128.820529279593,
-128.768201433595,-128.718018756602,-128.667482162166,-128.616156679287,
-128.611217895599,-127.852554801074,-127.103929543369,-126.366176374185,
-125.632657268144,-124.90304292423,-124.330992775648,-118.942900896605,
-113.566561103769,-108.200814862368,-102.844508894244,-97.4964945864191,
-92.15562754939,-86.7174047887833,-81.3889655125896,-76.0636577640986,-70.7404172372122,
-65.4181806851955,-60.0958854739121,-54.7724691358434,-49.4468689246299,
-43.9090182315114,-38.5727109698578,-33.2310144021131,-27.8829789233733,
-22.5276527110616,-17.1595575573519,-11.7834503349724,-6.39447109086759,
-5.14406337968191,-4.41202006035037,-3.67758475233361,-2.93583712753152,
-2.18826227281049,-1.42779116615049,-0.824421265772315,-0.772894936661563,
-0.722475542568936,-0.672473898365948,-0.622690944676466,-0.57292956436439,
-0.522768302186084,-0.472262789873254,-0.420960026552402,-0.4122106328863,
-0.360684303775513,-0.310264909685388,-0.260263265484705,-0.21048031179702,
-0.160718931486063,-0.110557669307739,-0.060052156994394,-0.00874939367329174,
0.),.UNSPECIFIED.);
#45=B_SPLINE_CURVE_WITH_KNOTS('',3,(#2253,#2254,#2255,#2256,#2257,#2258,
#2259,#2260,#2261,#2262,#2263,#2264,#2265,#2266,#2267,#2268,#2269,#2270,
#2271,#2272,#2273,#2274,#2275,#2276,#2277,#2278,#2279,#2280,#2281,#2282,
#2283,#2284,#2285,#2286,#2287,#2288,#2289,#2290,#2291,#2292,#2293,#2294,
#2295,#2296,#2297,#2298,#2299,#2300,#2301,#2302,#2303,#2304,#2305,#2306,
#2307,#2308,#2309,#2310,#2311,#2312,#2313,#2314,#2315,#2316,#2317,#2318,
#2319,#2320,#2321,#2322,#2323,#2324,#2325,#2326,#2327,#2328,#2329,#2330,
#2331,#2332,#2333,#2334,#2335,#2336,#2337,#2338,#2339,#2340,#2341,#2342,
#2343,#2344,#2345,#2346,#2347,#2348,#2349,#2350,#2351,#2352,#2353,#2354,
#2355,#2356,#2357,#2358,#2359,#2360,#2361,#2362,#2363,#2364,#2365,#2366,
#2367,#2368,#2369,#2370,#2371,#2372,#2373,#2374,#2375,#2376,#2377,#2378,
#2379,#2380,#2381,#2382,#2383,#2384,#2385,#2386,#2387,#2388,#2389,#2390,
#2391,#2392,#2393,#2394,#2395,#2396,#2397,#2398,#2399,#2400,#2401,#2402,
#2403,#2404,#2405,#2406,#2407,#2408,#2409,#2410,#2411,#2412,#2413,#2414,
#2415,#2416,#2417,#2418,#2419,#2420,#2421,#2422,#2423,#2424,#2425,#2426,
#2427,#2428,#2429,#2430,#2431,#2432,#2433,#2434,#2435,#2436,#2437,#2438,
#2439,#2440,#2441,#2442,#2443,#2444,#2445,#2446,#2447,#2448,#2449,#2450,
#2451,#2452,#2453,#2454,#2455,#2456,#2457,#2458,#2459,#2460,#2461,#2462,
#2463,#2464,#2465,#2466),.UNSPECIFIED.,.F.,.F.,(4,3,3,3,3,3,3,3,3,3,3,3,
3,3,3,3,3,3,3,3,3,3,3,3,3,3,3,3,3,3,3,3,3,3,3,3,3,3,3,3,3,3,3,3,3,3,3,3,
3,3,3,3,3,3,3,3,3,3,3,3,3,3,3,3,3,3,3,3,3,3,3,4),(0.,0.0515263291089083,
0.101945723201888,0.151947367404721,0.201730321093262,0.251491701403455,
0.301652963579241,0.352158475889606,0.403461239208229,0.412210632871267,
0.463736961982006,0.514156356074888,0.564158000278003,0.61394095396752,
0.663702334279539,0.713863596457684,0.764369108770478,0.815671872091098,
0.824421265757179,1.58723608451632,2.33962065435642,3.08065859956279,3.81726604627795,
4.54970974566098,5.14406337966569,10.5321552587091,15.9084950515184,21.2742412928989,
26.6305472610219,31.9785617558922,37.319429406008,42.7576521166076,48.0860913922853,
53.411399140403,58.7346396670792,64.0568762190275,69.3791714303919,74.7025877686931,
80.0281879802861,85.5660385797006,90.902345841955,96.2440422723412,101.592077628605,
106.94740384147,112.315498995737,117.69160621869,123.080585463227,124.330992775602,
125.060255840398,125.791775319315,126.530297483059,127.27444200436,128.030971580201,
128.611217895552,128.662579048892,128.713001011359,128.763006883986,128.812795738272,
128.865123584271,128.915306261263,128.9658428557,129.017168338579,129.022107122266,
129.073468275604,129.123890571112,129.173896641404,129.223685560033,129.276013257268,
129.32619566778,129.376731879857,129.428056823283,129.432996348972),
 .UNSPECIFIED.);
#46=B_SPLINE_CURVE_WITH_KNOTS('',3,(#2536,#2537,#2538,#2539,#2540,#2541,
#2542,#2543,#2544,#2545,#2546,#2547,#2548,#2549,#2550,#2551,#2552,#2553,
#2554,#2555,#2556,#2557,#2558,#2559,#2560,#2561,#2562,#2563,#2564,#2565,
#2566,#2567,#2568,#2569,#2570,#2571,#2572,#2573,#2574,#2575,#2576,#2577,
#2578,#2579,#2580,#2581,#2582,#2583,#2584,#2585,#2586,#2587,#2588,#2589,
#2590,#2591,#2592,#2593,#2594,#2595,#2596,#2597,#2598,#2599,#2600,#2601,
#2602,#2603,#2604,#2605,#2606,#2607,#2608,#2609,#2610,#2611,#2612,#2613,
#2614,#2615,#2616,#2617,#2618,#2619,#2620,#2621,#2622,#2623,#2624,#2625,
#2626,#2627,#2628,#2629,#2630,#2631,#2632,#2633,#2634,#2635,#2636,#2637,
#2638,#2639,#2640,#2641,#2642,#2643,#2644,#2645,#2646,#2647,#2648,#2649,
#2650,#2651,#2652,#2653,#2654,#2655,#2656,#2657,#2658,#2659,#2660,#2661,
#2662,#2663,#2664,#2665,#2666,#2667,#2668),.UNSPECIFIED.,.F.,.F.,(4,3,3,
3,3,3,3,3,3,3,3,3,3,3,3,3,3,3,3,3,3,3,3,3,3,3,3,3,3,3,3,3,3,3,3,3,3,3,3,
3,3,3,3,3,4),(0.120501709101766,0.795620019114546,1.46301837371601,2.12658381686719,
2.78574964192967,3.33472648970156,6.38796705460166,9.47796185406318,12.6125254516492,
15.8304954767148,19.1106034394901,22.457516372349,25.8705538830255,29.3394198925039,
32.840904934274,36.3414158634622,39.7808044904342,43.160008186126,46.474727999592,
49.7271543811324,52.9511141626126,56.0772103683156,59.1685197035124,62.2203162121645,
62.622993507053,67.9162868413914,73.1781078778122,78.4096303357978,83.8473341093752,
89.0075911069461,94.1432192936184,99.2552019865224,104.344513846984,109.402107145361,
114.442088819028,119.457443522523,121.911260524417,122.24637665927,122.613358993238,
122.996842331944,123.402182238624,123.847195511722,124.30645913436,124.769107134058,
125.182235331013),.UNSPECIFIED.);
#47=B_SPLINE_CURVE_WITH_KNOTS('',3,(#2683,#2684,#2685,#2686,#2687,#2688,
#2689,#2690,#2691,#2692,#2693,#2694,#2695,#2696,#2697,#2698,#2699,#2700,
#2701),.UNSPECIFIED.,.F.,.F.,(4,1,1,1,1,1,1,1,1,1,1,1,1,1,1,1,4),(11.152642630729,
11.8028780446267,12.4887270387673,13.2036861206116,13.9408032884106,14.6779204562103,
15.3928795380537,16.0787285321961,16.7289639460925,17.3791993599888,18.0650483541323,
18.7800074359763,19.5171246037753,20.2542417715745,20.9692008534194,21.6550498475609,
22.3052852614576),.UNSPECIFIED.);
#48=B_SPLINE_CURVE_WITH_KNOTS('',3,(#2702,#2703,#2704,#2705,#2706,#2707,
#2708,#2709,#2710,#2711,#2712,#2713,#2714,#2715,#2716,#2717,#2718,#2719,
#2720),.UNSPECIFIED.,.F.,.F.,(4,1,1,1,1,1,1,1,1,1,1,1,1,1,1,1,4),(-22.3052852614576,
-21.6550498475609,-20.9692008534194,-20.2542417715745,-19.5171246037753,
-18.7800074359763,-18.0650483541323,-17.3791993599888,-16.7289639460925,
-16.0787285321961,-15.3928795380537,-14.6779204562103,-13.9408032884106,
-13.2036861206116,-12.4887270387673,-11.8028780446267,-11.152642630729),
 .UNSPECIFIED.);
#49=PLANE('',#947);
#50=PLANE('',#951);
#51=PLANE('',#955);
#52=PLANE('',#959);
#53=PLANE('',#963);
#54=PLANE('',#964);
#55=PLANE('',#965);
#56=PLANE('',#966);
#57=PLANE('',#967);
#58=PLANE('',#968);
#59=PLANE('',#979);
#60=PLANE('',#980);
#61=PLANE('',#981);
#62=PLANE('',#982);
#63=PLANE('',#985);
#64=PLANE('',#986);
#65=PLANE('',#991);
#66=PLANE('',#992);
#67=PLANE('',#997);
#68=PLANE('',#998);
#69=PLANE('',#1001);
#70=PLANE('',#1002);
#71=PLANE('',#1003);
#72=PLANE('',#1004);
#73=PLANE('',#1005);
#74=PLANE('',#1006);
#75=PLANE('',#1007);
#76=PLANE('',#1008);
#77=PLANE('',#1009);
#78=PLANE('',#1010);
#79=FACE_OUTER_BOUND('',#131,.T.);
#80=FACE_OUTER_BOUND('',#132,.T.);
#81=FACE_OUTER_BOUND('',#133,.T.);
#82=FACE_OUTER_BOUND('',#134,.T.);
#83=FACE_OUTER_BOUND('',#135,.T.);
#84=FACE_OUTER_BOUND('',#136,.T.);
#85=FACE_OUTER_BOUND('',#137,.T.);
#86=FACE_OUTER_BOUND('',#138,.T.);
#87=FACE_OUTER_BOUND('',#139,.T.);
#88=FACE_OUTER_BOUND('',#140,.T.);
#89=FACE_OUTER_BOUND('',#141,.T.);
#90=FACE_OUTER_BOUND('',#142,.T.);
#91=FACE_OUTER_BOUND('',#143,.T.);
#92=FACE_OUTER_BOUND('',#144,.T.);
#93=FACE_OUTER_BOUND('',#145,.T.);
#94=FACE_OUTER_BOUND('',#146,.T.);
#95=FACE_OUTER_BOUND('',#147,.T.);
#96=FACE_OUTER_BOUND('',#148,.T.);
#97=FACE_OUTER_BOUND('',#149,.T.);
#98=FACE_OUTER_BOUND('',#150,.T.);
#99=FACE_OUTER_BOUND('',#153,.T.);
#100=FACE_OUTER_BOUND('',#154,.T.);
#101=FACE_OUTER_BOUND('',#155,.T.);
#102=FACE_OUTER_BOUND('',#156,.T.);
#103=FACE_OUTER_BOUND('',#157,.T.);
#104=FACE_OUTER_BOUND('',#158,.T.);
#105=FACE_OUTER_BOUND('',#159,.T.);
#106=FACE_OUTER_BOUND('',#160,.T.);
#107=FACE_OUTER_BOUND('',#161,.T.);
#108=FACE_OUTER_BOUND('',#162,.T.);
#109=FACE_OUTER_BOUND('',#163,.T.);
#110=FACE_OUTER_BOUND('',#164,.T.);
#111=FACE_OUTER_BOUND('',#165,.T.);
#112=FACE_OUTER_BOUND('',#166,.T.);
#113=FACE_OUTER_BOUND('',#167,.T.);
#114=FACE_OUTER_BOUND('',#168,.T.);
#115=FACE_OUTER_BOUND('',#169,.T.);
#116=FACE_OUTER_BOUND('',#171,.T.);
#117=FACE_OUTER_BOUND('',#172,.T.);
#118=FACE_OUTER_BOUND('',#173,.T.);
#119=FACE_OUTER_BOUND('',#174,.T.);
#120=FACE_OUTER_BOUND('',#175,.T.);
#121=FACE_OUTER_BOUND('',#176,.T.);
#122=FACE_OUTER_BOUND('',#177,.T.);
#123=FACE_OUTER_BOUND('',#178,.T.);
#124=FACE_OUTER_BOUND('',#179,.T.);
#125=FACE_OUTER_BOUND('',#180,.T.);
#126=FACE_OUTER_BOUND('',#181,.T.);
#127=FACE_OUTER_BOUND('',#184,.T.);
#128=FACE_OUTER_BOUND('',#185,.T.);
#129=FACE_OUTER_BOUND('',#186,.T.);
#130=FACE_OUTER_BOUND('',#187,.T.);
#131=EDGE_LOOP('',(#605,#606,#607,#608));
#132=EDGE_LOOP('',(#609));
#133=EDGE_LOOP('',(#610,#611,#612,#613,#614));
#134=EDGE_LOOP('',(#615));
#135=EDGE_LOOP('',(#616,#617,#618,#619));
#136=EDGE_LOOP('',(#620,#621,#622,#623,#624));
#137=EDGE_LOOP('',(#625));
#138=EDGE_LOOP('',(#626,#627,#628,#629));
#139=EDGE_LOOP('',(#630,#631,#632,#633,#634));
#140=EDGE_LOOP('',(#635));
#141=EDGE_LOOP('',(#636,#637,#638,#639));
#142=EDGE_LOOP('',(#640,#641,#642,#643,#644));
#143=EDGE_LOOP('',(#645));
#144=EDGE_LOOP('',(#646,#647,#648,#649));
#145=EDGE_LOOP('',(#650,#651,#652,#653));
#146=EDGE_LOOP('',(#654,#655,#656,#657));
#147=EDGE_LOOP('',(#658,#659,#660,#661));
#148=EDGE_LOOP('',(#662,#663,#664,#665));
#149=EDGE_LOOP('',(#666,#667,#668,#669));
#150=EDGE_LOOP('',(#670,#671,#672,#673,#674,#675,#676,#677,#678,#679,#680,
#681,#682,#683,#684,#685,#686,#687,#688,#689));
#151=EDGE_LOOP('',(#690,#691));
#152=EDGE_LOOP('',(#692,#693));
#153=EDGE_LOOP('',(#694,#695,#696,#697));
#154=EDGE_LOOP('',(#698,#699,#700,#701));
#155=EDGE_LOOP('',(#702,#703,#704,#705));
#156=EDGE_LOOP('',(#706,#707,#708,#709,#710,#711,#712,#713));
#157=EDGE_LOOP('',(#714,#715,#716,#717,#718,#719,#720,#721));
#158=EDGE_LOOP('',(#722,#723,#724,#725));
#159=EDGE_LOOP('',(#726,#727,#728,#729));
#160=EDGE_LOOP('',(#730,#731,#732,#733));
#161=EDGE_LOOP('',(#734,#735,#736,#737));
#162=EDGE_LOOP('',(#738,#739,#740,#741,#742,#743));
#163=EDGE_LOOP('',(#744,#745,#746,#747));
#164=EDGE_LOOP('',(#748,#749,#750,#751));
#165=EDGE_LOOP('',(#752,#753,#754,#755,#756,#757));
#166=EDGE_LOOP('',(#758,#759,#760,#761));
#167=EDGE_LOOP('',(#762,#763,#764,#765));
#168=EDGE_LOOP('',(#766,#767,#768,#769));
#169=EDGE_LOOP('',(#770,#771,#772,#773));
#170=EDGE_LOOP('',(#774));
#171=EDGE_LOOP('',(#775,#776,#777,#778,#779,#780,#781,#782));
#172=EDGE_LOOP('',(#783,#784,#785,#786,#787,#788,#789,#790));
#173=EDGE_LOOP('',(#791,#792,#793,#794));
#174=EDGE_LOOP('',(#795,#796,#797,#798,#799,#800));
#175=EDGE_LOOP('',(#801,#802,#803,#804,#805,#806));
#176=EDGE_LOOP('',(#807,#808,#809,#810));
#177=EDGE_LOOP('',(#811,#812,#813,#814));
#178=EDGE_LOOP('',(#815,#816,#817,#818));
#179=EDGE_LOOP('',(#819,#820,#821,#822));
#180=EDGE_LOOP('',(#823,#824,#825,#826));
#181=EDGE_LOOP('',(#827,#828,#829,#830,#831,#832,#833,#834,#835,#836,#837,
#838,#839,#840,#841,#842,#843,#844,#845,#846));
#182=EDGE_LOOP('',(#847,#848));
#183=EDGE_LOOP('',(#849,#850));
#184=EDGE_LOOP('',(#851,#852,#853,#854));
#185=EDGE_LOOP('',(#855,#856,#857,#858));
#186=EDGE_LOOP('',(#859,#860,#861,#862));
#187=EDGE_LOOP('',(#863,#864,#865,#866));
#188=LINE('',#1239,#275);
#189=LINE('',#1284,#276);
#190=LINE('',#1327,#277);
#191=LINE('',#1348,#278);
#192=LINE('',#1353,#279);
#193=LINE('',#1434,#280);
#194=LINE('',#1455,#281);
#195=LINE('',#1460,#282);
#196=LINE('',#1541,#283);
#197=LINE('',#1562,#284);
#198=LINE('',#1605,#285);
#199=LINE('',#1648,#286);
#200=LINE('',#1669,#287);
#201=LINE('',#1673,#288);
#202=LINE('',#1675,#289);
#203=LINE('',#1677,#290);
#204=LINE('',#1678,#291);
#205=LINE('',#1681,#292);
#206=LINE('',#1683,#293);
#207=LINE('',#1684,#294);
#208=LINE('',#1688,#295);
#209=LINE('',#1690,#296);
#210=LINE('',#1692,#297);
#211=LINE('',#1693,#298);
#212=LINE('',#1696,#299);
#213=LINE('',#1698,#300);
#214=LINE('',#1699,#301);
#215=LINE('',#1865,#302);
#216=LINE('',#1866,#303);
#217=LINE('',#1868,#304);
#218=LINE('',#1870,#305);
#219=LINE('',#1876,#306);
#220=LINE('',#1878,#307);
#221=LINE('',#1882,#308);
#222=LINE('',#1886,#309);
#223=LINE('',#1888,#310);
#224=LINE('',#1930,#311);
#225=LINE('',#1932,#312);
#226=LINE('',#1936,#313);
#227=LINE('',#1938,#314);
#228=LINE('',#1942,#315);
#229=LINE('',#1943,#316);
#230=LINE('',#1946,#317);
#231=LINE('',#1948,#318);
#232=LINE('',#1950,#319);
#233=LINE('',#1952,#320);
#234=LINE('',#1953,#321);
#235=LINE('',#1956,#322);
#236=LINE('',#1958,#323);
#237=LINE('',#1960,#324);
#238=LINE('',#1962,#325);
#239=LINE('',#1964,#326);
#240=LINE('',#1965,#327);
#241=LINE('',#1967,#328);
#242=LINE('',#1970,#329);
#243=LINE('',#1974,#330);
#244=LINE('',#1975,#331);
#245=LINE('',#1978,#332);
#246=LINE('',#1979,#333);
#247=LINE('',#1984,#334);
#248=LINE('',#1990,#335);
#249=LINE('',#1992,#336);
#250=LINE('',#1993,#337);
#251=LINE('',#1997,#338);
#252=LINE('',#1999,#339);
#253=LINE('',#2001,#340);
#254=LINE('',#2002,#341);
#255=LINE('',#2006,#342);
#256=LINE('',#2012,#343);
#257=LINE('',#2013,#344);
#258=LINE('',#2016,#345);
#259=LINE('',#2017,#346);
#260=LINE('',#2021,#347);
#261=LINE('',#2022,#348);
#262=LINE('',#2251,#349);
#263=LINE('',#2252,#350);
#264=LINE('',#2468,#351);
#265=LINE('',#2469,#352);
#266=LINE('',#2513,#353);
#267=LINE('',#2534,#354);
#268=LINE('',#2669,#355);
#269=LINE('',#2672,#356);
#270=LINE('',#2673,#357);
#271=LINE('',#2675,#358);
#272=LINE('',#2678,#359);
#273=LINE('',#2679,#360);
#274=LINE('',#2681,#361);
#275=VECTOR('',#1017,9.025);
#276=VECTOR('',#1024,2.54999999999745);
#277=VECTOR('',#1031,10.);
#278=VECTOR('',#1032,10.);
#279=VECTOR('',#1037,2.54999999999927);
#280=VECTOR('',#1042,10.);
#281=VECTOR('',#1043,10.);
#282=VECTOR('',#1048,2.54999999999927);
#283=VECTOR('',#1053,10.);
#284=VECTOR('',#1054,10.);
#285=VECTOR('',#1057,2.54999999999927);
#286=VECTOR('',#1064,10.);
#287=VECTOR('',#1065,10.);
#288=VECTOR('',#1068,10.);
#289=VECTOR('',#1069,10.);
#290=VECTOR('',#1070,10.);
#291=VECTOR('',#1071,10.);
#292=VECTOR('',#1074,10.);
#293=VECTOR('',#1075,10.);
#294=VECTOR('',#1076,10.);
#295=VECTOR('',#1079,10.);
#296=VECTOR('',#1080,10.);
#297=VECTOR('',#1081,10.);
#298=VECTOR('',#1082,10.);
#299=VECTOR('',#1085,10.);
#300=VECTOR('',#1086,10.);
#301=VECTOR('',#1087,10.);
#302=VECTOR('',#1092,10.);
#303=VECTOR('',#1093,10.);
#304=VECTOR('',#1094,10.);
#305=VECTOR('',#1095,10.);
#306=VECTOR('',#1100,10.);
#307=VECTOR('',#1101,10.);
#308=VECTOR('',#1104,10.);
#309=VECTOR('',#1107,10.);
#310=VECTOR('',#1108,10.);
#311=VECTOR('',#1113,10.);
#312=VECTOR('',#1114,10.);
#313=VECTOR('',#1119,10.);
#314=VECTOR('',#1120,10.);
#315=VECTOR('',#1125,10.);
#316=VECTOR('',#1126,10.);
#317=VECTOR('',#1129,10.);
#318=VECTOR('',#1130,10.);
#319=VECTOR('',#1131,10.);
#320=VECTOR('',#1132,10.);
#321=VECTOR('',#1133,10.);
#322=VECTOR('',#1136,10.);
#323=VECTOR('',#1137,10.);
#324=VECTOR('',#1138,10.);
#325=VECTOR('',#1139,10.);
#326=VECTOR('',#1140,10.);
#327=VECTOR('',#1141,10.);
#328=VECTOR('',#1144,10.);
#329=VECTOR('',#1147,10.);
#330=VECTOR('',#1152,10.);
#331=VECTOR('',#1153,10.);
#332=VECTOR('',#1156,10.);
#333=VECTOR('',#1157,10.);
#334=VECTOR('',#1162,10.);
#335=VECTOR('',#1169,10.);
#336=VECTOR('',#1170,10.);
#337=VECTOR('',#1171,10.);
#338=VECTOR('',#1174,10.);
#339=VECTOR('',#1175,10.);
#340=VECTOR('',#1176,10.);
#341=VECTOR('',#1177,10.);
#342=VECTOR('',#1182,10.);
#343=VECTOR('',#1189,10.);
#344=VECTOR('',#1190,10.);
#345=VECTOR('',#1193,10.);
#346=VECTOR('',#1194,10.);
#347=VECTOR('',#1201,10.);
#348=VECTOR('',#1202,10.);
#349=VECTOR('',#1207,10.);
#350=VECTOR('',#1208,10.);
#351=VECTOR('',#1209,10.);
#352=VECTOR('',#1210,10.);
#353=VECTOR('',#1213,10.);
#354=VECTOR('',#1216,10.);
#355=VECTOR('',#1217,10.);
#356=VECTOR('',#1220,10.);
#357=VECTOR('',#1221,10.);
#358=VECTOR('',#1224,10.);
#359=VECTOR('',#1227,10.);
#360=VECTOR('',#1228,10.);
#361=VECTOR('',#1231,10.);
#362=CIRCLE('',#945,9.025);
#363=CIRCLE('',#946,9.025);
#364=CIRCLE('',#949,2.54999999999925);
#365=CIRCLE('',#950,2.54999999999745);
#366=CIRCLE('',#953,2.5499999999993);
#367=CIRCLE('',#954,2.54999999999927);
#368=CIRCLE('',#957,2.54999999999925);
#369=CIRCLE('',#958,2.54999999999927);
#370=CIRCLE('',#961,2.5499999999993);
#371=CIRCLE('',#962,2.54999999999927);
#372=CIRCLE('',#969,0.399999999994065);
#373=CIRCLE('',#970,0.400000000006673);
#374=CIRCLE('',#971,0.399999999972812);
#375=CIRCLE('',#972,0.399999999966074);
#376=CIRCLE('',#973,0.399999999975474);
#377=CIRCLE('',#974,0.399999999992259);
#378=CIRCLE('',#976,0.400000000006697);
#379=CIRCLE('',#978,0.399999999994114);
#380=CIRCLE('',#984,0.399999999992242);
#381=CIRCLE('',#988,0.4000000000538);
#382=CIRCLE('',#989,0.40000000004089);
#383=CIRCLE('',#990,0.399999999943602);
#384=CIRCLE('',#994,0.400000000035686);
#385=CIRCLE('',#995,0.399999999974861);
#386=CIRCLE('',#996,0.400000000042966);
#387=CIRCLE('',#1000,0.39999999997274);
#388=VERTEX_POINT('',#1236);
#389=VERTEX_POINT('',#1238);
#390=VERTEX_POINT('',#1243);
#391=VERTEX_POINT('',#1244);
#392=VERTEX_POINT('',#1283);
#393=VERTEX_POINT('',#1326);
#394=VERTEX_POINT('',#1328);
#395=VERTEX_POINT('',#1350);
#396=VERTEX_POINT('',#1352);
#397=VERTEX_POINT('',#1354);
#398=VERTEX_POINT('',#1433);
#399=VERTEX_POINT('',#1435);
#400=VERTEX_POINT('',#1457);
#401=VERTEX_POINT('',#1459);
#402=VERTEX_POINT('',#1461);
#403=VERTEX_POINT('',#1540);
#404=VERTEX_POINT('',#1542);
#405=VERTEX_POINT('',#1564);
#406=VERTEX_POINT('',#1565);
#407=VERTEX_POINT('',#1604);
#408=VERTEX_POINT('',#1647);
#409=VERTEX_POINT('',#1649);
#410=VERTEX_POINT('',#1671);
#411=VERTEX_POINT('',#1672);
#412=VERTEX_POINT('',#1674);
#413=VERTEX_POINT('',#1676);
#414=VERTEX_POINT('',#1680);
#415=VERTEX_POINT('',#1682);
#416=VERTEX_POINT('',#1686);
#417=VERTEX_POINT('',#1687);
#418=VERTEX_POINT('',#1689);
#419=VERTEX_POINT('',#1691);
#420=VERTEX_POINT('',#1695);
#421=VERTEX_POINT('',#1697);
#422=VERTEX_POINT('',#1861);
#423=VERTEX_POINT('',#1862);
#424=VERTEX_POINT('',#1864);
#425=VERTEX_POINT('',#1867);
#426=VERTEX_POINT('',#1869);
#427=VERTEX_POINT('',#1871);
#428=VERTEX_POINT('',#1873);
#429=VERTEX_POINT('',#1875);
#430=VERTEX_POINT('',#1877);
#431=VERTEX_POINT('',#1879);
#432=VERTEX_POINT('',#1881);
#433=VERTEX_POINT('',#1883);
#434=VERTEX_POINT('',#1885);
#435=VERTEX_POINT('',#1887);
#436=VERTEX_POINT('',#1929);
#437=VERTEX_POINT('',#1931);
#438=VERTEX_POINT('',#1935);
#439=VERTEX_POINT('',#1937);
#440=VERTEX_POINT('',#1941);
#441=VERTEX_POINT('',#1945);
#442=VERTEX_POINT('',#1947);
#443=VERTEX_POINT('',#1949);
#444=VERTEX_POINT('',#1951);
#445=VERTEX_POINT('',#1955);
#446=VERTEX_POINT('',#1957);
#447=VERTEX_POINT('',#1959);
#448=VERTEX_POINT('',#1961);
#449=VERTEX_POINT('',#1963);
#450=VERTEX_POINT('',#1969);
#451=VERTEX_POINT('',#1973);
#452=VERTEX_POINT('',#1977);
#453=VERTEX_POINT('',#1981);
#454=VERTEX_POINT('',#1983);
#455=VERTEX_POINT('',#1985);
#456=VERTEX_POINT('',#1989);
#457=VERTEX_POINT('',#1991);
#458=VERTEX_POINT('',#1995);
#459=VERTEX_POINT('',#1996);
#460=VERTEX_POINT('',#1998);
#461=VERTEX_POINT('',#2000);
#462=VERTEX_POINT('',#2005);
#463=VERTEX_POINT('',#2007);
#464=VERTEX_POINT('',#2011);
#465=VERTEX_POINT('',#2015);
#466=VERTEX_POINT('',#2239);
#467=VERTEX_POINT('',#2240);
#468=VERTEX_POINT('',#2250);
#469=VERTEX_POINT('',#2467);
#470=VERTEX_POINT('',#2533);
#471=VERTEX_POINT('',#2535);
#472=VERTEX_POINT('',#2671);
#473=VERTEX_POINT('',#2677);
#474=EDGE_CURVE('',#388,#388,#362,.T.);
#475=EDGE_CURVE('',#388,#389,#188,.T.);
#476=EDGE_CURVE('',#389,#389,#363,.T.);
#477=EDGE_CURVE('',#390,#391,#33,.T.);
#478=EDGE_CURVE('',#390,#392,#189,.T.);
#479=EDGE_CURVE('',#392,#392,#364,.T.);
#480=EDGE_CURVE('',#390,#391,#365,.T.);
#481=EDGE_CURVE('',#391,#393,#190,.T.);
#482=EDGE_CURVE('',#393,#394,#34,.T.);
#483=EDGE_CURVE('',#394,#390,#191,.T.);
#484=EDGE_CURVE('',#395,#395,#366,.T.);
#485=EDGE_CURVE('',#395,#396,#192,.T.);
#486=EDGE_CURVE('',#396,#397,#35,.T.);
#487=EDGE_CURVE('',#397,#396,#367,.T.);
#488=EDGE_CURVE('',#396,#398,#193,.T.);
#489=EDGE_CURVE('',#398,#399,#36,.T.);
#490=EDGE_CURVE('',#399,#397,#194,.T.);
#491=EDGE_CURVE('',#400,#400,#368,.T.);
#492=EDGE_CURVE('',#400,#401,#195,.T.);
#493=EDGE_CURVE('',#401,#402,#37,.T.);
#494=EDGE_CURVE('',#402,#401,#369,.T.);
#495=EDGE_CURVE('',#401,#403,#196,.T.);
#496=EDGE_CURVE('',#403,#404,#38,.T.);
#497=EDGE_CURVE('',#404,#402,#197,.T.);
#498=EDGE_CURVE('',#405,#406,#39,.T.);
#499=EDGE_CURVE('',#405,#407,#198,.T.);
#500=EDGE_CURVE('',#407,#407,#370,.T.);
#501=EDGE_CURVE('',#405,#406,#371,.T.);
#502=EDGE_CURVE('',#406,#408,#199,.T.);
#503=EDGE_CURVE('',#408,#409,#40,.T.);
#504=EDGE_CURVE('',#409,#405,#200,.T.);
#505=EDGE_CURVE('',#410,#411,#201,.T.);
#506=EDGE_CURVE('',#411,#412,#202,.T.);
#507=EDGE_CURVE('',#412,#413,#203,.T.);
#508=EDGE_CURVE('',#413,#410,#204,.T.);
#509=EDGE_CURVE('',#414,#413,#205,.T.);
#510=EDGE_CURVE('',#412,#415,#206,.T.);
#511=EDGE_CURVE('',#415,#414,#207,.T.);
#512=EDGE_CURVE('',#416,#417,#208,.T.);
#513=EDGE_CURVE('',#417,#418,#209,.T.);
#514=EDGE_CURVE('',#418,#419,#210,.T.);
#515=EDGE_CURVE('',#419,#416,#211,.T.);
#516=EDGE_CURVE('',#417,#420,#212,.T.);
#517=EDGE_CURVE('',#420,#421,#213,.T.);
#518=EDGE_CURVE('',#421,#418,#214,.T.);
#519=EDGE_CURVE('',#420,#411,#20,.T.);
#520=EDGE_CURVE('',#410,#421,#41,.T.);
#521=EDGE_CURVE('',#422,#423,#372,.T.);
#522=EDGE_CURVE('',#423,#424,#215,.T.);
#523=EDGE_CURVE('',#424,#415,#216,.T.);
#524=EDGE_CURVE('',#416,#425,#217,.T.);
#525=EDGE_CURVE('',#425,#426,#218,.T.);
#526=EDGE_CURVE('',#426,#427,#373,.T.);
#527=EDGE_CURVE('',#427,#428,#374,.T.);
#528=EDGE_CURVE('',#428,#429,#219,.T.);
#529=EDGE_CURVE('',#429,#430,#220,.T.);
#530=EDGE_CURVE('',#430,#431,#375,.T.);
#531=EDGE_CURVE('',#431,#432,#221,.T.);
#532=EDGE_CURVE('',#432,#433,#376,.T.);
#533=EDGE_CURVE('',#433,#434,#222,.T.);
#534=EDGE_CURVE('',#434,#435,#223,.T.);
#535=EDGE_CURVE('',#435,#422,#377,.T.);
#536=EDGE_CURVE('',#393,#394,#42,.T.);
#537=EDGE_CURVE('',#398,#399,#43,.T.);
#538=EDGE_CURVE('',#436,#427,#224,.T.);
#539=EDGE_CURVE('',#426,#437,#225,.T.);
#540=EDGE_CURVE('',#437,#436,#378,.T.);
#541=EDGE_CURVE('',#438,#423,#226,.T.);
#542=EDGE_CURVE('',#422,#439,#227,.T.);
#543=EDGE_CURVE('',#439,#438,#379,.T.);
#544=EDGE_CURVE('',#438,#440,#228,.T.);
#545=EDGE_CURVE('',#440,#424,#229,.T.);
#546=EDGE_CURVE('',#440,#441,#230,.T.);
#547=EDGE_CURVE('',#441,#442,#231,.T.);
#548=EDGE_CURVE('',#442,#443,#232,.T.);
#549=EDGE_CURVE('',#443,#444,#233,.T.);
#550=EDGE_CURVE('',#444,#414,#234,.T.);
#551=EDGE_CURVE('',#419,#445,#235,.T.);
#552=EDGE_CURVE('',#445,#446,#236,.T.);
#553=EDGE_CURVE('',#446,#447,#237,.T.);
#554=EDGE_CURVE('',#447,#448,#238,.T.);
#555=EDGE_CURVE('',#448,#449,#239,.T.);
#556=EDGE_CURVE('',#449,#425,#240,.T.);
#557=EDGE_CURVE('',#449,#437,#241,.T.);
#558=EDGE_CURVE('',#435,#450,#242,.T.);
#559=EDGE_CURVE('',#450,#439,#380,.T.);
#560=EDGE_CURVE('',#434,#451,#243,.T.);
#561=EDGE_CURVE('',#451,#450,#244,.T.);
#562=EDGE_CURVE('',#433,#452,#245,.T.);
#563=EDGE_CURVE('',#452,#451,#246,.T.);
#564=EDGE_CURVE('',#432,#453,#381,.T.);
#565=EDGE_CURVE('',#453,#454,#247,.T.);
#566=EDGE_CURVE('',#454,#455,#382,.T.);
#567=EDGE_CURVE('',#455,#452,#383,.T.);
#568=EDGE_CURVE('',#453,#456,#248,.T.);
#569=EDGE_CURVE('',#456,#457,#249,.T.);
#570=EDGE_CURVE('',#457,#454,#250,.T.);
#571=EDGE_CURVE('',#458,#459,#251,.T.);
#572=EDGE_CURVE('',#459,#460,#252,.T.);
#573=EDGE_CURVE('',#460,#461,#253,.T.);
#574=EDGE_CURVE('',#461,#458,#254,.T.);
#575=EDGE_CURVE('',#459,#431,#384,.T.);
#576=EDGE_CURVE('',#430,#462,#255,.T.);
#577=EDGE_CURVE('',#462,#463,#385,.T.);
#578=EDGE_CURVE('',#463,#460,#386,.T.);
#579=EDGE_CURVE('',#429,#464,#256,.T.);
#580=EDGE_CURVE('',#464,#462,#257,.T.);
#581=EDGE_CURVE('',#428,#465,#258,.T.);
#582=EDGE_CURVE('',#465,#464,#259,.T.);
#583=EDGE_CURVE('',#436,#465,#387,.T.);
#584=EDGE_CURVE('',#461,#457,#260,.T.);
#585=EDGE_CURVE('',#456,#458,#261,.T.);
#586=EDGE_CURVE('',#444,#445,#44,.T.);
#587=EDGE_CURVE('',#466,#467,#21,.T.);
#588=EDGE_CURVE('',#467,#468,#262,.T.);
#589=EDGE_CURVE('',#468,#447,#263,.T.);
#590=EDGE_CURVE('',#446,#443,#45,.T.);
#591=EDGE_CURVE('',#442,#469,#264,.T.);
#592=EDGE_CURVE('',#469,#466,#265,.T.);
#593=EDGE_CURVE('',#455,#463,#266,.T.);
#594=EDGE_CURVE('',#466,#470,#267,.T.);
#595=EDGE_CURVE('',#470,#471,#46,.T.);
#596=EDGE_CURVE('',#471,#467,#268,.T.);
#597=EDGE_CURVE('',#471,#472,#269,.T.);
#598=EDGE_CURVE('',#472,#468,#270,.T.);
#599=EDGE_CURVE('',#472,#448,#271,.T.);
#600=EDGE_CURVE('',#441,#473,#272,.T.);
#601=EDGE_CURVE('',#473,#469,#273,.T.);
#602=EDGE_CURVE('',#473,#470,#274,.T.);
#603=EDGE_CURVE('',#403,#404,#47,.T.);
#604=EDGE_CURVE('',#408,#409,#48,.T.);
#605=ORIENTED_EDGE('',*,*,#474,.F.);
#606=ORIENTED_EDGE('',*,*,#475,.T.);
#607=ORIENTED_EDGE('',*,*,#476,.T.);
#608=ORIENTED_EDGE('',*,*,#475,.F.);
#609=ORIENTED_EDGE('',*,*,#476,.F.);
#610=ORIENTED_EDGE('',*,*,#477,.F.);
#611=ORIENTED_EDGE('',*,*,#478,.T.);
#612=ORIENTED_EDGE('',*,*,#479,.F.);
#613=ORIENTED_EDGE('',*,*,#478,.F.);
#614=ORIENTED_EDGE('',*,*,#480,.T.);
#615=ORIENTED_EDGE('',*,*,#479,.T.);
#616=ORIENTED_EDGE('',*,*,#481,.T.);
#617=ORIENTED_EDGE('',*,*,#482,.T.);
#618=ORIENTED_EDGE('',*,*,#483,.T.);
#619=ORIENTED_EDGE('',*,*,#477,.T.);
#620=ORIENTED_EDGE('',*,*,#484,.T.);
#621=ORIENTED_EDGE('',*,*,#485,.T.);
#622=ORIENTED_EDGE('',*,*,#486,.T.);
#623=ORIENTED_EDGE('',*,*,#487,.T.);
#624=ORIENTED_EDGE('',*,*,#485,.F.);
#625=ORIENTED_EDGE('',*,*,#484,.F.);
#626=ORIENTED_EDGE('',*,*,#486,.F.);
#627=ORIENTED_EDGE('',*,*,#488,.T.);
#628=ORIENTED_EDGE('',*,*,#489,.T.);
#629=ORIENTED_EDGE('',*,*,#490,.T.);
#630=ORIENTED_EDGE('',*,*,#491,.T.);
#631=ORIENTED_EDGE('',*,*,#492,.T.);
#632=ORIENTED_EDGE('',*,*,#493,.T.);
#633=ORIENTED_EDGE('',*,*,#494,.T.);
#634=ORIENTED_EDGE('',*,*,#492,.F.);
#635=ORIENTED_EDGE('',*,*,#491,.F.);
#636=ORIENTED_EDGE('',*,*,#493,.F.);
#637=ORIENTED_EDGE('',*,*,#495,.T.);
#638=ORIENTED_EDGE('',*,*,#496,.T.);
#639=ORIENTED_EDGE('',*,*,#497,.T.);
#640=ORIENTED_EDGE('',*,*,#498,.F.);
#641=ORIENTED_EDGE('',*,*,#499,.T.);
#642=ORIENTED_EDGE('',*,*,#500,.F.);
#643=ORIENTED_EDGE('',*,*,#499,.F.);
#644=ORIENTED_EDGE('',*,*,#501,.T.);
#645=ORIENTED_EDGE('',*,*,#500,.T.);
#646=ORIENTED_EDGE('',*,*,#502,.T.);
#647=ORIENTED_EDGE('',*,*,#503,.T.);
#648=ORIENTED_EDGE('',*,*,#504,.T.);
#649=ORIENTED_EDGE('',*,*,#498,.T.);
#650=ORIENTED_EDGE('',*,*,#505,.T.);
#651=ORIENTED_EDGE('',*,*,#506,.T.);
#652=ORIENTED_EDGE('',*,*,#507,.T.);
#653=ORIENTED_EDGE('',*,*,#508,.T.);
#654=ORIENTED_EDGE('',*,*,#509,.T.);
#655=ORIENTED_EDGE('',*,*,#507,.F.);
#656=ORIENTED_EDGE('',*,*,#510,.T.);
#657=ORIENTED_EDGE('',*,*,#511,.T.);
#658=ORIENTED_EDGE('',*,*,#512,.T.);
#659=ORIENTED_EDGE('',*,*,#513,.T.);
#660=ORIENTED_EDGE('',*,*,#514,.T.);
#661=ORIENTED_EDGE('',*,*,#515,.T.);
#662=ORIENTED_EDGE('',*,*,#513,.F.);
#663=ORIENTED_EDGE('',*,*,#516,.T.);
#664=ORIENTED_EDGE('',*,*,#517,.T.);
#665=ORIENTED_EDGE('',*,*,#518,.T.);
#666=ORIENTED_EDGE('',*,*,#517,.F.);
#667=ORIENTED_EDGE('',*,*,#519,.T.);
#668=ORIENTED_EDGE('',*,*,#505,.F.);
#669=ORIENTED_EDGE('',*,*,#520,.T.);
#670=ORIENTED_EDGE('',*,*,#521,.T.);
#671=ORIENTED_EDGE('',*,*,#522,.T.);
#672=ORIENTED_EDGE('',*,*,#523,.T.);
#673=ORIENTED_EDGE('',*,*,#510,.F.);
#674=ORIENTED_EDGE('',*,*,#506,.F.);
#675=ORIENTED_EDGE('',*,*,#519,.F.);
#676=ORIENTED_EDGE('',*,*,#516,.F.);
#677=ORIENTED_EDGE('',*,*,#512,.F.);
#678=ORIENTED_EDGE('',*,*,#524,.T.);
#679=ORIENTED_EDGE('',*,*,#525,.T.);
#680=ORIENTED_EDGE('',*,*,#526,.T.);
#681=ORIENTED_EDGE('',*,*,#527,.T.);
#682=ORIENTED_EDGE('',*,*,#528,.T.);
#683=ORIENTED_EDGE('',*,*,#529,.T.);
#684=ORIENTED_EDGE('',*,*,#530,.T.);
#685=ORIENTED_EDGE('',*,*,#531,.T.);
#686=ORIENTED_EDGE('',*,*,#532,.T.);
#687=ORIENTED_EDGE('',*,*,#533,.T.);
#688=ORIENTED_EDGE('',*,*,#534,.T.);
#689=ORIENTED_EDGE('',*,*,#535,.T.);
#690=ORIENTED_EDGE('',*,*,#482,.F.);
#691=ORIENTED_EDGE('',*,*,#536,.T.);
#692=ORIENTED_EDGE('',*,*,#537,.T.);
#693=ORIENTED_EDGE('',*,*,#489,.F.);
#694=ORIENTED_EDGE('',*,*,#538,.T.);
#695=ORIENTED_EDGE('',*,*,#526,.F.);
#696=ORIENTED_EDGE('',*,*,#539,.T.);
#697=ORIENTED_EDGE('',*,*,#540,.T.);
#698=ORIENTED_EDGE('',*,*,#541,.T.);
#699=ORIENTED_EDGE('',*,*,#521,.F.);
#700=ORIENTED_EDGE('',*,*,#542,.T.);
#701=ORIENTED_EDGE('',*,*,#543,.T.);
#702=ORIENTED_EDGE('',*,*,#544,.T.);
#703=ORIENTED_EDGE('',*,*,#545,.T.);
#704=ORIENTED_EDGE('',*,*,#522,.F.);
#705=ORIENTED_EDGE('',*,*,#541,.F.);
#706=ORIENTED_EDGE('',*,*,#546,.T.);
#707=ORIENTED_EDGE('',*,*,#547,.T.);
#708=ORIENTED_EDGE('',*,*,#548,.T.);
#709=ORIENTED_EDGE('',*,*,#549,.T.);
#710=ORIENTED_EDGE('',*,*,#550,.T.);
#711=ORIENTED_EDGE('',*,*,#511,.F.);
#712=ORIENTED_EDGE('',*,*,#523,.F.);
#713=ORIENTED_EDGE('',*,*,#545,.F.);
#714=ORIENTED_EDGE('',*,*,#515,.F.);
#715=ORIENTED_EDGE('',*,*,#551,.T.);
#716=ORIENTED_EDGE('',*,*,#552,.T.);
#717=ORIENTED_EDGE('',*,*,#553,.T.);
#718=ORIENTED_EDGE('',*,*,#554,.T.);
#719=ORIENTED_EDGE('',*,*,#555,.T.);
#720=ORIENTED_EDGE('',*,*,#556,.T.);
#721=ORIENTED_EDGE('',*,*,#524,.F.);
#722=ORIENTED_EDGE('',*,*,#525,.F.);
#723=ORIENTED_EDGE('',*,*,#556,.F.);
#724=ORIENTED_EDGE('',*,*,#557,.T.);
#725=ORIENTED_EDGE('',*,*,#539,.F.);
#726=ORIENTED_EDGE('',*,*,#535,.F.);
#727=ORIENTED_EDGE('',*,*,#558,.T.);
#728=ORIENTED_EDGE('',*,*,#559,.T.);
#729=ORIENTED_EDGE('',*,*,#542,.F.);
#730=ORIENTED_EDGE('',*,*,#534,.F.);
#731=ORIENTED_EDGE('',*,*,#560,.T.);
#732=ORIENTED_EDGE('',*,*,#561,.T.);
#733=ORIENTED_EDGE('',*,*,#558,.F.);
#734=ORIENTED_EDGE('',*,*,#533,.F.);
#735=ORIENTED_EDGE('',*,*,#562,.T.);
#736=ORIENTED_EDGE('',*,*,#563,.T.);
#737=ORIENTED_EDGE('',*,*,#560,.F.);
#738=ORIENTED_EDGE('',*,*,#532,.F.);
#739=ORIENTED_EDGE('',*,*,#564,.T.);
#740=ORIENTED_EDGE('',*,*,#565,.T.);
#741=ORIENTED_EDGE('',*,*,#566,.T.);
#742=ORIENTED_EDGE('',*,*,#567,.T.);
#743=ORIENTED_EDGE('',*,*,#562,.F.);
#744=ORIENTED_EDGE('',*,*,#568,.T.);
#745=ORIENTED_EDGE('',*,*,#569,.T.);
#746=ORIENTED_EDGE('',*,*,#570,.T.);
#747=ORIENTED_EDGE('',*,*,#565,.F.);
#748=ORIENTED_EDGE('',*,*,#571,.T.);
#749=ORIENTED_EDGE('',*,*,#572,.T.);
#750=ORIENTED_EDGE('',*,*,#573,.T.);
#751=ORIENTED_EDGE('',*,*,#574,.T.);
#752=ORIENTED_EDGE('',*,*,#575,.T.);
#753=ORIENTED_EDGE('',*,*,#530,.F.);
#754=ORIENTED_EDGE('',*,*,#576,.T.);
#755=ORIENTED_EDGE('',*,*,#577,.T.);
#756=ORIENTED_EDGE('',*,*,#578,.T.);
#757=ORIENTED_EDGE('',*,*,#572,.F.);
#758=ORIENTED_EDGE('',*,*,#529,.F.);
#759=ORIENTED_EDGE('',*,*,#579,.T.);
#760=ORIENTED_EDGE('',*,*,#580,.T.);
#761=ORIENTED_EDGE('',*,*,#576,.F.);
#762=ORIENTED_EDGE('',*,*,#528,.F.);
#763=ORIENTED_EDGE('',*,*,#581,.T.);
#764=ORIENTED_EDGE('',*,*,#582,.T.);
#765=ORIENTED_EDGE('',*,*,#579,.F.);
#766=ORIENTED_EDGE('',*,*,#527,.F.);
#767=ORIENTED_EDGE('',*,*,#538,.F.);
#768=ORIENTED_EDGE('',*,*,#583,.T.);
#769=ORIENTED_EDGE('',*,*,#581,.F.);
#770=ORIENTED_EDGE('',*,*,#574,.F.);
#771=ORIENTED_EDGE('',*,*,#584,.T.);
#772=ORIENTED_EDGE('',*,*,#569,.F.);
#773=ORIENTED_EDGE('',*,*,#585,.T.);
#774=ORIENTED_EDGE('',*,*,#474,.T.);
#775=ORIENTED_EDGE('',*,*,#508,.F.);
#776=ORIENTED_EDGE('',*,*,#509,.F.);
#777=ORIENTED_EDGE('',*,*,#550,.F.);
#778=ORIENTED_EDGE('',*,*,#586,.T.);
#779=ORIENTED_EDGE('',*,*,#551,.F.);
#780=ORIENTED_EDGE('',*,*,#514,.F.);
#781=ORIENTED_EDGE('',*,*,#518,.F.);
#782=ORIENTED_EDGE('',*,*,#520,.F.);
#783=ORIENTED_EDGE('',*,*,#587,.T.);
#784=ORIENTED_EDGE('',*,*,#588,.T.);
#785=ORIENTED_EDGE('',*,*,#589,.T.);
#786=ORIENTED_EDGE('',*,*,#553,.F.);
#787=ORIENTED_EDGE('',*,*,#590,.T.);
#788=ORIENTED_EDGE('',*,*,#548,.F.);
#789=ORIENTED_EDGE('',*,*,#591,.T.);
#790=ORIENTED_EDGE('',*,*,#592,.T.);
#791=ORIENTED_EDGE('',*,*,#552,.F.);
#792=ORIENTED_EDGE('',*,*,#586,.F.);
#793=ORIENTED_EDGE('',*,*,#549,.F.);
#794=ORIENTED_EDGE('',*,*,#590,.F.);
#795=ORIENTED_EDGE('',*,*,#593,.F.);
#796=ORIENTED_EDGE('',*,*,#566,.F.);
#797=ORIENTED_EDGE('',*,*,#570,.F.);
#798=ORIENTED_EDGE('',*,*,#584,.F.);
#799=ORIENTED_EDGE('',*,*,#573,.F.);
#800=ORIENTED_EDGE('',*,*,#578,.F.);
#801=ORIENTED_EDGE('',*,*,#531,.F.);
#802=ORIENTED_EDGE('',*,*,#575,.F.);
#803=ORIENTED_EDGE('',*,*,#571,.F.);
#804=ORIENTED_EDGE('',*,*,#585,.F.);
#805=ORIENTED_EDGE('',*,*,#568,.F.);
#806=ORIENTED_EDGE('',*,*,#564,.F.);
#807=ORIENTED_EDGE('',*,*,#594,.T.);
#808=ORIENTED_EDGE('',*,*,#595,.T.);
#809=ORIENTED_EDGE('',*,*,#596,.T.);
#810=ORIENTED_EDGE('',*,*,#587,.F.);
#811=ORIENTED_EDGE('',*,*,#596,.F.);
#812=ORIENTED_EDGE('',*,*,#597,.T.);
#813=ORIENTED_EDGE('',*,*,#598,.T.);
#814=ORIENTED_EDGE('',*,*,#588,.F.);
#815=ORIENTED_EDGE('',*,*,#589,.F.);
#816=ORIENTED_EDGE('',*,*,#598,.F.);
#817=ORIENTED_EDGE('',*,*,#599,.T.);
#818=ORIENTED_EDGE('',*,*,#554,.F.);
#819=ORIENTED_EDGE('',*,*,#600,.T.);
#820=ORIENTED_EDGE('',*,*,#601,.T.);
#821=ORIENTED_EDGE('',*,*,#591,.F.);
#822=ORIENTED_EDGE('',*,*,#547,.F.);
#823=ORIENTED_EDGE('',*,*,#601,.F.);
#824=ORIENTED_EDGE('',*,*,#602,.T.);
#825=ORIENTED_EDGE('',*,*,#594,.F.);
#826=ORIENTED_EDGE('',*,*,#592,.F.);
#827=ORIENTED_EDGE('',*,*,#543,.F.);
#828=ORIENTED_EDGE('',*,*,#559,.F.);
#829=ORIENTED_EDGE('',*,*,#561,.F.);
#830=ORIENTED_EDGE('',*,*,#563,.F.);
#831=ORIENTED_EDGE('',*,*,#567,.F.);
#832=ORIENTED_EDGE('',*,*,#593,.T.);
#833=ORIENTED_EDGE('',*,*,#577,.F.);
#834=ORIENTED_EDGE('',*,*,#580,.F.);
#835=ORIENTED_EDGE('',*,*,#582,.F.);
#836=ORIENTED_EDGE('',*,*,#583,.F.);
#837=ORIENTED_EDGE('',*,*,#540,.F.);
#838=ORIENTED_EDGE('',*,*,#557,.F.);
#839=ORIENTED_EDGE('',*,*,#555,.F.);
#840=ORIENTED_EDGE('',*,*,#599,.F.);
#841=ORIENTED_EDGE('',*,*,#597,.F.);
#842=ORIENTED_EDGE('',*,*,#595,.F.);
#843=ORIENTED_EDGE('',*,*,#602,.F.);
#844=ORIENTED_EDGE('',*,*,#600,.F.);
#845=ORIENTED_EDGE('',*,*,#546,.F.);
#846=ORIENTED_EDGE('',*,*,#544,.F.);
#847=ORIENTED_EDGE('',*,*,#603,.T.);
#848=ORIENTED_EDGE('',*,*,#496,.F.);
#849=ORIENTED_EDGE('',*,*,#503,.F.);
#850=ORIENTED_EDGE('',*,*,#604,.T.);
#851=ORIENTED_EDGE('',*,*,#483,.F.);
#852=ORIENTED_EDGE('',*,*,#536,.F.);
#853=ORIENTED_EDGE('',*,*,#481,.F.);
#854=ORIENTED_EDGE('',*,*,#480,.F.);
#855=ORIENTED_EDGE('',*,*,#487,.F.);
#856=ORIENTED_EDGE('',*,*,#490,.F.);
#857=ORIENTED_EDGE('',*,*,#537,.F.);
#858=ORIENTED_EDGE('',*,*,#488,.F.);
#859=ORIENTED_EDGE('',*,*,#494,.F.);
#860=ORIENTED_EDGE('',*,*,#497,.F.);
#861=ORIENTED_EDGE('',*,*,#603,.F.);
#862=ORIENTED_EDGE('',*,*,#495,.F.);
#863=ORIENTED_EDGE('',*,*,#504,.F.);
#864=ORIENTED_EDGE('',*,*,#604,.F.);
#865=ORIENTED_EDGE('',*,*,#502,.F.);
#866=ORIENTED_EDGE('',*,*,#501,.F.);
#867=CYLINDRICAL_SURFACE('',#944,9.025);
#868=CYLINDRICAL_SURFACE('',#948,2.54999999999745);
#869=CYLINDRICAL_SURFACE('',#952,2.54999999999927);
#870=CYLINDRICAL_SURFACE('',#956,2.54999999999927);
#871=CYLINDRICAL_SURFACE('',#960,2.54999999999927);
#872=CYLINDRICAL_SURFACE('',#975,0.400000000006699);
#873=CYLINDRICAL_SURFACE('',#977,0.399999999994094);
#874=CYLINDRICAL_SURFACE('',#983,0.399999999992218);
#875=CYLINDRICAL_SURFACE('',#987,0.399999999997817);
#876=CYLINDRICAL_SURFACE('',#993,0.399999999999643);
#877=CYLINDRICAL_SURFACE('',#999,0.399999999972785);
#878=ADVANCED_FACE('',(#79),#867,.F.);
#879=ADVANCED_FACE('',(#80),#49,.T.);
#880=ADVANCED_FACE('',(#81),#868,.F.);
#881=ADVANCED_FACE('',(#82),#50,.T.);
#882=ADVANCED_FACE('',(#83),#25,.T.);
#883=ADVANCED_FACE('',(#84),#869,.F.);
#884=ADVANCED_FACE('',(#85),#51,.T.);
#885=ADVANCED_FACE('',(#86),#26,.T.);
#886=ADVANCED_FACE('',(#87),#870,.F.);
#887=ADVANCED_FACE('',(#88),#52,.T.);
#888=ADVANCED_FACE('',(#89),#27,.T.);
#889=ADVANCED_FACE('',(#90),#871,.F.);
#890=ADVANCED_FACE('',(#91),#53,.T.);
#891=ADVANCED_FACE('',(#92),#28,.T.);
#892=ADVANCED_FACE('',(#93),#54,.T.);
#893=ADVANCED_FACE('',(#94),#55,.T.);
#894=ADVANCED_FACE('',(#95),#56,.T.);
#895=ADVANCED_FACE('',(#96),#57,.T.);
#896=ADVANCED_FACE('',(#97),#22,.F.);
#897=ADVANCED_FACE('',(#98,#15,#16),#58,.T.);
#898=ADVANCED_FACE('',(#99),#872,.F.);
#899=ADVANCED_FACE('',(#100),#873,.F.);
#900=ADVANCED_FACE('',(#101),#59,.T.);
#901=ADVANCED_FACE('',(#102),#60,.T.);
#902=ADVANCED_FACE('',(#103),#61,.T.);
#903=ADVANCED_FACE('',(#104),#62,.T.);
#904=ADVANCED_FACE('',(#105),#874,.F.);
#905=ADVANCED_FACE('',(#106),#63,.T.);
#906=ADVANCED_FACE('',(#107),#64,.T.);
#907=ADVANCED_FACE('',(#108),#875,.T.);
#908=ADVANCED_FACE('',(#109),#65,.T.);
#909=ADVANCED_FACE('',(#110),#66,.T.);
#910=ADVANCED_FACE('',(#111),#876,.T.);
#911=ADVANCED_FACE('',(#112),#67,.T.);
#912=ADVANCED_FACE('',(#113),#68,.T.);
#913=ADVANCED_FACE('',(#114),#877,.F.);
#914=ADVANCED_FACE('',(#115,#17),#69,.T.);
#915=ADVANCED_FACE('',(#116),#70,.T.);
#916=ADVANCED_FACE('',(#117),#71,.T.);
#917=ADVANCED_FACE('',(#118),#23,.F.);
#918=ADVANCED_FACE('',(#119),#72,.T.);
#919=ADVANCED_FACE('',(#120),#73,.T.);
#920=ADVANCED_FACE('',(#121),#24,.F.);
#921=ADVANCED_FACE('',(#122),#74,.T.);
#922=ADVANCED_FACE('',(#123),#75,.T.);
#923=ADVANCED_FACE('',(#124),#76,.T.);
#924=ADVANCED_FACE('',(#125),#77,.T.);
#925=ADVANCED_FACE('',(#126,#18,#19),#78,.T.);
#926=ADVANCED_FACE('',(#127),#29,.T.);
#927=ADVANCED_FACE('',(#128),#30,.T.);
#928=ADVANCED_FACE('',(#129),#31,.T.);
#929=ADVANCED_FACE('',(#130),#32,.T.);
#930=CLOSED_SHELL('',(#878,#879,#880,#881,#882,#883,#884,#885,#886,#887,
#888,#889,#890,#891,#892,#893,#894,#895,#896,#897,#898,#899,#900,#901,#902,
#903,#904,#905,#906,#907,#908,#909,#910,#911,#912,#913,#914,#915,#916,#917,
#918,#919,#920,#921,#922,#923,#924,#925,#926,#927,#928,#929));
#931=DERIVED_UNIT_ELEMENT(#933,1.);
#932=DERIVED_UNIT_ELEMENT(#2878,-3.);
#933=(
MASS_UNIT()
NAMED_UNIT(*)
SI_UNIT(.KILO.,.GRAM.)
);
#934=DERIVED_UNIT((#931,#932));
#935=MEASURE_REPRESENTATION_ITEM('density measure',
POSITIVE_RATIO_MEASURE(7850.),#934);
#936=PROPERTY_DEFINITION_REPRESENTATION(#941,#938);
#937=PROPERTY_DEFINITION_REPRESENTATION(#942,#939);
#938=REPRESENTATION('material name',(#940),#2875);
#939=REPRESENTATION('density',(#935),#2875);
#940=DESCRIPTIVE_REPRESENTATION_ITEM('Steel','Steel');
#941=PROPERTY_DEFINITION('material property','material name',#2885);
#942=PROPERTY_DEFINITION('material property','density of part',#2885);
#943=AXIS2_PLACEMENT_3D('',#1234,#1011,#1012);
#944=AXIS2_PLACEMENT_3D('',#1235,#1013,#1014);
#945=AXIS2_PLACEMENT_3D('',#1237,#1015,#1016);
#946=AXIS2_PLACEMENT_3D('',#1240,#1018,#1019);
#947=AXIS2_PLACEMENT_3D('',#1241,#1020,#1021);
#948=AXIS2_PLACEMENT_3D('',#1242,#1022,#1023);
#949=AXIS2_PLACEMENT_3D('',#1285,#1025,#1026);
#950=AXIS2_PLACEMENT_3D('',#1286,#1027,#1028);
#951=AXIS2_PLACEMENT_3D('',#1287,#1029,#1030);
#952=AXIS2_PLACEMENT_3D('',#1349,#1033,#1034);
#953=AXIS2_PLACEMENT_3D('',#1351,#1035,#1036);
#954=AXIS2_PLACEMENT_3D('',#1393,#1038,#1039);
#955=AXIS2_PLACEMENT_3D('',#1394,#1040,#1041);
#956=AXIS2_PLACEMENT_3D('',#1456,#1044,#1045);
#957=AXIS2_PLACEMENT_3D('',#1458,#1046,#1047);
#958=AXIS2_PLACEMENT_3D('',#1500,#1049,#1050);
#959=AXIS2_PLACEMENT_3D('',#1501,#1051,#1052);
#960=AXIS2_PLACEMENT_3D('',#1563,#1055,#1056);
#961=AXIS2_PLACEMENT_3D('',#1606,#1058,#1059);
#962=AXIS2_PLACEMENT_3D('',#1607,#1060,#1061);
#963=AXIS2_PLACEMENT_3D('',#1608,#1062,#1063);
#964=AXIS2_PLACEMENT_3D('',#1670,#1066,#1067);
#965=AXIS2_PLACEMENT_3D('',#1679,#1072,#1073);
#966=AXIS2_PLACEMENT_3D('',#1685,#1077,#1078);
#967=AXIS2_PLACEMENT_3D('',#1694,#1083,#1084);
#968=AXIS2_PLACEMENT_3D('',#1860,#1088,#1089);
#969=AXIS2_PLACEMENT_3D('',#1863,#1090,#1091);
#970=AXIS2_PLACEMENT_3D('',#1872,#1096,#1097);
#971=AXIS2_PLACEMENT_3D('',#1874,#1098,#1099);
#972=AXIS2_PLACEMENT_3D('',#1880,#1102,#1103);
#973=AXIS2_PLACEMENT_3D('',#1884,#1105,#1106);
#974=AXIS2_PLACEMENT_3D('',#1889,#1109,#1110);
#975=AXIS2_PLACEMENT_3D('',#1928,#1111,#1112);
#976=AXIS2_PLACEMENT_3D('',#1933,#1115,#1116);
#977=AXIS2_PLACEMENT_3D('',#1934,#1117,#1118);
#978=AXIS2_PLACEMENT_3D('',#1939,#1121,#1122);
#979=AXIS2_PLACEMENT_3D('',#1940,#1123,#1124);
#980=AXIS2_PLACEMENT_3D('',#1944,#1127,#1128);
#981=AXIS2_PLACEMENT_3D('',#1954,#1134,#1135);
#982=AXIS2_PLACEMENT_3D('',#1966,#1142,#1143);
#983=AXIS2_PLACEMENT_3D('',#1968,#1145,#1146);
#984=AXIS2_PLACEMENT_3D('',#1971,#1148,#1149);
#985=AXIS2_PLACEMENT_3D('',#1972,#1150,#1151);
#986=AXIS2_PLACEMENT_3D('',#1976,#1154,#1155);
#987=AXIS2_PLACEMENT_3D('',#1980,#1158,#1159);
#988=AXIS2_PLACEMENT_3D('',#1982,#1160,#1161);
#989=AXIS2_PLACEMENT_3D('',#1986,#1163,#1164);
#990=AXIS2_PLACEMENT_3D('',#1987,#1165,#1166);
#991=AXIS2_PLACEMENT_3D('',#1988,#1167,#1168);
#992=AXIS2_PLACEMENT_3D('',#1994,#1172,#1173);
#993=AXIS2_PLACEMENT_3D('',#2003,#1178,#1179);
#994=AXIS2_PLACEMENT_3D('',#2004,#1180,#1181);
#995=AXIS2_PLACEMENT_3D('',#2008,#1183,#1184);
#996=AXIS2_PLACEMENT_3D('',#2009,#1185,#1186);
#997=AXIS2_PLACEMENT_3D('',#2010,#1187,#1188);
#998=AXIS2_PLACEMENT_3D('',#2014,#1191,#1192);
#999=AXIS2_PLACEMENT_3D('',#2018,#1195,#1196);
#1000=AXIS2_PLACEMENT_3D('',#2019,#1197,#1198);
#1001=AXIS2_PLACEMENT_3D('',#2020,#1199,#1200);
#1002=AXIS2_PLACEMENT_3D('',#2023,#1203,#1204);
#1003=AXIS2_PLACEMENT_3D('',#2238,#1205,#1206);
#1004=AXIS2_PLACEMENT_3D('',#2512,#1211,#1212);
#1005=AXIS2_PLACEMENT_3D('',#2514,#1214,#1215);
#1006=AXIS2_PLACEMENT_3D('',#2670,#1218,#1219);
#1007=AXIS2_PLACEMENT_3D('',#2674,#1222,#1223);
#1008=AXIS2_PLACEMENT_3D('',#2676,#1225,#1226);
#1009=AXIS2_PLACEMENT_3D('',#2680,#1229,#1230);
#1010=AXIS2_PLACEMENT_3D('',#2682,#1232,#1233);
#1011=DIRECTION('axis',(0.,0.,1.));
#1012=DIRECTION('refdir',(1.,0.,0.));
#1013=DIRECTION('center_axis',(0.,-1.,0.));
#1014=DIRECTION('ref_axis',(-1.,0.,0.));
#1015=DIRECTION('center_axis',(0.,-1.,0.));
#1016=DIRECTION('ref_axis',(-1.,0.,0.));
#1017=DIRECTION('',(0.,-1.,0.));
#1018=DIRECTION('center_axis',(0.,-1.,0.));
#1019=DIRECTION('ref_axis',(-1.,0.,0.));
#1020=DIRECTION('center_axis',(0.,1.,0.));
#1021=DIRECTION('ref_axis',(-1.,0.,0.));
#1022=DIRECTION('center_axis',(0.,0.,1.));
#1023=DIRECTION('ref_axis',(-1.,0.,0.));
#1024=DIRECTION('',(0.,0.,1.));
#1025=DIRECTION('center_axis',(0.,7.14025788386577E-13,-1.));
#1026=DIRECTION('ref_axis',(1.,-1.17553026136816E-14,0.));
#1027=DIRECTION('center_axis',(0.,0.,-1.));
#1028=DIRECTION('ref_axis',(-1.,-3.57230584982687E-13,0.));
#1029=DIRECTION('center_axis',(0.,0.,-1.));
#1030=DIRECTION('ref_axis',(1.,0.,0.));
#1031=DIRECTION('',(-0.70710678118719,0.,-0.707106781185905));
#1032=DIRECTION('',(-0.707107400508882,9.89806285555671E-8,0.707106161863663));
#1033=DIRECTION('center_axis',(0.,0.,-1.));
#1034=DIRECTION('ref_axis',(1.,0.,0.));
#1035=DIRECTION('center_axis',(0.,-7.14025788385244E-13,1.));
#1036=DIRECTION('ref_axis',(1.,1.85907933927479E-12,0.));
#1037=DIRECTION('',(0.,0.,-1.));
#1038=DIRECTION('center_axis',(0.,0.,-1.));
#1039=DIRECTION('ref_axis',(-0.999999999999998,-6.98135829103569E-8,0.));
#1040=DIRECTION('center_axis',(0.,0.,-1.));
#1041=DIRECTION('ref_axis',(1.,0.,0.));
#1042=DIRECTION('',(-0.707107400508881,-9.89806285556562E-8,-0.707106161863664));
#1043=DIRECTION('',(-0.707106781187191,0.,0.707106781185904));
#1044=DIRECTION('center_axis',(0.,0.,1.));
#1045=DIRECTION('ref_axis',(-1.,0.,0.));
#1046=DIRECTION('center_axis',(0.,7.10542735759671E-13,-1.));
#1047=DIRECTION('ref_axis',(-1.,8.97647969028073E-13,0.));
#1048=DIRECTION('',(0.,0.,1.));
#1049=DIRECTION('center_axis',(0.,0.,1.));
#1050=DIRECTION('ref_axis',(0.999999999999998,-6.98369442885482E-8,0.));
#1051=DIRECTION('center_axis',(0.,0.,1.));
#1052=DIRECTION('ref_axis',(-1.,0.,0.));
#1053=DIRECTION('',(0.707107400508883,-9.89877067224321E-8,0.707106161863663));
#1054=DIRECTION('',(0.70710678118591,0.,-0.707106781187185));
#1055=DIRECTION('center_axis',(0.,0.,-1.));
#1056=DIRECTION('ref_axis',(1.,0.,0.));
#1057=DIRECTION('',(0.,0.,-1.));
#1058=DIRECTION('center_axis',(0.,-7.07059683133207E-13,1.));
#1059=DIRECTION('ref_axis',(-1.,-1.14973390285478E-12,0.));
#1060=DIRECTION('center_axis',(0.,0.,1.));
#1061=DIRECTION('ref_axis',(1.,1.76982611572649E-13,0.));
#1062=DIRECTION('center_axis',(0.,0.,1.));
#1063=DIRECTION('ref_axis',(-1.,0.,0.));
#1064=DIRECTION('',(0.707106781185912,0.,0.707106781187183));
#1065=DIRECTION('',(0.707107400508883,9.89877067224321E-8,-0.707106161863663));
#1066=DIRECTION('center_axis',(-0.651756108910887,0.758428621886952,4.8380065466316E-13));
#1067=DIRECTION('ref_axis',(0.,6.37898729954937E-13,-1.));
#1068=DIRECTION('',(0.,0.,1.));
#1069=DIRECTION('',(0.758428621884322,0.651756108913946,0.));
#1070=DIRECTION('',(0.,0.,-1.));
#1071=DIRECTION('',(-0.758428621884322,-0.651756108913946,0.));
#1072=DIRECTION('center_axis',(0.,1.,0.));
#1073=DIRECTION('ref_axis',(0.,0.,-1.));
#1074=DIRECTION('',(-1.,0.,0.));
#1075=DIRECTION('',(1.,0.,0.));
#1076=DIRECTION('',(0.,0.,-1.));
#1077=DIRECTION('center_axis',(1.,0.,0.));
#1078=DIRECTION('ref_axis',(0.,-1.,0.));
#1079=DIRECTION('',(0.,-1.,0.));
#1080=DIRECTION('',(0.,4.79989381558696E-12,-1.));
#1081=DIRECTION('',(0.,1.,0.));
#1082=DIRECTION('',(0.,0.,1.));
#1083=DIRECTION('center_axis',(0.,1.,0.));
#1084=DIRECTION('ref_axis',(0.,0.,-1.));
#1085=DIRECTION('',(1.,0.,0.));
#1086=DIRECTION('',(0.,4.79989381558696E-12,-1.));
#1087=DIRECTION('',(-1.,0.,0.));
#1088=DIRECTION('center_axis',(0.,0.,-1.));
#1089=DIRECTION('ref_axis',(1.,0.,0.));
#1090=DIRECTION('center_axis',(-6.91357020843061E-11,-3.62483076204936E-11,
1.));
#1091=DIRECTION('ref_axis',(-0.678069785310845,-0.734997528056051,-7.35210503599399E-11));
#1092=DIRECTION('',(0.734997529155847,-0.678069784118715,0.));
#1093=DIRECTION('',(0.866025403782162,-0.500000000003943,0.));
#1094=DIRECTION('',(0.866025403783224,0.500000000002103,0.));
#1095=DIRECTION('',(0.734997529155893,0.678069784118664,0.));
#1096=DIRECTION('center_axis',(-5.61786980697678E-11,2.68024897960293E-11,
1.));
#1097=DIRECTION('ref_axis',(0.997911108877775,-0.0646020028971898,5.77926595458984E-11));
#1098=DIRECTION('center_axis',(1.32803966873439E-9,2.79757775974874E-10,
1.));
#1099=DIRECTION('ref_axis',(0.887047889128775,0.461677422441453,-1.30719254873849E-9));
#1100=DIRECTION('',(-0.461677442646543,0.887047878612732,0.));
#1101=DIRECTION('',(-0.570809515755622,0.821082515173008,-2.72763517955741E-11));
#1102=DIRECTION('center_axis',(-6.32571066404832E-11,-1.00552115556857E-13,
-1.));
#1103=DIRECTION('ref_axis',(-0.966240499700107,0.257641799285924,6.10955730503043E-11));
#1104=DIRECTION('',(1.,0.,0.));
#1105=DIRECTION('center_axis',(3.53737960142333E-11,-6.19805755788495E-12,
-1.));
#1106=DIRECTION('ref_axis',(0.821082515161205,-0.570809515772599,3.2582964106575E-11));
#1107=DIRECTION('',(-0.570809515756116,-0.821082515172664,0.));
#1108=DIRECTION('',(-0.461677442440697,-0.887047878719868,0.));
#1109=DIRECTION('center_axis',(-1.22414463007445E-9,2.09970052232407E-10,
1.));
#1110=DIRECTION('ref_axis',(-0.990195955902551,-0.139685249451163,-1.18281356933438E-9));
#1111=DIRECTION('center_axis',(-5.82112136261682E-11,2.2737367543949E-11,
1.));
#1112=DIRECTION('ref_axis',(-1.,0.,-5.82112136261682E-11));
#1113=DIRECTION('',(1.17861276294207E-11,-8.00193244998581E-13,-1.));
#1114=DIRECTION('',(0.,0.,1.));
#1115=DIRECTION('center_axis',(-5.60386024213217E-11,2.67356510410527E-11,
1.));
#1116=DIRECTION('ref_axis',(0.997911108725216,-0.0646020052537911,5.76427794375731E-11));
#1117=DIRECTION('center_axis',(-6.91224855141839E-11,-3.63842289635493E-11,
1.));
#1118=DIRECTION('ref_axis',(-1.,0.,-6.91224855141839E-11));
#1119=DIRECTION('',(0.,0.,-1.));
#1120=DIRECTION('',(-7.27730764538136E-11,-1.05077946344068E-11,1.));
#1121=DIRECTION('center_axis',(-6.9304736722671E-11,-3.63369336036819E-11,
1.));
#1122=DIRECTION('ref_axis',(-0.678069782909815,-0.734997530271113,-7.36966043757023E-11));
#1123=DIRECTION('center_axis',(0.678069784148033,0.734997529128799,-2.61721325383167E-15));
#1124=DIRECTION('ref_axis',(0.,-3.56084632955689E-15,-1.));
#1125=DIRECTION('',(0.734997529155847,-0.678069784118715,0.));
#1126=DIRECTION('',(0.,0.,-1.));
#1127=DIRECTION('center_axis',(0.50000000000105,0.866025403783832,3.0847113408979E-15));
#1128=DIRECTION('ref_axis',(0.,3.56191784608188E-15,-1.));
#1129=DIRECTION('',(0.866025403782162,-0.500000000003943,0.));
#1130=DIRECTION('',(0.,0.,1.));
#1131=DIRECTION('',(0.866025403775181,-0.500000000016035,0.));
#1132=DIRECTION('',(4.35835982687742E-13,1.84611300605177E-13,-1.));
#1133=DIRECTION('',(-0.866025403783063,0.500000000002383,0.));
#1134=DIRECTION('center_axis',(-0.499999999999763,0.866025403784576,1.22833342123603E-14));
#1135=DIRECTION('ref_axis',(0.,1.41835726281025E-14,-1.));
#1136=DIRECTION('',(-0.866025403782372,-0.500000000003579,0.));
#1137=DIRECTION('',(5.04048085320281E-13,6.29547696023602E-14,1.));
#1138=DIRECTION('',(0.866025403781551,0.500000000005002,0.));
#1139=DIRECTION('',(0.,4.80016026912125E-12,-1.));
#1140=DIRECTION('',(0.866025403788356,0.499999999993215,0.));
#1141=DIRECTION('',(-1.82076576038526E-13,0.,-1.));
#1142=DIRECTION('center_axis',(-0.678069784155364,0.734997529122037,3.74521160157337E-14));
#1143=DIRECTION('ref_axis',(0.,5.09554311841983E-14,-1.));
#1144=DIRECTION('',(0.734997529107879,0.67806978417071,0.));
#1145=DIRECTION('center_axis',(1.22417631589643E-9,-2.09183781412157E-10,
-1.));
#1146=DIRECTION('ref_axis',(-0.985606604772066,0.169055081644062,-1.2419198435983E-9));
#1147=DIRECTION('',(0.,0.,1.));
#1148=DIRECTION('center_axis',(-1.22415041119968E-9,2.09934120360781E-10,
1.));
#1149=DIRECTION('ref_axis',(-0.990195949295924,-0.139685296283984,-1.18283161045858E-9));
#1150=DIRECTION('center_axis',(0.887047878637249,-0.461677442599438,0.));
#1151=DIRECTION('ref_axis',(-0.461677442599438,-0.887047878637249,0.));
#1152=DIRECTION('',(0.,0.,1.));
#1153=DIRECTION('',(-0.461677442440697,-0.887047878719868,0.));
#1154=DIRECTION('center_axis',(0.821082515171412,-0.570809515757917,0.));
#1155=DIRECTION('ref_axis',(-0.570809515757917,-0.821082515171412,0.));
#1156=DIRECTION('',(0.,4.59632332194814E-15,1.));
#1157=DIRECTION('',(-0.570809515755308,-0.821082515173226,0.));
#1158=DIRECTION('center_axis',(0.,0.,1.));
#1159=DIRECTION('ref_axis',(0.975929505381113,0.218086222688589,0.));
#1160=DIRECTION('center_axis',(8.72799545847276E-12,6.68878144261458E-12,
1.));
#1161=DIRECTION('ref_axis',(0.500000000056996,0.866025403751532,-1.0156459005783E-11));
#1162=DIRECTION('',(0.,0.,1.));
#1163=DIRECTION('center_axis',(-1.8696664650885E-11,-1.43283648749183E-11,
-1.));
#1164=DIRECTION('ref_axis',(0.966240499697481,0.257641799295771,-2.17603712804286E-11));
#1165=DIRECTION('center_axis',(-7.05264597280552E-11,1.23573691829047E-11,
-1.));
#1166=DIRECTION('ref_axis',(0.821082515140232,-0.570809515802769,-6.49702514102247E-11));
#1167=DIRECTION('center_axis',(0.49999999999985,0.866025403784525,0.));
#1168=DIRECTION('ref_axis',(0.,0.,-1.));
#1169=DIRECTION('',(-0.866025403784618,0.499999999999689,0.));
#1170=DIRECTION('',(0.,0.,1.));
#1171=DIRECTION('',(0.866025403784618,-0.499999999999689,0.));
#1172=DIRECTION('center_axis',(-0.499999999999765,0.866025403784574,0.));
#1173=DIRECTION('ref_axis',(0.,0.,-1.));
#1174=DIRECTION('',(-0.866025403784803,-0.49999999999937,0.));
#1175=DIRECTION('',(0.,-4.59632332194814E-15,1.));
#1176=DIRECTION('',(0.866025403784789,0.499999999999394,0.));
#1177=DIRECTION('',(0.,0.,-1.));
#1178=DIRECTION('center_axis',(0.,0.,1.));
#1179=DIRECTION('ref_axis',(-1.,0.,0.));
#1180=DIRECTION('center_axis',(4.87974291490791E-11,-3.73963689725276E-11,
1.));
#1181=DIRECTION('ref_axis',(-0.966240499694731,0.257641799306084,5.67851321469491E-11));
#1182=DIRECTION('',(0.,0.,1.));
#1183=DIRECTION('center_axis',(-5.0477131715258E-11,-8.84440470175637E-12,
-1.));
#1184=DIRECTION('ref_axis',(-0.966240499702949,0.257641799275265,4.64961402742237E-11));
#1185=DIRECTION('center_axis',(-6.74003219479073E-11,5.16528709069579E-11,
-1.));
#1186=DIRECTION('ref_axis',(-0.500000000020533,0.866025403772584,7.84261544510969E-11));
#1187=DIRECTION('center_axis',(-0.82108251517699,-0.570809515749894,0.));
#1188=DIRECTION('ref_axis',(-0.570809515749894,0.82108251517699,0.));
#1189=DIRECTION('',(0.,0.,1.));
#1190=DIRECTION('',(-0.570809515755622,0.821082515173008,0.));
#1191=DIRECTION('center_axis',(-0.887047878627197,-0.46167744261875,0.));
#1192=DIRECTION('ref_axis',(-0.46167744261875,0.887047878627197,0.));
#1193=DIRECTION('',(0.,0.,1.));
#1194=DIRECTION('',(-0.461677442646543,0.887047878612732,0.));
#1195=DIRECTION('center_axis',(-1.32786226467879E-9,-2.81943357568871E-10,
-1.));
#1196=DIRECTION('ref_axis',(1.,0.,-1.32786226467879E-9));
#1197=DIRECTION('center_axis',(1.32803071626843E-9,2.79798081120813E-10,
1.));
#1198=DIRECTION('ref_axis',(0.887047868183222,0.461677462685369,-1.30719879374324E-9));
#1199=DIRECTION('center_axis',(0.,1.,0.));
#1200=DIRECTION('ref_axis',(0.,0.,-1.));
#1201=DIRECTION('',(1.,0.,0.));
#1202=DIRECTION('',(-1.,0.,0.));
#1203=DIRECTION('center_axis',(0.,0.,-1.));
#1204=DIRECTION('ref_axis',(1.,0.,0.));
#1205=DIRECTION('center_axis',(0.,0.,1.));
#1206=DIRECTION('ref_axis',(-1.,0.,0.));
#1207=DIRECTION('',(-1.,0.,0.));
#1208=DIRECTION('',(0.,1.,0.));
#1209=DIRECTION('',(-1.,0.,0.));
#1210=DIRECTION('',(-0.758428621843302,-0.65175610896168,0.));
#1211=DIRECTION('center_axis',(0.,0.,1.));
#1212=DIRECTION('ref_axis',(-1.,0.,0.));
#1213=DIRECTION('',(-1.,-3.68931384980046E-15,0.));
#1214=DIRECTION('center_axis',(0.,0.,-1.));
#1215=DIRECTION('ref_axis',(1.,0.,0.));
#1216=DIRECTION('',(0.,4.79989381559535E-12,-1.));
#1217=DIRECTION('',(0.,0.,1.));
#1218=DIRECTION('center_axis',(0.,1.,0.));
#1219=DIRECTION('ref_axis',(0.,0.,-1.));
#1220=DIRECTION('',(-1.,0.,0.));
#1221=DIRECTION('',(0.,0.,1.));
#1222=DIRECTION('center_axis',(1.,0.,0.));
#1223=DIRECTION('ref_axis',(0.,-1.,0.));
#1224=DIRECTION('',(0.,1.,0.));
#1225=DIRECTION('center_axis',(0.,1.,0.));
#1226=DIRECTION('ref_axis',(0.,0.,-1.));
#1227=DIRECTION('',(-1.,0.,0.));
#1228=DIRECTION('',(0.,0.,1.));
#1229=DIRECTION('center_axis',(-0.651756108910885,0.758428621886953,3.16281833279159E-13));
#1230=DIRECTION('ref_axis',(0.,4.17022543917524E-13,-1.));
#1231=DIRECTION('',(-0.758428621884322,-0.651756108913946,0.));
#1232=DIRECTION('center_axis',(0.,0.,1.));
#1233=DIRECTION('ref_axis',(-1.,0.,0.));
#1234=CARTESIAN_POINT('',(0.,0.,0.));
#1235=CARTESIAN_POINT('Origin',(-2.20735279073979,9.09453069430174,31.0233333334063));
#1236=CARTESIAN_POINT('',(6.81764720926021,9.09453069430174,31.0233333334063));
#1237=CARTESIAN_POINT('Origin',(-2.20735279073979,9.09453069430174,31.0233333334063));
#1238=CARTESIAN_POINT('',(6.81764720926021,5.09453069430174,31.0233333334063));
#1239=CARTESIAN_POINT('',(6.81764720926021,9.09453069430174,31.0233333334063));
#1240=CARTESIAN_POINT('Origin',(-2.20735279073979,5.09453069430174,31.0233333334063));
#1241=CARTESIAN_POINT('Origin',(-2.20735279073979,5.09453069430174,31.0233333334063));
#1242=CARTESIAN_POINT('Origin',(33.4781093441254,1.31115277667254,5.58333333335443));
#1243=CARTESIAN_POINT('',(36.0281108329469,1.31115246446295,3.08333482222591));
#1244=CARTESIAN_POINT('',(30.9281093441243,1.31115277667163,3.08333333340445));
#1245=CARTESIAN_POINT('Ctrl Pts',(36.0281093441228,1.31115249963961,3.08333779986883));
#1246=CARTESIAN_POINT('Ctrl Pts',(36.0281093571116,1.43071025536645,3.08333783322034));
#1247=CARTESIAN_POINT('Ctrl Pts',(36.0197011100374,1.55012025155739,3.08332860964104));
#1248=CARTESIAN_POINT('Ctrl Pts',(35.9861924775076,1.78687643184796,3.08334000691805));
#1249=CARTESIAN_POINT('Ctrl Pts',(35.9611336589517,1.90392951038645,3.08332771766255));
#1250=CARTESIAN_POINT('Ctrl Pts',(35.90584234516,2.09534818269762,3.08332904658957));
#1251=CARTESIAN_POINT('Ctrl Pts',(35.8801525189454,2.17082626851273,3.08333828852113));
#1252=CARTESIAN_POINT('Ctrl Pts',(35.8120564131558,2.34385947362368,3.08333901129735));
#1253=CARTESIAN_POINT('Ctrl Pts',(35.7669989804693,2.4402127223372,3.08332550978694));
#1254=CARTESIAN_POINT('Ctrl Pts',(35.5569004229731,2.82488317563085,3.0833441595955));
#1255=CARTESIAN_POINT('Ctrl Pts',(35.3423421386359,3.08242014567441,3.08332831950071));
#1256=CARTESIAN_POINT('Ctrl Pts',(35.0201838147388,3.34372670998707,3.08332667195253));
#1257=CARTESIAN_POINT('Ctrl Pts',(34.9534029139431,3.39270491677188,3.08333701333594));
#1258=CARTESIAN_POINT('Ctrl Pts',(34.746188702333,3.52969036902873,3.08334321219306));
#1259=CARTESIAN_POINT('Ctrl Pts',(34.5994464073032,3.60735343265682,3.0833330483159));
#1260=CARTESIAN_POINT('Ctrl Pts',(34.2929817830913,3.73311837080671,3.08334558624734));
#1261=CARTESIAN_POINT('Ctrl Pts',(34.1339858986354,3.78092204122931,3.08333227516581));
#1262=CARTESIAN_POINT('Ctrl Pts',(33.80901358977,3.8450085633762,3.08334198874384));
#1263=CARTESIAN_POINT('Ctrl Pts',(33.6437582293995,3.86115617816518,3.08333301484822));
#1264=CARTESIAN_POINT('Ctrl Pts',(33.3124601653209,3.8611561626141,3.08333365196078));
#1265=CARTESIAN_POINT('Ctrl Pts',(33.1472047492984,3.84500852097742,3.08334330638858));
#1266=CARTESIAN_POINT('Ctrl Pts',(32.8222324307837,3.78092194399782,3.08333249529372));
#1267=CARTESIAN_POINT('Ctrl Pts',(32.66323654289,3.73311824898634,3.08334417561142));
#1268=CARTESIAN_POINT('Ctrl Pts',(32.3567718218803,3.60735321742239,3.08333173844657));
#1269=CARTESIAN_POINT('Ctrl Pts',(32.2100294841368,3.52969008811113,3.08334334694395));
#1270=CARTESIAN_POINT('Ctrl Pts',(32.002815256407,3.3927045490121,3.08333773214889));
#1271=CARTESIAN_POINT('Ctrl Pts',(31.9360343801893,3.34372633507204,3.08332735451625));
#1272=CARTESIAN_POINT('Ctrl Pts',(31.8074737075877,3.23944914766381,3.08332775330426));
#1273=CARTESIAN_POINT('Ctrl Pts',(31.7457703780302,3.18421230363282,3.08333852782407));
#1274=CARTESIAN_POINT('Ctrl Pts',(31.5689767599698,3.00972476487288,3.08334388885611));
#1275=CARTESIAN_POINT('Ctrl Pts',(31.4627061912785,2.88216651667842,3.08332924623727));
#1276=CARTESIAN_POINT('Ctrl Pts',(31.2981510036922,2.64021425680376,3.08334487775603));
#1277=CARTESIAN_POINT('Ctrl Pts',(31.2346850496038,2.53003349913618,3.0833246081532));
#1278=CARTESIAN_POINT('Ctrl Pts',(31.0971511524657,2.24381366966469,3.08333822185695));
#1279=CARTESIAN_POINT('Ctrl Pts',(31.0341270949999,2.06332908606329,3.08332186015965));
#1280=CARTESIAN_POINT('Ctrl Pts',(30.9494729289738,1.6917004493849,3.08334408902969));
#1281=CARTESIAN_POINT('Ctrl Pts',(30.9281093441279,1.50172581584865,3.08334239426982));
#1282=CARTESIAN_POINT('Ctrl Pts',(30.928109344128,1.31115277667163,3.0833333334081));
#1283=CARTESIAN_POINT('',(36.0281093441229,1.31115277667254,8.08333333330623));
#1284=CARTESIAN_POINT('',(36.0281093441229,1.31115277667254,5.58333333335443));
#1285=CARTESIAN_POINT('Origin',(33.4781093441255,1.31115277667166,8.08333333330441));
#1286=CARTESIAN_POINT('Origin',(33.4781093441254,1.31115277667254,3.08333333340445));
#1287=CARTESIAN_POINT('Origin',(36.5501093441292,-1.76084722333249,8.08333333330441));
#1288=CARTESIAN_POINT('Ctrl Pts',(30.9281215969672,1.31115277667163,3.08334558624734));
#1289=CARTESIAN_POINT('Ctrl Pts',(30.9281141946837,1.46684168375732,3.08334558624734));
#1290=CARTESIAN_POINT('Ctrl Pts',(30.9574971864366,1.78674673031455,3.08334558624734));
#1291=CARTESIAN_POINT('Ctrl Pts',(31.0937270013037,2.26095595735088,3.08334558624734));
#1292=CARTESIAN_POINT('Ctrl Pts',(31.3299664567286,2.71801252794676,3.08334558624734));
#1293=CARTESIAN_POINT('Ctrl Pts',(31.661986323155,3.12727525816516,3.08334558624734));
#1294=CARTESIAN_POINT('Ctrl Pts',(32.0712498970375,3.45929663721263,3.08334558624734));
#1295=CARTESIAN_POINT('Ctrl Pts',(32.5283059729075,3.69553329523137,3.08334558624734));
#1296=CARTESIAN_POINT('Ctrl Pts',(33.0025155518909,3.8317686264226,3.08334558624734));
#1297=CARTESIAN_POINT('Ctrl Pts',(33.4781095956432,3.87544051159652,3.08334558624734));
#1298=CARTESIAN_POINT('Ctrl Pts',(33.9537024595009,3.83176677525144,3.08334558624734));
#1299=CARTESIAN_POINT('Ctrl Pts',(34.4279143453555,3.69553581576923,3.08334558624734));
#1300=CARTESIAN_POINT('Ctrl Pts',(34.8849681936346,3.45929512146991,3.08334558624734));
#1301=CARTESIAN_POINT('Ctrl Pts',(35.2942318064688,3.12727600645152,3.08334558624734));
#1302=CARTESIAN_POINT('Ctrl Pts',(35.6262542423017,2.7180123274578,3.08334558624734));
#1303=CARTESIAN_POINT('Ctrl Pts',(35.8624900012742,2.26095593002093,3.08334558624734));
#1304=CARTESIAN_POINT('Ctrl Pts',(35.9987234378446,1.78674696313338,3.08334558624734));
#1305=CARTESIAN_POINT('Ctrl Pts',(36.028101622921,1.46684139686859,3.08334558624734));
#1306=CARTESIAN_POINT('Ctrl Pts',(36.0281015577307,1.3111524204934,3.08334558624734));
#1307=CARTESIAN_POINT('Ctrl Pts',(29.9281093441243,1.31115277667163,2.08333333340445));
#1308=CARTESIAN_POINT('Ctrl Pts',(29.9280990387545,1.52789719766179,2.08333333340445));
#1309=CARTESIAN_POINT('Ctrl Pts',(29.9690049692056,1.97325734376182,2.08333333340445));
#1310=CARTESIAN_POINT('Ctrl Pts',(30.1586591519247,2.63343414683163,2.08333333340445));
#1311=CARTESIAN_POINT('Ctrl Pts',(30.4875431113544,3.26973164850165,2.08333333340445));
#1312=CARTESIAN_POINT('Ctrl Pts',(30.9497690672945,3.83949230241183,2.08333333340445));
#1313=CARTESIAN_POINT('Ctrl Pts',(31.5195308958448,4.30172036425165,2.08333333340445));
#1314=CARTESIAN_POINT('Ctrl Pts',(32.1558277085553,4.63060042916163,2.08333333340445));
#1315=CARTESIAN_POINT('Ctrl Pts',(32.8160050019944,4.82026229158168,2.08333333340445));
#1316=CARTESIAN_POINT('Ctrl Pts',(33.4781096945956,4.8810606986217,2.08333333340445));
#1317=CARTESIAN_POINT('Ctrl Pts',(34.140212743205,4.82025971451162,2.08333333340445));
#1318=CARTESIAN_POINT('Ctrl Pts',(34.8003932501054,4.63060393807177,2.08333333340445));
#1319=CARTESIAN_POINT('Ctrl Pts',(35.4366869597145,4.30171825424168,2.08333333340445));
#1320=CARTESIAN_POINT('Ctrl Pts',(36.0064488436949,3.8394933438517,2.08333333340445));
#1321=CARTESIAN_POINT('Ctrl Pts',(36.4686783759355,3.26973136996162,2.08333333340445));
#1322=CARTESIAN_POINT('Ctrl Pts',(36.7975571897152,2.63343410847165,2.08333333340445));
#1323=CARTESIAN_POINT('Ctrl Pts',(36.9872164142546,1.97325766797167,2.08333333340445));
#1324=CARTESIAN_POINT('Ctrl Pts',(37.0281156530257,1.5278967984716,2.08333333340445));
#1325=CARTESIAN_POINT('Ctrl Pts',(37.0281155623054,1.31115228051181,2.08333333340445));
#1326=CARTESIAN_POINT('',(29.9281093441243,1.31115277667163,2.08333333340627));
#1327=CARTESIAN_POINT('',(30.9281093441243,1.31115277667163,3.08333333340445));
#1328=CARTESIAN_POINT('',(37.0281155623072,1.31115228051181,2.08333333340627));
#1329=CARTESIAN_POINT('Ctrl Pts',(29.9281093441243,1.31115277667163,2.08333333340627));
#1330=CARTESIAN_POINT('Ctrl Pts',(29.9280990387545,1.52789719766179,2.08333333340627));
#1331=CARTESIAN_POINT('Ctrl Pts',(29.9690049692056,1.97325734376182,2.08333333340627));
#1332=CARTESIAN_POINT('Ctrl Pts',(30.1586591519247,2.63343414683163,2.08333333340627));
#1333=CARTESIAN_POINT('Ctrl Pts',(30.4875431113544,3.26973164850165,2.08333333340627));
#1334=CARTESIAN_POINT('Ctrl Pts',(30.9497690672945,3.83949230241183,2.08333333340627));
#1335=CARTESIAN_POINT('Ctrl Pts',(31.5195308958448,4.30172036425165,2.08333333340627));
#1336=CARTESIAN_POINT('Ctrl Pts',(32.1558277085553,4.63060042916163,2.08333333340627));
#1337=CARTESIAN_POINT('Ctrl Pts',(32.8160050019944,4.82026229158168,2.08333333340627));
#1338=CARTESIAN_POINT('Ctrl Pts',(33.4781096945956,4.8810606986217,2.08333333340627));
#1339=CARTESIAN_POINT('Ctrl Pts',(34.1402127432068,4.82025971451162,2.08333333340627));
#1340=CARTESIAN_POINT('Ctrl Pts',(34.8003932501072,4.63060393807177,2.08333333340627));
#1341=CARTESIAN_POINT('Ctrl Pts',(35.4366869597163,4.30171825424168,2.08333333340627));
#1342=CARTESIAN_POINT('Ctrl Pts',(36.0064488436967,3.8394933438517,2.08333333340627));
#1343=CARTESIAN_POINT('Ctrl Pts',(36.4686783759373,3.26973136996162,2.08333333340627));
#1344=CARTESIAN_POINT('Ctrl Pts',(36.7975571897171,2.63343410847165,2.08333333340627));
#1345=CARTESIAN_POINT('Ctrl Pts',(36.9872164142564,1.97325766797167,2.08333333340627));
#1346=CARTESIAN_POINT('Ctrl Pts',(37.0281156530275,1.5278967984716,2.08333333340627));
#1347=CARTESIAN_POINT('Ctrl Pts',(37.0281155623072,1.31115228051181,2.08333333340627));
#1348=CARTESIAN_POINT('',(37.0281155623054,1.31115228051181,2.08333333340446));
#1349=CARTESIAN_POINT('Origin',(-33.612815066215,1.31115277666163,5.58333333335443));
#1350=CARTESIAN_POINT('',(-36.1628150662143,1.31115277667163,8.08333333330441));
#1351=CARTESIAN_POINT('Origin',(-33.612815066215,1.31115277666689,8.08333333330441));
#1352=CARTESIAN_POINT('',(-36.1628165550347,1.31115246447777,3.08333482222227));
#1353=CARTESIAN_POINT('',(-36.1628150662143,1.31115277666163,5.58333333335443));
#1354=CARTESIAN_POINT('',(-31.0628150662157,1.31115277667163,3.08333333340445));
#1355=CARTESIAN_POINT('Ctrl Pts',(-36.1628150662143,1.31115249966629,3.0833377998579));
#1356=CARTESIAN_POINT('Ctrl Pts',(-36.1628150792013,1.43071025539826,3.08333783320855));
#1357=CARTESIAN_POINT('Ctrl Pts',(-36.1544068321271,1.55012025156757,3.0833286096326));
#1358=CARTESIAN_POINT('Ctrl Pts',(-36.1208981995935,1.78687643186751,3.08334000691461));
#1359=CARTESIAN_POINT('Ctrl Pts',(-36.0958393810351,1.90392951041047,3.0833277176597));
#1360=CARTESIAN_POINT('Ctrl Pts',(-36.0405480672379,2.09534818272906,3.08332904658571));
#1361=CARTESIAN_POINT('Ctrl Pts',(-36.0148582410209,2.17082626854707,3.08333828851655));
#1362=CARTESIAN_POINT('Ctrl Pts',(-35.9467621352248,2.34385947366427,3.08333901129174));
#1363=CARTESIAN_POINT('Ctrl Pts',(-35.9017047025341,2.44021272238099,3.08332550978128));
#1364=CARTESIAN_POINT('Ctrl Pts',(-35.6916061450263,2.82488317567281,3.08334415959218));
#1365=CARTESIAN_POINT('Ctrl Pts',(-35.4770478606832,3.08242014571045,3.083328319506));
#1366=CARTESIAN_POINT('Ctrl Pts',(-35.1548895367807,3.34372671001467,3.08332667195914));
#1367=CARTESIAN_POINT('Ctrl Pts',(-35.088108635984,3.39270491679772,3.08333701334256));
#1368=CARTESIAN_POINT('Ctrl Pts',(-34.8808944243696,3.52969036905028,3.08334321219922));
#1369=CARTESIAN_POINT('Ctrl Pts',(-34.7341521293366,3.60735343267544,3.08333304832137));
#1370=CARTESIAN_POINT('Ctrl Pts',(-34.4276875051199,3.73311837081825,3.08334558625404));
#1371=CARTESIAN_POINT('Ctrl Pts',(-34.2686916206625,3.7809220412369,3.08333227517412));
#1372=CARTESIAN_POINT('Ctrl Pts',(-33.9437193118875,3.84500856335734,3.08334198875321));
#1373=CARTESIAN_POINT('Ctrl Pts',(-33.7784639514753,3.86115617816893,3.08333301484823));
#1374=CARTESIAN_POINT('Ctrl Pts',(-33.4471658873069,3.86115616261035,3.08333365196077));
#1375=CARTESIAN_POINT('Ctrl Pts',(-33.2819104712415,3.84500852094319,3.08334330639834));
#1376=CARTESIAN_POINT('Ctrl Pts',(-32.9569381528195,3.78092194397443,3.08333249530396));
#1377=CARTESIAN_POINT('Ctrl Pts',(-32.7979422649276,3.73311824895979,3.08334417562085));
#1378=CARTESIAN_POINT('Ctrl Pts',(-32.49147754392,3.60735321738925,3.08333173845601));
#1379=CARTESIAN_POINT('Ctrl Pts',(-32.3447352061771,3.52969008807421,3.08334334695466));
#1380=CARTESIAN_POINT('Ctrl Pts',(-32.1375209784495,3.39270454896999,3.08333773216106));
#1381=CARTESIAN_POINT('Ctrl Pts',(-32.0707401022331,3.3437263350286,3.08332735452881));
#1382=CARTESIAN_POINT('Ctrl Pts',(-31.9421794296342,3.23944914761792,3.08332775331707));
#1383=CARTESIAN_POINT('Ctrl Pts',(-31.880476100078,3.18421230358574,3.08333852783673));
#1384=CARTESIAN_POINT('Ctrl Pts',(-31.7036824820216,3.00972476482224,3.08334388886696));
#1385=CARTESIAN_POINT('Ctrl Pts',(-31.5974119133332,2.88216651662564,3.08332924624475));
#1386=CARTESIAN_POINT('Ctrl Pts',(-31.432856725755,2.64021425675183,3.08334487776134));
#1387=CARTESIAN_POINT('Ctrl Pts',(-31.3693907716711,2.53003349908755,3.08332460815942));
#1388=CARTESIAN_POINT('Ctrl Pts',(-31.231856874543,2.24381366962563,3.08333822186623));
#1389=CARTESIAN_POINT('Ctrl Pts',(-31.1688328170817,2.06332908603123,3.08332186017028));
#1390=CARTESIAN_POINT('Ctrl Pts',(-31.0841786510543,1.6917004493376,3.0833440890358));
#1391=CARTESIAN_POINT('Ctrl Pts',(-31.0628150662165,1.50172581582443,3.08334239426921));
#1392=CARTESIAN_POINT('Ctrl Pts',(-31.0628150662157,1.31115277667163,3.08333333340448));
#1393=CARTESIAN_POINT('Origin',(-33.612815066215,1.31115277666163,3.08333333340445));
#1394=CARTESIAN_POINT('Origin',(-30.5408150662091,-1.76084722333287,8.08333333330441));
#1395=CARTESIAN_POINT('Ctrl Pts',(-31.0628259084321,1.31115277667163,3.08334417562085));
#1396=CARTESIAN_POINT('Ctrl Pts',(-30.0628150662157,1.31115277667163,2.08333333340445));
#1397=CARTESIAN_POINT('Ctrl Pts',(-31.0628185061427,1.46684176988279,3.08334417562085));
#1398=CARTESIAN_POINT('Ctrl Pts',(-30.062804760835,1.52789719766179,2.08333333340445));
#1399=CARTESIAN_POINT('Ctrl Pts',(-31.0922015141408,1.78674699340814,3.08334417562085));
#1400=CARTESIAN_POINT('Ctrl Pts',(-30.1037106912843,1.97325734376182,2.08333333340445));
#1401=CARTESIAN_POINT('Ctrl Pts',(-31.2284314043689,2.26095648277205,3.08334417562085));
#1402=CARTESIAN_POINT('Ctrl Pts',(-30.2933648740143,2.63343414683163,2.08333333340445));
#1403=CARTESIAN_POINT('Ctrl Pts',(-31.4646709904899,2.71801330620684,3.08334417562085));
#1404=CARTESIAN_POINT('Ctrl Pts',(-30.6222488334349,3.26973164850165,2.08333333340445));
#1405=CARTESIAN_POINT('Ctrl Pts',(-31.7966910405734,3.12727626282508,3.08334417562085));
#1406=CARTESIAN_POINT('Ctrl Pts',(-31.084474789375,3.83949230241183,2.08333333340445));
#1407=CARTESIAN_POINT('Ctrl Pts',(-32.2059548408581,3.45929782554329,3.08334417562085));
#1408=CARTESIAN_POINT('Ctrl Pts',(-31.6542366179253,4.30172036425165,2.08333333340445));
#1409=CARTESIAN_POINT('Ctrl Pts',(-32.6630111695759,3.69553461424567,3.08334417562085));
#1410=CARTESIAN_POINT('Ctrl Pts',(-32.2905334306358,4.63060042916163,2.08333333340445));
#1411=CARTESIAN_POINT('Ctrl Pts',(-33.1372210108779,3.83177002080087,3.08334417562085));
#1412=CARTESIAN_POINT('Ctrl Pts',(-32.9507107240749,4.82026229158168,2.08333333340445));
#1413=CARTESIAN_POINT('Ctrl Pts',(-33.6128153177347,3.87544193013362,3.08334417562085));
#1414=CARTESIAN_POINT('Ctrl Pts',(-33.6128154166743,4.8810606986217,2.08333333340445));
#1415=CARTESIAN_POINT('Ctrl Pts',(-34.0884084446854,3.83176816962868,3.08334417562085));
#1416=CARTESIAN_POINT('Ctrl Pts',(-34.2749184652855,4.82025971451162,2.08333333340445));
#1417=CARTESIAN_POINT('Ctrl Pts',(-34.5626205928582,3.69553713478493,3.08334417562085));
#1418=CARTESIAN_POINT('Ctrl Pts',(-34.9350989721859,4.63060393807177,2.08333333340445));
#1419=CARTESIAN_POINT('Ctrl Pts',(-35.0196746939837,3.45929630979974,3.08334417562085));
#1420=CARTESIAN_POINT('Ctrl Pts',(-35.5713926818059,4.30171825424168,2.08333333340445));
#1421=CARTESIAN_POINT('Ctrl Pts',(-35.4289385332182,3.12727701111185,3.08334417562085));
#1422=CARTESIAN_POINT('Ctrl Pts',(-36.1411545657754,3.8394933438517,2.08333333340445));
#1423=CARTESIAN_POINT('Ctrl Pts',(-35.7609611527116,2.71801310571776,3.08334417562085));
#1424=CARTESIAN_POINT('Ctrl Pts',(-36.6033840980142,3.26973136996162,2.08333333340445));
#1425=CARTESIAN_POINT('Ctrl Pts',(-35.9971970423691,2.26095645544208,3.08334417562085));
#1426=CARTESIAN_POINT('Ctrl Pts',(-36.9322629118048,2.63343410847165,2.08333333340445));
#1427=CARTESIAN_POINT('Ctrl Pts',(-36.1334305543115,1.78674722622709,3.08334417562085));
#1428=CARTESIAN_POINT('Ctrl Pts',(-37.1219221363351,1.97325766797167,2.08333333340445));
#1429=CARTESIAN_POINT('Ctrl Pts',(-36.1628087556287,1.4668414829939,3.08334417562085));
#1430=CARTESIAN_POINT('Ctrl Pts',(-37.1628213751044,1.5278967984716,2.08333333340445));
#1431=CARTESIAN_POINT('Ctrl Pts',(-36.1628086904401,1.3111524204932,3.08334417562085));
#1432=CARTESIAN_POINT('Ctrl Pts',(-37.1628212843859,1.31115228051181,2.08333333340445));
#1433=CARTESIAN_POINT('',(-37.1628212843859,1.31115228051181,2.08333333340627));
#1434=CARTESIAN_POINT('',(-36.1628195326755,1.31115242049168,3.08333333340445));
#1435=CARTESIAN_POINT('',(-30.0628150662157,1.31115277667163,2.08333333340627));
#1436=CARTESIAN_POINT('Ctrl Pts',(-37.1628212843859,1.31115228051181,2.08333333340627));
#1437=CARTESIAN_POINT('Ctrl Pts',(-37.1628213751044,1.5278967984716,2.08333333340627));
#1438=CARTESIAN_POINT('Ctrl Pts',(-37.1219221363351,1.97325766797167,2.08333333340627));
#1439=CARTESIAN_POINT('Ctrl Pts',(-36.9322629118048,2.63343410847165,2.08333333340627));
#1440=CARTESIAN_POINT('Ctrl Pts',(-36.6033840980142,3.26973136996162,2.08333333340627));
#1441=CARTESIAN_POINT('Ctrl Pts',(-36.1411545657754,3.8394933438517,2.08333333340627));
#1442=CARTESIAN_POINT('Ctrl Pts',(-35.5713926818059,4.30171825424168,2.08333333340627));
#1443=CARTESIAN_POINT('Ctrl Pts',(-34.9350989721859,4.63060393807177,2.08333333340627));
#1444=CARTESIAN_POINT('Ctrl Pts',(-34.2749184652855,4.82025971451162,2.08333333340627));
#1445=CARTESIAN_POINT('Ctrl Pts',(-33.6128154166743,4.8810606986217,2.08333333340627));
#1446=CARTESIAN_POINT('Ctrl Pts',(-32.9507107240749,4.82026229158168,2.08333333340627));
#1447=CARTESIAN_POINT('Ctrl Pts',(-32.2905334306358,4.63060042916163,2.08333333340627));
#1448=CARTESIAN_POINT('Ctrl Pts',(-31.6542366179253,4.30172036425165,2.08333333340627));
#1449=CARTESIAN_POINT('Ctrl Pts',(-31.084474789375,3.83949230241183,2.08333333340627));
#1450=CARTESIAN_POINT('Ctrl Pts',(-30.6222488334349,3.26973164850165,2.08333333340627));
#1451=CARTESIAN_POINT('Ctrl Pts',(-30.2933648740143,2.63343414683163,2.08333333340627));
#1452=CARTESIAN_POINT('Ctrl Pts',(-30.1037106912843,1.97325734376182,2.08333333340627));
#1453=CARTESIAN_POINT('Ctrl Pts',(-30.062804760835,1.52789719766179,2.08333333340627));
#1454=CARTESIAN_POINT('Ctrl Pts',(-30.0628150662157,1.31115277667163,2.08333333340627));
#1455=CARTESIAN_POINT('',(-30.0628150662157,1.31115277667163,2.08333333340627));
#1456=CARTESIAN_POINT('Origin',(33.4781093441254,1.3111557447412,48.5833333334536));
#1457=CARTESIAN_POINT('',(36.0281093441247,1.31115574474165,46.0833333335045));
#1458=CARTESIAN_POINT('Origin',(33.4781093441255,1.31115574473936,46.0833333335045));
#1459=CARTESIAN_POINT('',(36.0281108329481,1.31115543254298,51.0833318445837));
#1460=CARTESIAN_POINT('',(36.0281093441247,1.3111557447412,48.5833333334536));
#1461=CARTESIAN_POINT('',(30.9281093441243,1.31115574474165,51.0833333334045));
#1462=CARTESIAN_POINT('Ctrl Pts',(36.0281093441247,1.31115546771964,51.083328866942));
#1463=CARTESIAN_POINT('Ctrl Pts',(36.0281093571129,1.43071322344317,51.0833288335899));
#1464=CARTESIAN_POINT('Ctrl Pts',(36.0197011100386,1.55012321963076,51.0833380571636));
#1465=CARTESIAN_POINT('Ctrl Pts',(35.9861924775092,1.78687939991791,51.0833266598813));
#1466=CARTESIAN_POINT('Ctrl Pts',(35.9611336589533,1.90393247845635,51.0833389491401));
#1467=CARTESIAN_POINT('Ctrl Pts',(35.9058423451614,2.09535115076777,51.0833376202213));
#1468=CARTESIAN_POINT('Ctrl Pts',(35.8801525189468,2.17082923658302,51.0833283782932));
#1469=CARTESIAN_POINT('Ctrl Pts',(35.8120564131575,2.34386244169277,51.08332765552));
#1470=CARTESIAN_POINT('Ctrl Pts',(35.7669989804717,2.44021569040499,51.0833411570282));
#1471=CARTESIAN_POINT('Ctrl Pts',(35.5569004229756,2.82488614369959,51.0833225072086));
#1472=CARTESIAN_POINT('Ctrl Pts',(35.342342138637,3.08242311374491,51.0833383473026));
#1473=CARTESIAN_POINT('Ctrl Pts',(35.0201838147377,3.34372967805893,51.0833399948536));
#1474=CARTESIAN_POINT('Ctrl Pts',(34.9534029139414,3.39270788484395,51.0833296534706));
#1475=CARTESIAN_POINT('Ctrl Pts',(34.7461887023331,3.52969333709921,51.0833234546132));
#1476=CARTESIAN_POINT('Ctrl Pts',(34.5994464073059,3.60735640072598,51.0833336184882));
#1477=CARTESIAN_POINT('Ctrl Pts',(34.292981783096,3.73312133887576,51.0833210805549));
#1478=CARTESIAN_POINT('Ctrl Pts',(34.1339858986393,3.7809250092989,51.0833343916357));
#1479=CARTESIAN_POINT('Ctrl Pts',(33.8090135898524,3.84501153143066,51.0833246780553));
#1480=CARTESIAN_POINT('Ctrl Pts',(33.6437582294449,3.86115914624318,51.0833336519585));
#1481=CARTESIAN_POINT('Ctrl Pts',(33.3124601652858,3.8611591306929,51.0833330148504));
#1482=CARTESIAN_POINT('Ctrl Pts',(33.1472047492243,3.84501148903308,51.0833233604183));
#1483=CARTESIAN_POINT('Ctrl Pts',(32.8222324307878,3.78092491206938,51.0833341715132));
#1484=CARTESIAN_POINT('Ctrl Pts',(32.6632365428948,3.73312121705846,51.0833224911935));
#1485=CARTESIAN_POINT('Ctrl Pts',(32.3567718218836,3.60735618549486,51.0833349283598));
#1486=CARTESIAN_POINT('Ctrl Pts',(32.2100294841382,3.52969305618284,51.0833233198644));
#1487=CARTESIAN_POINT('Ctrl Pts',(32.0028152564069,3.39270751708289,51.0833289346605));
#1488=CARTESIAN_POINT('Ctrl Pts',(31.9360343801894,3.34372930314303,51.0833393122933));
#1489=CARTESIAN_POINT('Ctrl Pts',(31.8074737075881,3.23945211573522,51.0833389135049));
#1490=CARTESIAN_POINT('Ctrl Pts',(31.7457703780307,3.18421527170441,51.0833281389846));
#1491=CARTESIAN_POINT('Ctrl Pts',(31.5689767599705,3.00972773294505,51.0833227779497));
#1492=CARTESIAN_POINT('Ctrl Pts',(31.4627061912793,2.88216948475101,51.0833374205644));
#1493=CARTESIAN_POINT('Ctrl Pts',(31.2981510036934,2.64021722487769,51.0833217890472));
#1494=CARTESIAN_POINT('Ctrl Pts',(31.2346850496051,2.53003646721093,51.0833420586543));
#1495=CARTESIAN_POINT('Ctrl Pts',(31.0971511524669,2.24381663774116,51.083328444959));
#1496=CARTESIAN_POINT('Ctrl Pts',(31.0341270950007,2.06333205414062,51.0833448066546));
#1497=CARTESIAN_POINT('Ctrl Pts',(30.9494729289693,1.69170341744515,51.0833225777797));
#1498=CARTESIAN_POINT('Ctrl Pts',(30.9281093441262,1.50172878391353,51.0833242725408));
#1499=CARTESIAN_POINT('Ctrl Pts',(30.9281093441261,1.31115574474165,51.0833333334027));
#1500=CARTESIAN_POINT('Origin',(33.4781093441254,1.3111557447412,51.0833333334045));
#1501=CARTESIAN_POINT('Origin',(30.4061093441217,-1.76084425526039,46.0833333335045));
#1502=CARTESIAN_POINT('Ctrl Pts',(30.9281201863353,1.31115574474165,51.0833224911935));
#1503=CARTESIAN_POINT('Ctrl Pts',(29.9281093441243,1.31115574474165,52.0833333334045));
#1504=CARTESIAN_POINT('Ctrl Pts',(30.9281127840476,1.46684473796315,51.0833224911935));
#1505=CARTESIAN_POINT('Ctrl Pts',(29.9280990387545,1.52790016574181,52.0833333334045));
#1506=CARTESIAN_POINT('Ctrl Pts',(30.957495792055,1.78674996148917,51.0833224911935));
#1507=CARTESIAN_POINT('Ctrl Pts',(29.9690049692056,1.97326031184161,52.0833333334045));
#1508=CARTESIAN_POINT('Ctrl Pts',(31.0937256822942,2.2609594508441,51.0833224911935));
#1509=CARTESIAN_POINT('Ctrl Pts',(30.1586591519447,2.63343711491166,52.0833333334045));
#1510=CARTESIAN_POINT('Ctrl Pts',(31.3299652683848,2.71801627428986,51.0833224911935));
#1511=CARTESIAN_POINT('Ctrl Pts',(30.4875431113344,3.26973461657167,52.0833333334045));
#1512=CARTESIAN_POINT('Ctrl Pts',(31.6619853184909,3.12727923089898,51.0833224911935));
#1513=CARTESIAN_POINT('Ctrl Pts',(30.9497690672945,3.83949527048162,52.0833333334045));
#1514=CARTESIAN_POINT('Ctrl Pts',(32.0712491187746,3.4593007936179,51.0833224911935));
#1515=CARTESIAN_POINT('Ctrl Pts',(31.5195308958448,4.30172333233168,52.0833333334045));
#1516=CARTESIAN_POINT('Ctrl Pts',(32.5283054474933,3.69553758233079,51.0833224911935));
#1517=CARTESIAN_POINT('Ctrl Pts',(32.1558277085553,4.63060339724166,52.0833333334045));
#1518=CARTESIAN_POINT('Ctrl Pts',(33.0025152887964,3.83177298887627,51.0833224911935));
#1519=CARTESIAN_POINT('Ctrl Pts',(32.8160050020054,4.82026525966171,52.0833333334045));
#1520=CARTESIAN_POINT('Ctrl Pts',(33.4781095956542,3.87544489821912,51.0833224911935));
#1521=CARTESIAN_POINT('Ctrl Pts',(33.4781096946047,4.88106366670172,52.0833333334045));
#1522=CARTESIAN_POINT('Ctrl Pts',(33.953702722595,3.83177113771409,51.0833224911935));
#1523=CARTESIAN_POINT('Ctrl Pts',(34.140212743205,4.82026268259165,52.0833333334045));
#1524=CARTESIAN_POINT('Ctrl Pts',(34.4279148707998,3.69554010286004,51.0833224911935));
#1525=CARTESIAN_POINT('Ctrl Pts',(34.8003932501345,4.6306069061518,52.0833333334045));
#1526=CARTESIAN_POINT('Ctrl Pts',(34.8849689718971,3.45929927787434,51.0833224911935));
#1527=CARTESIAN_POINT('Ctrl Pts',(35.4366869596945,4.3017212223217,52.0833333334045));
#1528=CARTESIAN_POINT('Ctrl Pts',(35.2942328111325,3.12727997919575,51.0833224911935));
#1529=CARTESIAN_POINT('Ctrl Pts',(36.0064488437058,3.83949631192172,52.0833333334045));
#1530=CARTESIAN_POINT('Ctrl Pts',(35.6262554306375,2.71801607380079,51.0833224911935));
#1531=CARTESIAN_POINT('Ctrl Pts',(36.4686783759355,3.26973433803164,52.0833333334045));
#1532=CARTESIAN_POINT('Ctrl Pts',(35.8624913202737,2.26095942352413,51.0833224911935));
#1533=CARTESIAN_POINT('Ctrl Pts',(36.7975571897152,2.63343707655167,52.0833333334045));
#1534=CARTESIAN_POINT('Ctrl Pts',(35.9987248322472,1.78675019430814,51.0833224911935));
#1535=CARTESIAN_POINT('Ctrl Pts',(36.9872164142746,1.97326063604169,52.0833333334045));
#1536=CARTESIAN_POINT('Ctrl Pts',(36.0281030335555,1.46684445106427,51.0833224911935));
#1537=CARTESIAN_POINT('Ctrl Pts',(37.0281156530348,1.52789976655163,52.0833333334045));
#1538=CARTESIAN_POINT('Ctrl Pts',(36.028102968365,1.31115538857323,51.0833224911935));
#1539=CARTESIAN_POINT('Ctrl Pts',(37.0281155623054,1.31115524858183,52.0833333334045));
#1540=CARTESIAN_POINT('',(37.0281155623072,1.31115524858183,52.0833333334063));
#1541=CARTESIAN_POINT('',(36.028113810595,1.31115538857171,51.0833333334045));
#1542=CARTESIAN_POINT('',(29.9281093441243,1.31115574474165,52.0833333334063));
#1543=CARTESIAN_POINT('Ctrl Pts',(37.0281155623072,1.31115524858183,52.0833333334063));
#1544=CARTESIAN_POINT('Ctrl Pts',(37.0281156530366,1.52789976655163,52.0833333334063));
#1545=CARTESIAN_POINT('Ctrl Pts',(36.9872164142764,1.97326063604169,52.0833333334063));
#1546=CARTESIAN_POINT('Ctrl Pts',(36.7975571897171,2.63343707655167,52.0833333334063));
#1547=CARTESIAN_POINT('Ctrl Pts',(36.4686783759373,3.26973433803164,52.0833333334063));
#1548=CARTESIAN_POINT('Ctrl Pts',(36.0064488437076,3.83949631192172,52.0833333334063));
#1549=CARTESIAN_POINT('Ctrl Pts',(35.4366869596963,4.3017212223217,52.0833333334063));
#1550=CARTESIAN_POINT('Ctrl Pts',(34.8003932501363,4.6306069061518,52.0833333334063));
#1551=CARTESIAN_POINT('Ctrl Pts',(34.1402127432068,4.82026268259165,52.0833333334063));
#1552=CARTESIAN_POINT('Ctrl Pts',(33.4781096946047,4.88106366670172,52.0833333334063));
#1553=CARTESIAN_POINT('Ctrl Pts',(32.8160050020054,4.82026525966171,52.0833333334063));
#1554=CARTESIAN_POINT('Ctrl Pts',(32.1558277085553,4.63060339724166,52.0833333334063));
#1555=CARTESIAN_POINT('Ctrl Pts',(31.5195308958448,4.30172333233168,52.0833333334063));
#1556=CARTESIAN_POINT('Ctrl Pts',(30.9497690672945,3.83949527048162,52.0833333334063));
#1557=CARTESIAN_POINT('Ctrl Pts',(30.4875431113344,3.26973461657167,52.0833333334063));
#1558=CARTESIAN_POINT('Ctrl Pts',(30.1586591519447,2.63343711491166,52.0833333334063));
#1559=CARTESIAN_POINT('Ctrl Pts',(29.9690049692056,1.97326031184161,52.0833333334063));
#1560=CARTESIAN_POINT('Ctrl Pts',(29.9280990387545,1.52790016574181,52.0833333334063));
#1561=CARTESIAN_POINT('Ctrl Pts',(29.9281093441243,1.31115574474165,52.0833333334063));
#1562=CARTESIAN_POINT('',(29.9281093441243,1.31115574474165,52.0833333334063));
#1563=CARTESIAN_POINT('Origin',(-33.612815066215,1.3111557447412,48.5833333334536));
#1564=CARTESIAN_POINT('',(-36.1628165550347,1.31115543254298,51.0833318445867));
#1565=CARTESIAN_POINT('',(-31.0628150662157,1.31115574474165,51.0833333334045));
#1566=CARTESIAN_POINT('Ctrl Pts',(-36.1628150662143,1.31115546771964,51.083328866951));
#1567=CARTESIAN_POINT('Ctrl Pts',(-36.1628150792025,1.43071322344403,51.083328833592));
#1568=CARTESIAN_POINT('Ctrl Pts',(-36.1544068321281,1.55012321963256,51.0833380571667));
#1569=CARTESIAN_POINT('Ctrl Pts',(-36.1208981995981,1.78687939992155,51.0833266598868));
#1570=CARTESIAN_POINT('Ctrl Pts',(-36.0958393810418,1.90393247846094,51.0833389491454));
#1571=CARTESIAN_POINT('Ctrl Pts',(-36.0405480672492,2.09535115077362,51.0833376202251));
#1572=CARTESIAN_POINT('Ctrl Pts',(-36.0148582410342,2.17082923658926,51.0833283782963));
#1573=CARTESIAN_POINT('Ctrl Pts',(-35.9467621352438,2.3438624417004,51.0833276555231));
#1574=CARTESIAN_POINT('Ctrl Pts',(-35.9017047025571,2.44021569041358,51.0833411570326));
#1575=CARTESIAN_POINT('Ctrl Pts',(-35.6916061450601,2.82488614370592,51.0833225072165));
#1576=CARTESIAN_POINT('Ctrl Pts',(-35.4770478607227,3.08242311374852,51.083338347304));
#1577=CARTESIAN_POINT('Ctrl Pts',(-35.1548895368252,3.34372967806051,51.083339994857));
#1578=CARTESIAN_POINT('Ctrl Pts',(-35.0881086360288,3.39270788484556,51.0833296534745));
#1579=CARTESIAN_POINT('Ctrl Pts',(-34.8808944244198,3.52969333710093,51.0833234546177));
#1580=CARTESIAN_POINT('Ctrl Pts',(-34.734152129392,3.60735640072771,51.0833336184922));
#1581=CARTESIAN_POINT('Ctrl Pts',(-34.4276875051805,3.73312133887756,51.0833210805578));
#1582=CARTESIAN_POINT('Ctrl Pts',(-34.2686916207226,3.78092500930063,51.083334391638));
#1583=CARTESIAN_POINT('Ctrl Pts',(-33.943719311936,3.84501153143133,51.083324678056));
#1584=CARTESIAN_POINT('Ctrl Pts',(-33.7784639515301,3.86115914624337,51.0833336519587));
#1585=CARTESIAN_POINT('Ctrl Pts',(-33.447165887371,3.86115913069271,51.0833330148502));
#1586=CARTESIAN_POINT('Ctrl Pts',(-33.281910471308,3.8450114890324,51.0833233604175));
#1587=CARTESIAN_POINT('Ctrl Pts',(-32.9569381528712,3.78092491206766,51.0833341715109));
#1588=CARTESIAN_POINT('Ctrl Pts',(-32.7979422649793,3.73312121705668,51.0833224911906));
#1589=CARTESIAN_POINT('Ctrl Pts',(-32.4914775439693,3.60735618549293,51.0833349283558));
#1590=CARTESIAN_POINT('Ctrl Pts',(-32.344735206224,3.52969305618064,51.0833233198599));
#1591=CARTESIAN_POINT('Ctrl Pts',(-32.1375209784928,3.39270751708031,51.083328934655));
#1592=CARTESIAN_POINT('Ctrl Pts',(-32.0707401022754,3.34372930314032,51.0833393122874));
#1593=CARTESIAN_POINT('Ctrl Pts',(-31.9421794296744,3.23945211573234,51.0833389134983));
#1594=CARTESIAN_POINT('Ctrl Pts',(-31.8804761001171,3.18421527170147,51.0833281389776));
#1595=CARTESIAN_POINT('Ctrl Pts',(-31.7036824820576,3.00972773294219,51.0833227779419));
#1596=CARTESIAN_POINT('Ctrl Pts',(-31.5974119133669,2.88216948474833,51.0833374205566));
#1597=CARTESIAN_POINT('Ctrl Pts',(-31.432856725782,2.64021722487594,51.0833217890411));
#1598=CARTESIAN_POINT('Ctrl Pts',(-31.3693907716942,2.53003646720995,51.0833420586498));
#1599=CARTESIAN_POINT('Ctrl Pts',(-31.2318568745566,2.24381663774125,51.083328444958));
#1600=CARTESIAN_POINT('Ctrl Pts',(-31.1688328170905,2.06333205414098,51.0833448066544));
#1601=CARTESIAN_POINT('Ctrl Pts',(-31.0841786510555,1.69170341743021,51.0833225777796));
#1602=CARTESIAN_POINT('Ctrl Pts',(-31.0628150662158,1.50172878390574,51.0833242725405));
#1603=CARTESIAN_POINT('Ctrl Pts',(-31.0628150662157,1.31115574474165,51.0833333334045));
#1604=CARTESIAN_POINT('',(-36.1628150662143,1.3111557447412,46.0833333335027));
#1605=CARTESIAN_POINT('',(-36.1628150662143,1.3111557447412,48.5833333334536));
#1606=CARTESIAN_POINT('Origin',(-33.612815066215,1.31115574474458,46.0833333335045));
#1607=CARTESIAN_POINT('Origin',(-33.612815066215,1.3111557447412,51.0833333334045));
#1608=CARTESIAN_POINT('Origin',(-36.684815066217,-1.76084425526053,46.0833333335045));
#1609=CARTESIAN_POINT('Ctrl Pts',(-31.0628273190624,1.31115574474165,51.0833210805578));
#1610=CARTESIAN_POINT('Ctrl Pts',(-31.062819916777,1.46684465183712,51.0833210805578));
#1611=CARTESIAN_POINT('Ctrl Pts',(-31.0922029085299,1.78674969839386,51.0833210805578));
#1612=CARTESIAN_POINT('Ctrl Pts',(-31.2284327234077,2.2609589254195,51.0833210805578));
#1613=CARTESIAN_POINT('Ctrl Pts',(-31.4646721788032,2.71801549602471,51.0833210805578));
#1614=CARTESIAN_POINT('Ctrl Pts',(-31.7966920452363,3.1272782262325,51.0833210805578));
#1615=CARTESIAN_POINT('Ctrl Pts',(-32.2059556191201,3.45929960527948,51.0833210805578));
#1616=CARTESIAN_POINT('Ctrl Pts',(-32.6630116949985,3.69553626330787,51.0833210805578));
#1617=CARTESIAN_POINT('Ctrl Pts',(-33.1372212739721,3.8317715944889,51.0833210805578));
#1618=CARTESIAN_POINT('Ctrl Pts',(-33.6128153177437,3.87544347967277,51.0833210805578));
#1619=CARTESIAN_POINT('Ctrl Pts',(-34.0884081815807,3.83176974332775,51.0833210805578));
#1620=CARTESIAN_POINT('Ctrl Pts',(-34.5626200674546,3.69553878383573,51.0833210805578));
#1621=CARTESIAN_POINT('Ctrl Pts',(-35.019673915713,3.45929808953676,51.0833210805578));
#1622=CARTESIAN_POINT('Ctrl Pts',(-35.4289375285556,3.12727897452885,51.0833210805578));
#1623=CARTESIAN_POINT('Ctrl Pts',(-35.7609599643772,2.71801529553575,51.0833210805578));
#1624=CARTESIAN_POINT('Ctrl Pts',(-35.9971957233403,2.26095889809956,51.0833210805578));
#1625=CARTESIAN_POINT('Ctrl Pts',(-36.1334291599413,1.78674993121271,51.0833210805578));
#1626=CARTESIAN_POINT('Ctrl Pts',(-36.1628073450069,1.46684436493839,51.0833210805578));
#1627=CARTESIAN_POINT('Ctrl Pts',(-36.1628072798074,1.31115538857343,51.0833210805578));
#1628=CARTESIAN_POINT('Ctrl Pts',(-30.0628150662157,1.31115574474165,52.0833333334045));
#1629=CARTESIAN_POINT('Ctrl Pts',(-30.062804760835,1.52790016574181,52.0833333334045));
#1630=CARTESIAN_POINT('Ctrl Pts',(-30.1037106912843,1.97326031184161,52.0833333334045));
#1631=CARTESIAN_POINT('Ctrl Pts',(-30.2933648740252,2.63343711491166,52.0833333334045));
#1632=CARTESIAN_POINT('Ctrl Pts',(-30.6222488334149,3.26973461657167,52.0833333334045));
#1633=CARTESIAN_POINT('Ctrl Pts',(-31.0844747893859,3.83949527048162,52.0833333334045));
#1634=CARTESIAN_POINT('Ctrl Pts',(-31.6542366179253,4.30172333233168,52.0833333334045));
#1635=CARTESIAN_POINT('Ctrl Pts',(-32.2905334306449,4.63060339724166,52.0833333334045));
#1636=CARTESIAN_POINT('Ctrl Pts',(-32.9507107240949,4.82026525966171,52.0833333334045));
#1637=CARTESIAN_POINT('Ctrl Pts',(-33.6128154166852,4.88106366670172,52.0833333334045));
#1638=CARTESIAN_POINT('Ctrl Pts',(-34.2749184652855,4.82026268259165,52.0833333334045));
#1639=CARTESIAN_POINT('Ctrl Pts',(-34.935098972215,4.6306069061518,52.0833333334045));
#1640=CARTESIAN_POINT('Ctrl Pts',(-35.5713926817859,4.3017212223217,52.0833333334045));
#1641=CARTESIAN_POINT('Ctrl Pts',(-36.1411545657845,3.83949631192172,52.0833333334045));
#1642=CARTESIAN_POINT('Ctrl Pts',(-36.6033840980142,3.26973433803164,52.0833333334045));
#1643=CARTESIAN_POINT('Ctrl Pts',(-36.9322629117957,2.63343707655167,52.0833333334045));
#1644=CARTESIAN_POINT('Ctrl Pts',(-37.1219221363642,1.97326063604169,52.0833333334045));
#1645=CARTESIAN_POINT('Ctrl Pts',(-37.1628213751153,1.52789976655163,52.0833333334045));
#1646=CARTESIAN_POINT('Ctrl Pts',(-37.1628212843859,1.31115524858183,52.0833333334045));
#1647=CARTESIAN_POINT('',(-30.0628150662157,1.31115574474165,52.0833333334063));
#1648=CARTESIAN_POINT('',(-31.0628150662157,1.31115574474165,51.0833333334045));
#1649=CARTESIAN_POINT('',(-37.1628212843859,1.31115524858183,52.0833333334063));
#1650=CARTESIAN_POINT('Ctrl Pts',(-30.0628150662157,1.31115574474165,52.0833333334063));
#1651=CARTESIAN_POINT('Ctrl Pts',(-30.062804760835,1.52790016574181,52.0833333334063));
#1652=CARTESIAN_POINT('Ctrl Pts',(-30.1037106912843,1.97326031184161,52.0833333334063));
#1653=CARTESIAN_POINT('Ctrl Pts',(-30.2933648740252,2.63343711491166,52.0833333334063));
#1654=CARTESIAN_POINT('Ctrl Pts',(-30.6222488334149,3.26973461657167,52.0833333334063));
#1655=CARTESIAN_POINT('Ctrl Pts',(-31.0844747893859,3.83949527048162,52.0833333334063));
#1656=CARTESIAN_POINT('Ctrl Pts',(-31.6542366179253,4.30172333233168,52.0833333334063));
#1657=CARTESIAN_POINT('Ctrl Pts',(-32.2905334306449,4.63060339724166,52.0833333334063));
#1658=CARTESIAN_POINT('Ctrl Pts',(-32.9507107240949,4.82026525966171,52.0833333334063));
#1659=CARTESIAN_POINT('Ctrl Pts',(-33.6128154166852,4.88106366670172,52.0833333334063));
#1660=CARTESIAN_POINT('Ctrl Pts',(-34.2749184652855,4.82026268259165,52.0833333334063));
#1661=CARTESIAN_POINT('Ctrl Pts',(-34.935098972215,4.6306069061518,52.0833333334063));
#1662=CARTESIAN_POINT('Ctrl Pts',(-35.5713926817859,4.3017212223217,52.0833333334063));
#1663=CARTESIAN_POINT('Ctrl Pts',(-36.1411545657845,3.83949631192172,52.0833333334063));
#1664=CARTESIAN_POINT('Ctrl Pts',(-36.6033840980142,3.26973433803164,52.0833333334063));
#1665=CARTESIAN_POINT('Ctrl Pts',(-36.9322629117957,2.63343707655167,52.0833333334063));
#1666=CARTESIAN_POINT('Ctrl Pts',(-37.1219221363642,1.97326063604169,52.0833333334063));
#1667=CARTESIAN_POINT('Ctrl Pts',(-37.1628213751153,1.52789976655163,52.0833333334063));
#1668=CARTESIAN_POINT('Ctrl Pts',(-37.1628212843859,1.31115524858183,52.0833333334063));
#1669=CARTESIAN_POINT('',(-37.1628212843859,1.31115524858183,52.0833333334045));
#1670=CARTESIAN_POINT('Origin',(60.3495657812834,3.56545073813428,2.30366666674488));
#1671=CARTESIAN_POINT('',(60.8265964424775,3.97538733414171,5.02886621234211E-12));
#1672=CARTESIAN_POINT('',(60.8265964424775,3.97538733414171,2.08333333340627));
#1673=CARTESIAN_POINT('',(60.8265964424775,3.97538733414171,5.02886621234211E-12));
#1674=CARTESIAN_POINT('',(60.9179883876443,4.05392505918167,2.08333333340627));
#1675=CARTESIAN_POINT('',(60.8265964424775,3.97538733414171,2.08333333340627));
#1676=CARTESIAN_POINT('',(60.9179883876443,4.05392505918167,5.02886621234211E-12));
#1677=CARTESIAN_POINT('',(60.9179883876443,4.05392505918167,2.08333333340627));
#1678=CARTESIAN_POINT('',(60.9179883876443,4.05392505918167,5.02886621234211E-12));
#1679=CARTESIAN_POINT('Origin',(60.2623822024389,4.05392505918167,-0.220333333337176));
#1680=CARTESIAN_POINT('',(61.3540502396957,4.05392505918167,5.02886621234211E-12));
#1681=CARTESIAN_POINT('',(61.3540502396957,4.05392505918167,5.02886621234211E-12));
#1682=CARTESIAN_POINT('',(61.3540502396957,4.05392505918167,2.08333333340627));
#1683=CARTESIAN_POINT('',(60.9179883876443,4.05392505918167,2.08333333340627));
#1684=CARTESIAN_POINT('',(61.3540502396957,4.05392505918167,2.08333333340627));
#1685=CARTESIAN_POINT('Origin',(-61.5343375672944,3.39120187070466,-0.220333333337176));
#1686=CARTESIAN_POINT('',(-61.5343375672944,4.02760835101162,2.08333333340627));
#1687=CARTESIAN_POINT('',(-61.5343375672944,4.00542064164165,2.08333333340627));
#1688=CARTESIAN_POINT('',(-61.5343375672944,4.02760835101162,2.08333333340627));
#1689=CARTESIAN_POINT('',(-61.5343375672944,4.00542064165165,5.02886621234211E-12));
#1690=CARTESIAN_POINT('',(-61.5343375672944,4.00542064164165,2.08333333340627));
#1691=CARTESIAN_POINT('',(-61.5343375672944,4.02760835101162,5.02886621234211E-12));
#1692=CARTESIAN_POINT('',(-61.5343375672944,4.00542064165165,5.02886621234211E-12));
#1693=CARTESIAN_POINT('',(-61.5343375672944,4.02760835101162,5.02886621234211E-12));
#1694=CARTESIAN_POINT('Origin',(-62.2039497408286,4.00542064165165,-0.220333333337176));
#1695=CARTESIAN_POINT('',(-60.9582158319551,4.00542064164165,2.08333333340627));
#1696=CARTESIAN_POINT('',(-61.5343375672944,4.00542064164165,2.08333333340627));
#1697=CARTESIAN_POINT('',(-60.9582158319551,4.00542064165165,5.02886621234211E-12));
#1698=CARTESIAN_POINT('',(-60.9582158319551,4.00542064164165,2.08333333340627));
#1699=CARTESIAN_POINT('',(-60.9582158319551,4.00542064165165,5.02886621234211E-12));
#1700=CARTESIAN_POINT('Ctrl Pts',(-60.9582158319551,4.00542064165165,3.20987680879625E-12));
#1701=CARTESIAN_POINT('Ctrl Pts',(-60.9582158319551,4.00542064163965,2.50000000014322));
#1702=CARTESIAN_POINT('Ctrl Pts',(-59.5244889847853,3.1056854373316,2.14815396148965E-12));
#1703=CARTESIAN_POINT('Ctrl Pts',(-59.5244889847853,3.1056854373196,2.50000000014216));
#1704=CARTESIAN_POINT('Ctrl Pts',(-58.0161451433956,2.64095096364172,3.87750351499075E-12));
#1705=CARTESIAN_POINT('Ctrl Pts',(-58.0161451433956,2.64095096362972,2.50000000014388));
#1706=CARTESIAN_POINT('Ctrl Pts',(-29.6862256303361,-6.0877552328084,3.00043621873644E-12));
#1707=CARTESIAN_POINT('Ctrl Pts',(-29.6862256303361,-6.0877552328204,2.50000000014301));
#1708=CARTESIAN_POINT('Ctrl Pts',(-0.0420921216548309,-6.08775523280846,
3.06942681087011E-12));
#1709=CARTESIAN_POINT('Ctrl Pts',(-0.0420921216548309,-6.08775523282046,
2.50000000014308));
#1710=CARTESIAN_POINT('Ctrl Pts',(29.6020413870159,-6.08775523280842,3.3627530451499E-12));
#1711=CARTESIAN_POINT('Ctrl Pts',(29.6020413870159,-6.08775523282042,2.50000000014337));
#1712=CARTESIAN_POINT('Ctrl Pts',(57.9319609000747,2.64095096364172,3.06942681087011E-12));
#1713=CARTESIAN_POINT('Ctrl Pts',(57.9319609000747,2.64095096362972,2.50000000014308));
#1714=CARTESIAN_POINT('Ctrl Pts',(59.4230454542547,3.10036769377167,3.86557072873439E-12));
#1715=CARTESIAN_POINT('Ctrl Pts',(59.4230454542547,3.10036769375967,2.50000000014387));
#1716=CARTESIAN_POINT('Ctrl Pts',(60.8265964424757,3.97538733414171,3.20987680879625E-12));
#1717=CARTESIAN_POINT('Ctrl Pts',(60.8265964424757,3.97538733412971,2.50000000014322));
#1718=CARTESIAN_POINT('Ctrl Pts',(-60.9582158319551,4.00542064164165,2.08333333340445));
#1719=CARTESIAN_POINT('Ctrl Pts',(-59.5244889847853,3.1056854373216,2.08333333340339));
#1720=CARTESIAN_POINT('Ctrl Pts',(-58.0161451433956,2.64095096363172,2.08333333340512));
#1721=CARTESIAN_POINT('Ctrl Pts',(-29.6862256303361,-6.0877552328184,2.08333333340424));
#1722=CARTESIAN_POINT('Ctrl Pts',(-0.0420921216548309,-6.08775523281846,
2.08333333340431));
#1723=CARTESIAN_POINT('Ctrl Pts',(29.6020413870159,-6.08775523281842,2.0833333334046));
#1724=CARTESIAN_POINT('Ctrl Pts',(57.9319609000747,2.64095096363172,2.08333333340431));
#1725=CARTESIAN_POINT('Ctrl Pts',(59.4230454542547,3.10036769376167,2.08333333340511));
#1726=CARTESIAN_POINT('Ctrl Pts',(60.8265964424757,3.97538733413171,2.08333333340445));
#1727=CARTESIAN_POINT('Ctrl Pts',(60.8265964424757,3.97538733414171,5.02886621234272E-12));
#1728=CARTESIAN_POINT('Ctrl Pts',(60.6316978935176,3.85388119745755,5.11991655153886E-12));
#1729=CARTESIAN_POINT('Ctrl Pts',(60.4344828482816,3.73785046031029,5.19008048476673E-12));
#1730=CARTESIAN_POINT('Ctrl Pts',(60.2353698706283,3.62759831685082,5.23902834238365E-12));
#1731=CARTESIAN_POINT('Ctrl Pts',(60.0385337432499,3.51860690298371,5.28741648287723E-12));
#1732=CARTESIAN_POINT('Ctrl Pts',(59.8398432709364,3.41526288787311,5.31507098163179E-12));
#1733=CARTESIAN_POINT('Ctrl Pts',(59.6397223031572,3.31781228369513,5.32185170552614E-12));
#1734=CARTESIAN_POINT('Ctrl Pts',(59.4407506428988,3.22092134457138,5.32859348728936E-12));
#1735=CARTESIAN_POINT('Ctrl Pts',(59.2403652878159,3.12985648874272,5.31470065391635E-12));
#1736=CARTESIAN_POINT('Ctrl Pts',(59.0389959194936,3.04481002564352,5.28021238917018E-12));
#1737=CARTESIAN_POINT('Ctrl Pts',(58.8389616844644,2.96032744356206,5.24595279093308E-12));
#1738=CARTESIAN_POINT('Ctrl Pts',(58.6379568542783,2.88178379536779,5.19137032086828E-12));
#1739=CARTESIAN_POINT('Ctrl Pts',(58.4364093883256,2.80931673856044,5.11667507002719E-12));
#1740=CARTESIAN_POINT('Ctrl Pts',(58.2685534584081,2.74896358476966,5.05446619664301E-12));
#1741=CARTESIAN_POINT('Ctrl Pts',(58.1003213807525,2.69282436096133,4.97830995808428E-12));
#1742=CARTESIAN_POINT('Ctrl Pts',(57.9319609000747,2.64095096364172,4.88841621441656E-12));
#1743=CARTESIAN_POINT('Ctrl Pts',(57.0164308188377,2.35886780807728,4.89789555624721E-12));
#1744=CARTESIAN_POINT('Ctrl Pts',(56.0912587092771,2.08189046186409,4.90694393847162E-12));
#1745=CARTESIAN_POINT('Ctrl Pts',(55.1571507845162,1.81036941009521,4.91554531521554E-12));
#1746=CARTESIAN_POINT('Ctrl Pts',(54.2117982751825,1.53557984796584,4.92425023343006E-12));
#1747=CARTESIAN_POINT('Ctrl Pts',(53.2572936434496,1.26637893558606,4.93249730746415E-12));
#1748=CARTESIAN_POINT('Ctrl Pts',(52.2944205058833,1.00311641858673,4.94027130594144E-12));
#1749=CARTESIAN_POINT('Ctrl Pts',(51.3176592871782,0.736056712680334,4.9481574333352E-12));
#1750=CARTESIAN_POINT('Ctrl Pts',(50.3322865765451,0.475108166394043,4.95555672682152E-12));
#1751=CARTESIAN_POINT('Ctrl Pts',(49.3391710300854,0.220618773763414,4.96245491159756E-12));
#1752=CARTESIAN_POINT('Ctrl Pts',(48.3196300444078,-0.0406422316976962,
4.9695366475859E-12));
#1753=CARTESIAN_POINT('Ctrl Pts',(47.2919288306425,-0.295095480956838,4.97609023472843E-12));
#1754=CARTESIAN_POINT('Ctrl Pts',(46.2570580556295,-0.54238636088433,4.98210217050318E-12));
#1755=CARTESIAN_POINT('Ctrl Pts',(45.2022042679544,-0.794452345978741,4.98823019477092E-12));
#1756=CARTESIAN_POINT('Ctrl Pts',(44.1399016575519,-1.03907639451024,4.99379543131191E-12));
#1757=CARTESIAN_POINT('Ctrl Pts',(43.0712480576014,-1.27590985906899,4.99878583007183E-12));
#1758=CARTESIAN_POINT('Ctrl Pts',(41.98082951193,-1.51756683940616,5.00387786677892E-12));
#1759=CARTESIAN_POINT('Ctrl Pts',(40.883799038197,-1.75111235028896,5.00837139522492E-12));
#1760=CARTESIAN_POINT('Ctrl Pts',(39.7813678444584,-1.97620843379081,5.0122561897007E-12));
#1761=CARTESIAN_POINT('Ctrl Pts',(38.65715604312,-2.20575171499068,5.01621773561871E-12));
#1762=CARTESIAN_POINT('Ctrl Pts',(37.527328527176,-2.42650807182299,5.01954623999365E-12));
#1763=CARTESIAN_POINT('Ctrl Pts',(36.3932089896281,-2.63815747635548,5.02223376850038E-12));
#1764=CARTESIAN_POINT('Ctrl Pts',(35.2405381788988,-2.85326891975792,5.02496525804814E-12));
#1765=CARTESIAN_POINT('Ctrl Pts',(34.0834344407565,-3.05897272984547,5.02703461679389E-12));
#1766=CARTESIAN_POINT('Ctrl Pts',(32.9233186625073,-3.25497705149548,5.02843672365219E-12));
#1767=CARTESIAN_POINT('Ctrl Pts',(31.752293885775,-3.45282447440112,5.02985201504076E-12));
#1768=CARTESIAN_POINT('Ctrl Pts',(30.578200934418,-3.64078889270141,5.03058743845796E-12));
#1769=CARTESIAN_POINT('Ctrl Pts',(29.4025216912423,-3.81861890137549,5.03064113473455E-12));
#1770=CARTESIAN_POINT('Ctrl Pts',(28.2271695218375,-3.9963994377706,5.03069481607284E-12));
#1771=CARTESIAN_POINT('Ctrl Pts',(27.0502327788362,-4.16405107739214,5.0300671495755E-12));
#1772=CARTESIAN_POINT('Ctrl Pts',(25.8732003177647,-4.32137378802374,5.02875972127587E-12));
#1773=CARTESIAN_POINT('Ctrl Pts',(24.7167199804495,-4.47594949215765,5.0274751219373E-12));
#1774=CARTESIAN_POINT('Ctrl Pts',(23.5601480115934,-4.62055389250912,5.02553430427323E-12));
#1775=CARTESIAN_POINT('Ctrl Pts',(22.4048926202548,-4.75504683559656,5.02294199154268E-12));
#1776=CARTESIAN_POINT('Ctrl Pts',(21.2698527305241,-4.88718632305192,5.0203950409914E-12));
#1777=CARTESIAN_POINT('Ctrl Pts',(20.1360844079027,-5.00956523815512,5.01721921006975E-12));
#1778=CARTESIAN_POINT('Ctrl Pts',(19.004908787273,-5.1220976544116,5.0134219242293E-12));
#1779=CARTESIAN_POINT('Ctrl Pts',(17.8953189016582,-5.23248266325088,5.00969710035181E-12));
#1780=CARTESIAN_POINT('Ctrl Pts',(16.7882242584473,-5.33339352617941,5.00537432814464E-12));
#1781=CARTESIAN_POINT('Ctrl Pts',(15.6848489330848,-5.42479289277347,5.00046326507177E-12));
#1782=CARTESIAN_POINT('Ctrl Pts',(14.6022093077493,-5.51447459376019,4.99564449546273E-12));
#1783=CARTESIAN_POINT('Ctrl Pts',(13.5231509625718,-5.5949990997493,4.9902593537135E-12));
#1784=CARTESIAN_POINT('Ctrl Pts',(12.4488007904468,-5.66637139762477,4.98431931807227E-12));
#1785=CARTESIAN_POINT('Ctrl Pts',(11.3838537816983,-5.73711901520987,4.97843127211471E-12));
#1786=CARTESIAN_POINT('Ctrl Pts',(10.3235333112119,-5.79887404587038,4.9719980147611E-12));
#1787=CARTESIAN_POINT('Ctrl Pts',(9.26890127439384,-5.8516793496183,4.96503287012759E-12));
#1788=CARTESIAN_POINT('Ctrl Pts',(8.24628268354341,-5.90288174384013,4.95827915305705E-12));
#1789=CARTESIAN_POINT('Ctrl Pts',(7.22901260937897,-5.94566975022322,4.951025367609E-12));
#1790=CARTESIAN_POINT('Ctrl Pts',(6.21802127403297,-5.98011547675885,4.94328545717354E-12));
#1791=CARTESIAN_POINT('Ctrl Pts',(5.21828014417446,-6.01417789486429,4.93563167564918E-12));
#1792=CARTESIAN_POINT('Ctrl Pts',(4.22467903403224,-6.04008280670883,4.92750253979822E-12));
#1793=CARTESIAN_POINT('Ctrl Pts',(3.23807652088393,-6.05793005372821,4.91891310672605E-12));
#1794=CARTESIAN_POINT('Ctrl Pts',(2.26408466869125,-6.07554917890708,4.91043346298325E-12));
#1795=CARTESIAN_POINT('Ctrl Pts',(1.29691381726255,-6.08531546258946,4.90150522565824E-12));
#1796=CARTESIAN_POINT('Ctrl Pts',(0.337346897130908,-6.0873522646358,4.89214424896328E-12));
#1797=CARTESIAN_POINT('Ctrl Pts',(0.210734322992025,-6.08762101582417,4.89090909034022E-12));
#1798=CARTESIAN_POINT('Ctrl Pts',(0.0842540703153914,-6.08775523280846,
4.88966639947213E-12));
#1799=CARTESIAN_POINT('Ctrl Pts',(-0.0420921216548309,-6.08775523280846,
4.88841621441628E-12));
#1800=CARTESIAN_POINT('Ctrl Pts',(-1.70294428338197,-6.08775523280846,4.88455092437328E-12));
#1801=CARTESIAN_POINT('Ctrl Pts',(-3.37250510814401,-6.06673842090077,4.88293590246917E-12));
#1802=CARTESIAN_POINT('Ctrl Pts',(-5.05009009927329,-6.02405426854434,4.88364302109889E-12));
#1803=CARTESIAN_POINT('Ctrl Pts',(-6.71770068478347,-5.98162390306091,4.8843459354182E-12));
#1804=CARTESIAN_POINT('Ctrl Pts',(-8.39324023781145,-5.91778287311593,4.88734348202628E-12));
#1805=CARTESIAN_POINT('Ctrl Pts',(-10.0759902248892,-5.83191485723659,4.89270391699633E-12));
#1806=CARTESIAN_POINT('Ctrl Pts',(-11.7490506136491,-5.74654128592038,4.89803348555006E-12));
#1807=CARTESIAN_POINT('Ctrl Pts',(-13.4292385582179,-5.63939346080712,4.90569883161794E-12));
#1808=CARTESIAN_POINT('Ctrl Pts',(-15.1158031512529,-5.5098912658298,4.91576437519241E-12));
#1809=CARTESIAN_POINT('Ctrl Pts',(-16.8688375165892,-5.37528521568547,4.92622661533709E-12));
#1810=CARTESIAN_POINT('Ctrl Pts',(-18.6287613138064,-5.21652756278986,4.93928202231852E-12));
#1811=CARTESIAN_POINT('Ctrl Pts',(-20.394681044684,-5.03300017589684,4.95499945492172E-12));
#1812=CARTESIAN_POINT('Ctrl Pts',(-22.0704986375194,-4.858836866917,4.96991494038241E-12));
#1813=CARTESIAN_POINT('Ctrl Pts',(-23.7517154647964,-4.6623670273613,4.9872277297966E-12));
#1814=CARTESIAN_POINT('Ctrl Pts',(-25.4375262309608,-4.44309415313521,5.00699333677633E-12));
#1815=CARTESIAN_POINT('Ctrl Pts',(-27.1152909803173,-4.22486782177559,5.02666460671113E-12));
#1816=CARTESIAN_POINT('Ctrl Pts',(-28.7976058018261,-3.98405541456646,5.04876535731628E-12));
#1817=CARTESIAN_POINT('Ctrl Pts',(-30.4836381387688,-3.72020121732323,5.07334675894074E-12));
#1818=CARTESIAN_POINT('Ctrl Pts',(-32.1619076343014,-3.45756185934717,5.09781498271074E-12));
#1819=CARTESIAN_POINT('Ctrl Pts',(-33.8438603579992,-3.17209221939027,5.12474108718027E-12));
#1820=CARTESIAN_POINT('Ctrl Pts',(-35.5286386149258,-2.86337910760136,5.15417170711737E-12));
#1821=CARTESIAN_POINT('Ctrl Pts',(-37.205945147509,-2.5560350894976,5.18347180692311E-12));
#1822=CARTESIAN_POINT('Ctrl Pts',(-38.8860520601209,-2.22565313194503,5.21525427619607E-12));
#1823=CARTESIAN_POINT('Ctrl Pts',(-40.568078767403,-1.87186418545642,5.24956103430542E-12));
#1824=CARTESIAN_POINT('Ctrl Pts',(-42.2396224329588,-1.52028018867063,5.28365397941453E-12));
#1825=CARTESIAN_POINT('Ctrl Pts',(-43.9130618685206,-1.14557990870961,5.3202398630903E-12));
#1826=CARTESIAN_POINT('Ctrl Pts',(-45.5875013251648,-0.747441795910079,
5.35935550838354E-12));
#1827=CARTESIAN_POINT('Ctrl Pts',(-47.256110024455,-0.350690085419653,5.3983349446096E-12));
#1828=CARTESIAN_POINT('Ctrl Pts',(-48.9257116243917,0.0693366653786121,
5.43982657185366E-12));
#1829=CARTESIAN_POINT('Ctrl Pts',(-50.5953907924543,0.512913888726741,5.48386227648176E-12));
#1830=CARTESIAN_POINT('Ctrl Pts',(-52.2569113715193,0.954323651209818,5.52768280850535E-12));
#1831=CARTESIAN_POINT('Ctrl Pts',(-53.918508576558,1.41905442849502,5.57402263080735E-12));
#1832=CARTESIAN_POINT('Ctrl Pts',(-55.5792544024046,1.90733309882855,5.62290841375169E-12));
#1833=CARTESIAN_POINT('Ctrl Pts',(-56.3917924150302,2.1462287649959,5.64682631635968E-12));
#1834=CARTESIAN_POINT('Ctrl Pts',(-57.2041262490945,2.39076054742632,5.67135358780878E-12));
#1835=CARTESIAN_POINT('Ctrl Pts',(-58.0161451433956,2.64095096364172,5.69649291853663E-12));
#1836=CARTESIAN_POINT('Ctrl Pts',(-58.128866686608,2.6756814976359,5.56725517772772E-12));
#1837=CARTESIAN_POINT('Ctrl Pts',(-58.2392291122418,2.7114514191137,5.45115613032912E-12));
#1838=CARTESIAN_POINT('Ctrl Pts',(-58.347642479286,2.74829748696129,5.34719642855576E-12));
#1839=CARTESIAN_POINT('Ctrl Pts',(-58.4663648752954,2.78864724804387,5.23335119692553E-12));
#1840=CARTESIAN_POINT('Ctrl Pts',(-58.5827498637116,2.83028737934448,5.13406290127999E-12));
#1841=CARTESIAN_POINT('Ctrl Pts',(-58.6972715524048,2.8732778255519,5.0482791511981E-12));
#1842=CARTESIAN_POINT('Ctrl Pts',(-58.816942597764,2.9182012954798,4.95863821798906E-12));
#1843=CARTESIAN_POINT('Ctrl Pts',(-58.934578402428,2.9645991108362,4.88374461115051E-12));
#1844=CARTESIAN_POINT('Ctrl Pts',(-59.0506587870642,3.01255410683092,4.82266421527413E-12));
#1845=CARTESIAN_POINT('Ctrl Pts',(-59.1733551535728,3.06324228970456,4.75810255257441E-12));
#1846=CARTESIAN_POINT('Ctrl Pts',(-59.2943131669398,3.11566997463682,4.70897383732362E-12));
#1847=CARTESIAN_POINT('Ctrl Pts',(-59.4140419276071,3.16995370630855,4.67445622601508E-12));
#1848=CARTESIAN_POINT('Ctrl Pts',(-59.5454893542987,3.2295505550498,4.63656014192667E-12));
#1849=CARTESIAN_POINT('Ctrl Pts',(-59.6754546540694,3.29138396643889,4.61627319659073E-12));
#1850=CARTESIAN_POINT('Ctrl Pts',(-59.804552102097,3.35563694467513,4.6128541322925E-12));
#1851=CARTESIAN_POINT('Ctrl Pts',(-59.9377835476264,3.42194745120161,4.60932558168386E-12));
#1852=CARTESIAN_POINT('Ctrl Pts',(-60.0700894604115,3.49083447842903,4.62376321540905E-12));
#1853=CARTESIAN_POINT('Ctrl Pts',(-60.2020988672652,3.56253654522663,4.65570995877819E-12));
#1854=CARTESIAN_POINT('Ctrl Pts',(-60.3350810696683,3.63476699445639,4.68789212211101E-12));
#1855=CARTESIAN_POINT('Ctrl Pts',(-60.4677610526776,3.70985364892033,4.73784352572169E-12));
#1856=CARTESIAN_POINT('Ctrl Pts',(-60.600755351891,3.78808476649653,4.80543797861828E-12));
#1857=CARTESIAN_POINT('Ctrl Pts',(-60.7195145274963,3.85794237005532,4.86579741920308E-12));
#1858=CARTESIAN_POINT('Ctrl Pts',(-60.8385233733494,3.93030764581725,4.94022992977351E-12));
#1859=CARTESIAN_POINT('Ctrl Pts',(-60.9582158319551,4.00542064165165,5.02886621234211E-12));
#1860=CARTESIAN_POINT('Origin',(73.6548890203949,-7.23503571748763,2.08333333340445));
#1861=CARTESIAN_POINT('',(60.8265964578548,4.54661132532089,2.08333333340481));
#1862=CARTESIAN_POINT('',(60.9514469102624,4.30848642108237,2.08333333340607));
#1863=CARTESIAN_POINT('Origin',(61.2226748251954,4.60248543318142,2.08333333343568));
#1864=CARTESIAN_POINT('',(61.0155211521762,4.24937491899163,2.08333333340627));
#1865=CARTESIAN_POINT('',(60.951446909856,4.30848642064188,2.08333333340627));
#1866=CARTESIAN_POINT('',(61.0155211521762,4.24937491899163,2.08333333340627));
#1867=CARTESIAN_POINT('',(-61.150226604135,4.24937491899163,2.08333333340627));
#1868=CARTESIAN_POINT('',(-61.5343375672944,4.02760835101162,2.08333333340627));
#1869=CARTESIAN_POINT('',(-61.0861523614952,4.30848642029543,2.08333333340566));
#1870=CARTESIAN_POINT('',(-61.150226604135,4.24937491899163,2.08333333340627));
#1871=CARTESIAN_POINT('',(-60.958215847345,4.57664463165624,2.08333333340481));
#1872=CARTESIAN_POINT('Origin',(-61.3573802740324,4.60248543172341,2.08333333338315));
#1873=CARTESIAN_POINT('',(-61.0025611383661,4.78715640186218,2.08333333340481));
#1874=CARTESIAN_POINT('Origin',(-61.3573803087013,4.60248542524325,2.08333333392914));
#1875=CARTESIAN_POINT('',(-61.0217935980543,4.8241088868017,2.08333333340627));
#1876=CARTESIAN_POINT('',(-61.0025611240142,4.78715640933183,2.08333333340627));
#1877=CARTESIAN_POINT('',(-61.0979589092837,4.93366908786174,2.08333333340263));
#1878=CARTESIAN_POINT('',(-61.0217935980543,4.8241088868017,2.08333333340627));
#1879=CARTESIAN_POINT('',(-61.1560221031047,5.26504961387195,2.08333333340627));
#1880=CARTESIAN_POINT('Origin',(-60.7695259032574,5.16199289416632,2.08333333338183));
#1881=CARTESIAN_POINT('',(61.0213166511442,5.26504961387195,2.08333333340627));
#1882=CARTESIAN_POINT('',(-61.1560221031047,5.26504961387195,2.08333333340627));
#1883=CARTESIAN_POINT('',(60.9632534573341,4.93366908786174,2.08333333340627));
#1884=CARTESIAN_POINT('Origin',(60.6348204512898,5.16199289415678,2.08333333339324));
#1885=CARTESIAN_POINT('',(60.8870881461046,4.8241088868017,2.08333333340627));
#1886=CARTESIAN_POINT('',(60.9632534573341,4.93366908786174,2.08333333340627));
#1887=CARTESIAN_POINT('',(60.8678556850496,4.78715640257919,2.08333333340481));
#1888=CARTESIAN_POINT('',(60.8870881461046,4.8241088868017,2.08333333340627));
#1889=CARTESIAN_POINT('Origin',(61.2226748541965,4.60248542707358,2.08333333387939));
#1890=CARTESIAN_POINT('Ctrl Pts',(29.9281093441243,1.31115277667163,2.08333333340627));
#1891=CARTESIAN_POINT('Ctrl Pts',(29.9280987723144,1.0944082418016,2.08333333340627));
#1892=CARTESIAN_POINT('Ctrl Pts',(29.9690055057347,0.649048438841646,2.08333333340627));
#1893=CARTESIAN_POINT('Ctrl Pts',(30.1586584198342,-0.0111289061783282,
2.08333333340627));
#1894=CARTESIAN_POINT('Ctrl Pts',(30.4875442989344,-0.647425589128261,2.08333333340627));
#1895=CARTESIAN_POINT('Ctrl Pts',(30.9497672914952,-1.21718749624824,2.08333333340627));
#1896=CARTESIAN_POINT('Ctrl Pts',(31.5195313496845,-1.67941470586834,2.08333333340627));
#1897=CARTESIAN_POINT('Ctrl Pts',(32.1558282823955,-2.00829446878834,2.08333333340627));
#1898=CARTESIAN_POINT('Ctrl Pts',(32.8160034873147,-2.19795728676831,2.08333333340627));
#1899=CARTESIAN_POINT('Ctrl Pts',(33.4781098665355,-2.25875487860822,2.08333333340627));
#1900=CARTESIAN_POINT('Ctrl Pts',(34.1402138528777,-2.19795477406819,2.08333333340627));
#1901=CARTESIAN_POINT('Ctrl Pts',(34.800390327717,-2.00829670866824,2.08333333340627));
#1902=CARTESIAN_POINT('Ctrl Pts',(35.4366887011077,-1.67941464272826,2.08333333340627));
#1903=CARTESIAN_POINT('Ctrl Pts',(36.006448129647,-1.21718543307838,2.08333333340627));
#1904=CARTESIAN_POINT('Ctrl Pts',(36.4686778675462,-0.647428802918284,2.08333333340627));
#1905=CARTESIAN_POINT('Ctrl Pts',(36.7975578871667,-0.011127529928217,2.08333333340627));
#1906=CARTESIAN_POINT('Ctrl Pts',(36.9872158599976,0.649048241241644,2.08333333340627));
#1907=CARTESIAN_POINT('Ctrl Pts',(37.028115471576,1.09440776254178,2.08333333340627));
#1908=CARTESIAN_POINT('Ctrl Pts',(37.0281155623072,1.31115228051181,2.08333333340627));
#1909=CARTESIAN_POINT('Ctrl Pts',(-37.1628212843859,1.31115228051181,2.08333333340627));
#1910=CARTESIAN_POINT('Ctrl Pts',(-37.1628211936656,1.09440776254178,2.08333333340627));
#1911=CARTESIAN_POINT('Ctrl Pts',(-37.1219215820745,0.649048241241644,2.08333333340627));
#1912=CARTESIAN_POINT('Ctrl Pts',(-36.9322636092454,-0.011127529928217,
2.08333333340627));
#1913=CARTESIAN_POINT('Ctrl Pts',(-36.6033835896358,-0.647428802918284,
2.08333333340627));
#1914=CARTESIAN_POINT('Ctrl Pts',(-36.1411538517348,-1.21718543307838,2.08333333340627));
#1915=CARTESIAN_POINT('Ctrl Pts',(-35.5713944231845,-1.67941464272826,2.08333333340627));
#1916=CARTESIAN_POINT('Ctrl Pts',(-34.9350960497957,-2.00829670866824,2.08333333340627));
#1917=CARTESIAN_POINT('Ctrl Pts',(-34.2749195749545,-2.19795477406819,2.08333333340627));
#1918=CARTESIAN_POINT('Ctrl Pts',(-33.6128155886142,-2.25875487860822,2.08333333340627));
#1919=CARTESIAN_POINT('Ctrl Pts',(-32.9507092093952,-2.19795728676831,2.08333333340627));
#1920=CARTESIAN_POINT('Ctrl Pts',(-32.2905340044742,-2.00829446878834,2.08333333340627));
#1921=CARTESIAN_POINT('Ctrl Pts',(-31.6542370717759,-1.67941470586834,2.08333333340627));
#1922=CARTESIAN_POINT('Ctrl Pts',(-31.0844730135757,-1.21718749624824,2.08333333340627));
#1923=CARTESIAN_POINT('Ctrl Pts',(-30.6222500210258,-0.647425589128261,
2.08333333340627));
#1924=CARTESIAN_POINT('Ctrl Pts',(-30.2933641419147,-0.0111289061783282,
2.08333333340627));
#1925=CARTESIAN_POINT('Ctrl Pts',(-30.1037112278243,0.649048438841646,2.08333333340627));
#1926=CARTESIAN_POINT('Ctrl Pts',(-30.0628044943949,1.0944082418016,2.08333333340627));
#1927=CARTESIAN_POINT('Ctrl Pts',(-30.0628150662157,1.31115277667163,2.08333333340627));
#1928=CARTESIAN_POINT('Origin',(-61.3573802754877,4.60248543229185,27.0833333333812));
#1929=CARTESIAN_POINT('',(-60.9582158166186,4.57664462966896,52.0833333334049));
#1930=CARTESIAN_POINT('',(-60.9582158319551,4.5766446306618,52.0833333334063));
#1931=CARTESIAN_POINT('',(-61.0861523621297,4.30848642098321,52.0833333334057));
#1932=CARTESIAN_POINT('',(-61.0861523618148,4.30848642064188,2.08333333340627));
#1933=CARTESIAN_POINT('Origin',(-61.357380276943,4.60248543286028,52.0833333333832));
#1934=CARTESIAN_POINT('Origin',(61.2226748234674,4.60248543227183,27.0833333334559));
#1935=CARTESIAN_POINT('',(60.9514469094292,4.3084864201792,52.0833333334057));
#1936=CARTESIAN_POINT('',(60.951446909856,4.30848642064188,52.0833333334063));
#1937=CARTESIAN_POINT('',(60.8265964271278,4.5466113209742,52.0833333334048));
#1938=CARTESIAN_POINT('',(60.826596444251,4.54661132340182,2.08333333340627));
#1939=CARTESIAN_POINT('Origin',(61.2226748217394,4.60248543136224,52.0833333334358));
#1940=CARTESIAN_POINT('Origin',(60.491577756337,4.73273734026983,57.0953333334047));
#1941=CARTESIAN_POINT('',(61.0155211521762,4.24937491899163,52.0833333334063));
#1942=CARTESIAN_POINT('',(60.951446909856,4.30848642064188,52.0833333334063));
#1943=CARTESIAN_POINT('',(61.0155211521762,4.24937491899163,52.0833333334063));
#1944=CARTESIAN_POINT('Origin',(60.8550663442929,4.34201354551289,59.5953333334842));
#1945=CARTESIAN_POINT('',(61.3540502396957,4.05392505918167,52.0833333334063));
#1946=CARTESIAN_POINT('',(61.0155211521762,4.24937491899163,52.0833333334063));
#1947=CARTESIAN_POINT('',(61.3540502396957,4.05392505918167,54.1666666668039));
#1948=CARTESIAN_POINT('',(61.3540502396957,4.05392505918167,52.0833333334063));
#1949=CARTESIAN_POINT('',(62.4781077067221,3.40495017798162,54.1666666667711));
#1950=CARTESIAN_POINT('',(61.3540502396957,4.05392505918167,54.1666666669039));
#1951=CARTESIAN_POINT('',(62.4781077067457,3.40495017799162,5.02886621234211E-12));
#1952=CARTESIAN_POINT('',(62.4781077067221,3.40495017798162,54.1666666667711));
#1953=CARTESIAN_POINT('',(62.4781077067457,3.40495017799162,5.02886621234211E-12));
#1954=CARTESIAN_POINT('Origin',(-62.7684749804779,3.31507878329033,59.5953333334842));
#1955=CARTESIAN_POINT('',(-62.6084558986056,3.40746584328167,5.02886621234211E-12));
#1956=CARTESIAN_POINT('',(-61.5343375672944,4.02760835101162,5.02886621234211E-12));
#1957=CARTESIAN_POINT('',(-62.6084558985783,3.40746584328508,54.1666666668039));
#1958=CARTESIAN_POINT('',(-62.6084558986056,3.40746584328167,5.02886621234211E-12));
#1959=CARTESIAN_POINT('',(-61.5343375672944,4.02760835100162,54.1666666668039));
#1960=CARTESIAN_POINT('',(-62.6084558985783,3.40746584328508,54.1666666668039));
#1961=CARTESIAN_POINT('',(-61.5343375672944,4.02760835101162,52.0833333334063));
#1962=CARTESIAN_POINT('',(-61.5343375672944,4.02760835100162,54.1666666668039));
#1963=CARTESIAN_POINT('',(-61.1502266041259,4.24937491899163,52.0833333334063));
#1964=CARTESIAN_POINT('',(-61.5343375672944,4.02760835101162,52.0833333334063));
#1965=CARTESIAN_POINT('',(-61.1502266041259,4.24937491899163,52.0833333334063));
#1966=CARTESIAN_POINT('Origin',(-61.6100957576332,3.82512399934286,57.0953333334047));
#1967=CARTESIAN_POINT('',(-61.1502266041259,4.24937491899163,52.0833333334063));
#1968=CARTESIAN_POINT('Origin',(61.222674823592,4.60248543230318,27.0833333338898));
#1969=CARTESIAN_POINT('',(60.8678556591505,4.78715641605879,52.0833333334049));
#1970=CARTESIAN_POINT('',(60.8678556720754,4.78715640933183,2.08333333340627));
#1971=CARTESIAN_POINT('Origin',(61.2226747929876,4.60248543753278,52.0833333338794));
#1972=CARTESIAN_POINT('Origin',(60.5814538464262,4.23687582718242,-2.92866666659581));
#1973=CARTESIAN_POINT('',(60.8870881461046,4.8241088868017,52.0833333334063));
#1974=CARTESIAN_POINT('',(60.8870881461046,4.8241088868017,2.08333333340627));
#1975=CARTESIAN_POINT('',(60.8870881461046,4.8241088868017,52.0833333334063));
#1976=CARTESIAN_POINT('Origin',(60.527451842932,4.30678905907814,-2.92866666659581));
#1977=CARTESIAN_POINT('',(60.9632534573341,4.93366908786197,52.0833333334063));
#1978=CARTESIAN_POINT('',(60.9632534573341,4.93366908786174,2.08333333340627));
#1979=CARTESIAN_POINT('',(60.9632534573341,4.93366908786197,52.0833333334063));
#1980=CARTESIAN_POINT('Origin',(60.6348204512654,5.16199289416181,27.0833333334054));
#1981=CARTESIAN_POINT('',(60.8348204512643,5.50840305568181,2.08333333340627));
#1982=CARTESIAN_POINT('Origin',(60.6348204512146,5.16199289413461,2.08333333341033));
#1983=CARTESIAN_POINT('',(60.8348204512643,5.50840305568181,52.0833333334063));
#1984=CARTESIAN_POINT('',(60.8348204512643,5.50840305568181,2.08333333340627));
#1985=CARTESIAN_POINT('',(61.0213166511442,5.26504961387195,52.0833333334063));
#1986=CARTESIAN_POINT('Origin',(60.6348204512257,5.16199289414311,52.083333333415));
#1987=CARTESIAN_POINT('Origin',(60.6348204513243,5.16199289415089,52.0833333334323));
#1988=CARTESIAN_POINT('Origin',(53.9881334990276,9.46133961060986,57.0953333334047));
#1989=CARTESIAN_POINT('',(54.6234651787074,9.09453069432197,2.08333333340627));
#1990=CARTESIAN_POINT('',(60.8348204512643,5.50840305568181,2.08333333340627));
#1991=CARTESIAN_POINT('',(54.6234651787074,9.09453069432197,52.0833333334063));
#1992=CARTESIAN_POINT('',(54.6234651787074,9.09453069432197,2.08333333340627));
#1993=CARTESIAN_POINT('',(54.6234651787074,9.09453069432197,52.0833333334063));
#1994=CARTESIAN_POINT('Origin',(-61.6048575828934,5.14159413939283,57.0953333334047));
#1995=CARTESIAN_POINT('',(-54.7581706306535,9.09453069432197,2.08333333340627));
#1996=CARTESIAN_POINT('',(-60.9695259032157,5.50840305568181,2.08333333340627));
#1997=CARTESIAN_POINT('',(-54.7581706306535,9.09453069432197,2.08333333340627));
#1998=CARTESIAN_POINT('',(-60.9695259032157,5.50840305568158,52.0833333334063));
#1999=CARTESIAN_POINT('',(-60.9695259032157,5.50840305568181,2.08333333340627));
#2000=CARTESIAN_POINT('',(-54.7581706306535,9.09453069432197,52.0833333334063));
#2001=CARTESIAN_POINT('',(-60.9695259032157,5.50840305568158,52.0833333334063));
#2002=CARTESIAN_POINT('',(-54.7581706306535,9.09453069432197,52.0833333334063));
#2003=CARTESIAN_POINT('Origin',(-60.7695259032259,5.16199289416181,27.0833333334063));
#2004=CARTESIAN_POINT('Origin',(-60.7695259031923,5.16199289414032,2.08333333338356));
#2005=CARTESIAN_POINT('',(-61.0979589092837,4.93366908786174,52.0833333334063));
#2006=CARTESIAN_POINT('',(-61.0979589092837,4.93366908786174,2.08333333340263));
#2007=CARTESIAN_POINT('',(-61.1560221031047,5.2650496138715,52.0833333334063));
#2008=CARTESIAN_POINT('Origin',(-60.7695259032478,5.16199289416787,52.0833333333877));
#2009=CARTESIAN_POINT('Origin',(-60.769525903186,5.16199289413534,52.0833333333749));
#2010=CARTESIAN_POINT('Origin',(-61.4575952124536,5.45098891558862,-2.92866666659581));
#2011=CARTESIAN_POINT('',(-61.0217935980543,4.8241088868017,52.0833333334063));
#2012=CARTESIAN_POINT('',(-61.0217935980543,4.8241088868017,2.08333333340627));
#2013=CARTESIAN_POINT('',(-61.0217935980543,4.8241088868017,52.0833333334063));
#2014=CARTESIAN_POINT('Origin',(-61.3081954237165,5.374389468945,-2.92866666659581));
#2015=CARTESIAN_POINT('',(-61.0025611097168,4.78715641677316,52.0833333334049));
#2016=CARTESIAN_POINT('',(-61.0025611240142,4.78715640933183,2.08333333340627));
#2017=CARTESIAN_POINT('',(-61.0025611240142,4.78715640933183,52.0833333334063));
#2018=CARTESIAN_POINT('Origin',(-61.3573802755047,4.60248543229184,27.0833333339338));
#2019=CARTESIAN_POINT('Origin',(-61.3573802423081,4.60248543934044,52.0833333339292));
#2020=CARTESIAN_POINT('Origin',(-65.7083342115916,9.09453069430174,-2.92866666659581));
#2021=CARTESIAN_POINT('',(-54.7581706306535,9.09453069432197,52.0833333334063));
#2022=CARTESIAN_POINT('',(54.6234651787074,9.09453069432197,2.08333333340627));
#2023=CARTESIAN_POINT('Origin',(75.2440063163333,-12.2156893187463,3.20987680879625E-12));
#2024=CARTESIAN_POINT('Ctrl Pts',(62.4781077067193,3.40495017794593,5.01820809423949E-12));
#2025=CARTESIAN_POINT('Ctrl Pts',(62.4922913157683,3.39676126744257,1.23142981304037E-11));
#2026=CARTESIAN_POINT('Ctrl Pts',(62.5062012363763,3.38756490830876,1.94475160909015E-11));
#2027=CARTESIAN_POINT('Ctrl Pts',(62.5196354539158,3.37738848723439,2.63146641742428E-11));
#2028=CARTESIAN_POINT('Ctrl Pts',(62.5328239260154,3.36739821835433,3.3056194943309E-11));
#2029=CARTESIAN_POINT('Ctrl Pts',(62.545552879305,3.35646343246174,3.95429978249595E-11));
#2030=CARTESIAN_POINT('Ctrl Pts',(62.5576345172744,3.34466020477821,4.5670885594067E-11));
#2031=CARTESIAN_POINT('Ctrl Pts',(62.5696164874762,3.33295434810986,5.17482212032877E-11));
#2032=CARTESIAN_POINT('Ctrl Pts',(62.5809607527363,3.32039465096543,5.74776060785202E-11));
#2033=CARTESIAN_POINT('Ctrl Pts',(62.5915030226288,3.30710263623707,6.27704735716696E-11));
#2034=CARTESIAN_POINT('Ctrl Pts',(62.6019995685024,3.29386827174335,6.8040384796777E-11));
#2035=CARTESIAN_POINT('Ctrl Pts',(62.611700196981,3.27990860036472,7.28750128931351E-11));
#2036=CARTESIAN_POINT('Ctrl Pts',(62.6204758011221,3.26538316457421,7.72177613117565E-11));
#2037=CARTESIAN_POINT('Ctrl Pts',(62.6296989569521,3.25011693838174,8.17819878597108E-11));
#2038=CARTESIAN_POINT('Ctrl Pts',(62.6378992097256,3.23422662227665,8.58033221489096E-11));
#2039=CARTESIAN_POINT('Ctrl Pts',(62.6449793942275,3.21792999385518,8.92231216425912E-11));
#2040=CARTESIAN_POINT('Ctrl Pts',(62.6517693448021,3.20230140374066,9.2502735264397E-11));
#2041=CARTESIAN_POINT('Ctrl Pts',(62.6575293474653,3.18630041103671,9.52229418766488E-11));
#2042=CARTESIAN_POINT('Ctrl Pts',(62.6622266367886,3.1701314478209,9.73933808233534E-11));
#2043=CARTESIAN_POINT('Ctrl Pts',(62.6669570648008,3.1538484149353,9.95791318992669E-11));
#2044=CARTESIAN_POINT('Ctrl Pts',(62.6706099133872,3.13739613557776,1.01199123631018E-10));
#2045=CARTESIAN_POINT('Ctrl Pts',(62.6732044461734,3.12097851791858,1.02260060274486E-10));
#2046=CARTESIAN_POINT('Ctrl Pts',(62.6758394880015,3.10430456818809,1.0333756156777E-10));
#2047=CARTESIAN_POINT('Ctrl Pts',(62.6773834167734,3.087667359415,1.03839356502677E-10));
#2048=CARTESIAN_POINT('Ctrl Pts',(62.6779054282579,3.07125936565639,1.0381113114848E-10));
#2049=CARTESIAN_POINT('Ctrl Pts',(62.67795565063,3.06968076366698,1.0380841560623E-10));
#2050=CARTESIAN_POINT('Ctrl Pts',(62.6779964468188,3.06810426107187,1.03804602175114E-10));
#2051=CARTESIAN_POINT('Ctrl Pts',(62.678027898664,3.06653001435155,1.037920991972E-10));
#2052=CARTESIAN_POINT('Ctrl Pts',(62.6783550392748,3.05015577527769,1.03822543955166E-10));
#2053=CARTESIAN_POINT('Ctrl Pts',(62.6776784279573,3.03349469644013,1.03853099557567E-10));
#2054=CARTESIAN_POINT('Ctrl Pts',(62.6759170109314,3.01673382702782,1.03874543920242E-10));
#2055=CARTESIAN_POINT('Ctrl Pts',(62.6741878032054,3.00027944714189,1.03895596150957E-10));
#2056=CARTESIAN_POINT('Ctrl Pts',(62.6714125669058,2.98372980903193,1.03908197865714E-10));
#2057=CARTESIAN_POINT('Ctrl Pts',(62.6675592685219,2.96728498370458,1.03919066374858E-10));
#2058=CARTESIAN_POINT('Ctrl Pts',(62.6637377681527,2.9509758636216,1.03929845195383E-10));
#2059=CARTESIAN_POINT('Ctrl Pts',(62.6588556784564,2.93477088306127,1.0393878610451E-10));
#2060=CARTESIAN_POINT('Ctrl Pts',(62.6529320195874,2.91887350480554,1.03938479946168E-10));
#2061=CARTESIAN_POINT('Ctrl Pts',(62.6470340685513,2.90304511889958,1.0393817511651E-10));
#2062=CARTESIAN_POINT('Ctrl Pts',(62.6401036975345,2.88752275806481,1.03927924018914E-10));
#2063=CARTESIAN_POINT('Ctrl Pts',(62.6322106638347,2.8724994408914,1.03916001124585E-10));
#2064=CARTESIAN_POINT('Ctrl Pts',(62.6239151234405,2.8567100069165,1.03903470220083E-10));
#2065=CARTESIAN_POINT('Ctrl Pts',(62.614556385043,2.84147321299869,1.03889296961538E-10));
#2066=CARTESIAN_POINT('Ctrl Pts',(62.60427056686,2.82698486393374,1.03863900318841E-10));
#2067=CARTESIAN_POINT('Ctrl Pts',(62.5944064136232,2.81309046168176,1.03839544806153E-10));
#2068=CARTESIAN_POINT('Ctrl Pts',(62.5836908196879,2.79988491131291,1.03805445586576E-10));
#2069=CARTESIAN_POINT('Ctrl Pts',(62.5722817941363,2.78750200014174,1.03769821913153E-10));
#2070=CARTESIAN_POINT('Ctrl Pts',(62.5607923054966,2.77503175747435,1.03733947000852E-10));
#2071=CARTESIAN_POINT('Ctrl Pts',(62.5486006070519,2.76339621345581,1.03696352126E-10));
#2072=CARTESIAN_POINT('Ctrl Pts',(62.5358911730312,2.75268435688479,1.03650075121494E-10));
#2073=CARTESIAN_POINT('Ctrl Pts',(62.5229833416763,2.74180528564596,1.03603075721773E-10));
#2074=CARTESIAN_POINT('Ctrl Pts',(62.509542593435,2.73187904133216,1.0355522226161E-10));
#2075=CARTESIAN_POINT('Ctrl Pts',(62.4957694454238,2.72294596481037,1.03499079252303E-10));
#2076=CARTESIAN_POINT('Ctrl Pts',(62.4944441271821,2.72208638141962,1.03493676903159E-10));
#2077=CARTESIAN_POINT('Ctrl Pts',(62.4931157291494,2.72123595426797,1.0349205576325E-10));
#2078=CARTESIAN_POINT('Ctrl Pts',(62.4917844276647,2.7203946942618,1.03486577547044E-10));
#2079=CARTESIAN_POINT('Ctrl Pts',(62.2308216404011,2.55549023155984,1.0344931182278E-10));
#2080=CARTESIAN_POINT('Ctrl Pts',(61.9754705128164,2.39957641557683,1.0338905167201E-10));
#2081=CARTESIAN_POINT('Ctrl Pts',(61.726078579742,2.2528929423859,1.03328709559009E-10));
#2082=CARTESIAN_POINT('Ctrl Pts',(61.4799863399654,2.10815023154217,1.03269165829754E-10));
#2083=CARTESIAN_POINT('Ctrl Pts',(61.2396967743639,1.9723952638113,1.03204983889119E-10));
#2084=CARTESIAN_POINT('Ctrl Pts',(61.0055169539287,1.84581534478796,1.03127326955269E-10));
#2085=CARTESIAN_POINT('Ctrl Pts',(60.7747380656841,1.72107371277196,1.03050797812728E-10));
#2086=CARTESIAN_POINT('Ctrl Pts',(60.549892836852,1.60524255809377,1.02968488388645E-10));
#2087=CARTESIAN_POINT('Ctrl Pts',(60.3312473373308,1.49845894692074,1.02874066070641E-10));
#2088=CARTESIAN_POINT('Ctrl Pts',(60.1138566732883,1.39228818103441,1.02780185654825E-10));
#2089=CARTESIAN_POINT('Ctrl Pts',(59.9025948784084,1.29506142018182,1.02670062371028E-10));
#2090=CARTESIAN_POINT('Ctrl Pts',(59.697694344016,1.20687126759257,1.02558305283765E-10));
#2091=CARTESIAN_POINT('Ctrl Pts',(59.4938845621883,1.11915058003131,1.02447143116032E-10));
#2092=CARTESIAN_POINT('Ctrl Pts',(59.2963685670682,1.04037053005178,1.02323863480606E-10));
#2093=CARTESIAN_POINT('Ctrl Pts',(59.1053448931806,0.970580484744176,1.02194897369398E-10));
#2094=CARTESIAN_POINT('Ctrl Pts',(58.9555738231058,0.915861980207169,1.02093782193013E-10));
#2095=CARTESIAN_POINT('Ctrl Pts',(58.8097931657302,0.866669036039085,1.01996860803395E-10));
#2096=CARTESIAN_POINT('Ctrl Pts',(58.6680851481956,0.823007505331886,1.01884764299846E-10));
#2097=CARTESIAN_POINT('Ctrl Pts',(56.97711837353,0.302005242786438,1.00383044191912E-10));
#2098=CARTESIAN_POINT('Ctrl Pts',(55.2758245926008,-0.197529128183032,9.88913480146215E-11));
#2099=CARTESIAN_POINT('Ctrl Pts',(53.5650161563921,-0.675073671784243,9.7412478424699E-11));
#2100=CARTESIAN_POINT('Ctrl Pts',(51.8579392022506,-1.15157663243376,9.59368344299031E-11));
#2101=CARTESIAN_POINT('Ctrl Pts',(50.1413892243901,-1.6061854308226,9.44686337590585E-11));
#2102=CARTESIAN_POINT('Ctrl Pts',(48.4162059067947,-2.0384218602234,9.30081545029641E-11));
#2103=CARTESIAN_POINT('Ctrl Pts',(46.6944218941008,-2.46980661003854,9.1550552978322E-11));
#2104=CARTESIAN_POINT('Ctrl Pts',(44.9640387131139,-2.87890692641992,9.00995016764705E-11));
#2105=CARTESIAN_POINT('Ctrl Pts',(43.2259209884219,-3.26528986263247,8.86572321466156E-11));
#2106=CARTESIAN_POINT('Ctrl Pts',(41.4908612365766,-3.65099301259659,8.72175000864599E-11));
#2107=CARTESIAN_POINT('Ctrl Pts',(39.7480943255628,-4.01405851880274,8.57770991808259E-11));
#2108=CARTESIAN_POINT('Ctrl Pts',(37.9985073337923,-4.35410008567429,8.43529602821661E-11));
#2109=CARTESIAN_POINT('Ctrl Pts',(36.2516287349118,-4.6936152619369,8.29310259767534E-11));
#2110=CARTESIAN_POINT('Ctrl Pts',(34.4979513560901,-5.01017761148375,8.15307786260674E-11));
#2111=CARTESIAN_POINT('Ctrl Pts',(32.7383821574139,-5.30344873484295,8.01243744924104E-11));
#2112=CARTESIAN_POINT('Ctrl Pts',(30.9811645077093,-5.5963279205568,7.87198499257502E-11));
#2113=CARTESIAN_POINT('Ctrl Pts',(29.2180709856988,-5.86597799253274,7.74480054289017E-11));
#2114=CARTESIAN_POINT('Ctrl Pts',(27.4500257850514,-6.11210954034271,7.61084867214331E-11));
#2115=CARTESIAN_POINT('Ctrl Pts',(25.6497518622446,-6.36272768457349,7.47445506652256E-11));
#2116=CARTESIAN_POINT('Ctrl Pts',(23.8443442649963,-6.58896182076225,7.33788962977264E-11));
#2117=CARTESIAN_POINT('Ctrl Pts',(22.0347974935488,-6.7905587822998,7.20019222825854E-11));
#2118=CARTESIAN_POINT('Ctrl Pts',(20.2617807354022,-6.98808602881115,7.06527457689413E-11));
#2119=CARTESIAN_POINT('Ctrl Pts',(18.4847905107412,-7.16196087523705,6.92893608092983E-11));
#2120=CARTESIAN_POINT('Ctrl Pts',(16.7047766948621,-7.31199567269697,6.79278652403794E-11));
#2121=CARTESIAN_POINT('Ctrl Pts',(14.9258089944188,-7.46194229459548,6.65671698234131E-11));
#2122=CARTESIAN_POINT('Ctrl Pts',(13.1438214826223,-7.58807682768263,6.52038171919768E-11));
#2123=CARTESIAN_POINT('Ctrl Pts',(11.3597732186416,-7.69026284297179,6.38304403938432E-11));
#2124=CARTESIAN_POINT('Ctrl Pts',(9.57641750113692,-7.79240919085608,6.24575967243705E-11));
#2125=CARTESIAN_POINT('Ctrl Pts',(7.79100286154397,-7.87062557386377,6.10806362966683E-11));
#2126=CARTESIAN_POINT('Ctrl Pts',(6.00449466482978,-7.92482726231004,5.96953354255662E-11));
#2127=CARTESIAN_POINT('Ctrl Pts',(4.21832340749015,-7.97901872819868,5.83102958252547E-11));
#2128=CARTESIAN_POINT('Ctrl Pts',(2.43105923820163,-8.00920453753258,5.69202288549652E-11));
#2129=CARTESIAN_POINT('Ctrl Pts',(0.643670922495811,-8.01535196316832,5.55225335985676E-11));
#2130=CARTESIAN_POINT('Ctrl Pts',(-1.14373709298975,-8.02149945655817,5.41248229374097E-11));
#2131=CARTESIAN_POINT('Ctrl Pts',(-2.9312690239818,-8.00360803386045,5.27152978336662E-11));
#2132=CARTESIAN_POINT('Ctrl Pts',(-4.71795562476067,-7.96169709588886,5.13048719859458E-11));
#2133=CARTESIAN_POINT('Ctrl Pts',(-6.5050185861369,-7.91977732949396,4.98941490359163E-11));
#2134=CARTESIAN_POINT('Ctrl Pts',(-8.29123562785804,-7.85382794207458,4.84728849459052E-11));
#2135=CARTESIAN_POINT('Ctrl Pts',(-10.0756399474144,-7.76392040925402,4.7049582493415E-11));
#2136=CARTESIAN_POINT('Ctrl Pts',(-11.8607762992645,-7.67397599285458,4.56256961467099E-11));
#2137=CARTESIAN_POINT('Ctrl Pts',(-13.6440982097556,-7.56005380152727,4.4207263257738E-11));
#2138=CARTESIAN_POINT('Ctrl Pts',(-15.4246442338582,-7.42227715417666,4.27713106844651E-11));
#2139=CARTESIAN_POINT('Ctrl Pts',(-17.2761534802608,-7.27900945255317,4.12781285758192E-11));
#2140=CARTESIAN_POINT('Ctrl Pts',(-19.1246608325783,-7.10994766501665,3.97733613879603E-11));
#2141=CARTESIAN_POINT('Ctrl Pts',(-20.9690967501152,-6.91528903974003,3.82667102167864E-11));
#2142=CARTESIAN_POINT('Ctrl Pts',(-22.7464066354535,-6.72771478157197,3.68148918072535E-11));
#2143=CARTESIAN_POINT('Ctrl Pts',(-24.5199358940736,-6.51637331573923,3.53693654542021E-11));
#2144=CARTESIAN_POINT('Ctrl Pts',(-26.2887413724226,-6.28149261792793,3.3905431676866E-11));
#2145=CARTESIAN_POINT('Ctrl Pts',(-28.0593332235704,-6.04637470664421,3.24400194263393E-11));
#2146=CARTESIAN_POINT('Ctrl Pts',(-29.8251915290304,-5.7876700754833,3.09704361794029E-11));
#2147=CARTESIAN_POINT('Ctrl Pts',(-31.5853872218957,-5.50565686559091,2.94929554247027E-11));
#2148=CARTESIAN_POINT('Ctrl Pts',(-33.3476717125221,-5.22330899486291,2.80137213658075E-11));
#2149=CARTESIAN_POINT('Ctrl Pts',(-35.1042799307504,-4.91759729072568,2.81089511429757E-11));
#2150=CARTESIAN_POINT('Ctrl Pts',(-36.8542997204646,-4.58884910055765,2.65735115003185E-11));
#2151=CARTESIAN_POINT('Ctrl Pts',(-38.6067052325778,-4.25965274293145,2.50359786626189E-11));
#2152=CARTESIAN_POINT('Ctrl Pts',(-40.3525041362502,-3.90735716056762,2.35055566755512E-11));
#2153=CARTESIAN_POINT('Ctrl Pts',(-42.0908039369124,-3.53233777298251,2.1998449170714E-11));
#2154=CARTESIAN_POINT('Ctrl Pts',(-43.8332484427534,-3.15642421006738,2.0487748202725E-11));
#2155=CARTESIAN_POINT('Ctrl Pts',(-45.5681578427579,-2.75767847189749,1.89942205899528E-11));
#2156=CARTESIAN_POINT('Ctrl Pts',(-47.2946597777604,-2.33652383518353,1.75141337460439E-11));
#2157=CARTESIAN_POINT('Ctrl Pts',(-49.0237385769328,-1.9147406105304,1.60318378210567E-11));
#2158=CARTESIAN_POINT('Ctrl Pts',(-50.744384611282,-1.47048168900732,1.4565689936942E-11));
#2159=CARTESIAN_POINT('Ctrl Pts',(-52.4557510705596,-1.00421548423287,1.31138562133661E-11));
#2160=CARTESIAN_POINT('Ctrl Pts',(-54.1712150571617,-0.536832897572903,
1.16585463620907E-11));
#2161=CARTESIAN_POINT('Ctrl Pts',(-55.8773548024031,-0.0473376691591441,
1.02221348389451E-11));
#2162=CARTESIAN_POINT('Ctrl Pts',(-57.5733497022879,0.463757214419752,8.79719382562361E-12));
#2163=CARTESIAN_POINT('Ctrl Pts',(-57.9668722981055,0.582346831233309,8.46656400681497E-12));
#2164=CARTESIAN_POINT('Ctrl Pts',(-58.3598488572157,0.702099165003426,8.13901736750338E-12));
#2165=CARTESIAN_POINT('Ctrl Pts',(-58.7522693915846,0.823007505331894,7.81000664862016E-12));
#2166=CARTESIAN_POINT('Ctrl Pts',(-58.9339885836705,0.878996843290763,7.58226560587853E-12));
#2167=CARTESIAN_POINT('Ctrl Pts',(-59.1223465675697,0.943789746713406,7.37306190284727E-12));
#2168=CARTESIAN_POINT('Ctrl Pts',(-59.3171666233259,1.01736838443424,7.19627486589517E-12));
#2169=CARTESIAN_POINT('Ctrl Pts',(-59.5126232634982,1.09118744408674,7.01891016833076E-12));
#2170=CARTESIAN_POINT('Ctrl Pts',(-59.7145842101557,1.1738497750316,6.87139815991323E-12));
#2171=CARTESIAN_POINT('Ctrl Pts',(-59.9228390934061,1.26529560885248,6.74054374504835E-12));
#2172=CARTESIAN_POINT('Ctrl Pts',(-60.1331674413467,1.35765191211608,6.60838649394479E-12));
#2173=CARTESIAN_POINT('Ctrl Pts',(-60.3499156197954,1.4589675345515,6.49812410907803E-12));
#2174=CARTESIAN_POINT('Ctrl Pts',(-60.5728353014341,1.56913777875753,6.41339676123162E-12));
#2175=CARTESIAN_POINT('Ctrl Pts',(-60.7975062582977,1.68017352939964,6.32800378842085E-12));
#2176=CARTESIAN_POINT('Ctrl Pts',(-61.0284459645485,1.80020356463134,6.26927577414955E-12));
#2177=CARTESIAN_POINT('Ctrl Pts',(-61.2653694851375,1.92907687864716,6.23185409711494E-12));
#2178=CARTESIAN_POINT('Ctrl Pts',(-61.5063801220768,2.06017335829686,6.1937868668331E-12));
#2179=CARTESIAN_POINT('Ctrl Pts',(-61.753582712138,2.20042087530972,6.17173524222965E-12));
#2180=CARTESIAN_POINT('Ctrl Pts',(-62.0066470802907,2.34961511347233,6.18281671339744E-12));
#2181=CARTESIAN_POINT('Ctrl Pts',(-62.2074323846426,2.46798820066632,6.19160892929623E-12));
#2182=CARTESIAN_POINT('Ctrl Pts',(-62.4119070973209,2.59199240778504,6.22054307834717E-12));
#2183=CARTESIAN_POINT('Ctrl Pts',(-62.6198938644247,2.72150599964176,6.25988150204648E-12));
#2184=CARTESIAN_POINT('Ctrl Pts',(-62.6338369954409,2.73018840287763,6.26858795252145E-12));
#2185=CARTESIAN_POINT('Ctrl Pts',(-62.6474720179311,2.73987490154986,6.27243749315956E-12));
#2186=CARTESIAN_POINT('Ctrl Pts',(-62.6605960081381,2.75053134264335,6.2766107157108E-12));
#2187=CARTESIAN_POINT('Ctrl Pts',(-62.673438056965,2.76095885246968,6.28069428533586E-12));
#2188=CARTESIAN_POINT('Ctrl Pts',(-62.6857897334102,2.7723150008009,6.2861164832997E-12));
#2189=CARTESIAN_POINT('Ctrl Pts',(-62.6974658266164,2.78451768883274,6.28514894988226E-12));
#2190=CARTESIAN_POINT('Ctrl Pts',(-62.7090451775523,2.79661927149291,6.28418943296295E-12));
#2191=CARTESIAN_POINT('Ctrl Pts',(-62.7199590794102,2.80955306018891,6.27649557776885E-12));
#2192=CARTESIAN_POINT('Ctrl Pts',(-62.7300472685882,2.8231922949695,6.26996411717042E-12));
#2193=CARTESIAN_POINT('Ctrl Pts',(-62.7400913353916,2.83677187628658,6.26346122300206E-12));
#2194=CARTESIAN_POINT('Ctrl Pts',(-62.7493160542331,2.85105004779326,6.26409790134856E-12));
#2195=CARTESIAN_POINT('Ctrl Pts',(-62.7575975427615,2.86586318103321,6.25178153892145E-12));
#2196=CARTESIAN_POINT('Ctrl Pts',(-62.7658754425178,2.88066989502138,6.23947051377379E-12));
#2197=CARTESIAN_POINT('Ctrl Pts',(-62.7732103729215,2.89601015482024,6.21995461443202E-12));
#2198=CARTESIAN_POINT('Ctrl Pts',(-62.779523564475,2.91169441713356,6.20181546983348E-12));
#2199=CARTESIAN_POINT('Ctrl Pts',(-62.7858874887614,2.92750471799414,6.18353055928254E-12));
#2200=CARTESIAN_POINT('Ctrl Pts',(-62.7912129493818,2.94366347742731,6.15878644461976E-12));
#2201=CARTESIAN_POINT('Ctrl Pts',(-62.7954711240561,2.95996554725512,6.13480999543622E-12));
#2202=CARTESIAN_POINT('Ctrl Pts',(-62.7997585220223,2.97637949604067,6.11066899904038E-12));
#2203=CARTESIAN_POINT('Ctrl Pts',(-62.8029641305019,2.99293762782411,6.08723089903708E-12));
#2204=CARTESIAN_POINT('Ctrl Pts',(-62.8051112070221,3.00943624424381,6.0578714839648E-12));
#2205=CARTESIAN_POINT('Ctrl Pts',(-62.807292176059,3.02619529834584,6.02804861802964E-12));
#2206=CARTESIAN_POINT('Ctrl Pts',(-62.8083814507873,3.04289195737639,5.99982455811253E-12));
#2207=CARTESIAN_POINT('Ctrl Pts',(-62.8084521963114,3.05933468045768,5.96538375082308E-12));
#2208=CARTESIAN_POINT('Ctrl Pts',(-62.808464261557,3.06213889309396,5.95951006758171E-12));
#2209=CARTESIAN_POINT('Ctrl Pts',(-62.808446803403,3.06493579009468,5.95323569293465E-12));
#2210=CARTESIAN_POINT('Ctrl Pts',(-62.8084003031345,3.06772451297163,5.94724269831204E-12));
#2211=CARTESIAN_POINT('Ctrl Pts',(-62.8081264569436,3.08414766847634,5.9096213795255E-12));
#2212=CARTESIAN_POINT('Ctrl Pts',(-62.8068330481777,3.10082307517555,5.87056840424095E-12));
#2213=CARTESIAN_POINT('Ctrl Pts',(-62.8044449877239,3.11755914469588,5.82716726876006E-12));
#2214=CARTESIAN_POINT('Ctrl Pts',(-62.8021082297362,3.13393567489369,5.78469851557051E-12));
#2215=CARTESIAN_POINT('Ctrl Pts',(-62.7987228678306,3.15036933975153,5.73252605601281E-12));
#2216=CARTESIAN_POINT('Ctrl Pts',(-62.7942640406826,3.16665907910472,5.69022331568801E-12));
#2217=CARTESIAN_POINT('Ctrl Pts',(-62.7898421571469,3.1828138498226,5.64827107471793E-12));
#2218=CARTESIAN_POINT('Ctrl Pts',(-62.7843643131729,3.198826012986,5.60886202304403E-12));
#2219=CARTESIAN_POINT('Ctrl Pts',(-62.7778567795445,3.21449293011573,5.56802815938795E-12));
#2220=CARTESIAN_POINT('Ctrl Pts',(-62.7713777076975,3.23009132537586,5.5273728894308E-12));
#2221=CARTESIAN_POINT('Ctrl Pts',(-62.7638780994124,3.2453464063277,5.49028486600495E-12));
#2222=CARTESIAN_POINT('Ctrl Pts',(-62.7554345561455,3.26006776991049,5.45134442805013E-12));
#2223=CARTESIAN_POINT('Ctrl Pts',(-62.7469946718768,3.27478275400996,5.41242086488228E-12));
#2224=CARTESIAN_POINT('Ctrl Pts',(-62.7376122011077,3.28896351622555,5.37739015157377E-12));
#2225=CARTESIAN_POINT('Ctrl Pts',(-62.7274091737088,3.30244501109197,5.34082136835381E-12));
#2226=CARTESIAN_POINT('Ctrl Pts',(-62.7171241549017,3.31603484309271,5.30395871882166E-12));
#2227=CARTESIAN_POINT('Ctrl Pts',(-62.7060061553616,3.32891335711877,5.25778935938298E-12));
#2228=CARTESIAN_POINT('Ctrl Pts',(-62.6942162785198,3.3409503142237,5.22381387644809E-12));
#2229=CARTESIAN_POINT('Ctrl Pts',(-62.6823454893062,3.35306987937972,5.18960522424912E-12));
#2230=CARTESIAN_POINT('Ctrl Pts',(-62.6697946143026,3.36433589866795,5.16757637058706E-12));
#2231=CARTESIAN_POINT('Ctrl Pts',(-62.6567503018584,3.37466354091045,5.1366919206288E-12));
#2232=CARTESIAN_POINT('Ctrl Pts',(-62.6435000793905,3.38515420938133,5.10531994648307E-12));
#2233=CARTESIAN_POINT('Ctrl Pts',(-62.6297418313474,3.39467658057182,5.06563929854692E-12));
#2234=CARTESIAN_POINT('Ctrl Pts',(-62.6156774511054,3.40319487592696,5.03790551476592E-12));
#2235=CARTESIAN_POINT('Ctrl Pts',(-62.6132788512729,3.40464762261472,5.03317567612485E-12));
#2236=CARTESIAN_POINT('Ctrl Pts',(-62.6108713391827,3.40607128801441,5.03526577801339E-12));
#2237=CARTESIAN_POINT('Ctrl Pts',(-62.6084558986056,3.40746584328167,5.03064256918151E-12));
#2238=CARTESIAN_POINT('Origin',(-75.373647973136,-12.2156893187456,54.1666666669039));
#2239=CARTESIAN_POINT('',(60.8265964424775,3.97538733413171,54.1666666668039));
#2240=CARTESIAN_POINT('',(-60.9582158319551,4.00542064164165,54.1666666668039));
#2241=CARTESIAN_POINT('Ctrl Pts',(60.8265964424757,3.97538733413171,54.1666666668039));
#2242=CARTESIAN_POINT('Ctrl Pts',(59.4230454542547,3.10036769376158,54.1666666668033));
#2243=CARTESIAN_POINT('Ctrl Pts',(57.9319609000747,2.64095096363172,54.1666666668029));
#2244=CARTESIAN_POINT('Ctrl Pts',(29.6020413870159,-6.08775523281856,54.1666666668032));
#2245=CARTESIAN_POINT('Ctrl Pts',(-0.0420921216548309,-6.08775523281846,
54.1666666668029));
#2246=CARTESIAN_POINT('Ctrl Pts',(-29.6862256303361,-6.0877552328183,54.1666666668026));
#2247=CARTESIAN_POINT('Ctrl Pts',(-58.0161451433956,2.64095096363168,54.1666666668031));
#2248=CARTESIAN_POINT('Ctrl Pts',(-59.5244889847853,3.10568543732151,54.1666666668034));
#2249=CARTESIAN_POINT('Ctrl Pts',(-60.9582158319551,4.00542064164165,54.1666666668039));
#2250=CARTESIAN_POINT('',(-61.5343375672944,4.00542064164165,54.1666666668039));
#2251=CARTESIAN_POINT('',(-60.9582158319551,4.00542064164165,54.1666666669039));
#2252=CARTESIAN_POINT('',(-61.5343375672944,4.00542064164165,54.1666666669039));
#2253=CARTESIAN_POINT('Ctrl Pts',(-62.608455898578,3.40746584328453,54.1666666668039));
#2254=CARTESIAN_POINT('Ctrl Pts',(-62.6226807455516,3.39925312405507,54.1666666668039));
#2255=CARTESIAN_POINT('Ctrl Pts',(-62.6366311313432,3.39002659539164,54.1666666668039));
#2256=CARTESIAN_POINT('Ctrl Pts',(-62.650103106359,3.37981362594216,54.166666666804));
#2257=CARTESIAN_POINT('Ctrl Pts',(-62.6632856642721,3.36982006070206,54.166666666804));
#2258=CARTESIAN_POINT('Ctrl Pts',(-62.6760090827728,3.35888202442189,54.166666666804));
#2259=CARTESIAN_POINT('Ctrl Pts',(-62.6880855168307,3.34707539542452,54.166666666804));
#2260=CARTESIAN_POINT('Ctrl Pts',(-62.7000618915942,3.3353665902518,54.166666666804));
#2261=CARTESIAN_POINT('Ctrl Pts',(-62.7114009325645,3.32280385592644,54.1666666668041));
#2262=CARTESIAN_POINT('Ctrl Pts',(-62.7219382391168,3.30950853881995,54.1666666668041));
#2263=CARTESIAN_POINT('Ctrl Pts',(-62.7324294590049,3.29627137099599,54.1666666668041));
#2264=CARTESIAN_POINT('Ctrl Pts',(-62.7421250770825,3.28230868467126,54.1666666668041));
#2265=CARTESIAN_POINT('Ctrl Pts',(-62.7508958245722,3.26777988716003,54.1666666668041));
#2266=CARTESIAN_POINT('Ctrl Pts',(-62.7596627712699,3.25325738568434,54.1666666668042));
#2267=CARTESIAN_POINT('Ctrl Pts',(-62.7675050609891,3.23817019685794,54.1666666668042));
#2268=CARTESIAN_POINT('Ctrl Pts',(-62.7743376487384,3.22270513246941,54.1666666668042));
#2269=CARTESIAN_POINT('Ctrl Pts',(-62.7812251430823,3.20711579100577,54.1666666668043));
#2270=CARTESIAN_POINT('Ctrl Pts',(-62.7870863685012,3.19114356280173,54.1666666668043));
#2271=CARTESIAN_POINT('Ctrl Pts',(-62.7918856791956,3.17499252106897,54.1666666668043));
#2272=CARTESIAN_POINT('Ctrl Pts',(-62.796717926927,3.15873063686438,54.1666666668043));
#2273=CARTESIAN_POINT('Ctrl Pts',(-62.8004737935484,3.14228858347179,54.1666666668044));
#2274=CARTESIAN_POINT('Ctrl Pts',(-62.8031697324518,3.12587072140838,54.1666666668044));
#2275=CARTESIAN_POINT('Ctrl Pts',(-62.8059082278982,3.10919369640444,54.1666666668044));
#2276=CARTESIAN_POINT('Ctrl Pts',(-62.8075535557049,3.09254263521968,54.1666666668045));
#2277=CARTESIAN_POINT('Ctrl Pts',(-62.8081724544212,3.07611141154072,54.1666666668045));
#2278=CARTESIAN_POINT('Ctrl Pts',(-62.8082780040671,3.07330916006276,54.1666666668045));
#2279=CARTESIAN_POINT('Ctrl Pts',(-62.8083538028262,3.07051323585748,54.1666666668045));
#2280=CARTESIAN_POINT('Ctrl Pts',(-62.8084003030945,3.06772451298163,54.1666666668045));
#2281=CARTESIAN_POINT('Ctrl Pts',(-62.8086741492864,3.0513013574762,54.1666666668045));
#2282=CARTESIAN_POINT('Ctrl Pts',(-62.8079374096292,3.03459209927845,54.1666666668045));
#2283=CARTESIAN_POINT('Ctrl Pts',(-62.8061086492886,3.01778571681956,54.1666666668046));
#2284=CARTESIAN_POINT('Ctrl Pts',(-62.804319176025,3.00134038420817,54.1666666668046));
#2285=CARTESIAN_POINT('Ctrl Pts',(-62.8014835866221,2.98480298874597,54.1666666668046));
#2286=CARTESIAN_POINT('Ctrl Pts',(-62.7975703303262,2.96837364996039,54.1666666668046));
#2287=CARTESIAN_POINT('Ctrl Pts',(-62.7936894973153,2.95208043646132,54.1666666668046));
#2288=CARTESIAN_POINT('Ctrl Pts',(-62.7887485364244,2.93589454602316,54.1666666668046));
#2289=CARTESIAN_POINT('Ctrl Pts',(-62.7827669479628,2.92001938033045,54.1666666668046));
#2290=CARTESIAN_POINT('Ctrl Pts',(-62.7768115209741,2.90421364731728,54.1666666668046));
#2291=CARTESIAN_POINT('Ctrl Pts',(-62.7698246789454,2.88871701356191,54.1666666668046));
#2292=CARTESIAN_POINT('Ctrl Pts',(-62.7618766328023,2.87372233013284,54.1666666668046));
#2293=CARTESIAN_POINT('Ctrl Pts',(-62.7539320309346,2.85873414463011,54.1666666668046));
#2294=CARTESIAN_POINT('Ctrl Pts',(-62.7450275558638,2.84424845864576,54.1666666668047));
#2295=CARTESIAN_POINT('Ctrl Pts',(-62.7352796670854,2.83043429431111,54.1666666668046));
#2296=CARTESIAN_POINT('Ctrl Pts',(-62.7254534443876,2.81650911951455,54.1666666668046));
#2297=CARTESIAN_POINT('Ctrl Pts',(-62.7147709890237,2.80326709608037,54.1666666668046));
#2298=CARTESIAN_POINT('Ctrl Pts',(-62.7033889727607,2.79084376166436,54.1666666668046));
#2299=CARTESIAN_POINT('Ctrl Pts',(-62.6919288432195,2.77833516754076,54.1666666668046));
#2300=CARTESIAN_POINT('Ctrl Pts',(-62.6797605491483,2.76665697105006,54.1666666668046));
#2301=CARTESIAN_POINT('Ctrl Pts',(-62.667067806905,2.75590017897782,54.1666666668046));
#2302=CARTESIAN_POINT('Ctrl Pts',(-62.654174704323,2.74497358636445,54.1666666668046));
#2303=CARTESIAN_POINT('Ctrl Pts',(-62.6407415760178,2.73499781540963,54.1666666668045));
#2304=CARTESIAN_POINT('Ctrl Pts',(-62.6269690102897,2.72601535580697,54.1666666668045));
#2305=CARTESIAN_POINT('Ctrl Pts',(-62.6246201777601,2.72448344855546,54.1666666668045));
#2306=CARTESIAN_POINT('Ctrl Pts',(-62.6222614683709,2.7229803092948,54.1666666668045));
#2307=CARTESIAN_POINT('Ctrl Pts',(-62.6198938643847,2.72150599965176,54.1666666668045));
#2308=CARTESIAN_POINT('Ctrl Pts',(-62.3569450697014,2.55776749191856,54.1666666668043));
#2309=CARTESIAN_POINT('Ctrl Pts',(-62.0996106021541,2.4028362569067,54.166666666804));
#2310=CARTESIAN_POINT('Ctrl Pts',(-61.8482460081425,2.25695371054308,54.1666666668038));
#2311=CARTESIAN_POINT('Ctrl Pts',(-61.6003184151179,2.11306587014754,54.1666666668036));
#2312=CARTESIAN_POINT('Ctrl Pts',(-61.3581986874463,1.97798099526944,54.1666666668035));
#2313=CARTESIAN_POINT('Ctrl Pts',(-61.1222007612605,1.85188803460165,54.1666666668033));
#2314=CARTESIAN_POINT('Ctrl Pts',(-60.8897618924904,1.72769666728254,54.1666666668032));
#2315=CARTESIAN_POINT('Ctrl Pts',(-60.6632616611277,1.61222803334554,54.1666666668031));
#2316=CARTESIAN_POINT('Ctrl Pts',(-60.4429718144975,1.50562080527858,54.166666666803));
#2317=CARTESIAN_POINT('Ctrl Pts',(-60.2239990311019,1.39965095774814,54.1666666668029));
#2318=CARTESIAN_POINT('Ctrl Pts',(-60.0111626940932,1.30243688618677,54.1666666668028));
#2319=CARTESIAN_POINT('Ctrl Pts',(-59.8047001689107,1.21407302397241,54.1666666668027));
#2320=CARTESIAN_POINT('Ctrl Pts',(-59.5994046938201,1.12620864733506,54.1666666668027));
#2321=CARTESIAN_POINT('Ctrl Pts',(-59.4004112505184,1.04709469186128,54.1666666668027));
#2322=CARTESIAN_POINT('Ctrl Pts',(-59.2079226121161,0.976782604576659,54.1666666668027));
#2323=CARTESIAN_POINT('Ctrl Pts',(-59.0517245018238,0.919726690753832,54.1666666668027));
#2324=CARTESIAN_POINT('Ctrl Pts',(-58.8998091058382,0.868465834927864,54.1666666668027));
#2325=CARTESIAN_POINT('Ctrl Pts',(-58.7522693915446,0.823007505341894,54.1666666668027));
#2326=CARTESIAN_POINT('Ctrl Pts',(-57.0613026168766,0.30200524279598,54.1666666668027));
#2327=CARTESIAN_POINT('Ctrl Pts',(-55.3600088359449,-0.197529128173785,
54.1666666668028));
#2328=CARTESIAN_POINT('Ctrl Pts',(-53.6492003997335,-0.675073671775123,
54.1666666668028));
#2329=CARTESIAN_POINT('Ctrl Pts',(-51.9421234455986,-1.15157663242223,54.1666666668029));
#2330=CARTESIAN_POINT('Ctrl Pts',(-50.2255734677447,-1.60618543080873,54.166666666803));
#2331=CARTESIAN_POINT('Ctrl Pts',(-48.5003901501559,-2.03842186020725,54.1666666668031));
#2332=CARTESIAN_POINT('Ctrl Pts',(-46.7786061374666,-2.46980661002064,54.1666666668032));
#2333=CARTESIAN_POINT('Ctrl Pts',(-45.0482229564842,-2.87890692640029,54.1666666668033));
#2334=CARTESIAN_POINT('Ctrl Pts',(-43.3101052317967,-3.26528986261112,54.1666666668034));
#2335=CARTESIAN_POINT('Ctrl Pts',(-41.5750454799496,-3.65099301257495,54.1666666668035));
#2336=CARTESIAN_POINT('Ctrl Pts',(-39.832278568934,-4.01405851878064,54.1666666668036));
#2337=CARTESIAN_POINT('Ctrl Pts',(-38.0826915771616,-4.3541000856516,54.1666666668038));
#2338=CARTESIAN_POINT('Ctrl Pts',(-36.3358129171821,-4.69361527378816,54.1666666668039));
#2339=CARTESIAN_POINT('Ctrl Pts',(-34.5821354767999,-5.01017763360905,54.1666666668046));
#2340=CARTESIAN_POINT('Ctrl Pts',(-32.8225662161806,-5.30344876559778,54.1666666668029));
#2341=CARTESIAN_POINT('Ctrl Pts',(-31.0653483643603,-5.59632798330631,54.1666666668012));
#2342=CARTESIAN_POINT('Ctrl Pts',(-29.302254638898,-5.86597808193018,54.1666666668028));
#2343=CARTESIAN_POINT('Ctrl Pts',(-27.5342092338103,-6.11210965094882,54.1666666668029));
#2344=CARTESIAN_POINT('Ctrl Pts',(-25.7339353260472,-6.36272778570145,54.166666666803));
#2345=CARTESIAN_POINT('Ctrl Pts',(-23.9285277440821,-6.5889619128194,54.1666666668031));
#2346=CARTESIAN_POINT('Ctrl Pts',(-22.1189809881324,-6.79055886570808,54.1666666668031));
#2347=CARTESIAN_POINT('Ctrl Pts',(-20.3459642290386,-6.9880861055424,54.1666666668032));
#2348=CARTESIAN_POINT('Ctrl Pts',(-18.568974003564,-7.16196094526586,54.1666666668033));
#2349=CARTESIAN_POINT('Ctrl Pts',(-16.7889601870064,-7.3119957360051,54.1666666668034));
#2350=CARTESIAN_POINT('Ctrl Pts',(-15.0099924858374,-7.4619423511909,54.1666666668034));
#2351=CARTESIAN_POINT('Ctrl Pts',(-13.22800497345,-7.58807687754586,54.1666666668035));
#2352=CARTESIAN_POINT('Ctrl Pts',(-11.4439567090142,-7.69026288609059,54.1666666668035));
#2353=CARTESIAN_POINT('Ctrl Pts',(-9.66060099100009,-7.79240922723619,54.1666666668036));
#2354=CARTESIAN_POINT('Ctrl Pts',(-7.87518635103328,-7.8706256034915,54.1666666668036));
#2355=CARTESIAN_POINT('Ctrl Pts',(-6.08867815408154,-7.924827285179,54.1666666668037));
#2356=CARTESIAN_POINT('Ctrl Pts',(-4.30250689645688,-7.97901874431158,54.1666666668037));
#2357=CARTESIAN_POINT('Ctrl Pts',(-2.51524272701953,-8.00920454688177,54.1666666668038));
#2358=CARTESIAN_POINT('Ctrl Pts',(-0.727854411301362,-8.01535196575345,
54.1666666668038));
#2359=CARTESIAN_POINT('Ctrl Pts',(1.05955360424674,-8.02149945237935,54.1666666668038));
#2360=CARTESIAN_POINT('Ctrl Pts',(2.84708553516484,-8.00360802291599,54.1666666668038));
#2361=CARTESIAN_POINT('Ctrl Pts',(4.63377213573344,-7.96169707818442,54.1666666668039));
#2362=CARTESIAN_POINT('Ctrl Pts',(6.4208350969502,-7.91977730502692,54.1666666668039));
#2363=CARTESIAN_POINT('Ctrl Pts',(8.20705213837544,-7.85382791084924,54.1666666668039));
#2364=CARTESIAN_POINT('Ctrl Pts',(9.99145645749996,-7.76392037128198,54.1666666668039));
#2365=CARTESIAN_POINT('Ctrl Pts',(11.7765928089674,-7.67397594813059,54.1666666668039));
#2366=CARTESIAN_POINT('Ctrl Pts',(13.5599147189397,-7.56005375006163,54.1666666668039));
#2367=CARTESIAN_POINT('Ctrl Pts',(15.3404607423883,-7.42227709598694,54.1666666668039));
#2368=CARTESIAN_POINT('Ctrl Pts',(17.1919699566502,-7.27900938980577,54.1666666668039));
#2369=CARTESIAN_POINT('Ctrl Pts',(19.0404772767829,-7.10994759860732,54.1666666668038));
#2370=CARTESIAN_POINT('Ctrl Pts',(20.884913162147,-6.91528897056202,54.1666666668038));
#2371=CARTESIAN_POINT('Ctrl Pts',(22.6622230467567,-6.72771470653106,54.1666666668038));
#2372=CARTESIAN_POINT('Ctrl Pts',(24.4357523045305,-6.51637323485499,54.1666666668038));
#2373=CARTESIAN_POINT('Ctrl Pts',(26.204557781917,-6.28149253122616,54.1666666668038));
#2374=CARTESIAN_POINT('Ctrl Pts',(27.9751495863723,-6.04637462019143,54.1666666668037));
#2375=CARTESIAN_POINT('Ctrl Pts',(29.741007845268,-5.78766999052393,54.1666666668037));
#2376=CARTESIAN_POINT('Ctrl Pts',(31.5012034917709,-5.50565678335328,54.1666666668036));
#2377=CARTESIAN_POINT('Ctrl Pts',(33.2634879409376,-5.22330891455594,54.1666666668036));
#2378=CARTESIAN_POINT('Ctrl Pts',(35.0200961179016,-4.91759721345591,54.1666666668036));
#2379=CARTESIAN_POINT('Ctrl Pts',(36.7701158665597,-4.5888490273986,54.1666666668037));
#2380=CARTESIAN_POINT('Ctrl Pts',(38.5225213778742,-4.25965266631569,54.1666666668037));
#2381=CARTESIAN_POINT('Ctrl Pts',(40.2683202806796,-3.90735708051662,54.1666666668038));
#2382=CARTESIAN_POINT('Ctrl Pts',(42.0066200804079,-3.53233768952126,54.1666666668038));
#2383=CARTESIAN_POINT('Ctrl Pts',(43.7490645853135,-3.15642412318762,54.1666666668039));
#2384=CARTESIAN_POINT('Ctrl Pts',(45.4839739843153,-2.75767838162431,54.1666666668039));
#2385=CARTESIAN_POINT('Ctrl Pts',(47.21047591825,-2.33652374154542,54.166666666804));
#2386=CARTESIAN_POINT('Ctrl Pts',(48.9395547163577,-1.91474051352114,54.1666666668041));
#2387=CARTESIAN_POINT('Ctrl Pts',(50.6602007495767,-1.47048158865537,54.1666666668042));
#2388=CARTESIAN_POINT('Ctrl Pts',(52.3715672076604,-1.00421538056993,54.1666666668042));
#2389=CARTESIAN_POINT('Ctrl Pts',(54.0870311930209,-0.536832790603312,54.1666666668043));
#2390=CARTESIAN_POINT('Ctrl Pts',(55.7931709369572,-0.0473375589159276,
54.1666666668044));
#2391=CARTESIAN_POINT('Ctrl Pts',(57.489165835476,0.463757327900489,54.1666666668045));
#2392=CARTESIAN_POINT('Ctrl Pts',(57.8826883054329,0.582346907632151,54.1666666668045));
#2393=CARTESIAN_POINT('Ctrl Pts',(58.2756647390275,0.702099203576553,54.1666666668046));
#2394=CARTESIAN_POINT('Ctrl Pts',(58.6680851482356,0.823007505341886,54.1666666668046));
#2395=CARTESIAN_POINT('Ctrl Pts',(58.8487378819683,0.878668257770978,54.1666666668046));
#2396=CARTESIAN_POINT('Ctrl Pts',(59.0360103825131,0.943319860516,54.1666666668045));
#2397=CARTESIAN_POINT('Ctrl Pts',(59.2297288847154,1.01694570363271,54.1666666668044));
#2398=CARTESIAN_POINT('Ctrl Pts',(59.4240467716728,1.09079935259891,54.1666666668044));
#2399=CARTESIAN_POINT('Ctrl Pts',(59.6248505475767,1.17368288929008,54.1666666668043));
#2400=CARTESIAN_POINT('Ctrl Pts',(59.8319334221967,1.26553743653278,54.1666666668042));
#2401=CARTESIAN_POINT('Ctrl Pts',(60.0409986583886,1.35827128837754,54.1666666668041));
#2402=CARTESIAN_POINT('Ctrl Pts',(60.2564637265232,1.4601487684291,54.1666666668041));
#2403=CARTESIAN_POINT('Ctrl Pts',(60.4780847560263,1.5710658554342,54.166666666804));
#2404=CARTESIAN_POINT('Ctrl Pts',(60.7013929829234,1.6828273524692,54.1666666668039));
#2405=CARTESIAN_POINT('Ctrl Pts',(60.9309511585481,1.80376660784352,54.1666666668037));
#2406=CARTESIAN_POINT('Ctrl Pts',(61.1664796088436,1.93373309656723,54.1666666668036));
#2407=CARTESIAN_POINT('Ctrl Pts',(61.405928040566,2.06586266249582,54.1666666668035));
#2408=CARTESIAN_POINT('Ctrl Pts',(61.6515470399289,2.20732246678069,54.1666666668034));
#2409=CARTESIAN_POINT('Ctrl Pts',(61.9030130377706,2.35790875764614,54.1666666668032));
#2410=CARTESIAN_POINT('Ctrl Pts',(62.0958835128236,2.47340608016666,54.1666666668031));
#2411=CARTESIAN_POINT('Ctrl Pts',(62.2921929399331,2.59427124427348,54.166666666803));
#2412=CARTESIAN_POINT('Ctrl Pts',(62.4917844277047,2.72039469427182,54.1666666668029));
#2413=CARTESIAN_POINT('Ctrl Pts',(62.5056293709178,2.72914342410278,54.1666666668029));
#2414=CARTESIAN_POINT('Ctrl Pts',(62.5191606502907,2.73888784965988,54.166666666803));
#2415=CARTESIAN_POINT('Ctrl Pts',(62.5321775104458,2.74959255353707,54.166666666803));
#2416=CARTESIAN_POINT('Ctrl Pts',(62.5449563440878,2.76010151102786,54.1666666668031));
#2417=CARTESIAN_POINT('Ctrl Pts',(62.5572383412459,2.77153588918749,54.1666666668031));
#2418=CARTESIAN_POINT('Ctrl Pts',(62.5688388882849,2.78381218736249,54.1666666668031));
#2419=CARTESIAN_POINT('Ctrl Pts',(62.5803437058138,2.79598717962441,54.1666666668031));
#2420=CARTESIAN_POINT('Ctrl Pts',(62.5911772620639,2.80898988141058,54.1666666668031));
#2421=CARTESIAN_POINT('Ctrl Pts',(62.6011802419879,2.82269231777935,54.1666666668032));
#2422=CARTESIAN_POINT('Ctrl Pts',(62.6111398104087,2.83633528753266,54.1666666668032));
#2423=CARTESIAN_POINT('Ctrl Pts',(62.6202751596856,2.85067122565721,54.1666666668032));
#2424=CARTESIAN_POINT('Ctrl Pts',(62.628463645414,2.86553557029002,54.1666666668032));
#2425=CARTESIAN_POINT('Ctrl Pts',(62.6370697044667,2.88115792489034,54.1666666668032));
#2426=CARTESIAN_POINT('Ctrl Pts',(62.6446287804028,2.89736305507423,54.1666666668032));
#2427=CARTESIAN_POINT('Ctrl Pts',(62.6510524666276,2.91392948406793,54.1666666668032));
#2428=CARTESIAN_POINT('Ctrl Pts',(62.6572128151911,2.92981677580048,54.1666666668031));
#2429=CARTESIAN_POINT('Ctrl Pts',(62.662329180786,2.94603507771617,54.1666666668031));
#2430=CARTESIAN_POINT('Ctrl Pts',(62.6663769731431,2.9623788144414,54.1666666668031));
#2431=CARTESIAN_POINT('Ctrl Pts',(62.6704533128876,2.97883781671007,54.1666666668031));
#2432=CARTESIAN_POINT('Ctrl Pts',(62.6734461789605,2.99542293498678,54.1666666668031));
#2433=CARTESIAN_POINT('Ctrl Pts',(62.6753829480739,3.01193119079209,54.166666666803));
#2434=CARTESIAN_POINT('Ctrl Pts',(62.6773499506208,3.02869714445651,54.166666666803));
#2435=CARTESIAN_POINT('Ctrl Pts',(62.6782281741431,3.04538284980273,54.166666666803));
#2436=CARTESIAN_POINT('Ctrl Pts',(62.6780944323987,3.06179874379065,54.1666666668029));
#2437=CARTESIAN_POINT('Ctrl Pts',(62.6780815631278,3.06337835970244,54.1666666668029));
#2438=CARTESIAN_POINT('Ctrl Pts',(62.6780593558775,3.06495550094883,54.1666666668029));
#2439=CARTESIAN_POINT('Ctrl Pts',(62.678027898704,3.06653001436155,54.1666666668029));
#2440=CARTESIAN_POINT('Ctrl Pts',(62.6777007643718,3.08290393921381,54.166666666803));
#2441=CARTESIAN_POINT('Ctrl Pts',(62.6763592605953,3.09952441324629,54.1666666668026));
#2442=CARTESIAN_POINT('Ctrl Pts',(62.6739298575996,3.11620131107714,54.1666666668016));
#2443=CARTESIAN_POINT('Ctrl Pts',(62.671544862953,3.13257336302574,54.1666666668007));
#2444=CARTESIAN_POINT('Ctrl Pts',(62.668110881314,3.14899885818891,54.1666666667991));
#2445=CARTESIAN_POINT('Ctrl Pts',(62.6636038803925,3.16527660862602,54.1666666667971));
#2446=CARTESIAN_POINT('Ctrl Pts',(62.6591340837953,3.18141998973024,54.166666666795));
#2447=CARTESIAN_POINT('Ctrl Pts',(62.6536087053615,3.19741699680765,54.1666666667924));
#2448=CARTESIAN_POINT('Ctrl Pts',(62.6470548606359,3.21306508769044,54.1666666667892));
#2449=CARTESIAN_POINT('Ctrl Pts',(62.6405294760207,3.22864522664396,54.1666666667861));
#2450=CARTESIAN_POINT('Ctrl Pts',(62.6329847094108,3.24387839226745,54.1666666667824));
#2451=CARTESIAN_POINT('Ctrl Pts',(62.6244979566643,3.25857450039196,54.1666666667782));
#2452=CARTESIAN_POINT('Ctrl Pts',(62.6155784572967,3.27401997536198,54.1666666667738));
#2453=CARTESIAN_POINT('Ctrl Pts',(62.6056186633191,3.28887083255257,54.1666666667688));
#2454=CARTESIAN_POINT('Ctrl Pts',(62.594762389313,3.30293684951312,54.1666666667633));
#2455=CARTESIAN_POINT('Ctrl Pts',(62.5843511916569,3.31642619979383,54.1666666667581));
#2456=CARTESIAN_POINT('Ctrl Pts',(62.5731167191922,3.32919327688582,54.1666666667524));
#2457=CARTESIAN_POINT('Ctrl Pts',(62.5612221881978,3.34111069856987,54.1666666667464));
#2458=CARTESIAN_POINT('Ctrl Pts',(62.5492437970691,3.35311214177459,54.1666666667403));
#2459=CARTESIAN_POINT('Ctrl Pts',(62.5365970603319,3.36425153321277,54.1666666667338));
#2460=CARTESIAN_POINT('Ctrl Pts',(62.5234698531994,3.37444730836969,54.1666666667271));
#2461=CARTESIAN_POINT('Ctrl Pts',(62.5101377664493,3.38480221154928,54.1666666667203));
#2462=CARTESIAN_POINT('Ctrl Pts',(62.4963112055947,3.39418378186051,54.1666666667132));
#2463=CARTESIAN_POINT('Ctrl Pts',(62.4821921369592,3.40255970388727,54.1666666667059));
#2464=CARTESIAN_POINT('Ctrl Pts',(62.4808333141807,3.40336580476644,54.1666666667052));
#2465=CARTESIAN_POINT('Ctrl Pts',(62.4794717785278,3.40416263075334,54.1666666667045));
#2466=CARTESIAN_POINT('Ctrl Pts',(62.4781077067203,3.40495017797847,54.1666666667038));
#2467=CARTESIAN_POINT('',(60.9179883876443,4.05392505918167,54.1666666668039));
#2468=CARTESIAN_POINT('',(61.3540502396957,4.05392505918167,54.1666666668039));
#2469=CARTESIAN_POINT('',(60.9179883876443,4.05392505918167,54.1666666668039));
#2470=CARTESIAN_POINT('Ctrl Pts',(-62.6084558985656,3.40746584329167,54.1666666668039));
#2471=CARTESIAN_POINT('Ctrl Pts',(-62.6084558986136,3.40746584327967,-10.8333333333666));
#2472=CARTESIAN_POINT('Ctrl Pts',(-62.8046238238666,3.29420823882172,54.1666666668041));
#2473=CARTESIAN_POINT('Ctrl Pts',(-62.8046238239146,3.29420823880972,-10.8333333333664));
#2474=CARTESIAN_POINT('Ctrl Pts',(-62.8084003030945,3.06772451298163,54.1666666668045));
#2475=CARTESIAN_POINT('Ctrl Pts',(-62.8084003031425,3.06772451296963,-10.833333333366));
#2476=CARTESIAN_POINT('Ctrl Pts',(-62.8121767823368,2.84124078713168,54.1666666668048));
#2477=CARTESIAN_POINT('Ctrl Pts',(-62.8121767823848,2.84124078711968,-10.8333333333657));
#2478=CARTESIAN_POINT('Ctrl Pts',(-62.6198938643847,2.72150599965176,54.1666666668045));
#2479=CARTESIAN_POINT('Ctrl Pts',(-62.6198938644327,2.72150599963976,-10.833333333366));
#2480=CARTESIAN_POINT('Ctrl Pts',(-60.3730212378445,1.32237590902172,54.1666666668024));
#2481=CARTESIAN_POINT('Ctrl Pts',(-60.3730212378925,1.32237590900972,-10.8333333333681));
#2482=CARTESIAN_POINT('Ctrl Pts',(-58.7522693915446,0.823007505341894,54.1666666668027));
#2483=CARTESIAN_POINT('Ctrl Pts',(-58.7522693915926,0.823007505329894,-10.8333333333678));
#2484=CARTESIAN_POINT('Ctrl Pts',(-47.3355053996062,-2.69460145058825,54.1666666668029));
#2485=CARTESIAN_POINT('Ctrl Pts',(-47.3355053996542,-2.69460145060025,-10.8333333333676));
#2486=CARTESIAN_POINT('Ctrl Pts',(-35.5804096567043,-4.82387289639848,54.166666666804));
#2487=CARTESIAN_POINT('Ctrl Pts',(-35.5804096567523,-4.82387289641048,-10.8333333333665));
#2488=CARTESIAN_POINT('Ctrl Pts',(-34.082396025494,-5.0952171474582,54.1666666668042));
#2489=CARTESIAN_POINT('Ctrl Pts',(-34.082396025542,-5.0952171474702,-10.8333333333663));
#2490=CARTESIAN_POINT('Ctrl Pts',(-32.5804137184163,-5.3436556531783,54.1666666668026));
#2491=CARTESIAN_POINT('Ctrl Pts',(-32.5804137184643,-5.3436556531903,-10.8333333333679));
#2492=CARTESIAN_POINT('Ctrl Pts',(-0.0420921216557444,-10.7257243752982,
54.1666666668045));
#2493=CARTESIAN_POINT('Ctrl Pts',(-0.042092121703738,-10.7257243753102,
-10.833333333366));
#2494=CARTESIAN_POINT('Ctrl Pts',(32.4962294751035,-5.3436556531785,54.1666666668036));
#2495=CARTESIAN_POINT('Ctrl Pts',(32.4962294750555,-5.3436556531905,-10.8333333333669));
#2496=CARTESIAN_POINT('Ctrl Pts',(45.7905318876051,-3.1446839273682,54.1666666668038));
#2497=CARTESIAN_POINT('Ctrl Pts',(45.7905318875571,-3.1446839273802,-10.8333333333667));
#2498=CARTESIAN_POINT('Ctrl Pts',(58.6680851482356,0.823007505341886,54.1666666668046));
#2499=CARTESIAN_POINT('Ctrl Pts',(58.6680851481876,0.823007505329886,-10.8333333333659));
#2500=CARTESIAN_POINT('Ctrl Pts',(60.2704343186561,1.31670587700182,54.1666666668042));
#2501=CARTESIAN_POINT('Ctrl Pts',(60.2704343186081,1.31670587698982,-10.8333333333663));
#2502=CARTESIAN_POINT('Ctrl Pts',(62.4917844277047,2.7203946942718,54.1666666668029));
#2503=CARTESIAN_POINT('Ctrl Pts',(62.4917844276567,2.7203946942598,-10.8333333333676));
#2504=CARTESIAN_POINT('Ctrl Pts',(62.682535125555,2.84093157874165,54.1666666668035));
#2505=CARTESIAN_POINT('Ctrl Pts',(62.682535125507,2.84093157872965,-10.833333333367));
#2506=CARTESIAN_POINT('Ctrl Pts',(62.678027898704,3.06653001436155,54.1666666668029));
#2507=CARTESIAN_POINT('Ctrl Pts',(62.678027898656,3.06653001434955,-10.8333333333676));
#2508=CARTESIAN_POINT('Ctrl Pts',(62.6735206718636,3.29212844997174,54.1666666668045));
#2509=CARTESIAN_POINT('Ctrl Pts',(62.6735206718156,3.29212844995974,-10.833333333366));
#2510=CARTESIAN_POINT('Ctrl Pts',(62.4781077067148,3.40495017798162,54.1666666667038));
#2511=CARTESIAN_POINT('Ctrl Pts',(62.4781077066668,3.40495017796962,-10.8333333334667));
#2512=CARTESIAN_POINT('Origin',(-73.3857559785299,4.87010150582673,52.0833333334045));
#2513=CARTESIAN_POINT('',(61.0213166511442,5.26504961387195,52.0833333334063));
#2514=CARTESIAN_POINT('Origin',(73.2510505265693,4.87010150582673,2.08333333340445));
#2515=CARTESIAN_POINT('Ctrl Pts',(60.8265964424757,3.97538733413171,54.1666666668039));
#2516=CARTESIAN_POINT('Ctrl Pts',(60.8265964424757,3.97538733414371,51.6666666667244));
#2517=CARTESIAN_POINT('Ctrl Pts',(59.4230454542547,3.10036769376158,54.1666666668033));
#2518=CARTESIAN_POINT('Ctrl Pts',(59.4230454542547,3.10036769377358,51.6666666667238));
#2519=CARTESIAN_POINT('Ctrl Pts',(57.9319609000747,2.64095096363172,54.1666666668029));
#2520=CARTESIAN_POINT('Ctrl Pts',(57.9319609000747,2.64095096364372,51.6666666667234));
#2521=CARTESIAN_POINT('Ctrl Pts',(29.6020413870159,-6.08775523281856,54.1666666668032));
#2522=CARTESIAN_POINT('Ctrl Pts',(29.6020413870159,-6.08775523280656,51.6666666667238));
#2523=CARTESIAN_POINT('Ctrl Pts',(-0.0420921216548309,-6.08775523281846,
54.1666666668029));
#2524=CARTESIAN_POINT('Ctrl Pts',(-0.0420921216548309,-6.08775523280646,
51.6666666667234));
#2525=CARTESIAN_POINT('Ctrl Pts',(-29.6862256303361,-6.0877552328183,54.1666666668026));
#2526=CARTESIAN_POINT('Ctrl Pts',(-29.6862256303361,-6.0877552328063,51.6666666667231));
#2527=CARTESIAN_POINT('Ctrl Pts',(-58.0161451433956,2.64095096363168,54.1666666668031));
#2528=CARTESIAN_POINT('Ctrl Pts',(-58.0161451433956,2.64095096364368,51.6666666667236));
#2529=CARTESIAN_POINT('Ctrl Pts',(-59.5244889847853,3.10568543732151,54.1666666668034));
#2530=CARTESIAN_POINT('Ctrl Pts',(-59.5244889847853,3.10568543733351,51.6666666667239));
#2531=CARTESIAN_POINT('Ctrl Pts',(-60.9582158319551,4.00542064164165,54.1666666668039));
#2532=CARTESIAN_POINT('Ctrl Pts',(-60.9582158319551,4.00542064165365,51.6666666667244));
#2533=CARTESIAN_POINT('',(60.8265964424775,3.97538733414171,52.0833333334063));
#2534=CARTESIAN_POINT('',(60.8265964424775,3.97538733413171,54.1666666668039));
#2535=CARTESIAN_POINT('',(-60.9582158319551,4.00542064164165,52.0833333334063));
#2536=CARTESIAN_POINT('Ctrl Pts',(60.8265964424757,3.97538733414171,52.0833333334063));
#2537=CARTESIAN_POINT('Ctrl Pts',(60.6316978935175,3.85388119745747,52.0833333334062));
#2538=CARTESIAN_POINT('Ctrl Pts',(60.4344828482813,3.73785046031013,52.0833333334061));
#2539=CARTESIAN_POINT('Ctrl Pts',(60.2353698706279,3.62759831685061,52.0833333334061));
#2540=CARTESIAN_POINT('Ctrl Pts',(60.0385337432488,3.51860690298305,52.083333333406));
#2541=CARTESIAN_POINT('Ctrl Pts',(59.8398432709345,3.41526288787207,52.0833333334059));
#2542=CARTESIAN_POINT('Ctrl Pts',(59.6397223031545,3.31781228369374,52.0833333334058));
#2543=CARTESIAN_POINT('Ctrl Pts',(59.440750642896,3.22092134457005,52.0833333334058));
#2544=CARTESIAN_POINT('Ctrl Pts',(59.2403652878132,3.12985648874145,52.0833333334057));
#2545=CARTESIAN_POINT('Ctrl Pts',(59.0389959194908,3.0448100256423,52.0833333334056));
#2546=CARTESIAN_POINT('Ctrl Pts',(58.8389616844617,2.96032744356091,52.0833333334056));
#2547=CARTESIAN_POINT('Ctrl Pts',(58.6379568542755,2.88178379536672,52.0833333334055));
#2548=CARTESIAN_POINT('Ctrl Pts',(58.4364093883229,2.80931673855943,52.0833333334054));
#2549=CARTESIAN_POINT('Ctrl Pts',(58.2685534584063,2.74896358476904,52.0833333334054));
#2550=CARTESIAN_POINT('Ctrl Pts',(58.1003213807516,2.69282436096104,52.0833333334053));
#2551=CARTESIAN_POINT('Ctrl Pts',(57.9319609000747,2.64095096364172,52.0833333334053));
#2552=CARTESIAN_POINT('Ctrl Pts',(57.016430818837,2.35886780807708,52.0833333334053));
#2553=CARTESIAN_POINT('Ctrl Pts',(56.0912587092758,2.0818904618637,52.0833333334053));
#2554=CARTESIAN_POINT('Ctrl Pts',(55.1571507845142,1.81036941009463,52.0833333334053));
#2555=CARTESIAN_POINT('Ctrl Pts',(54.2117982751735,1.53557984796323,52.0833333334053));
#2556=CARTESIAN_POINT('Ctrl Pts',(53.2572936434334,1.26637893558148,52.0833333334054));
#2557=CARTESIAN_POINT('Ctrl Pts',(52.2944205058598,1.00311641858029,52.0833333334054));
#2558=CARTESIAN_POINT('Ctrl Pts',(51.3176592871491,0.736056712672489,52.0833333334054));
#2559=CARTESIAN_POINT('Ctrl Pts',(50.3322865765103,0.47510816638486,52.0833333334054));
#2560=CARTESIAN_POINT('Ctrl Pts',(49.3391710300448,0.220618773752978,52.0833333334054));
#2561=CARTESIAN_POINT('Ctrl Pts',(48.319630044367,-0.0406422317079441,52.0833333334054));
#2562=CARTESIAN_POINT('Ctrl Pts',(47.2919288306015,-0.295095480966892,52.0833333334054));
#2563=CARTESIAN_POINT('Ctrl Pts',(46.2570580555885,-0.542386360894187,52.0833333334054));
#2564=CARTESIAN_POINT('Ctrl Pts',(45.2022042679139,-0.79445234598822,52.0833333334054));
#2565=CARTESIAN_POINT('Ctrl Pts',(44.1399016575121,-1.03907639451934,52.0833333334054));
#2566=CARTESIAN_POINT('Ctrl Pts',(43.0712480575622,-1.27590985907773,52.0833333334054));
#2567=CARTESIAN_POINT('Ctrl Pts',(41.9808295118897,-1.51756683941493,52.0833333334054));
#2568=CARTESIAN_POINT('Ctrl Pts',(40.8837990381554,-1.75111235029774,52.0833333334054));
#2569=CARTESIAN_POINT('Ctrl Pts',(39.7813678444157,-1.97620843379959,52.0833333334054));
#2570=CARTESIAN_POINT('Ctrl Pts',(38.6571560430769,-2.20575171499929,52.0833333334054));
#2571=CARTESIAN_POINT('Ctrl Pts',(37.5273285271326,-2.42650807183142,52.0833333334055));
#2572=CARTESIAN_POINT('Ctrl Pts',(36.3932089895842,-2.63815747636373,52.0833333334055));
#2573=CARTESIAN_POINT('Ctrl Pts',(35.2405381788532,-2.85326891976622,52.0833333334055));
#2574=CARTESIAN_POINT('Ctrl Pts',(34.0834344407092,-3.05897272985381,52.0833333334055));
#2575=CARTESIAN_POINT('Ctrl Pts',(32.9233186624583,-3.25497705150383,52.0833333334055));
#2576=CARTESIAN_POINT('Ctrl Pts',(31.752293885725,-3.45282447440934,52.0833333334055));
#2577=CARTESIAN_POINT('Ctrl Pts',(30.578200934367,-3.64078889270949,52.0833333334055));
#2578=CARTESIAN_POINT('Ctrl Pts',(29.4025216911904,-3.81861890138342,52.0833333334055));
#2579=CARTESIAN_POINT('Ctrl Pts',(28.2271695217923,-3.9963994377772,52.0833333334055));
#2580=CARTESIAN_POINT('Ctrl Pts',(27.0502327787976,-4.16405107739755,52.0833333334055));
#2581=CARTESIAN_POINT('Ctrl Pts',(25.8732003177329,-4.32137378802806,52.0833333334055));
#2582=CARTESIAN_POINT('Ctrl Pts',(24.7167199804178,-4.47594949216176,52.0833333334055));
#2583=CARTESIAN_POINT('Ctrl Pts',(23.5601480115619,-4.62055389251303,52.0833333334054));
#2584=CARTESIAN_POINT('Ctrl Pts',(22.4048926202235,-4.75504683560027,52.0833333334054));
#2585=CARTESIAN_POINT('Ctrl Pts',(21.2698527304988,-4.88718632305476,52.0833333334054));
#2586=CARTESIAN_POINT('Ctrl Pts',(20.1360844078833,-5.00956523815718,52.0833333334054));
#2587=CARTESIAN_POINT('Ctrl Pts',(19.0049087872596,-5.122097654413,52.0833333334054));
#2588=CARTESIAN_POINT('Ctrl Pts',(17.895318901639,-5.23248266325277,52.0833333334054));
#2589=CARTESIAN_POINT('Ctrl Pts',(16.7882242584224,-5.3333935261817,52.0833333334054));
#2590=CARTESIAN_POINT('Ctrl Pts',(15.6848489330541,-5.42479289277606,52.0833333334054));
#2591=CARTESIAN_POINT('Ctrl Pts',(14.6022093077109,-5.51447459376325,52.0833333334054));
#2592=CARTESIAN_POINT('Ctrl Pts',(13.5231509625258,-5.5949990997527,52.0833333334054));
#2593=CARTESIAN_POINT('Ctrl Pts',(12.4488007903934,-5.66637139762837,52.0833333334054));
#2594=CARTESIAN_POINT('Ctrl Pts',(11.3838537816494,-5.73711901521287,52.0833333334054));
#2595=CARTESIAN_POINT('Ctrl Pts',(10.3235333111676,-5.79887404587286,52.0833333334054));
#2596=CARTESIAN_POINT('Ctrl Pts',(9.26890127435408,-5.85167934962033,52.0833333334054));
#2597=CARTESIAN_POINT('Ctrl Pts',(8.2462826835037,-5.90288174384194,52.0833333334054));
#2598=CARTESIAN_POINT('Ctrl Pts',(7.22901260933929,-5.94566975022481,52.0833333334054));
#2599=CARTESIAN_POINT('Ctrl Pts',(6.21802127399336,-5.98011547676023,52.0833333334054));
#2600=CARTESIAN_POINT('Ctrl Pts',(5.21828014412781,-6.0141778948657,52.0833333334054));
#2601=CARTESIAN_POINT('Ctrl Pts',(4.22467903397867,-6.04008280671015,52.0833333334053));
#2602=CARTESIAN_POINT('Ctrl Pts',(3.23807652082354,-6.05793005372932,52.0833333334053));
#2603=CARTESIAN_POINT('Ctrl Pts',(2.26408466863558,-6.07554917890778,52.0833333334053));
#2604=CARTESIAN_POINT('Ctrl Pts',(1.29691381721157,-6.08531546258983,52.0833333334053));
#2605=CARTESIAN_POINT('Ctrl Pts',(0.337346897084541,-6.08735226463591,52.0833333334053));
#2606=CARTESIAN_POINT('Ctrl Pts',(0.210734322961149,-6.0876210158242,52.0833333334053));
#2607=CARTESIAN_POINT('Ctrl Pts',(0.0842540702999667,-6.08775523280846,
52.0833333334053));
#2608=CARTESIAN_POINT('Ctrl Pts',(-0.0420921216548294,-6.08775523280846,
52.0833333334053));
#2609=CARTESIAN_POINT('Ctrl Pts',(-1.70294428338069,-6.08775523280845,52.0833333334053));
#2610=CARTESIAN_POINT('Ctrl Pts',(-3.37250510814147,-6.0667384209008,52.0833333334053));
#2611=CARTESIAN_POINT('Ctrl Pts',(-5.05009009926946,-6.02405426854442,52.0833333334053));
#2612=CARTESIAN_POINT('Ctrl Pts',(-6.71770068480759,-5.98162390306031,52.0833333334052));
#2613=CARTESIAN_POINT('Ctrl Pts',(-8.39324023786375,-5.91778287311393,52.0833333334052));
#2614=CARTESIAN_POINT('Ctrl Pts',(-10.07599022497,-5.83191485723244,52.0833333334052));
#2615=CARTESIAN_POINT('Ctrl Pts',(-11.7490506137189,-5.7465412859161,52.0833333334052));
#2616=CARTESIAN_POINT('Ctrl Pts',(-13.4292385582765,-5.639393460803,52.0833333334052));
#2617=CARTESIAN_POINT('Ctrl Pts',(-15.1158031513003,-5.50989126582613,52.0833333334052));
#2618=CARTESIAN_POINT('Ctrl Pts',(-16.8688375166347,-5.37528521568152,52.0833333334052));
#2619=CARTESIAN_POINT('Ctrl Pts',(-18.62876131385,-5.21652756278566,52.0833333334052));
#2620=CARTESIAN_POINT('Ctrl Pts',(-20.3946810447257,-5.03300017589246,52.0833333334052));
#2621=CARTESIAN_POINT('Ctrl Pts',(-22.0704986375632,-4.85883686691205,52.0833333334052));
#2622=CARTESIAN_POINT('Ctrl Pts',(-23.7517154648422,-4.66236702735572,52.0833333334052));
#2623=CARTESIAN_POINT('Ctrl Pts',(-25.4375262310087,-4.44309415312894,52.0833333334052));
#2624=CARTESIAN_POINT('Ctrl Pts',(-27.1152909803605,-4.22486782176951,52.0833333334052));
#2625=CARTESIAN_POINT('Ctrl Pts',(-28.7976058018645,-3.9840554145607,52.0833333334052));
#2626=CARTESIAN_POINT('Ctrl Pts',(-30.4836381388025,-3.72020121731792,52.0833333334052));
#2627=CARTESIAN_POINT('Ctrl Pts',(-32.1619076343379,-3.45756185934112,52.0833333334052));
#2628=CARTESIAN_POINT('Ctrl Pts',(-33.8438603580386,-3.1720922193834,52.0833333334052));
#2629=CARTESIAN_POINT('Ctrl Pts',(-35.5286386149679,-2.8633791075936,52.0833333334052));
#2630=CARTESIAN_POINT('Ctrl Pts',(-37.2059451475468,-2.55603508949029,52.0833333334052));
#2631=CARTESIAN_POINT('Ctrl Pts',(-38.8860520601542,-2.22565313193827,52.0833333334053));
#2632=CARTESIAN_POINT('Ctrl Pts',(-40.5680787674318,-1.87186418545034,52.0833333334053));
#2633=CARTESIAN_POINT('Ctrl Pts',(-42.2396224329928,-1.5202801886632,52.0833333334053));
#2634=CARTESIAN_POINT('Ctrl Pts',(-43.9130618685598,-1.14557990870071,52.0833333334053));
#2635=CARTESIAN_POINT('Ctrl Pts',(-45.5875013252091,-0.747441795899549,
52.0833333334053));
#2636=CARTESIAN_POINT('Ctrl Pts',(-47.2561100245063,-0.350690085407026,
52.0833333334053));
#2637=CARTESIAN_POINT('Ctrl Pts',(-48.9257116244502,0.0693366653935352,
52.0833333334054));
#2638=CARTESIAN_POINT('Ctrl Pts',(-50.5953907925199,0.512913888744165,52.0833333334054));
#2639=CARTESIAN_POINT('Ctrl Pts',(-52.256911371584,0.954323651227611,52.0833333334054));
#2640=CARTESIAN_POINT('Ctrl Pts',(-53.9185085766218,1.41905442851316,52.0833333334054));
#2641=CARTESIAN_POINT('Ctrl Pts',(-55.5792544024675,1.90733309884701,52.0833333334054));
#2642=CARTESIAN_POINT('Ctrl Pts',(-56.3917924150721,2.14622876500849,52.0833333334055));
#2643=CARTESIAN_POINT('Ctrl Pts',(-57.2041262491154,2.39076054743274,52.0833333334055));
#2644=CARTESIAN_POINT('Ctrl Pts',(-58.0161451433956,2.64095096364168,52.0833333334055));
#2645=CARTESIAN_POINT('Ctrl Pts',(-58.1288666866077,2.67568149763579,52.0833333334055));
#2646=CARTESIAN_POINT('Ctrl Pts',(-58.2392291122413,2.7114514191135,52.0833333334056));
#2647=CARTESIAN_POINT('Ctrl Pts',(-58.3476424792853,2.748297486961,52.0833333334056));
#2648=CARTESIAN_POINT('Ctrl Pts',(-58.4663648752945,2.78864724804351,52.0833333334056));
#2649=CARTESIAN_POINT('Ctrl Pts',(-58.5827498637106,2.83028737934405,52.0833333334056));
#2650=CARTESIAN_POINT('Ctrl Pts',(-58.6972715524036,2.87327782555139,52.0833333334056));
#2651=CARTESIAN_POINT('Ctrl Pts',(-58.8169425977627,2.91820129547924,52.0833333334057));
#2652=CARTESIAN_POINT('Ctrl Pts',(-58.9345784024266,2.9645991108356,52.0833333334057));
#2653=CARTESIAN_POINT('Ctrl Pts',(-59.0506587870628,3.01255410683027,52.0833333334057));
#2654=CARTESIAN_POINT('Ctrl Pts',(-59.1733551535714,3.0632422897039,52.0833333334058));
#2655=CARTESIAN_POINT('Ctrl Pts',(-59.2943131669384,3.11566997463616,52.0833333334058));
#2656=CARTESIAN_POINT('Ctrl Pts',(-59.4140419276057,3.16995370630788,52.0833333334058));
#2657=CARTESIAN_POINT('Ctrl Pts',(-59.5454893542971,3.22955055504899,52.0833333334059));
#2658=CARTESIAN_POINT('Ctrl Pts',(-59.6754546540676,3.29138396643794,52.0833333334059));
#2659=CARTESIAN_POINT('Ctrl Pts',(-59.8045521020949,3.35563694467402,52.0833333334059));
#2660=CARTESIAN_POINT('Ctrl Pts',(-59.9377835476242,3.4219474512004,52.083333333406));
#2661=CARTESIAN_POINT('Ctrl Pts',(-60.0700894604091,3.49083447842771,52.083333333406));
#2662=CARTESIAN_POINT('Ctrl Pts',(-60.2020988672627,3.5625365452252,52.0833333334061));
#2663=CARTESIAN_POINT('Ctrl Pts',(-60.3350810696657,3.63476699445491,52.0833333334061));
#2664=CARTESIAN_POINT('Ctrl Pts',(-60.467761052675,3.70985364891881,52.0833333334061));
#2665=CARTESIAN_POINT('Ctrl Pts',(-60.6007553518884,3.78808476649496,52.0833333334062));
#2666=CARTESIAN_POINT('Ctrl Pts',(-60.719514527493,3.85794237005336,52.0833333334062));
#2667=CARTESIAN_POINT('Ctrl Pts',(-60.8385233733456,3.93030764581487,52.0833333334063));
#2668=CARTESIAN_POINT('Ctrl Pts',(-60.9582158319506,4.00542064164883,52.0833333334063));
#2669=CARTESIAN_POINT('',(-60.9582158319551,4.00542064164165,52.0833333334063));
#2670=CARTESIAN_POINT('Origin',(-62.2039497408286,4.00542064164165,51.8630000000642));
#2671=CARTESIAN_POINT('',(-61.5343375672944,4.00542064164165,52.0833333334063));
#2672=CARTESIAN_POINT('',(-60.9582158319551,4.00542064164165,52.0833333334063));
#2673=CARTESIAN_POINT('',(-61.5343375672944,4.00542064164165,52.0833333334063));
#2674=CARTESIAN_POINT('Origin',(-61.5343375672944,3.39120187070466,51.8630000000642));
#2675=CARTESIAN_POINT('',(-61.5343375672944,4.00542064164165,52.0833333334063));
#2676=CARTESIAN_POINT('Origin',(60.2623822024389,4.05392505918167,51.8630000000642));
#2677=CARTESIAN_POINT('',(60.9179883876443,4.05392505918167,52.0833333334063));
#2678=CARTESIAN_POINT('',(61.3540502396957,4.05392505918167,52.0833333334063));
#2679=CARTESIAN_POINT('',(60.9179883876443,4.05392505918167,52.0833333334063));
#2680=CARTESIAN_POINT('Origin',(60.3495657812778,3.56545073812984,54.3870000001441));
#2681=CARTESIAN_POINT('',(60.9179883876443,4.05392505918167,52.0833333334063));
#2682=CARTESIAN_POINT('Origin',(-73.8351763479937,-7.23503571748763,52.0833333334045));
#2683=CARTESIAN_POINT('Ctrl Pts',(37.0281155623072,1.31115524858183,52.0833333334063));
#2684=CARTESIAN_POINT('Ctrl Pts',(37.028115471576,1.0944107306118,52.0833333334063));
#2685=CARTESIAN_POINT('Ctrl Pts',(36.9872158599867,0.649051209321669,52.0833333334063));
#2686=CARTESIAN_POINT('Ctrl Pts',(36.7975578871576,-0.0111245618581961,
52.0833333334063));
#2687=CARTESIAN_POINT('Ctrl Pts',(36.4686778675371,-0.647425834838259,52.0833333334063));
#2688=CARTESIAN_POINT('Ctrl Pts',(36.006448129667,-1.21718246500836,52.0833333334063));
#2689=CARTESIAN_POINT('Ctrl Pts',(35.4366887011077,-1.67941167464824,52.0833333334063));
#2690=CARTESIAN_POINT('Ctrl Pts',(34.8003903277461,-2.00829374059822,52.0833333334063));
#2691=CARTESIAN_POINT('Ctrl Pts',(34.1402138528467,-2.1979518059884,52.0833333334063));
#2692=CARTESIAN_POINT('Ctrl Pts',(33.4781098665446,-2.25875191053819,52.0833333334063));
#2693=CARTESIAN_POINT('Ctrl Pts',(32.8160034872947,-2.19795431868829,52.0833333334063));
#2694=CARTESIAN_POINT('Ctrl Pts',(32.1558282824156,-2.00829150070831,52.0833333334063));
#2695=CARTESIAN_POINT('Ctrl Pts',(31.5195313496954,-1.67941173778831,52.0833333334063));
#2696=CARTESIAN_POINT('Ctrl Pts',(30.9497672914843,-1.21718452816822,52.0833333334063));
#2697=CARTESIAN_POINT('Ctrl Pts',(30.4875442989344,-0.647422621048236,52.0833333334063));
#2698=CARTESIAN_POINT('Ctrl Pts',(30.1586584198451,-0.0111259380983029,
52.0833333334063));
#2699=CARTESIAN_POINT('Ctrl Pts',(29.9690055057456,0.649051406921672,52.0833333334063));
#2700=CARTESIAN_POINT('Ctrl Pts',(29.9280987723053,1.09441120987162,52.0833333334063));
#2701=CARTESIAN_POINT('Ctrl Pts',(29.9281093441243,1.31115574474165,52.0833333334063));
#2702=CARTESIAN_POINT('Ctrl Pts',(-30.0628150662157,1.31115574474165,52.0833333334063));
#2703=CARTESIAN_POINT('Ctrl Pts',(-30.0628044943858,1.09441120987162,52.0833333334063));
#2704=CARTESIAN_POINT('Ctrl Pts',(-30.1037112278243,0.649051406921672,52.0833333334063));
#2705=CARTESIAN_POINT('Ctrl Pts',(-30.2933641419256,-0.0111259380983029,
52.0833333334063));
#2706=CARTESIAN_POINT('Ctrl Pts',(-30.6222500210149,-0.647422621048236,
52.0833333334063));
#2707=CARTESIAN_POINT('Ctrl Pts',(-31.0844730135757,-1.21718452816822,52.0833333334063));
#2708=CARTESIAN_POINT('Ctrl Pts',(-31.6542370717759,-1.67941173778831,52.0833333334063));
#2709=CARTESIAN_POINT('Ctrl Pts',(-32.2905340044942,-2.00829150070831,52.0833333334063));
#2710=CARTESIAN_POINT('Ctrl Pts',(-32.9507092093752,-2.19795431868829,52.0833333334063));
#2711=CARTESIAN_POINT('Ctrl Pts',(-33.6128155886342,-2.25875191053819,52.0833333334063));
#2712=CARTESIAN_POINT('Ctrl Pts',(-34.2749195749345,-2.1979518059884,52.0833333334063));
#2713=CARTESIAN_POINT('Ctrl Pts',(-34.9350960498248,-2.00829374059822,52.0833333334063));
#2714=CARTESIAN_POINT('Ctrl Pts',(-35.5713944231954,-1.67941167464824,52.0833333334063));
#2715=CARTESIAN_POINT('Ctrl Pts',(-36.1411538517548,-1.21718246500836,52.0833333334063));
#2716=CARTESIAN_POINT('Ctrl Pts',(-36.6033835896157,-0.647425834838259,
52.0833333334063));
#2717=CARTESIAN_POINT('Ctrl Pts',(-36.9322636092345,-0.0111245618581961,
52.0833333334063));
#2718=CARTESIAN_POINT('Ctrl Pts',(-37.1219215820654,0.649051209321669,52.0833333334063));
#2719=CARTESIAN_POINT('Ctrl Pts',(-37.1628211936656,1.0944107306118,52.0833333334063));
#2720=CARTESIAN_POINT('Ctrl Pts',(-37.1628212843859,1.31115524858183,52.0833333334063));
#2721=CARTESIAN_POINT('Ctrl Pts',(36.027607597522,1.31151594599233,3.08383951975441));
#2722=CARTESIAN_POINT('Ctrl Pts',(36.0276298058677,1.15573595270448,3.08383951975441));
#2723=CARTESIAN_POINT('Ctrl Pts',(35.9982684107377,0.835767977185973,3.08383951975441));
#2724=CARTESIAN_POINT('Ctrl Pts',(35.8620286471681,0.361534337485238,3.08383951975441));
#2725=CARTESIAN_POINT('Ctrl Pts',(35.6258377800047,-0.0954364104563844,
3.08383951975441));
#2726=CARTESIAN_POINT('Ctrl Pts',(35.2938795108021,-0.504616975897031,3.08383951975441));
#2727=CARTESIAN_POINT('Ctrl Pts',(34.8846969344403,-0.836574867035692,3.08383951975441));
#2728=CARTESIAN_POINT('Ctrl Pts',(34.4277282700055,-1.07276720276688,3.08383951975441));
#2729=CARTESIAN_POINT('Ctrl Pts',(33.9536111332535,-1.20897341834881,3.08383951975441));
#2730=CARTESIAN_POINT('Ctrl Pts',(33.4781097196415,-1.25263806329149,3.08383951975441));
#2731=CARTESIAN_POINT('Ctrl Pts',(33.0026065859989,-1.20897522284045,3.08383951975441));
#2732=CARTESIAN_POINT('Ctrl Pts',(32.5284903627557,-1.07276559435622,3.08383951975441));
#2733=CARTESIAN_POINT('Ctrl Pts',(32.0715227318049,-0.836574911956422,3.08383951975441));
#2734=CARTESIAN_POINT('Ctrl Pts',(31.6623368317133,-0.504618458423191,3.08383951975441));
#2735=CARTESIAN_POINT('Ctrl Pts',(31.3303834054988,-0.0954341016141813,
3.08383951975441));
#2736=CARTESIAN_POINT('Ctrl Pts',(31.0941883312923,0.361533348421238,3.08383951975441));
#2737=CARTESIAN_POINT('Ctrl Pts',(30.9579522011071,0.835768120227544,3.08383951975441));
#2738=CARTESIAN_POINT('Ctrl Pts',(30.9285856867504,1.15573629635786,3.08383951975441));
#2739=CARTESIAN_POINT('Ctrl Pts',(30.928615574212,1.31151630213072,3.08383951975441));
#2740=CARTESIAN_POINT('Ctrl Pts',(37.0281155263299,1.31165846541271,2.08333333340445));
#2741=CARTESIAN_POINT('Ctrl Pts',(37.0281464500068,1.09474522082983,2.08333333340445));
#2742=CARTESIAN_POINT('Ctrl Pts',(36.9872626665494,0.64921116902235,2.08333333340445));
#2743=CARTESIAN_POINT('Ctrl Pts',(36.7975578871649,-0.011127529928217,2.08333333340445));
#2744=CARTESIAN_POINT('Ctrl Pts',(36.4686778675443,-0.647428802918284,2.08333333340445));
#2745=CARTESIAN_POINT('Ctrl Pts',(36.0064481296452,-1.21718543307838,2.08333333340445));
#2746=CARTESIAN_POINT('Ctrl Pts',(35.4366887011058,-1.67941464272826,2.08333333340445));
#2747=CARTESIAN_POINT('Ctrl Pts',(34.8003903277152,-2.00829670866824,2.08333333340445));
#2748=CARTESIAN_POINT('Ctrl Pts',(34.1402138528758,-2.19795477406819,2.08333333340445));
#2749=CARTESIAN_POINT('Ctrl Pts',(33.4781098665355,-2.25875487860822,2.08333333340445));
#2750=CARTESIAN_POINT('Ctrl Pts',(32.8160034873147,-2.19795728676831,2.08333333340445));
#2751=CARTESIAN_POINT('Ctrl Pts',(32.1558282823955,-2.00829446878834,2.08333333340445));
#2752=CARTESIAN_POINT('Ctrl Pts',(31.5195313496845,-1.67941470586834,2.08333333340445));
#2753=CARTESIAN_POINT('Ctrl Pts',(30.9497672914952,-1.21718749624824,2.08333333340445));
#2754=CARTESIAN_POINT('Ctrl Pts',(30.4875442989344,-0.647425589128261,2.08333333340445));
#2755=CARTESIAN_POINT('Ctrl Pts',(30.1586584198342,-0.0111289061783282,
2.08333333340445));
#2756=CARTESIAN_POINT('Ctrl Pts',(29.9689587004296,0.64921136701077,2.08333333340445));
#2757=CARTESIAN_POINT('Ctrl Pts',(29.928067788484,1.09474570030296,2.08333333340445));
#2758=CARTESIAN_POINT('Ctrl Pts',(29.9281094050267,1.31165896161178,2.08333333340445));
#2759=CARTESIAN_POINT('Ctrl Pts',(-36.1623133195118,1.31151594605747,3.08383951984513));
#2760=CARTESIAN_POINT('Ctrl Pts',(-37.1628212484104,1.31165846550344,2.08333333340445));
#2761=CARTESIAN_POINT('Ctrl Pts',(-36.1623355278706,1.15573595275345,3.08383951984513));
#2762=CARTESIAN_POINT('Ctrl Pts',(-37.1628521721038,1.09474522089031,2.08333333340445));
#2763=CARTESIAN_POINT('Ctrl Pts',(-36.1329741327436,0.835767977223861,3.08383951984513));
#2764=CARTESIAN_POINT('Ctrl Pts',(-37.1219683886365,0.649211169051551,2.08333333340445));
#2765=CARTESIAN_POINT('Ctrl Pts',(-35.9967343691729,0.36153433751903,3.08383951984513));
#2766=CARTESIAN_POINT('Ctrl Pts',(-36.9322636092454,-0.011127529928217,
2.08333333340445));
#2767=CARTESIAN_POINT('Ctrl Pts',(-35.7605435020088,-0.0954364104063312,
3.08383951984513));
#2768=CARTESIAN_POINT('Ctrl Pts',(-36.6033835896358,-0.647428802918284,
2.08333333340445));
#2769=CARTESIAN_POINT('Ctrl Pts',(-35.4285852328271,-0.504616975832417,
3.08383951984513));
#2770=CARTESIAN_POINT('Ctrl Pts',(-36.1411538517348,-1.21718543307838,2.08333333340445));
#2771=CARTESIAN_POINT('Ctrl Pts',(-35.0194026564798,-0.836574866959265,
3.08383951984513));
#2772=CARTESIAN_POINT('Ctrl Pts',(-35.5713944231845,-1.67941464272826,2.08333333340445));
#2773=CARTESIAN_POINT('Ctrl Pts',(-34.5624339920522,-1.07276720268205,3.08383951984513));
#2774=CARTESIAN_POINT('Ctrl Pts',(-34.9350960497957,-2.00829670866824,2.08333333340445));
#2775=CARTESIAN_POINT('Ctrl Pts',(-34.0883168553171,-1.20897341825914,3.08383951984513));
#2776=CARTESIAN_POINT('Ctrl Pts',(-34.2749195749545,-2.19795477406819,2.08333333340445));
#2777=CARTESIAN_POINT('Ctrl Pts',(-33.6128154417311,-1.25263806320026,3.08383951984513));
#2778=CARTESIAN_POINT('Ctrl Pts',(-33.6128155886142,-2.25875487860822,2.08333333340445));
#2779=CARTESIAN_POINT('Ctrl Pts',(-33.1373123080945,-1.20897522275077,3.08383951984513));
#2780=CARTESIAN_POINT('Ctrl Pts',(-32.9507092093952,-2.19795728676831,2.08333333340445));
#2781=CARTESIAN_POINT('Ctrl Pts',(-32.66319608487,-1.07276559427139,3.08383951984513));
#2782=CARTESIAN_POINT('Ctrl Pts',(-32.2905340044742,-2.00829446878834,2.08333333340445));
#2783=CARTESIAN_POINT('Ctrl Pts',(-32.2062284539464,-0.836574911879995,
3.08383951984513));
#2784=CARTESIAN_POINT('Ctrl Pts',(-31.6542370717759,-1.67941470586834,2.08333333340445));
#2785=CARTESIAN_POINT('Ctrl Pts',(-31.7970425538584,-0.504618458358578,
3.08383951984513));
#2786=CARTESIAN_POINT('Ctrl Pts',(-31.0844730135757,-1.21718749624824,2.08333333340445));
#2787=CARTESIAN_POINT('Ctrl Pts',(-31.4650891276648,-0.0954341015641282,
3.08383951984513));
#2788=CARTESIAN_POINT('Ctrl Pts',(-30.6222500210258,-0.647425589128261,
2.08333333340445));
#2789=CARTESIAN_POINT('Ctrl Pts',(-31.2288940534668,0.36153334845503,3.08383951984513));
#2790=CARTESIAN_POINT('Ctrl Pts',(-30.2933641419147,-0.0111289061783282,
2.08333333340445));
#2791=CARTESIAN_POINT('Ctrl Pts',(-31.0926579232712,0.835768120265432,3.08383951984513));
#2792=CARTESIAN_POINT('Ctrl Pts',(-30.1036644225108,0.649211367039971,2.08333333340445));
#2793=CARTESIAN_POINT('Ctrl Pts',(-31.0632914089158,1.15573629640683,3.08383951984513));
#2794=CARTESIAN_POINT('Ctrl Pts',(-30.0627735105589,1.09474570036344,2.08333333340445));
#2795=CARTESIAN_POINT('Ctrl Pts',(-31.0633212963942,1.31151630219586,3.08383951984513));
#2796=CARTESIAN_POINT('Ctrl Pts',(-30.0628151271182,1.31165896170251,2.08333333340445));
#2797=CARTESIAN_POINT('Ctrl Pts',(36.0276075973288,1.31151891421112,51.0828271468614));
#2798=CARTESIAN_POINT('Ctrl Pts',(37.0281155263299,1.31166143367595,52.0833333334045));
#2799=CARTESIAN_POINT('Ctrl Pts',(36.027629805683,1.15573892087878,51.0828271468613));
#2800=CARTESIAN_POINT('Ctrl Pts',(37.0281464500186,1.09474818902865,52.0833333334045));
#2801=CARTESIAN_POINT('Ctrl Pts',(35.9982684105704,0.835770945346691,51.0828271468613));
#2802=CARTESIAN_POINT('Ctrl Pts',(36.9872626665563,0.649214137164567,52.0833333334045));
#2803=CARTESIAN_POINT('Ctrl Pts',(35.8620286470074,0.361537305627226,51.0828271468613));
#2804=CARTESIAN_POINT('Ctrl Pts',(36.7975578871558,-0.0111245618581961,
52.0833333334045));
#2805=CARTESIAN_POINT('Ctrl Pts',(35.625837779842,-0.0954334422797701,51.0828271468613));
#2806=CARTESIAN_POINT('Ctrl Pts',(36.4686778675352,-0.647425834838259,52.0833333334045));
#2807=CARTESIAN_POINT('Ctrl Pts',(35.2938795106736,-0.504614007689402,51.0828271468613));
#2808=CARTESIAN_POINT('Ctrl Pts',(36.0064481296652,-1.21718246500836,52.0833333334045));
#2809=CARTESIAN_POINT('Ctrl Pts',(34.8846969343428,-0.836571898792901,51.0828271468613));
#2810=CARTESIAN_POINT('Ctrl Pts',(35.4366887011058,-1.67941167464824,52.0833333334045));
#2811=CARTESIAN_POINT('Ctrl Pts',(34.4277282699427,-1.07276423450619,51.0828271468613));
#2812=CARTESIAN_POINT('Ctrl Pts',(34.8003903277443,-2.00829374059822,52.0833333334045));
#2813=CARTESIAN_POINT('Ctrl Pts',(33.9536111331975,-1.20897045008781,51.0828271468613));
#2814=CARTESIAN_POINT('Ctrl Pts',(34.1402138528449,-2.1979518059884,52.0833333334045));
#2815=CARTESIAN_POINT('Ctrl Pts',(33.4781097196615,-1.25263509502717,51.0828271468613));
#2816=CARTESIAN_POINT('Ctrl Pts',(33.4781098665446,-2.25875191053819,52.0833333334045));
#2817=CARTESIAN_POINT('Ctrl Pts',(33.0026065860149,-1.20897225456944,51.0828271468613));
#2818=CARTESIAN_POINT('Ctrl Pts',(32.8160034872947,-2.19795431868829,52.0833333334045));
#2819=CARTESIAN_POINT('Ctrl Pts',(32.5284903628478,-1.07276262609576,51.0828271468613));
#2820=CARTESIAN_POINT('Ctrl Pts',(32.1558282824156,-2.00829150070831,52.0833333334045));
#2821=CARTESIAN_POINT('Ctrl Pts',(32.0715227319224,-0.836571943713631,51.0828271468613));
#2822=CARTESIAN_POINT('Ctrl Pts',(31.5195313496954,-1.67941173778831,52.0833333334045));
#2823=CARTESIAN_POINT('Ctrl Pts',(31.6623368318618,-0.504615490205785,51.0828271468613));
#2824=CARTESIAN_POINT('Ctrl Pts',(30.9497672914843,-1.21718452816822,52.0833333334045));
#2825=CARTESIAN_POINT('Ctrl Pts',(31.3303834056524,-0.0954311334275576,
51.0828271468613));
#2826=CARTESIAN_POINT('Ctrl Pts',(30.4875442989344,-0.647422621048236,52.0833333334045));
#2827=CARTESIAN_POINT('Ctrl Pts',(31.0941883314821,0.361536316563221,51.0828271468613));
#2828=CARTESIAN_POINT('Ctrl Pts',(30.1586584198451,-0.0111259380983029,
52.0833333334045));
#2829=CARTESIAN_POINT('Ctrl Pts',(30.9579522012943,0.835771088388263,51.0828271468613));
#2830=CARTESIAN_POINT('Ctrl Pts',(29.9689587004226,0.649214335152986,52.0833333334045));
#2831=CARTESIAN_POINT('Ctrl Pts',(30.9285856869242,1.15573926454217,51.0828271468613));
#2832=CARTESIAN_POINT('Ctrl Pts',(29.928067788463,1.09474866850178,52.0833333334045));
#2833=CARTESIAN_POINT('Ctrl Pts',(30.9286155744052,1.31151927033944,51.0828271468613));
#2834=CARTESIAN_POINT('Ctrl Pts',(29.9281094050268,1.31166192987502,52.0833333334045));
#2835=CARTESIAN_POINT('Ctrl Pts',(-36.1623133192858,1.31151891429981,51.0828271467378));
#2836=CARTESIAN_POINT('Ctrl Pts',(-36.1623355276545,1.15573892094544,51.0828271467378));
#2837=CARTESIAN_POINT('Ctrl Pts',(-36.1329741325352,0.835770945398273,51.0828271467378));
#2838=CARTESIAN_POINT('Ctrl Pts',(-35.9967343689724,0.36153730567323,51.0828271467378));
#2839=CARTESIAN_POINT('Ctrl Pts',(-35.7605435018184,-0.0954334422116278,
51.0828271467378));
#2840=CARTESIAN_POINT('Ctrl Pts',(-35.428585232677,-0.504614007601437,51.0828271467378));
#2841=CARTESIAN_POINT('Ctrl Pts',(-35.0194026563642,-0.836571898688854,
51.0828271467378));
#2842=CARTESIAN_POINT('Ctrl Pts',(-34.5624339919881,-1.0727642343907,51.0828271467378));
#2843=CARTESIAN_POINT('Ctrl Pts',(-34.088316855264,-1.20897044996572,51.0828271467378));
#2844=CARTESIAN_POINT('Ctrl Pts',(-33.6128154417402,-1.25263509490297,51.0828271467378));
#2845=CARTESIAN_POINT('Ctrl Pts',(-33.1373123081167,-1.20897225444735,51.0828271467378));
#2846=CARTESIAN_POINT('Ctrl Pts',(-32.6631960849743,-1.07276262598027,51.0828271467378));
#2847=CARTESIAN_POINT('Ctrl Pts',(-32.2062284540801,-0.836571943609584,
51.0828271467378));
#2848=CARTESIAN_POINT('Ctrl Pts',(-31.7970425540394,-0.50461549011782,51.0828271467378));
#2849=CARTESIAN_POINT('Ctrl Pts',(-31.4650891278352,-0.0954311333594154,
51.0828271467378));
#2850=CARTESIAN_POINT('Ctrl Pts',(-31.2288940536871,0.361536316609225,51.0828271467378));
#2851=CARTESIAN_POINT('Ctrl Pts',(-31.0926579234996,0.835771088439843,51.0828271467378));
#2852=CARTESIAN_POINT('Ctrl Pts',(-31.0632914091228,1.15573926460884,51.0828271467378));
#2853=CARTESIAN_POINT('Ctrl Pts',(-31.0633212966202,1.31151927042813,51.0828271467378));
#2854=CARTESIAN_POINT('Ctrl Pts',(-37.1628212484104,1.31166143379946,52.0833333334045));
#2855=CARTESIAN_POINT('Ctrl Pts',(-37.1628521721176,1.09474818911099,52.0833333334045));
#2856=CARTESIAN_POINT('Ctrl Pts',(-37.1219683886483,0.649214137204323,52.0833333334045));
#2857=CARTESIAN_POINT('Ctrl Pts',(-36.9322636092345,-0.0111245618581961,
52.0833333334045));
#2858=CARTESIAN_POINT('Ctrl Pts',(-36.6033835896157,-0.647425834838259,
52.0833333334045));
#2859=CARTESIAN_POINT('Ctrl Pts',(-36.1411538517548,-1.21718246500836,52.0833333334045));
#2860=CARTESIAN_POINT('Ctrl Pts',(-35.5713944231954,-1.67941167464824,52.0833333334045));
#2861=CARTESIAN_POINT('Ctrl Pts',(-34.9350960498248,-2.00829374059822,52.0833333334045));
#2862=CARTESIAN_POINT('Ctrl Pts',(-34.2749195749345,-2.1979518059884,52.0833333334045));
#2863=CARTESIAN_POINT('Ctrl Pts',(-33.6128155886342,-2.25875191053819,52.0833333334045));
#2864=CARTESIAN_POINT('Ctrl Pts',(-32.9507092093752,-2.19795431868829,52.0833333334045));
#2865=CARTESIAN_POINT('Ctrl Pts',(-32.2905340044942,-2.00829150070831,52.0833333334045));
#2866=CARTESIAN_POINT('Ctrl Pts',(-31.6542370717759,-1.67941173778831,52.0833333334045));
#2867=CARTESIAN_POINT('Ctrl Pts',(-31.0844730135757,-1.21718452816822,52.0833333334045));
#2868=CARTESIAN_POINT('Ctrl Pts',(-30.6222500210149,-0.647422621048236,
52.0833333334045));
#2869=CARTESIAN_POINT('Ctrl Pts',(-30.2933641419256,-0.0111259380983029,
52.0833333334045));
#2870=CARTESIAN_POINT('Ctrl Pts',(-30.1036644224899,0.649214335192741,52.0833333334045));
#2871=CARTESIAN_POINT('Ctrl Pts',(-30.062773510536,1.09474866858412,52.0833333334045));
#2872=CARTESIAN_POINT('Ctrl Pts',(-30.0628151271182,1.31166192999853,52.0833333334045));
#2873=UNCERTAINTY_MEASURE_WITH_UNIT(LENGTH_MEASURE(0.01),#2877,
'DISTANCE_ACCURACY_VALUE',
'Maximum model space distance between geometric entities at asserted c
onnectivities');
#2874=UNCERTAINTY_MEASURE_WITH_UNIT(LENGTH_MEASURE(0.01),#2877,
'DISTANCE_ACCURACY_VALUE',
'Maximum model space distance between geometric entities at asserted c
onnectivities');
#2875=(
GEOMETRIC_REPRESENTATION_CONTEXT(3)
GLOBAL_UNCERTAINTY_ASSIGNED_CONTEXT((#2873))
GLOBAL_UNIT_ASSIGNED_CONTEXT((#2877,#2879,#2880))
REPRESENTATION_CONTEXT('','3D')
);
#2876=(
GEOMETRIC_REPRESENTATION_CONTEXT(3)
GLOBAL_UNCERTAINTY_ASSIGNED_CONTEXT((#2874))
GLOBAL_UNIT_ASSIGNED_CONTEXT((#2877,#2879,#2880))
REPRESENTATION_CONTEXT('','3D')
);
#2877=(
LENGTH_UNIT()
NAMED_UNIT(*)
SI_UNIT(.MILLI.,.METRE.)
);
#2878=(
LENGTH_UNIT()
NAMED_UNIT(*)
SI_UNIT($,.METRE.)
);
#2879=(
NAMED_UNIT(*)
PLANE_ANGLE_UNIT()
SI_UNIT($,.RADIAN.)
);
#2880=(
NAMED_UNIT(*)
SI_UNIT($,.STERADIAN.)
SOLID_ANGLE_UNIT()
);
#2881=SHAPE_DEFINITION_REPRESENTATION(#2882,#2883);
#2882=PRODUCT_DEFINITION_SHAPE('',$,#2885);
#2883=SHAPE_REPRESENTATION('',(#943),#2875);
#2884=PRODUCT_DEFINITION_CONTEXT('part definition',#2889,'design');
#2885=PRODUCT_DEFINITION('Document',
'OB_Chassis_Bearing_Cover_new_omni v2',#2886,#2884);
#2886=PRODUCT_DEFINITION_FORMATION('',$,#2891);
#2887=PRODUCT_RELATED_PRODUCT_CATEGORY(
'OB_Chassis_Bearing_Cover_new_omni v2',
'OB_Chassis_Bearing_Cover_new_omni v2',(#2891));
#2888=APPLICATION_PROTOCOL_DEFINITION('international standard',
'automotive_design',2009,#2889);
#2889=APPLICATION_CONTEXT(
'Core Data for Automotive Mechanical Design Process');
#2890=PRODUCT_CONTEXT('part definition',#2889,'mechanical');
#2891=PRODUCT('Document','OB_Chassis_Bearing_Cover_new_omni v2',$,(#2890));
#2892=PRESENTATION_STYLE_ASSIGNMENT((#2893));
#2893=SURFACE_STYLE_USAGE(.BOTH.,#2894);
#2894=SURFACE_SIDE_STYLE('',(#2895));
#2895=SURFACE_STYLE_FILL_AREA(#2896);
#2896=FILL_AREA_STYLE('Steel - Satin',(#2897));
#2897=FILL_AREA_STYLE_COLOUR('Steel - Satin',#2898);
#2898=COLOUR_RGB('Steel - Satin',0.627450980392157,0.627450980392157,0.627450980392157);
ENDSEC;
END-ISO-10303-21;
