ISO-10303-21;
HEADER;
/* Generated by software containing ST-Developer
 * from STEP Tools, Inc. (www.steptools.com) 
 */

FILE_DESCRIPTION(
/* description */ (''),
/* implementation_level */ '2;1');

FILE_NAME(
/* name */ 'OB_T_Connector_Middle_smallhole.step',
/* time_stamp */ '2026-01-30T15:59:10+09:00',
/* author */ (''),
/* organization */ (''),
/* preprocessor_version */ 'ST-DEVELOPER v20.1',
/* originating_system */ 'Autodesk Translation Framework v14.24.0.0',
/* authorisation */ '');

FILE_SCHEMA (('AUTOMOTIVE_DESIGN { 1 0 10303 214 3 1 1 }'));
ENDSEC;

DATA;
#10=MECHANICAL_DESIGN_GEOMETRIC_PRESENTATION_REPRESENTATION('',(#13),#7085);
#11=SHAPE_REPRESENTATION_RELATIONSHIP('SRR','None',#7092,#12);
#12=ADVANCED_BREP_SHAPE_REPRESENTATION('',(#14),#7084);
#13=STYLED_ITEM('',(#7101),#14);
#14=MANIFOLD_SOLID_BREP('Body1',#3224);
#15=B_SPLINE_SURFACE_WITH_KNOTS('',1,3,((#6858,#6859,#6860,#6861,#6862,
#6863,#6864,#6865,#6866,#6867,#6868,#6869,#6870,#6871,#6872,#6873,#6874,
#6875,#6876,#6877,#6878,#6879,#6880,#6881,#6882,#6883,#6884,#6885,#6886,
#6887,#6888,#6889,#6890,#6891,#6892,#6893,#6894,#6895,#6896,#6897),(#6898,
#6899,#6900,#6901,#6902,#6903,#6904,#6905,#6906,#6907,#6908,#6909,#6910,
#6911,#6912,#6913,#6914,#6915,#6916,#6917,#6918,#6919,#6920,#6921,#6922,
#6923,#6924,#6925,#6926,#6927,#6928,#6929,#6930,#6931,#6932,#6933,#6934,
#6935,#6936,#6937)),.UNSPECIFIED.,.F.,.F.,.F.,(2,2),(4,2,2,2,2,2,2,2,2,
2,2,2,2,2,2,2,2,2,2,4),(-26819.2824001891,-26816.2824001891),(-3.60511620556281E-12,
2.17036489616466,4.34072979232933,4.88332101637049,5.15461662839107,5.42591224041166,
6.51109468849399,8.68145958465865,17.3629191693173,34.7258383386346,52.0887575079519,
60.7702170926106,62.9405819887752,64.0257644368575,64.2970600488781,64.4327078548884,
64.5683556608987,65.1109468849399,67.2813117811045,69.4516766772731),
 .UNSPECIFIED.);
#16=B_SPLINE_CURVE_WITH_KNOTS('',3,(#4373,#4374,#4375,#4376,#4377,#4378,
#4379,#4380,#4381,#4382,#4383,#4384,#4385,#4386,#4387,#4388,#4389,#4390,
#4391,#4392,#4393,#4394,#4395,#4396,#4397,#4398,#4399,#4400),
 .UNSPECIFIED.,.F.,.F.,(4,3,3,3,3,3,3,3,3,4),(1.65660645233194E-5,0.0152471050832108,
0.0251460860320155,0.0300955765064179,0.0325703217436191,0.0341211940254706,
0.0350450669808203,0.049780224337282,0.0649995697890205,0.0700735339517357),
 .UNSPECIFIED.);
#17=B_SPLINE_CURVE_WITH_KNOTS('',3,(#4427,#4428,#4429,#4430,#4431,#4432,
#4433,#4434,#4435,#4436,#4437,#4438,#4439,#4440,#4441,#4442,#4443,#4444,
#4445,#4446,#4447,#4448,#4449,#4450,#4451,#4452,#4453,#4454,#4455,#4456,
#4457,#4458,#4459,#4460,#4461,#4462,#4463,#4464,#4465,#4466,#4467,#4468,
#4469,#4470,#4471,#4472,#4473,#4474,#4475,#4476,#4477,#4478,#4479,#4480,
#4481,#4482,#4483,#4484,#4485,#4486,#4487,#4488,#4489,#4490,#4491,#4492,
#4493,#4494,#4495,#4496,#4497,#4498,#4499,#4500,#4501,#4502,#4503,#4504,
#4505,#4506,#4507,#4508,#4509,#4510,#4511,#4512,#4513,#4514,#4515,#4516,
#4517,#4518,#4519,#4520,#4521,#4522,#4523),.UNSPECIFIED.,.F.,.F.,(4,3,3,
3,3,3,3,3,3,3,3,3,3,3,3,3,3,3,3,3,3,3,3,3,3,3,3,3,3,3,3,3,4),(5.3406884657647E-11,
0.0154158907527264,0.0226940537482832,0.0370687983313179,0.0470118215586178,
0.0612072825732544,0.0755581109501641,0.0901989927385365,0.10145550505333,
0.12420633468027,0.148895831997349,0.169849070554045,0.173585329314428,
0.193212278273282,0.217745338626295,0.242912002487886,0.262674325707846,
0.285436959572914,0.318600140836903,0.339061867994038,0.351763322100892,
0.372482972574206,0.399464730065161,0.422239683090395,0.423893146361592,
0.438524270029265,0.452958660906872,0.467134359879826,0.478336829855875,
0.492711574438698,0.502654597666035,0.518070488364952,0.525348651371245),
 .UNSPECIFIED.);
#18=B_SPLINE_CURVE_WITH_KNOTS('',3,(#4540,#4541,#4542,#4543,#4544,#4545,
#4546,#4547,#4548,#4549,#4550,#4551,#4552,#4553,#4554,#4555,#4556,#4557,
#4558,#4559,#4560,#4561,#4562,#4563,#4564,#4565,#4566,#4567,#4568,#4569,
#4570,#4571,#4572,#4573,#4574,#4575,#4576,#4577,#4578,#4579,#4580,#4581,
#4582,#4583,#4584,#4585,#4586,#4587,#4588,#4589,#4590,#4591,#4592,#4593,
#4594,#4595,#4596,#4597,#4598,#4599,#4600,#4601,#4602,#4603,#4604,#4605,
#4606,#4607,#4608,#4609,#4610,#4611,#4612,#4613,#4614,#4615,#4616,#4617,
#4618,#4619,#4620,#4621,#4622,#4623,#4624,#4625,#4626,#4627,#4628,#4629,
#4630,#4631,#4632,#4633,#4634,#4635,#4636),.UNSPECIFIED.,.F.,.F.,(4,3,3,
3,3,3,3,3,3,3,3,3,3,3,3,3,3,3,3,3,3,3,3,3,3,3,3,3,3,3,3,3,4),(0.,0.0154158906999128,
0.0226940537525946,0.0370687983359534,0.0470118215678477,0.061207282582482,
0.0755581109595489,0.0901989927480606,0.101455505075087,0.124206334700036,
0.148895832018342,0.169849070575765,0.173585329336647,0.193212278293755,
0.217745338645998,0.242912002503325,0.262674325730069,0.285436959594782,
0.318600140858813,0.339061868015787,0.351763322122845,0.372482972593504,
0.399464730086137,0.422239683111207,0.423893146383694,0.438524270051449,
0.45295866092899,0.46713435990172,0.478336829890781,0.492711574474147,0.502654597705961,
0.518070488405751,0.525348651458498),.UNSPECIFIED.);
#19=B_SPLINE_CURVE_WITH_KNOTS('',3,(#4671,#4672,#4673,#4674,#4675,#4676,
#4677,#4678,#4679,#4680,#4681,#4682,#4683,#4684,#4685,#4686,#4687,#4688,
#4689,#4690,#4691,#4692),.UNSPECIFIED.,.F.,.F.,(4,3,3,3,3,3,3,4),(-0.0700735339258295,
-0.0548429079215419,-0.0400544712445513,-0.0350450669837295,-0.0339693662953865,
-0.0192007819172978,-0.00397673549922474,-1.65660363627302E-5),
 .UNSPECIFIED.);
#20=B_SPLINE_CURVE_WITH_KNOTS('',3,(#4696,#4697,#4698,#4699,#4700,#4701,
#4702,#4703,#4704,#4705,#4706,#4707,#4708,#4709,#4710,#4711,#4712,#4713,
#4714,#4715,#4716,#4717,#4718,#4719,#4720,#4721,#4722,#4723),
 .UNSPECIFIED.,.F.,.F.,(4,3,3,3,3,3,3,3,3,4),(-0.0700586613954132,-0.0575415784885913,
-0.0446578586456377,-0.0390758848801958,-0.036589954060329,-0.0352390621844666,
-0.0341050126163979,-0.0210105058856152,-0.00843481422454461,-2.06852210264674E-6),
 .UNSPECIFIED.);
#21=B_SPLINE_CURVE_WITH_KNOTS('',3,(#4748,#4749,#4750,#4751,#4752,#4753,
#4754,#4755,#4756,#4757,#4758,#4759,#4760,#4761,#4762,#4763,#4764,#4765,
#4766,#4767,#4768,#4769,#4770,#4771,#4772,#4773,#4774,#4775,#4776,#4777,
#4778,#4779,#4780,#4781,#4782,#4783,#4784,#4785,#4786,#4787,#4788,#4789,
#4790,#4791,#4792,#4793,#4794,#4795,#4796,#4797,#4798,#4799,#4800,#4801,
#4802,#4803,#4804,#4805,#4806,#4807,#4808,#4809,#4810,#4811,#4812,#4813,
#4814,#4815,#4816,#4817,#4818,#4819,#4820,#4821,#4822,#4823,#4824,#4825,
#4826,#4827,#4828,#4829,#4830,#4831,#4832,#4833,#4834,#4835,#4836,#4837,
#4838,#4839,#4840,#4841,#4842,#4843,#4844),.UNSPECIFIED.,.F.,.F.,(4,3,3,
3,3,3,3,3,3,3,3,3,3,3,3,3,3,3,3,3,3,3,3,3,3,3,3,3,3,3,3,3,4),(-0.525348651372605,
-0.509932760673496,-0.502654597666947,-0.488279853084073,-0.478336829856917,
-0.464141368842262,-0.449790540465141,-0.435149658676816,-0.423893146362946,
-0.401142316737591,-0.376452819419584,-0.355499580863254,-0.351763322101577,
-0.332136373142458,-0.307603312789142,-0.282436648925231,-0.262674325707456,
-0.239911691838817,-0.206748510576196,-0.186286783418211,-0.173585329313574,
-0.152865678843783,-0.12588392135195,-0.103108968327332,-0.101455505052216,
-0.0868243813844715,-0.0723899905067302,-0.0582142915339218,-0.047011821558124,
-0.0326370769752248,-0.022694053748043,-0.00727816304917067,-4.24831782816802E-11),
 .UNSPECIFIED.);
#22=B_SPLINE_CURVE_WITH_KNOTS('',3,(#4847,#4848,#4849,#4850,#4851,#4852,
#4853,#4854,#4855,#4856,#4857,#4858,#4859,#4860,#4861,#4862,#4863,#4864,
#4865,#4866,#4867,#4868,#4869,#4870,#4871,#4872,#4873,#4874,#4875,#4876,
#4877,#4878,#4879,#4880,#4881,#4882,#4883,#4884,#4885,#4886,#4887,#4888,
#4889,#4890,#4891,#4892,#4893,#4894,#4895,#4896,#4897,#4898,#4899,#4900,
#4901,#4902,#4903,#4904,#4905,#4906,#4907,#4908,#4909,#4910,#4911,#4912,
#4913,#4914,#4915,#4916,#4917,#4918,#4919,#4920,#4921,#4922,#4923,#4924,
#4925,#4926,#4927,#4928,#4929,#4930,#4931,#4932,#4933,#4934,#4935,#4936,
#4937,#4938,#4939,#4940,#4941,#4942,#4943,#4944,#4945,#4946,#4947,#4948,
#4949,#4950,#4951,#4952,#4953,#4954,#4955,#4956,#4957,#4958,#4959,#4960,
#4961,#4962,#4963,#4964),.UNSPECIFIED.,.F.,.F.,(4,3,3,3,3,3,3,3,3,3,3,3,
3,3,3,3,3,3,3,3,3,3,3,3,3,3,3,3,3,3,3,3,3,3,3,3,3,3,3,4),(-0.525348651160556,
-0.509890663110005,-0.494971562584799,-0.480518663231155,-0.466437482141088,
-0.452627276073886,-0.438482673696577,-0.424780090143559,-0.411127754119408,
-0.397321006150386,-0.383290462047176,-0.36899720704807,-0.354454596985164,
-0.33973694738768,-0.324948645581397,-0.310166565735296,-0.29540761432904,
-0.280636265326917,-0.265785760851707,-0.263321102122916,-0.261871794294865,
-0.247020419409505,-0.231581643196411,-0.216800151996194,-0.202000851453557,
-0.187229529739873,-0.172578239959454,-0.158141131837111,-0.143965969515909,
-0.130041557804018,-0.116314828905727,-0.102711484928052,-0.089124339419664,
-0.0754608832841825,-0.0616448134110891,-0.0475994628651263,-0.0330696395945525,
-0.0181967960418339,-0.00277021853237887,0.),.UNSPECIFIED.);
#23=B_SPLINE_CURVE_WITH_KNOTS('',3,(#4981,#4982,#4983,#4984,#4985,#4986,
#4987,#4988,#4989,#4990,#4991,#4992,#4993,#4994,#4995,#4996,#4997,#4998,
#4999,#5000,#5001,#5002,#5003,#5004,#5005,#5006,#5007,#5008,#5009,#5010,
#5011,#5012,#5013,#5014,#5015,#5016,#5017,#5018,#5019,#5020,#5021,#5022,
#5023,#5024,#5025,#5026,#5027,#5028,#5029,#5030,#5031,#5032,#5033,#5034,
#5035,#5036,#5037,#5038,#5039,#5040,#5041,#5042,#5043,#5044,#5045,#5046,
#5047,#5048,#5049,#5050,#5051,#5052,#5053,#5054,#5055,#5056,#5057,#5058,
#5059,#5060,#5061,#5062,#5063,#5064,#5065,#5066,#5067,#5068,#5069,#5070,
#5071,#5072,#5073,#5074,#5075,#5076,#5077,#5078,#5079,#5080,#5081,#5082,
#5083,#5084,#5085,#5086,#5087,#5088,#5089,#5090,#5091,#5092,#5093,#5094,
#5095,#5096,#5097,#5098),.UNSPECIFIED.,.F.,.F.,(4,3,3,3,3,3,3,3,3,3,3,3,
3,3,3,3,3,3,3,3,3,3,3,3,3,3,3,3,3,3,3,3,3,3,3,3,3,3,3,4),(-0.525348651188659,
-0.509890663138165,-0.494971562612997,-0.480518663259374,-0.466437482169387,
-0.452627276102282,-0.438482673724811,-0.424780090171635,-0.411127754147681,
-0.397321006178888,-0.383290462075944,-0.368997207077089,-0.354454597014421,
-0.339736947417184,-0.32494864561111,-0.310166565765171,-0.295407614359093,
-0.280636265357163,-0.265785760882193,-0.263321102156,-0.261871794321945,
-0.247020419436815,-0.231581643223464,-0.216800152023458,-0.202000851481022,
-0.187229529767499,-0.172578239987274,-0.158141131865091,-0.143965969544071,
-0.130041557832359,-0.116314828934238,-0.102711484956756,-0.0891243394485502,
-0.0754608833132348,-0.0616448134403053,-0.0475994628945412,-0.033069639624148,
-0.0181967960716061,-0.002770218562283,-2.31885588886968E-11),
 .UNSPECIFIED.);
#24=B_SPLINE_CURVE_WITH_KNOTS('',3,(#5099,#5100,#5101,#5102,#5103,#5104,
#5105,#5106,#5107,#5108,#5109,#5110,#5111,#5112,#5113,#5114,#5115,#5116,
#5117,#5118,#5119,#5120,#5121,#5122,#5123,#5124,#5125,#5126,#5127,#5128,
#5129,#5130,#5131,#5132,#5133,#5134,#5135,#5136,#5137,#5138,#5139,#5140,
#5141,#5142,#5143,#5144,#5145,#5146,#5147,#5148,#5149,#5150,#5151,#5152,
#5153,#5154,#5155,#5156,#5157,#5158,#5159,#5160,#5161,#5162,#5163,#5164,
#5165,#5166,#5167,#5168,#5169,#5170,#5171,#5172,#5173,#5174,#5175,#5176,
#5177,#5178,#5179,#5180,#5181,#5182,#5183,#5184,#5185,#5186,#5187,#5188,
#5189,#5190,#5191,#5192,#5193,#5194,#5195),.UNSPECIFIED.,.F.,.F.,(4,3,3,
3,3,3,3,3,3,3,3,3,3,3,3,3,3,3,3,3,3,3,3,3,3,3,3,3,3,3,3,3,4),(-0.525348651454112,
-0.509932760754615,-0.502654597701895,-0.488279853118661,-0.478336829887033,
-0.464141368872657,-0.4497905404959,-0.435149658707996,-0.423893146380569,
-0.401142316755862,-0.376452819438388,-0.355499580882546,-0.351763322120913,
-0.332136373162116,-0.307603312808625,-0.282436648946299,-0.26267432572954,
-0.239911691873081,-0.206748510605201,-0.186286783449612,-0.173585329337321,
-0.152865678867111,-0.12588392137468,-0.103108968347788,-0.101455505076143,
-0.0868243814084513,-0.0723899905307331,-0.0582142915577588,-0.047011821568288,
-0.0326370769848825,-0.0226940537528005,-0.00727816305287901,0.),
 .UNSPECIFIED.);
#25=B_SPLINE_CURVE_WITH_KNOTS('',3,(#5228,#5229,#5230,#5231,#5232,#5233),
 .UNSPECIFIED.,.F.,.F.,(4,2,4),(-0.294341287102368,-0.147171696967407,-1.2243343530115E-6),
 .UNSPECIFIED.);
#26=B_SPLINE_CURVE_WITH_KNOTS('',3,(#5692,#5693,#5694,#5695,#5696,#5697,
#5698,#5699,#5700,#5701,#5702,#5703,#5704,#5705,#5706,#5707,#5708,#5709,
#5710,#5711),.UNSPECIFIED.,.F.,.F.,(4,2,2,2,2,2,2,2,2,4),(-0.818920368897042,
-0.78573889436286,-0.747646727649875,-0.665672580287778,-0.493913289367615,
-0.265840872089926,-0.129127339257196,-0.0598759280143052,-0.0283697538968924,
-9.99999998363421E-7),.UNSPECIFIED.);
#27=B_SPLINE_CURVE_WITH_KNOTS('',3,(#5715,#5716,#5717,#5718,#5719,#5720,
#5721,#5722,#5723,#5724,#5725,#5726,#5727,#5728,#5729,#5730,#5731,#5732,
#5733,#5734,#5735,#5736),.UNSPECIFIED.,.F.,.F.,(4,2,2,2,2,2,2,2,2,2,4),
(-0.927011592716845,-0.904982057548127,-0.88124131812695,-0.825329528823731,
-0.705725158467065,-0.46350579640802,-0.221286434351689,-0.101682063997261,
-0.0457702746949879,-0.0220295352742129,-1.05866426736156E-10),
 .UNSPECIFIED.);
#28=B_SPLINE_CURVE_WITH_KNOTS('',3,(#5748,#5749,#5750,#5751,#5752,#5753,
#5754,#5755,#5756,#5757,#5758,#5759,#5760,#5761,#5762,#5763,#5764,#5765,
#5766,#5767),.UNSPECIFIED.,.F.,.F.,(4,2,2,2,2,2,2,2,2,4),(-0.832493350271149,
-0.79955007689323,-0.76192992131951,-0.680433460662615,-0.509597363131325,
-0.283686436511609,-0.136498222902487,-0.0628890501424094,-0.0296961560629719,
-9.99999997586265E-7),.UNSPECIFIED.);
#29=B_SPLINE_CURVE_WITH_KNOTS('',3,(#5775,#5776,#5777,#5778,#5779,#5780,
#5781,#5782,#5783,#5784,#5785,#5786,#5787,#5788,#5789,#5790,#5791,#5792,
#5793,#5794,#5795,#5796),.UNSPECIFIED.,.F.,.F.,(4,2,2,2,2,2,2,2,2,2,4),
(-0.927011592835712,-0.904982057662532,-0.881241318236561,-0.825329528922067,
-0.70572515854258,-0.46350579643389,-0.221286434350165,-0.101682063995021,
-0.0457702746917623,-0.0220295352705782,-1.01840313959656E-10),
 .UNSPECIFIED.);
#30=B_SPLINE_CURVE_WITH_KNOTS('',3,(#5853,#5854,#5855,#5856,#5857,#5858),
 .UNSPECIFIED.,.F.,.F.,(4,2,4),(-2.53115048172595,-1.26558829112364,-5.12123323648509E-5),
 .UNSPECIFIED.);
#31=B_SPLINE_CURVE_WITH_KNOTS('',3,(#5885,#5886,#5887,#5888,#5889,#5890),
 .UNSPECIFIED.,.F.,.F.,(4,2,4),(-2.53109992147545,-1.26556394310272,-1.38685400474792E-6),
 .UNSPECIFIED.);
#32=B_SPLINE_CURVE_WITH_KNOTS('',3,(#5911,#5912,#5913,#5914,#5915,#5916),
 .UNSPECIFIED.,.F.,.F.,(4,2,4),(-2.5310996695383,-1.26556358056291,-1.38996044207751E-6),
 .UNSPECIFIED.);
#33=B_SPLINE_CURVE_WITH_KNOTS('',3,(#5942,#5943,#5944,#5945,#5946,#5947),
 .UNSPECIFIED.,.F.,.F.,(4,2,4),(-2.53115366081906,-1.26559110457055,-5.61090409403896E-5),
 .UNSPECIFIED.);
#34=B_SPLINE_CURVE_WITH_KNOTS('',3,(#6110,#6111,#6112,#6113,#6114,#6115,
#6116,#6117,#6118,#6119,#6120,#6121,#6122,#6123,#6124,#6125,#6126,#6127,
#6128,#6129,#6130,#6131,#6132,#6133,#6134,#6135,#6136,#6137,#6138,#6139,
#6140,#6141,#6142,#6143,#6144,#6145,#6146,#6147,#6148,#6149,#6150,#6151,
#6152,#6153,#6154,#6155,#6156,#6157,#6158,#6159,#6160,#6161,#6162,#6163,
#6164,#6165,#6166,#6167,#6168,#6169,#6170,#6171,#6172,#6173,#6174,#6175,
#6176,#6177,#6178,#6179,#6180,#6181,#6182,#6183,#6184,#6185,#6186,#6187,
#6188,#6189,#6190,#6191,#6192,#6193,#6194,#6195,#6196,#6197,#6198,#6199,
#6200,#6201,#6202,#6203,#6204,#6205,#6206,#6207,#6208,#6209,#6210,#6211,
#6212,#6213,#6214,#6215,#6216,#6217,#6218,#6219,#6220,#6221,#6222,#6223,
#6224),.UNSPECIFIED.,.F.,.F.,(4,3,3,3,3,3,3,3,3,3,3,3,3,3,3,3,3,3,3,3,3,
3,3,3,3,3,3,3,3,3,3,3,3,3,3,3,3,3,4),(0.,0.157294831771236,0.30349951140289,
0.314569768913482,0.454174077158301,0.596477771290096,0.629479932550357,
0.772911155166384,0.919422397125964,1.06766239641973,1.21941487127033,1.256681171282,
1.42908122311039,1.60555602059035,1.79071174631267,1.86351019604169,2.10213340168788,
2.31920349204987,2.5694217722818,2.77496545182127,3.01024823770109,3.23072745337424,
3.46935063327823,3.68642079095484,3.87045244596098,4.04828018732333,4.21979265933617,
4.29324973192939,4.45005004162274,4.59799278727338,4.74405198945569,4.88768086361396,
4.92045097070277,5.06285330532156,5.20265018082706,5.23536113423558,5.38156581011729,
5.39263607133023,5.54993090304556),.UNSPECIFIED.);
#35=B_SPLINE_CURVE_WITH_KNOTS('',3,(#6245,#6246,#6247,#6248,#6249,#6250,
#6251,#6252,#6253,#6254,#6255,#6256,#6257,#6258,#6259,#6260,#6261,#6262,
#6263,#6264,#6265,#6266,#6267,#6268,#6269,#6270,#6271,#6272,#6273,#6274,
#6275,#6276,#6277,#6278,#6279,#6280,#6281,#6282,#6283,#6284,#6285,#6286,
#6287,#6288,#6289,#6290,#6291,#6292,#6293,#6294,#6295,#6296,#6297,#6298,
#6299,#6300,#6301,#6302,#6303,#6304,#6305,#6306,#6307,#6308,#6309,#6310,
#6311,#6312,#6313,#6314,#6315,#6316,#6317,#6318,#6319,#6320,#6321,#6322,
#6323,#6324,#6325,#6326,#6327,#6328,#6329,#6330,#6331,#6332,#6333,#6334,
#6335,#6336,#6337,#6338,#6339,#6340,#6341,#6342,#6343,#6344,#6345,#6346,
#6347,#6348,#6349,#6350,#6351,#6352,#6353,#6354,#6355,#6356,#6357,#6358,
#6359),.UNSPECIFIED.,.F.,.F.,(4,3,3,3,3,3,3,3,3,3,3,3,3,3,3,3,3,3,3,3,3,
3,3,3,3,3,3,3,3,3,3,3,3,3,3,3,3,3,4),(0.,0.15729483170728,0.303499498306798,
0.314569768838065,0.454174077481915,0.596477772114401,0.629479932386165,
0.772911154778522,0.919422396498604,1.06766239555297,1.2194148701477,1.25668117111732,
1.42908122267977,1.60555601931657,1.79071174169788,1.86351011209187,2.10213329392011,
2.31920344974229,2.56942173384337,2.77496545122538,3.01024823690353,3.23072741107959,
3.4693506119835,3.68642070700479,3.87045236608628,4.04828011011177,4.21979258301531,
4.29324973176346,4.45005004144442,4.5979927875842,4.74405199026843,4.88768086486687,
4.92045097048731,5.0628533036909,5.20265017817514,5.23536113414447,5.38156581079029,
5.39263607128427,5.54993090304749),.UNSPECIFIED.);
#36=B_SPLINE_CURVE_WITH_KNOTS('',3,(#6407,#6408,#6409,#6410,#6411,#6412,
#6413,#6414,#6415,#6416,#6417,#6418,#6419,#6420,#6421,#6422,#6423,#6424,
#6425,#6426,#6427,#6428,#6429,#6430,#6431,#6432,#6433,#6434,#6435,#6436,
#6437,#6438,#6439,#6440,#6441,#6442,#6443,#6444,#6445,#6446,#6447,#6448,
#6449,#6450,#6451,#6452,#6453,#6454,#6455,#6456,#6457,#6458,#6459,#6460,
#6461,#6462,#6463,#6464,#6465,#6466,#6467,#6468,#6469,#6470,#6471,#6472,
#6473,#6474,#6475,#6476,#6477,#6478,#6479,#6480,#6481,#6482,#6483,#6484,
#6485,#6486,#6487,#6488,#6489,#6490,#6491,#6492,#6493,#6494,#6495,#6496,
#6497,#6498,#6499,#6500,#6501,#6502,#6503,#6504,#6505,#6506,#6507,#6508,
#6509,#6510,#6511,#6512,#6513,#6514,#6515,#6516,#6517,#6518,#6519,#6520,
#6521,#6522,#6523,#6524,#6525,#6526,#6527,#6528,#6529,#6530,#6531,#6532,
#6533,#6534,#6535,#6536,#6537,#6538,#6539,#6540,#6541,#6542,#6543,#6544,
#6545,#6546,#6547,#6548,#6549,#6550,#6551,#6552,#6553,#6554,#6555,#6556,
#6557,#6558,#6559,#6560),.UNSPECIFIED.,.F.,.F.,(4,3,3,3,3,3,3,3,3,3,3,3,
3,3,3,3,3,3,3,3,3,3,3,3,3,3,3,3,3,3,3,3,3,3,3,3,3,3,3,3,3,3,3,3,3,3,3,3,
3,3,3,4),(-1.83170331876839,-1.79198595604046,-1.75329861162569,-1.71555303981301,
-1.67863024607237,-1.64239614386852,-1.60671130583881,-1.57143604203554,
-1.53643253065031,-1.5015654307874,-1.46670207141754,-1.43171317902172,
-1.39647522387134,-1.36087577849384,-1.32482352580557,-1.28826390340242,
-1.25119814477481,-1.2120982027506,-1.17416642591413,-1.13616160530336,
-1.09817702296473,-1.06024101472281,-1.02232343459045,-0.984352206646972,
-0.946229010217715,-0.916659353648412,-0.914418498068232,-0.876251441168624,
-0.838262675389483,-0.800349319253248,-0.762432780820777,-0.724472988595515,
-0.686484904727905,-0.648548582131074,-0.610798725209894,-0.572623804884276,
-0.535912297127115,-0.499700645537128,-0.463950632295724,-0.428585604359192,
-0.393506164734986,-0.358601062475888,-0.323753494926061,-0.288844202712882,
-0.252738677373772,-0.217129280452704,-0.181072429471205,-0.144461135871798,
-0.10676768559449,-0.0683955690453275,-0.0288230491015173,0.),
 .UNSPECIFIED.);
#37=B_SPLINE_CURVE_WITH_KNOTS('',3,(#6575,#6576,#6577,#6578,#6579,#6580,
#6581,#6582,#6583,#6584,#6585,#6586,#6587,#6588,#6589,#6590,#6591,#6592,
#6593,#6594,#6595,#6596,#6597,#6598,#6599,#6600,#6601,#6602,#6603,#6604,
#6605,#6606,#6607,#6608,#6609,#6610,#6611,#6612,#6613,#6614,#6615,#6616,
#6617,#6618,#6619,#6620,#6621,#6622,#6623,#6624,#6625,#6626,#6627,#6628,
#6629,#6630,#6631,#6632,#6633,#6634,#6635,#6636,#6637,#6638,#6639,#6640,
#6641,#6642,#6643,#6644,#6645,#6646,#6647,#6648,#6649,#6650,#6651,#6652,
#6653,#6654,#6655,#6656,#6657,#6658,#6659,#6660,#6661,#6662,#6663,#6664,
#6665,#6666,#6667,#6668,#6669,#6670,#6671,#6672,#6673,#6674,#6675,#6676,
#6677,#6678,#6679,#6680,#6681,#6682,#6683,#6684,#6685,#6686,#6687,#6688,
#6689,#6690,#6691,#6692,#6693,#6694,#6695,#6696,#6697,#6698,#6699,#6700,
#6701,#6702,#6703,#6704,#6705,#6706,#6707,#6708,#6709,#6710,#6711,#6712,
#6713,#6714,#6715,#6716,#6717,#6718,#6719,#6720,#6721,#6722,#6723,#6724,
#6725,#6726,#6727,#6728),.UNSPECIFIED.,.F.,.F.,(4,3,3,3,3,3,3,3,3,3,3,3,
3,3,3,3,3,3,3,3,3,3,3,3,3,3,3,3,3,3,3,3,3,3,3,3,3,3,3,3,3,3,3,3,3,3,3,3,
3,3,3,4),(-1.71214795449637,-1.67502294595607,-1.63886072638377,-1.60357880987023,
-1.56906596866412,-1.53519686806482,-1.50184118114047,-1.46886833551295,
-1.43614950500996,-1.40355818244268,-1.37097035622622,-1.33826519053055,
-1.30532721841834,-1.27205135056358,-1.23835223015322,-1.20417885607383,
-1.16953238130572,-1.13298449438992,-1.09752852646346,-1.06200428233339,
-1.02649895552246,-0.991039032374638,-0.955596334532733,-0.920103490474885,
-0.884468596921703,-0.856828953267899,-0.85473435844012,-0.819058467191554,
-0.783549229993486,-0.748110480447141,-0.712668756313321,-0.677186601563965,
-0.641678001769119,-0.60621778478425,-0.570931862851487,-0.535248621423269,
-0.500933275554243,-0.467085160216167,-0.43366855206935,-0.400611801217926,
-0.367821998315739,-0.335195153770436,-0.302622088641268,-0.269991327620582,
-0.236242411668009,-0.202957241807477,-0.169253823234704,-0.135032150540437,
-0.0997989535870883,-0.0639313869422931,-0.0269417672904982,0.),
 .UNSPECIFIED.);
#38=B_SPLINE_CURVE_WITH_KNOTS('',3,(#6744,#6745,#6746,#6747,#6748,#6749,
#6750,#6751,#6752,#6753,#6754,#6755,#6756,#6757,#6758,#6759,#6760,#6761,
#6762,#6763,#6764,#6765,#6766,#6767,#6768,#6769,#6770,#6771,#6772,#6773,
#6774,#6775,#6776,#6777,#6778,#6779,#6780,#6781,#6782,#6783),
 .UNSPECIFIED.,.F.,.F.,(4,2,2,2,2,2,2,2,2,2,2,2,2,2,2,2,2,2,2,4),(-69.4612638717564,
-67.2905993757641,-65.1199348797717,-64.5772687557735,-64.441602224774,
-64.3059356937746,-64.0346026317755,-62.9492703837793,-60.7786058877869,
-52.0959479038173,-34.7306319358783,-17.3653159679391,-8.68265798396957,
-6.51199348797717,-5.42666123998098,-5.15532817798193,-4.88399511598287,
-4.34132899198479,-2.17066449599239,-4.89978549389913E-7),.UNSPECIFIED.);
#39=B_SPLINE_CURVE_WITH_KNOTS('',3,(#6798,#6799,#6800,#6801,#6802,#6803,
#6804,#6805,#6806,#6807,#6808,#6809,#6810,#6811,#6812,#6813,#6814,#6815,
#6816,#6817,#6818,#6819,#6820,#6821,#6822,#6823,#6824,#6825,#6826,#6827,
#6828,#6829,#6830,#6831,#6832,#6833,#6834,#6835,#6836,#6837,#6838,#6839,
#6840,#6841,#6842,#6843,#6844,#6845,#6846,#6847,#6848,#6849),
 .UNSPECIFIED.,.F.,.F.,(4,3,3,3,3,3,3,3,3,3,3,3,3,3,3,3,3,4),(0.,0.234285166673341,
0.77687735578959,1.04817345034771,1.31946954490585,2.40465392313835,4.57502267960337,
13.2564977054634,30.6194477571835,47.9823978089036,56.6638728347638,58.8342415912287,
59.9194259694612,60.1907220640193,60.3263701112984,60.4620181585775,61.0046103476938,
61.2387579290624),.UNSPECIFIED.);
#40=B_SPLINE_CURVE_WITH_KNOTS('',3,(#6938,#6939,#6940,#6941,#6942,#6943,
#6944,#6945,#6946),.UNSPECIFIED.,.F.,.F.,(4,2,3,4),(3.01878067815144E-11,
0.982481210608624,1.96483376634023,4.24492841705359),.UNSPECIFIED.);
#41=B_SPLINE_CURVE_WITH_KNOTS('',3,(#6947,#6948,#6949,#6950,#6951,#6952,
#6953,#6954,#6955),.UNSPECIFIED.,.F.,.F.,(4,3,2,4),(-4.24499259498978,-1.96485963407095,
-0.982498703814306,-2.00679847452109E-11),.UNSPECIFIED.);
#42=ELLIPSE('',#3258,2.66414216769939,2.52327447832925);
#43=ELLIPSE('',#3259,2.66414216769892,2.52327447835019);
#44=ELLIPSE('',#3263,32.4055555823014,20.252528434702);
#45=ELLIPSE('',#3264,32.4055555805555,20.2525284341585);
#46=ELLIPSE('',#3265,2.03425360616327,1.50000003015138);
#47=ELLIPSE('',#3268,2.03425352317254,1.50000000000583);
#48=ELLIPSE('',#3270,2.03425352317254,1.50000000002769);
#49=ELLIPSE('',#3272,5.66212819515055,2.32080473812473);
#50=ELLIPSE('',#3273,5.66212819515055,2.32080473812373);
#51=ELLIPSE('',#3278,5.66212819515055,2.32080473812325);
#52=ELLIPSE('',#3279,5.66212819515055,2.32080473812267);
#53=ELLIPSE('',#3281,32.4055555806674,20.2525284341709);
#54=ELLIPSE('',#3282,32.4055555802391,20.2525284341316);
#55=ELLIPSE('',#3284,6.89803472055604,5.08641227013015);
#56=ELLIPSE('',#3285,6.89803472055604,5.08641227013961);
#57=ELLIPSE('',#3287,2.01582626494053,1.48641227011719);
#58=ELLIPSE('',#3288,2.01582626494053,1.48641227012621);
#59=ELLIPSE('',#3290,6.89803472055604,5.08641227012575);
#60=ELLIPSE('',#3291,6.89803472055604,5.08641227013961);
#61=ELLIPSE('',#3292,2.01582626494053,1.48641227014189);
#62=ELLIPSE('',#3293,2.01582626494053,1.48641227012919);
#63=ELLIPSE('',#3303,5.66212819515017,2.32080473602584);
#64=ELLIPSE('',#3305,5.66212819514952,2.32080473602634);
#65=ELLIPSE('',#3309,5.66212819515025,2.32080473603046);
#66=ELLIPSE('',#3311,5.66212819515009,2.32080473602002);
#67=ELLIPSE('',#3320,5.66212819514994,2.32080473667729);
#68=ELLIPSE('',#3322,5.66212819515018,2.32080473603807);
#69=ELLIPSE('',#3326,5.66212819514976,2.32080473671563);
#70=ELLIPSE('',#3328,5.6621281951497,2.3208047360313);
#71=ELLIPSE('',#3348,2.52327447832772,1.66089026819934);
#72=ELLIPSE('',#3349,2.52327447832772,1.66089026819934);
#73=ELLIPSE('',#3404,6.898034720555,5.08641227013862);
#74=ELLIPSE('',#3405,6.898034720555,5.08641227012922);
#75=ELLIPSE('',#3406,2.01582626494001,1.48641227012874);
#76=ELLIPSE('',#3407,2.01582626494001,1.48641227014195);
#77=ELLIPSE('',#3408,2.01582626494047,1.48641227012832);
#78=ELLIPSE('',#3410,2.01582626494047,1.48641227014577);
#79=(
BOUNDED_SURFACE()
B_SPLINE_SURFACE(2,1,((#4292,#4293),(#4294,#4295),(#4296,#4297)),
 .UNSPECIFIED.,.F.,.F.,.F.)
B_SPLINE_SURFACE_WITH_KNOTS((3,3),(2,2),(-500.605093707968,-495.892704727581),
(0.,1718.46985850764),.UNSPECIFIED.)
GEOMETRIC_REPRESENTATION_ITEM()
RATIONAL_B_SPLINE_SURFACE(((1.,1.),(0.707106781186354,0.707106781186354),
(1.,1.)))
REPRESENTATION_ITEM('')
SURFACE()
);
#80=(
BOUNDED_SURFACE()
B_SPLINE_SURFACE(2,1,((#4330,#4331),(#4332,#4333),(#4334,#4335),(#4336,
#4337),(#4338,#4339)),.UNSPECIFIED.,.F.,.F.,.F.)
B_SPLINE_SURFACE_WITH_KNOTS((3,2,3),(2,2),(0.,52.6580840154637,105.31616803093),
(0.,12.836450980308),.UNSPECIFIED.)
GEOMETRIC_REPRESENTATION_ITEM()
RATIONAL_B_SPLINE_SURFACE(((1.,1.),(0.707106781186548,0.707106781186548),
(1.,1.),(0.707106781186525,0.707106781186525),(1.,1.)))
REPRESENTATION_ITEM('')
SURFACE()
);
#81=(
BOUNDED_SURFACE()
B_SPLINE_SURFACE(2,1,((#4348,#4349),(#4350,#4351),(#4352,#4353),(#4354,
#4355),(#4356,#4357),(#4358,#4359),(#4360,#4361),(#4362,#4363),(#4364,#4365)),
 .UNSPECIFIED.,.T.,.F.,.F.)
B_SPLINE_SURFACE_WITH_KNOTS((3,2,2,2,3),(2,2),(0.,3.534253523173,7.06850704634601,
10.602760569519,14.137014092692),(0.,254.267139539542),.UNSPECIFIED.)
GEOMETRIC_REPRESENTATION_ITEM()
RATIONAL_B_SPLINE_SURFACE(((1.,1.),(0.707106781186548,0.707106781186548),
(1.,1.),(0.707106781186548,0.707106781186548),(1.,1.),(0.707106781186548,
0.707106781186548),(1.,1.),(0.707106781186548,0.707106781186548),(1.,1.)))
REPRESENTATION_ITEM('')
SURFACE()
);
#82=(
BOUNDED_SURFACE()
B_SPLINE_SURFACE(2,1,((#4413,#4414),(#4415,#4416),(#4417,#4418),(#4419,
#4420),(#4421,#4422)),.UNSPECIFIED.,.F.,.F.,.F.)
B_SPLINE_SURFACE_WITH_KNOTS((3,2,3),(2,2),(-30.0570170728947,-27.7008225826891,
-25.3446280924803),(0.,12.8364509803083),.UNSPECIFIED.)
GEOMETRIC_REPRESENTATION_ITEM()
RATIONAL_B_SPLINE_SURFACE(((1.,1.),(0.707106781184896,0.707106781184896),
(1.,1.),(0.707106781184514,0.707106781184514),(1.,1.)))
REPRESENTATION_ITEM('')
SURFACE()
);
#83=(
BOUNDED_SURFACE()
B_SPLINE_SURFACE(2,1,((#4530,#4531),(#4532,#4533),(#4534,#4535),(#4536,
#4537),(#4538,#4539)),.UNSPECIFIED.,.F.,.F.,.F.)
B_SPLINE_SURFACE_WITH_KNOTS((3,2,3),(2,2),(-20.9800867800227,-18.6238922895756,
-16.2676977991273),(0.,12.8364509803084),.UNSPECIFIED.)
GEOMETRIC_REPRESENTATION_ITEM()
RATIONAL_B_SPLINE_SURFACE(((1.00000000006332,1.00000000006332),(0.707106781154887,
0.707106781154887),(1.,1.),(0.707106781154722,0.707106781154722),(1.00000000006365,
1.00000000006365)))
REPRESENTATION_ITEM('')
SURFACE()
);
#84=(
BOUNDED_SURFACE()
B_SPLINE_SURFACE(2,1,((#4651,#4652),(#4653,#4654),(#4655,#4656),(#4657,
#4658),(#4659,#4660),(#4661,#4662),(#4663,#4664),(#4665,#4666),(#4667,#4668)),
 .UNSPECIFIED.,.T.,.F.,.F.)
B_SPLINE_SURFACE_WITH_KNOTS((3,2,2,2,3),(2,2),(0.,3.534253523173,7.06850704634601,
10.602760569519,14.137014092692),(0.,254.267139539542),.UNSPECIFIED.)
GEOMETRIC_REPRESENTATION_ITEM()
RATIONAL_B_SPLINE_SURFACE(((1.,1.),(0.707106781186548,0.707106781186548),
(1.,1.),(0.707106781186548,0.707106781186548),(1.,1.),(0.707106781186548,
0.707106781186548),(1.,1.),(0.707106781186548,0.707106781186548),(1.,1.)))
REPRESENTATION_ITEM('')
SURFACE()
);
#85=(
BOUNDED_SURFACE()
B_SPLINE_SURFACE(2,1,((#4737,#4738),(#4739,#4740),(#4741,#4742),(#4743,
#4744),(#4745,#4746)),.UNSPECIFIED.,.F.,.F.,.F.)
B_SPLINE_SURFACE_WITH_KNOTS((3,2,3),(2,2),(-30.0570170728844,-27.7008225826891,
-25.3446280924967),(0.,12.8364509803084),.UNSPECIFIED.)
GEOMETRIC_REPRESENTATION_ITEM()
RATIONAL_B_SPLINE_SURFACE(((1.,1.),(0.707106781186173,0.707106781186173),
(1.,1.),(0.707106781186548,0.707106781186548),(1.,1.)))
REPRESENTATION_ITEM('')
SURFACE()
);
#86=(
BOUNDED_SURFACE()
B_SPLINE_SURFACE(2,1,((#4971,#4972),(#4973,#4974),(#4975,#4976),(#4977,
#4978),(#4979,#4980)),.UNSPECIFIED.,.F.,.F.,.F.)
B_SPLINE_SURFACE_WITH_KNOTS((3,2,3),(2,2),(-20.9800867800303,-18.6238922895756,
-16.2676977991197),(0.,12.8364509803083),.UNSPECIFIED.)
GEOMETRIC_REPRESENTATION_ITEM()
RATIONAL_B_SPLINE_SURFACE(((1.00000000006519,1.00000000006519),(0.707106781153952,
0.707106781153952),(1.,1.),(0.707106781153772,0.707106781153772),(1.00000000006555,
1.00000000006555)))
REPRESENTATION_ITEM('')
SURFACE()
);
#87=(
BOUNDED_SURFACE()
B_SPLINE_SURFACE(2,1,((#5215,#5216),(#5217,#5218),(#5219,#5220),(#5221,
#5222),(#5223,#5224)),.UNSPECIFIED.,.F.,.F.,.F.)
B_SPLINE_SURFACE_WITH_KNOTS((3,2,3),(2,2),(-3.74456021745573E-12,52.6580840154535,
105.316168030907),(0.,12.8364509803077),.UNSPECIFIED.)
GEOMETRIC_REPRESENTATION_ITEM()
RATIONAL_B_SPLINE_SURFACE(((1.,1.),(0.707106781186528,0.707106781186528),
(1.,1.),(0.707106781186548,0.707106781186548),(1.,1.)))
REPRESENTATION_ITEM('')
SURFACE()
);
#88=(
BOUNDED_SURFACE()
B_SPLINE_SURFACE(2,1,((#5288,#5289),(#5290,#5291),(#5292,#5293),(#5294,
#5295),(#5296,#5297)),.UNSPECIFIED.,.F.,.F.,.F.)
B_SPLINE_SURFACE_WITH_KNOTS((3,2,3),(2,2),(-35.6329848502795,-33.2981339162456,
-30.9632829822104),(0.,1904.33624402948),.UNSPECIFIED.)
GEOMETRIC_REPRESENTATION_ITEM()
RATIONAL_B_SPLINE_SURFACE(((1.,1.),(0.707106781186282,0.707106781186282),
(1.,1.),(0.707106781186124,0.707106781186124),(1.,1.)))
REPRESENTATION_ITEM('')
SURFACE()
);
#89=(
BOUNDED_SURFACE()
B_SPLINE_SURFACE(2,1,((#5302,#5303),(#5304,#5305),(#5306,#5307),(#5308,
#5309),(#5310,#5311)),.UNSPECIFIED.,.F.,.F.,.F.)
B_SPLINE_SURFACE_WITH_KNOTS((3,2,3),(2,2),(-26.8684578122281,-24.5336068781955,
-22.1987559441569),(0.,1904.33624402948),.UNSPECIFIED.)
GEOMETRIC_REPRESENTATION_ITEM()
RATIONAL_B_SPLINE_SURFACE(((1.,1.),(0.707106781186454,0.707106781186454),
(1.,1.),(0.70710678118569,0.70710678118569),(1.,1.)))
REPRESENTATION_ITEM('')
SURFACE()
);
#90=(
BOUNDED_SURFACE()
B_SPLINE_SURFACE(2,1,((#5314,#5315),(#5316,#5317),(#5318,#5319),(#5320,
#5321),(#5322,#5323)),.UNSPECIFIED.,.F.,.F.,.F.)
B_SPLINE_SURFACE_WITH_KNOTS((3,2,3),(2,2),(-17.5290540761009,-15.1942031420684,
-12.8593522080357),(0.,1902.46441736842),.UNSPECIFIED.)
GEOMETRIC_REPRESENTATION_ITEM()
RATIONAL_B_SPLINE_SURFACE(((1.,1.),(0.70710678118646,0.70710678118646),
(1.,1.),(0.707106781186437,0.707106781186437),(1.,1.)))
REPRESENTATION_ITEM('')
SURFACE()
);
#91=(
BOUNDED_SURFACE()
B_SPLINE_SURFACE(2,1,((#5328,#5329),(#5330,#5331),(#5332,#5333),(#5334,
#5335),(#5336,#5337)),.UNSPECIFIED.,.F.,.F.,.F.)
B_SPLINE_SURFACE_WITH_KNOTS((3,2,3),(2,2),(-8.76452703805195,-6.4296761040183,
-4.09482516998599),(0.,1902.46441736842),.UNSPECIFIED.)
GEOMETRIC_REPRESENTATION_ITEM()
RATIONAL_B_SPLINE_SURFACE(((1.,1.),(0.707106781186314,0.707106781186314),
(1.,1.),(0.707106781186482,0.707106781186482),(1.,1.)))
REPRESENTATION_ITEM('')
SURFACE()
);
#92=(
BOUNDED_SURFACE()
B_SPLINE_SURFACE(2,1,((#5350,#5351),(#5352,#5353),(#5354,#5355),(#5356,
#5357),(#5358,#5359)),.UNSPECIFIED.,.F.,.F.,.F.)
B_SPLINE_SURFACE_WITH_KNOTS((3,2,3),(2,2),(-20.9801301748495,-18.6238922895756,
-16.2676544043041),(-3.94351218346856E-13,106.970424835921),
 .UNSPECIFIED.)
GEOMETRIC_REPRESENTATION_ITEM()
RATIONAL_B_SPLINE_SURFACE(((1.00001078888795,1.00001078888795),(0.707101386841922,
0.707101386841922),(1.,1.),(0.707101386842193,0.707101386842193),(1.00001078888741,
1.00001078888741)))
REPRESENTATION_ITEM('')
SURFACE()
);
#93=(
BOUNDED_SURFACE()
B_SPLINE_SURFACE(2,1,((#5367,#5368),(#5369,#5370),(#5371,#5372),(#5373,
#5374),(#5375,#5376)),.UNSPECIFIED.,.F.,.F.,.F.)
B_SPLINE_SURFACE_WITH_KNOTS((3,2,3),(2,2),(-30.0570170728841,-27.7008225826891,
-25.3446280924931),(-8.89954776539525E-13,106.970424835921),
 .UNSPECIFIED.)
GEOMETRIC_REPRESENTATION_ITEM()
RATIONAL_B_SPLINE_SURFACE(((1.,1.),(0.707106781186214,0.707106781186214),
(1.,1.),(0.7071067811861,0.7071067811861),(1.,1.)))
REPRESENTATION_ITEM('')
SURFACE()
);
#94=(
BOUNDED_SURFACE()
B_SPLINE_SURFACE(2,1,((#5384,#5385),(#5386,#5387),(#5388,#5389),(#5390,
#5391),(#5392,#5393),(#5394,#5395),(#5396,#5397),(#5398,#5399),(#5400,#5401)),
 .UNSPECIFIED.,.T.,.F.,.F.)
B_SPLINE_SURFACE_WITH_KNOTS((3,2,2,2,3),(2,2),(0.,9.75404689203,19.50809378406,
29.2621406760901,39.01618756812),(0.,8952.57419796792),.UNSPECIFIED.)
GEOMETRIC_REPRESENTATION_ITEM()
RATIONAL_B_SPLINE_SURFACE(((1.,1.),(0.707106781186548,0.707106781186548),
(1.,1.),(0.707106781186548,0.707106781186548),(1.,1.),(0.707106781186548,
0.707106781186548),(1.,1.),(0.707106781186548,0.707106781186548),(1.,1.)))
REPRESENTATION_ITEM('')
SURFACE()
);
#95=(
BOUNDED_SURFACE()
B_SPLINE_SURFACE(1,2,((#5409,#5410,#5411,#5412,#5413),(#5414,#5415,#5416,
#5417,#5418)),.UNSPECIFIED.,.F.,.F.,.F.)
B_SPLINE_SURFACE_WITH_KNOTS((2,2),(3,2,3),(-2.04281036531029E-13,106.970424835921),
(-20.980131824459,-18.6238922895756,-16.2676527546871),.UNSPECIFIED.)
GEOMETRIC_REPRESENTATION_ITEM()
RATIONAL_B_SPLINE_SURFACE(((1.00001119902181,0.707101181782693,1.,0.707101181782025,
1.00001119902315),(1.00001119902181,0.707101181782693,1.,0.707101181782025,
1.00001119902315)))
REPRESENTATION_ITEM('')
SURFACE()
);
#96=(
BOUNDED_SURFACE()
B_SPLINE_SURFACE(1,2,((#5426,#5427,#5428,#5429,#5430),(#5431,#5432,#5433,
#5434,#5435)),.UNSPECIFIED.,.F.,.F.,.F.)
B_SPLINE_SURFACE_WITH_KNOTS((2,2),(3,2,3),(-4.52970994047064E-14,106.970424835921),
(-30.0570170728867,-27.7008225826891,-25.3446280924967),.UNSPECIFIED.)
GEOMETRIC_REPRESENTATION_ITEM()
RATIONAL_B_SPLINE_SURFACE(((1.,0.70710678118588,1.,0.707106781186548,1.),
(1.,0.707106781185879,1.,0.707106781186548,1.)))
REPRESENTATION_ITEM('')
SURFACE()
);
#97=(
BOUNDED_SURFACE()
B_SPLINE_SURFACE(1,2,((#5443,#5444,#5445,#5446,#5447,#5448,#5449,#5450,
#5451),(#5452,#5453,#5454,#5455,#5456,#5457,#5458,#5459,#5460)),
 .UNSPECIFIED.,.F.,.T.,.F.)
B_SPLINE_SURFACE_WITH_KNOTS((2,2),(3,2,2,2,3),(0.,8952.57419796792),(0.,
9.75404689203,19.50809378406,29.2621406760901,39.01618756812),
 .UNSPECIFIED.)
GEOMETRIC_REPRESENTATION_ITEM()
RATIONAL_B_SPLINE_SURFACE(((1.,0.707106781186548,1.,0.707106781186548,1.,
0.707106781186548,1.,0.707106781186548,1.),(1.,0.707106781186548,1.,0.707106781186548,
1.,0.707106781186548,1.,0.707106781186548,1.)))
REPRESENTATION_ITEM('')
SURFACE()
);
#98=(
BOUNDED_SURFACE()
B_SPLINE_SURFACE(2,1,((#5494,#5495),(#5496,#5497),(#5498,#5499),(#5500,
#5501),(#5502,#5503)),.UNSPECIFIED.,.F.,.F.,.F.)
B_SPLINE_SURFACE_WITH_KNOTS((3,2,3),(2,2),(-20.9800867797706,-18.6238922895756,
-16.2676977993816),(-7.63833440942108E-14,106.970424835921),
 .UNSPECIFIED.)
GEOMETRIC_REPRESENTATION_ITEM()
RATIONAL_B_SPLINE_SURFACE(((1.,1.),(0.707106781186231,0.707106781186231),
(1.,1.),(0.707106781186331,0.707106781186331),(1.,1.)))
REPRESENTATION_ITEM('')
SURFACE()
);
#99=(
BOUNDED_SURFACE()
B_SPLINE_SURFACE(2,1,((#5511,#5512),(#5513,#5514),(#5515,#5516),(#5517,
#5518),(#5519,#5520)),.UNSPECIFIED.,.F.,.F.,.F.)
B_SPLINE_SURFACE_WITH_KNOTS((3,2,3),(2,2),(-30.0570611548506,-27.7008225826891,
-25.3445840105283),(-4.67181848762266E-13,106.970424835921),
 .UNSPECIFIED.)
GEOMETRIC_REPRESENTATION_ITEM()
RATIONAL_B_SPLINE_SURFACE(((1.00001095966521,1.00001095966521),(0.707101301456464,
0.707101301456464),(1.,1.),(0.707101301456553,0.707101301456553),(1.00001095966504,
1.00001095966504)))
REPRESENTATION_ITEM('')
SURFACE()
);
#100=(
BOUNDED_SURFACE()
B_SPLINE_SURFACE(2,1,((#5528,#5529),(#5530,#5531),(#5532,#5533),(#5534,
#5535),(#5536,#5537),(#5538,#5539),(#5540,#5541),(#5542,#5543),(#5544,#5545)),
 .UNSPECIFIED.,.T.,.F.,.F.)
B_SPLINE_SURFACE_WITH_KNOTS((3,2,2,2,3),(2,2),(0.,9.75404689203,19.50809378406,
29.2621406760901,39.01618756812),(0.,8952.57419796792),.UNSPECIFIED.)
GEOMETRIC_REPRESENTATION_ITEM()
RATIONAL_B_SPLINE_SURFACE(((1.,1.),(0.707106781186548,0.707106781186548),
(1.,1.),(0.707106781186548,0.707106781186548),(1.,1.),(0.707106781186548,
0.707106781186548),(1.,1.),(0.707106781186548,0.707106781186548),(1.,1.)))
REPRESENTATION_ITEM('')
SURFACE()
);
#101=(
BOUNDED_SURFACE()
B_SPLINE_SURFACE(1,2,((#5553,#5554,#5555,#5556,#5557),(#5558,#5559,#5560,
#5561,#5562)),.UNSPECIFIED.,.F.,.F.,.F.)
B_SPLINE_SURFACE_WITH_KNOTS((2,2),(3,2,3),(-1.16351372980716E-13,106.970424835921),
(-20.9800867797715,-18.6238922895756,-16.2676977993822),.UNSPECIFIED.)
GEOMETRIC_REPRESENTATION_ITEM()
RATIONAL_B_SPLINE_SURFACE(((1.,0.707106781186119,1.,0.70710678118641,1.),
(1.,0.707106781186119,1.,0.70710678118641,1.)))
REPRESENTATION_ITEM('')
SURFACE()
);
#102=(
BOUNDED_SURFACE()
B_SPLINE_SURFACE(1,2,((#5570,#5571,#5572,#5573,#5574),(#5575,#5576,#5577,
#5578,#5579)),.UNSPECIFIED.,.F.,.F.,.F.)
B_SPLINE_SURFACE_WITH_KNOTS((2,2),(3,2,3),(0.,106.970424835921),(-30.0570621174528,
-27.7008225826891,-25.3445830479216),.UNSPECIFIED.)
GEOMETRIC_REPRESENTATION_ITEM()
RATIONAL_B_SPLINE_SURFACE(((1.00001119899209,0.707101181797551,1.,0.707101181797098,
1.00001119899299),(1.00001119899209,0.707101181797551,1.,0.707101181797098,
1.00001119899299)))
REPRESENTATION_ITEM('')
SURFACE()
);
#103=(
BOUNDED_SURFACE()
B_SPLINE_SURFACE(1,2,((#5587,#5588,#5589,#5590,#5591,#5592,#5593,#5594,
#5595),(#5596,#5597,#5598,#5599,#5600,#5601,#5602,#5603,#5604)),
 .UNSPECIFIED.,.F.,.T.,.F.)
B_SPLINE_SURFACE_WITH_KNOTS((2,2),(3,2,2,2,3),(0.,8952.57419796792),(0.,
9.75404689203,19.50809378406,29.2621406760901,39.01618756812),
 .UNSPECIFIED.)
GEOMETRIC_REPRESENTATION_ITEM()
RATIONAL_B_SPLINE_SURFACE(((1.,0.707106781186548,1.,0.707106781186548,1.,
0.707106781186548,1.,0.707106781186548,1.),(1.,0.707106781186548,1.,0.707106781186548,
1.,0.707106781186548,1.,0.707106781186548,1.)))
REPRESENTATION_ITEM('')
SURFACE()
);
#104=(
BOUNDED_SURFACE()
B_SPLINE_SURFACE(2,1,((#5812,#5813),(#5814,#5815),(#5816,#5817)),
 .UNSPECIFIED.,.F.,.F.,.F.)
B_SPLINE_SURFACE_WITH_KNOTS((3,3),(2,2),(-457.660346771133,-452.947957790749),
(0.,1718.46985850764),.UNSPECIFIED.)
GEOMETRIC_REPRESENTATION_ITEM()
RATIONAL_B_SPLINE_SURFACE(((1.,1.),(0.707106781186544,0.707106781186544),
(1.,1.)))
REPRESENTATION_ITEM('')
SURFACE()
);
#105=(
BOUNDED_SURFACE()
B_SPLINE_SURFACE(2,1,((#5860,#5861),(#5862,#5863),(#5864,#5865),(#5866,
#5867),(#5868,#5869)),.UNSPECIFIED.,.F.,.F.,.F.)
B_SPLINE_SURFACE_WITH_KNOTS((3,2,3),(2,2),(-20.9801293154448,-18.6238922895756,
-16.267655263711),(-7.63833440942108E-14,106.970424835921),
 .UNSPECIFIED.)
GEOMETRIC_REPRESENTATION_ITEM()
RATIONAL_B_SPLINE_SURFACE(((1.00001057521884,1.00001057521884),(0.707101493672581,
0.707101493672581),(1.,1.),(0.707101493673124,0.707101493673124),(1.00001057521775,
1.00001057521775)))
REPRESENTATION_ITEM('')
SURFACE()
);
#106=(
BOUNDED_SURFACE()
B_SPLINE_SURFACE(2,1,((#5873,#5874),(#5875,#5876),(#5877,#5878),(#5879,
#5880),(#5881,#5882)),.UNSPECIFIED.,.F.,.F.,.F.)
B_SPLINE_SURFACE_WITH_KNOTS((3,2,3),(2,2),(-30.0570170728841,-27.7008225826891,
-25.3446280924929),(-4.67181848762266E-13,106.970424835921),
 .UNSPECIFIED.)
GEOMETRIC_REPRESENTATION_ITEM()
RATIONAL_B_SPLINE_SURFACE(((1.,1.),(0.707106781186214,0.707106781186214),
(1.,1.),(0.707106781186076,0.707106781186076),(1.,1.)))
REPRESENTATION_ITEM('')
SURFACE()
);
#107=(
BOUNDED_SURFACE()
B_SPLINE_SURFACE(2,1,((#5891,#5892),(#5893,#5894),(#5895,#5896),(#5897,
#5898),(#5899,#5900),(#5901,#5902),(#5903,#5904),(#5905,#5906),(#5907,#5908)),
 .UNSPECIFIED.,.T.,.F.,.F.)
B_SPLINE_SURFACE_WITH_KNOTS((3,2,2,2,3),(2,2),(0.,9.75404689203,19.50809378406,
29.2621406760901,39.01618756812),(0.,8952.57419796792),.UNSPECIFIED.)
GEOMETRIC_REPRESENTATION_ITEM()
RATIONAL_B_SPLINE_SURFACE(((1.,1.),(0.707106781186548,0.707106781186548),
(1.,1.),(0.707106781186548,0.707106781186548),(1.,1.),(0.707106781186548,
0.707106781186548),(1.,1.),(0.707106781186548,0.707106781186548),(1.,1.)))
REPRESENTATION_ITEM('')
SURFACE()
);
#108=(
BOUNDED_SURFACE()
B_SPLINE_SURFACE(1,2,((#5917,#5918,#5919,#5920,#5921),(#5922,#5923,#5924,
#5925,#5926)),.UNSPECIFIED.,.F.,.F.,.F.)
B_SPLINE_SURFACE_WITH_KNOTS((2,2),(3,2,3),(-1.16351372980716E-13,106.970424835921),
(-20.9801295912683,-18.6238922895756,-16.2676549878814),.UNSPECIFIED.)
GEOMETRIC_REPRESENTATION_ITEM()
RATIONAL_B_SPLINE_SURFACE(((1.00001064379532,0.707101459385585,1.,0.707101459385366,
1.00001064379576),(1.00001064379532,0.707101459385585,1.,0.707101459385366,
1.00001064379576)))
REPRESENTATION_ITEM('')
SURFACE()
);
#109=(
BOUNDED_SURFACE()
B_SPLINE_SURFACE(1,2,((#5930,#5931,#5932,#5933,#5934),(#5935,#5936,#5937,
#5938,#5939)),.UNSPECIFIED.,.F.,.F.,.F.)
B_SPLINE_SURFACE_WITH_KNOTS((2,2),(3,2,3),(0.,106.970424835921),(-30.0570170728814,
-27.7008225826891,-25.3446280924967),.UNSPECIFIED.)
GEOMETRIC_REPRESENTATION_ITEM()
RATIONAL_B_SPLINE_SURFACE(((1.,0.707106781186548,1.,0.707106781186548,1.),
(1.,0.707106781186548,1.,0.707106781186548,1.)))
REPRESENTATION_ITEM('')
SURFACE()
);
#110=(
BOUNDED_SURFACE()
B_SPLINE_SURFACE(1,2,((#5948,#5949,#5950,#5951,#5952,#5953,#5954,#5955,
#5956),(#5957,#5958,#5959,#5960,#5961,#5962,#5963,#5964,#5965)),
 .UNSPECIFIED.,.F.,.T.,.F.)
B_SPLINE_SURFACE_WITH_KNOTS((2,2),(3,2,2,2,3),(0.,8952.57419796792),(0.,
9.75404689203,19.50809378406,29.2621406760901,39.01618756812),
 .UNSPECIFIED.)
GEOMETRIC_REPRESENTATION_ITEM()
RATIONAL_B_SPLINE_SURFACE(((1.,0.707106781186548,1.,0.707106781186548,1.,
0.707106781186548,1.,0.707106781186548,1.),(1.,0.707106781186548,1.,0.707106781186548,
1.,0.707106781186548,1.,0.707106781186548,1.)))
REPRESENTATION_ITEM('')
SURFACE()
);
#111=(
BOUNDED_SURFACE()
B_SPLINE_SURFACE(2,1,((#6093,#6094),(#6095,#6096),(#6097,#6098),(#6099,
#6100),(#6101,#6102)),.UNSPECIFIED.,.F.,.F.,.F.)
B_SPLINE_SURFACE_WITH_KNOTS((3,2,3),(2,2),(-35.6329848502774,-33.2981339162456,
-30.9632829822138),(0.,663.454848029892),.UNSPECIFIED.)
GEOMETRIC_REPRESENTATION_ITEM()
RATIONAL_B_SPLINE_SURFACE(((1.,1.),(0.707106781186548,0.707106781186548),
(1.,1.),(0.707106781186548,0.707106781186548),(1.,1.)))
REPRESENTATION_ITEM('')
SURFACE()
);
#112=(
BOUNDED_SURFACE()
B_SPLINE_SURFACE(2,1,((#6231,#6232),(#6233,#6234),(#6235,#6236),(#6237,
#6238),(#6239,#6240)),.UNSPECIFIED.,.F.,.F.,.F.)
B_SPLINE_SURFACE_WITH_KNOTS((3,2,3),(2,2),(-26.8684578122273,-24.5336068781955,
-22.1987559441638),(0.,663.454848029892),.UNSPECIFIED.)
GEOMETRIC_REPRESENTATION_ITEM()
RATIONAL_B_SPLINE_SURFACE(((1.,1.),(0.707106781186548,0.707106781186548),
(1.,1.),(0.707106781186548,0.707106781186548),(1.,1.)))
REPRESENTATION_ITEM('')
SURFACE()
);
#113=(
BOUNDED_SURFACE()
B_SPLINE_SURFACE(2,1,((#6363,#6364),(#6365,#6366),(#6367,#6368),(#6369,
#6370),(#6371,#6372)),.UNSPECIFIED.,.F.,.F.,.F.)
B_SPLINE_SURFACE_WITH_KNOTS((3,2,3),(2,2),(-35.6329848502774,-33.2981339162456,
-30.9632829822138),(0.,663.454848029892),.UNSPECIFIED.)
GEOMETRIC_REPRESENTATION_ITEM()
RATIONAL_B_SPLINE_SURFACE(((1.,1.),(0.707106781186548,0.707106781186548),
(1.,1.),(0.707106781186548,0.707106781186548),(1.,1.)))
REPRESENTATION_ITEM('')
SURFACE()
);
#114=(
BOUNDED_SURFACE()
B_SPLINE_SURFACE(2,1,((#6377,#6378),(#6379,#6380),(#6381,#6382),(#6383,
#6384),(#6385,#6386)),.UNSPECIFIED.,.F.,.F.,.F.)
B_SPLINE_SURFACE_WITH_KNOTS((3,2,3),(2,2),(-26.8684578122273,-24.5336068781955,
-22.1987559441638),(0.,663.454848029892),.UNSPECIFIED.)
GEOMETRIC_REPRESENTATION_ITEM()
RATIONAL_B_SPLINE_SURFACE(((1.,1.),(0.707106781186548,0.707106781186548),
(1.,1.),(0.707106781186548,0.707106781186548),(1.,1.)))
REPRESENTATION_ITEM('')
SURFACE()
);
#115=(
BOUNDED_SURFACE()
B_SPLINE_SURFACE(2,1,((#6395,#6396),(#6397,#6398),(#6399,#6400),(#6401,
#6402),(#6403,#6404)),.UNSPECIFIED.,.F.,.F.,.F.)
B_SPLINE_SURFACE_WITH_KNOTS((3,2,3),(2,2),(-17.5290540761012,-15.1942031420684,
-12.8593522080348),(0.,713.090606218162),.UNSPECIFIED.)
GEOMETRIC_REPRESENTATION_ITEM()
RATIONAL_B_SPLINE_SURFACE(((1.,1.),(0.707106781186414,0.707106781186414),
(1.,1.),(0.707106781186315,0.707106781186315),(1.,1.)))
REPRESENTATION_ITEM('')
SURFACE()
);
#116=(
BOUNDED_SURFACE()
B_SPLINE_SURFACE(2,1,((#6565,#6566),(#6567,#6568),(#6569,#6570),(#6571,
#6572),(#6573,#6574)),.UNSPECIFIED.,.F.,.F.,.F.)
B_SPLINE_SURFACE_WITH_KNOTS((3,2,3),(2,2),(-8.7645270380514,-6.4296761040183,
-4.09482516998631),(0.,713.090606218163),.UNSPECIFIED.)
GEOMETRIC_REPRESENTATION_ITEM()
RATIONAL_B_SPLINE_SURFACE(((1.,1.),(0.707106781186385,0.707106781186385),
(1.,1.),(0.707106781186523,0.707106781186523),(1.,1.)))
REPRESENTATION_ITEM('')
SURFACE()
);
#117=FACE_BOUND('',#457,.T.);
#118=FACE_BOUND('',#460,.T.);
#119=FACE_BOUND('',#463,.T.);
#120=FACE_BOUND('',#466,.T.);
#121=FACE_BOUND('',#479,.T.);
#122=FACE_BOUND('',#487,.T.);
#123=FACE_BOUND('',#491,.T.);
#124=FACE_BOUND('',#493,.T.);
#125=FACE_BOUND('',#494,.T.);
#126=FACE_BOUND('',#495,.T.);
#127=FACE_BOUND('',#497,.T.);
#128=FACE_BOUND('',#550,.T.);
#129=FACE_BOUND('',#552,.T.);
#130=FACE_BOUND('',#556,.T.);
#131=FACE_BOUND('',#580,.T.);
#132=FACE_BOUND('',#584,.T.);
#133=FACE_BOUND('',#588,.T.);
#134=FACE_BOUND('',#592,.T.);
#135=FACE_BOUND('',#602,.T.);
#136=FACE_BOUND('',#618,.T.);
#137=FACE_BOUND('',#621,.T.);
#138=FACE_BOUND('',#638,.T.);
#139=FACE_BOUND('',#639,.T.);
#140=FACE_BOUND('',#648,.T.);
#141=FACE_BOUND('',#649,.T.);
#142=PLANE('',#3241);
#143=PLANE('',#3246);
#144=PLANE('',#3251);
#145=PLANE('',#3256);
#146=PLANE('',#3260);
#147=PLANE('',#3261);
#148=PLANE('',#3262);
#149=PLANE('',#3266);
#150=PLANE('',#3267);
#151=PLANE('',#3269);
#152=PLANE('',#3271);
#153=PLANE('',#3274);
#154=PLANE('',#3275);
#155=PLANE('',#3276);
#156=PLANE('',#3277);
#157=PLANE('',#3280);
#158=PLANE('',#3283);
#159=PLANE('',#3286);
#160=PLANE('',#3289);
#161=PLANE('',#3294);
#162=PLANE('',#3295);
#163=PLANE('',#3296);
#164=PLANE('',#3297);
#165=PLANE('',#3298);
#166=PLANE('',#3300);
#167=PLANE('',#3302);
#168=PLANE('',#3304);
#169=PLANE('',#3306);
#170=PLANE('',#3308);
#171=PLANE('',#3310);
#172=PLANE('',#3312);
#173=PLANE('',#3314);
#174=PLANE('',#3315);
#175=PLANE('',#3316);
#176=PLANE('',#3317);
#177=PLANE('',#3318);
#178=PLANE('',#3319);
#179=PLANE('',#3321);
#180=PLANE('',#3323);
#181=PLANE('',#3325);
#182=PLANE('',#3327);
#183=PLANE('',#3329);
#184=PLANE('',#3331);
#185=PLANE('',#3332);
#186=PLANE('',#3333);
#187=PLANE('',#3334);
#188=PLANE('',#3335);
#189=PLANE('',#3336);
#190=PLANE('',#3337);
#191=PLANE('',#3338);
#192=PLANE('',#3339);
#193=PLANE('',#3340);
#194=PLANE('',#3341);
#195=PLANE('',#3342);
#196=PLANE('',#3343);
#197=PLANE('',#3345);
#198=PLANE('',#3347);
#199=PLANE('',#3350);
#200=PLANE('',#3356);
#201=PLANE('',#3357);
#202=PLANE('',#3358);
#203=PLANE('',#3359);
#204=PLANE('',#3360);
#205=PLANE('',#3361);
#206=PLANE('',#3362);
#207=PLANE('',#3363);
#208=PLANE('',#3364);
#209=PLANE('',#3365);
#210=PLANE('',#3366);
#211=PLANE('',#3367);
#212=PLANE('',#3368);
#213=PLANE('',#3369);
#214=PLANE('',#3370);
#215=PLANE('',#3376);
#216=PLANE('',#3384);
#217=PLANE('',#3394);
#218=PLANE('',#3395);
#219=PLANE('',#3396);
#220=PLANE('',#3397);
#221=PLANE('',#3398);
#222=PLANE('',#3399);
#223=PLANE('',#3400);
#224=PLANE('',#3401);
#225=PLANE('',#3402);
#226=PLANE('',#3403);
#227=PLANE('',#3409);
#228=PLANE('',#3411);
#229=PLANE('',#3412);
#230=PLANE('',#3413);
#231=PLANE('',#3414);
#232=PLANE('',#3415);
#233=PLANE('',#3416);
#234=PLANE('',#3417);
#235=PLANE('',#3418);
#236=PLANE('',#3419);
#237=PLANE('',#3420);
#238=PLANE('',#3421);
#239=PLANE('',#3422);
#240=PLANE('',#3423);
#241=PLANE('',#3424);
#242=PLANE('',#3425);
#243=PLANE('',#3426);
#244=PLANE('',#3427);
#245=PLANE('',#3428);
#246=PLANE('',#3429);
#247=PLANE('',#3430);
#248=PLANE('',#3431);
#249=PLANE('',#3432);
#250=PLANE('',#3433);
#251=PLANE('',#3434);
#252=PLANE('',#3435);
#253=PLANE('',#3436);
#254=PLANE('',#3437);
#255=PLANE('',#3438);
#256=PLANE('',#3439);
#257=PLANE('',#3440);
#258=PLANE('',#3441);
#259=PLANE('',#3442);
#260=PLANE('',#3444);
#261=PLANE('',#3446);
#262=PLANE('',#3447);
#263=PLANE('',#3450);
#264=PLANE('',#3451);
#265=PLANE('',#3454);
#266=PLANE('',#3455);
#267=PLANE('',#3456);
#268=PLANE('',#3457);
#269=PLANE('',#3458);
#270=PLANE('',#3459);
#271=PLANE('',#3460);
#272=FACE_OUTER_BOUND('',#455,.T.);
#273=FACE_OUTER_BOUND('',#456,.T.);
#274=FACE_OUTER_BOUND('',#458,.T.);
#275=FACE_OUTER_BOUND('',#459,.T.);
#276=FACE_OUTER_BOUND('',#461,.T.);
#277=FACE_OUTER_BOUND('',#462,.T.);
#278=FACE_OUTER_BOUND('',#464,.T.);
#279=FACE_OUTER_BOUND('',#465,.T.);
#280=FACE_OUTER_BOUND('',#467,.T.);
#281=FACE_OUTER_BOUND('',#468,.T.);
#282=FACE_OUTER_BOUND('',#469,.T.);
#283=FACE_OUTER_BOUND('',#470,.T.);
#284=FACE_OUTER_BOUND('',#471,.T.);
#285=FACE_OUTER_BOUND('',#472,.T.);
#286=FACE_OUTER_BOUND('',#473,.T.);
#287=FACE_OUTER_BOUND('',#474,.T.);
#288=FACE_OUTER_BOUND('',#475,.T.);
#289=FACE_OUTER_BOUND('',#476,.T.);
#290=FACE_OUTER_BOUND('',#477,.T.);
#291=FACE_OUTER_BOUND('',#478,.T.);
#292=FACE_OUTER_BOUND('',#480,.T.);
#293=FACE_OUTER_BOUND('',#481,.T.);
#294=FACE_OUTER_BOUND('',#482,.T.);
#295=FACE_OUTER_BOUND('',#483,.T.);
#296=FACE_OUTER_BOUND('',#484,.T.);
#297=FACE_OUTER_BOUND('',#485,.T.);
#298=FACE_OUTER_BOUND('',#486,.T.);
#299=FACE_OUTER_BOUND('',#488,.T.);
#300=FACE_OUTER_BOUND('',#489,.T.);
#301=FACE_OUTER_BOUND('',#490,.T.);
#302=FACE_OUTER_BOUND('',#492,.T.);
#303=FACE_OUTER_BOUND('',#496,.T.);
#304=FACE_OUTER_BOUND('',#498,.T.);
#305=FACE_OUTER_BOUND('',#499,.T.);
#306=FACE_OUTER_BOUND('',#500,.T.);
#307=FACE_OUTER_BOUND('',#501,.T.);
#308=FACE_OUTER_BOUND('',#502,.T.);
#309=FACE_OUTER_BOUND('',#503,.T.);
#310=FACE_OUTER_BOUND('',#504,.T.);
#311=FACE_OUTER_BOUND('',#505,.T.);
#312=FACE_OUTER_BOUND('',#506,.T.);
#313=FACE_OUTER_BOUND('',#507,.T.);
#314=FACE_OUTER_BOUND('',#508,.T.);
#315=FACE_OUTER_BOUND('',#509,.T.);
#316=FACE_OUTER_BOUND('',#510,.T.);
#317=FACE_OUTER_BOUND('',#511,.T.);
#318=FACE_OUTER_BOUND('',#512,.T.);
#319=FACE_OUTER_BOUND('',#513,.T.);
#320=FACE_OUTER_BOUND('',#514,.T.);
#321=FACE_OUTER_BOUND('',#515,.T.);
#322=FACE_OUTER_BOUND('',#516,.T.);
#323=FACE_OUTER_BOUND('',#517,.T.);
#324=FACE_OUTER_BOUND('',#518,.T.);
#325=FACE_OUTER_BOUND('',#519,.T.);
#326=FACE_OUTER_BOUND('',#520,.T.);
#327=FACE_OUTER_BOUND('',#521,.T.);
#328=FACE_OUTER_BOUND('',#522,.T.);
#329=FACE_OUTER_BOUND('',#523,.T.);
#330=FACE_OUTER_BOUND('',#524,.T.);
#331=FACE_OUTER_BOUND('',#525,.T.);
#332=FACE_OUTER_BOUND('',#526,.T.);
#333=FACE_OUTER_BOUND('',#527,.T.);
#334=FACE_OUTER_BOUND('',#528,.T.);
#335=FACE_OUTER_BOUND('',#529,.T.);
#336=FACE_OUTER_BOUND('',#530,.T.);
#337=FACE_OUTER_BOUND('',#531,.T.);
#338=FACE_OUTER_BOUND('',#532,.T.);
#339=FACE_OUTER_BOUND('',#533,.T.);
#340=FACE_OUTER_BOUND('',#534,.T.);
#341=FACE_OUTER_BOUND('',#535,.T.);
#342=FACE_OUTER_BOUND('',#536,.T.);
#343=FACE_OUTER_BOUND('',#537,.T.);
#344=FACE_OUTER_BOUND('',#538,.T.);
#345=FACE_OUTER_BOUND('',#539,.T.);
#346=FACE_OUTER_BOUND('',#540,.T.);
#347=FACE_OUTER_BOUND('',#541,.T.);
#348=FACE_OUTER_BOUND('',#542,.T.);
#349=FACE_OUTER_BOUND('',#543,.T.);
#350=FACE_OUTER_BOUND('',#544,.T.);
#351=FACE_OUTER_BOUND('',#545,.T.);
#352=FACE_OUTER_BOUND('',#546,.T.);
#353=FACE_OUTER_BOUND('',#547,.T.);
#354=FACE_OUTER_BOUND('',#548,.T.);
#355=FACE_OUTER_BOUND('',#549,.T.);
#356=FACE_OUTER_BOUND('',#551,.T.);
#357=FACE_OUTER_BOUND('',#553,.T.);
#358=FACE_OUTER_BOUND('',#554,.T.);
#359=FACE_OUTER_BOUND('',#555,.T.);
#360=FACE_OUTER_BOUND('',#557,.T.);
#361=FACE_OUTER_BOUND('',#558,.T.);
#362=FACE_OUTER_BOUND('',#559,.T.);
#363=FACE_OUTER_BOUND('',#560,.T.);
#364=FACE_OUTER_BOUND('',#561,.T.);
#365=FACE_OUTER_BOUND('',#562,.T.);
#366=FACE_OUTER_BOUND('',#563,.T.);
#367=FACE_OUTER_BOUND('',#564,.T.);
#368=FACE_OUTER_BOUND('',#565,.T.);
#369=FACE_OUTER_BOUND('',#566,.T.);
#370=FACE_OUTER_BOUND('',#567,.T.);
#371=FACE_OUTER_BOUND('',#568,.T.);
#372=FACE_OUTER_BOUND('',#569,.T.);
#373=FACE_OUTER_BOUND('',#570,.T.);
#374=FACE_OUTER_BOUND('',#571,.T.);
#375=FACE_OUTER_BOUND('',#572,.T.);
#376=FACE_OUTER_BOUND('',#573,.T.);
#377=FACE_OUTER_BOUND('',#574,.T.);
#378=FACE_OUTER_BOUND('',#575,.T.);
#379=FACE_OUTER_BOUND('',#576,.T.);
#380=FACE_OUTER_BOUND('',#577,.T.);
#381=FACE_OUTER_BOUND('',#578,.T.);
#382=FACE_OUTER_BOUND('',#579,.T.);
#383=FACE_OUTER_BOUND('',#581,.T.);
#384=FACE_OUTER_BOUND('',#582,.T.);
#385=FACE_OUTER_BOUND('',#583,.T.);
#386=FACE_OUTER_BOUND('',#585,.T.);
#387=FACE_OUTER_BOUND('',#586,.T.);
#388=FACE_OUTER_BOUND('',#587,.T.);
#389=FACE_OUTER_BOUND('',#589,.T.);
#390=FACE_OUTER_BOUND('',#590,.T.);
#391=FACE_OUTER_BOUND('',#591,.T.);
#392=FACE_OUTER_BOUND('',#593,.T.);
#393=FACE_OUTER_BOUND('',#594,.T.);
#394=FACE_OUTER_BOUND('',#595,.T.);
#395=FACE_OUTER_BOUND('',#596,.T.);
#396=FACE_OUTER_BOUND('',#597,.T.);
#397=FACE_OUTER_BOUND('',#598,.T.);
#398=FACE_OUTER_BOUND('',#599,.T.);
#399=FACE_OUTER_BOUND('',#600,.T.);
#400=FACE_OUTER_BOUND('',#601,.T.);
#401=FACE_OUTER_BOUND('',#603,.T.);
#402=FACE_OUTER_BOUND('',#604,.T.);
#403=FACE_OUTER_BOUND('',#605,.T.);
#404=FACE_OUTER_BOUND('',#606,.T.);
#405=FACE_OUTER_BOUND('',#607,.T.);
#406=FACE_OUTER_BOUND('',#608,.T.);
#407=FACE_OUTER_BOUND('',#609,.T.);
#408=FACE_OUTER_BOUND('',#610,.T.);
#409=FACE_OUTER_BOUND('',#611,.T.);
#410=FACE_OUTER_BOUND('',#612,.T.);
#411=FACE_OUTER_BOUND('',#613,.T.);
#412=FACE_OUTER_BOUND('',#614,.T.);
#413=FACE_OUTER_BOUND('',#615,.T.);
#414=FACE_OUTER_BOUND('',#616,.T.);
#415=FACE_OUTER_BOUND('',#617,.T.);
#416=FACE_OUTER_BOUND('',#619,.T.);
#417=FACE_OUTER_BOUND('',#620,.T.);
#418=FACE_OUTER_BOUND('',#622,.T.);
#419=FACE_OUTER_BOUND('',#623,.T.);
#420=FACE_OUTER_BOUND('',#624,.T.);
#421=FACE_OUTER_BOUND('',#625,.T.);
#422=FACE_OUTER_BOUND('',#626,.T.);
#423=FACE_OUTER_BOUND('',#627,.T.);
#424=FACE_OUTER_BOUND('',#628,.T.);
#425=FACE_OUTER_BOUND('',#629,.T.);
#426=FACE_OUTER_BOUND('',#630,.T.);
#427=FACE_OUTER_BOUND('',#631,.T.);
#428=FACE_OUTER_BOUND('',#632,.T.);
#429=FACE_OUTER_BOUND('',#633,.T.);
#430=FACE_OUTER_BOUND('',#634,.T.);
#431=FACE_OUTER_BOUND('',#635,.T.);
#432=FACE_OUTER_BOUND('',#636,.T.);
#433=FACE_OUTER_BOUND('',#637,.T.);
#434=FACE_OUTER_BOUND('',#640,.T.);
#435=FACE_OUTER_BOUND('',#641,.T.);
#436=FACE_OUTER_BOUND('',#642,.T.);
#437=FACE_OUTER_BOUND('',#643,.T.);
#438=FACE_OUTER_BOUND('',#644,.T.);
#439=FACE_OUTER_BOUND('',#645,.T.);
#440=FACE_OUTER_BOUND('',#646,.T.);
#441=FACE_OUTER_BOUND('',#647,.T.);
#442=FACE_OUTER_BOUND('',#650,.T.);
#443=FACE_OUTER_BOUND('',#651,.T.);
#444=FACE_OUTER_BOUND('',#652,.T.);
#445=FACE_OUTER_BOUND('',#653,.T.);
#446=FACE_OUTER_BOUND('',#654,.T.);
#447=FACE_OUTER_BOUND('',#655,.T.);
#448=FACE_OUTER_BOUND('',#656,.T.);
#449=FACE_OUTER_BOUND('',#657,.T.);
#450=FACE_OUTER_BOUND('',#658,.T.);
#451=FACE_OUTER_BOUND('',#659,.T.);
#452=FACE_OUTER_BOUND('',#660,.T.);
#453=FACE_OUTER_BOUND('',#661,.T.);
#454=FACE_OUTER_BOUND('',#662,.T.);
#455=EDGE_LOOP('',(#2125,#2126,#2127,#2128));
#456=EDGE_LOOP('',(#2129));
#457=EDGE_LOOP('',(#2130));
#458=EDGE_LOOP('',(#2131,#2132,#2133,#2134));
#459=EDGE_LOOP('',(#2135));
#460=EDGE_LOOP('',(#2136));
#461=EDGE_LOOP('',(#2137,#2138,#2139,#2140));
#462=EDGE_LOOP('',(#2141));
#463=EDGE_LOOP('',(#2142));
#464=EDGE_LOOP('',(#2143,#2144,#2145,#2146));
#465=EDGE_LOOP('',(#2147));
#466=EDGE_LOOP('',(#2148));
#467=EDGE_LOOP('',(#2149,#2150,#2151,#2152));
#468=EDGE_LOOP('',(#2153,#2154,#2155,#2156));
#469=EDGE_LOOP('',(#2157,#2158,#2159,#2160));
#470=EDGE_LOOP('',(#2161,#2162,#2163,#2164));
#471=EDGE_LOOP('',(#2165,#2166,#2167,#2168));
#472=EDGE_LOOP('',(#2169,#2170,#2171,#2172));
#473=EDGE_LOOP('',(#2173,#2174,#2175,#2176));
#474=EDGE_LOOP('',(#2177,#2178,#2179,#2180));
#475=EDGE_LOOP('',(#2181,#2182,#2183,#2184));
#476=EDGE_LOOP('',(#2185,#2186,#2187,#2188));
#477=EDGE_LOOP('',(#2189,#2190,#2191,#2192));
#478=EDGE_LOOP('',(#2193,#2194,#2195,#2196,#2197,#2198));
#479=EDGE_LOOP('',(#2199,#2200,#2201,#2202,#2203,#2204));
#480=EDGE_LOOP('',(#2205,#2206,#2207,#2208));
#481=EDGE_LOOP('',(#2209,#2210,#2211,#2212));
#482=EDGE_LOOP('',(#2213,#2214,#2215,#2216));
#483=EDGE_LOOP('',(#2217,#2218,#2219,#2220));
#484=EDGE_LOOP('',(#2221,#2222,#2223,#2224));
#485=EDGE_LOOP('',(#2225,#2226,#2227,#2228));
#486=EDGE_LOOP('',(#2229,#2230,#2231,#2232,#2233,#2234));
#487=EDGE_LOOP('',(#2235,#2236,#2237,#2238,#2239,#2240));
#488=EDGE_LOOP('',(#2241,#2242,#2243,#2244));
#489=EDGE_LOOP('',(#2245,#2246,#2247,#2248));
#490=EDGE_LOOP('',(#2249,#2250,#2251,#2252,#2253,#2254,#2255,#2256));
#491=EDGE_LOOP('',(#2257,#2258,#2259,#2260));
#492=EDGE_LOOP('',(#2261,#2262,#2263,#2264,#2265,#2266,#2267,#2268));
#493=EDGE_LOOP('',(#2269,#2270,#2271,#2272,#2273,#2274));
#494=EDGE_LOOP('',(#2275,#2276,#2277,#2278));
#495=EDGE_LOOP('',(#2279,#2280,#2281,#2282,#2283,#2284));
#496=EDGE_LOOP('',(#2285,#2286,#2287,#2288));
#497=EDGE_LOOP('',(#2289,#2290,#2291,#2292));
#498=EDGE_LOOP('',(#2293,#2294,#2295,#2296));
#499=EDGE_LOOP('',(#2297,#2298,#2299,#2300));
#500=EDGE_LOOP('',(#2301,#2302,#2303,#2304));
#501=EDGE_LOOP('',(#2305,#2306,#2307,#2308));
#502=EDGE_LOOP('',(#2309,#2310,#2311,#2312));
#503=EDGE_LOOP('',(#2313,#2314,#2315,#2316));
#504=EDGE_LOOP('',(#2317,#2318,#2319,#2320));
#505=EDGE_LOOP('',(#2321,#2322,#2323,#2324));
#506=EDGE_LOOP('',(#2325,#2326));
#507=EDGE_LOOP('',(#2327,#2328));
#508=EDGE_LOOP('',(#2329,#2330,#2331,#2332));
#509=EDGE_LOOP('',(#2333,#2334,#2335,#2336));
#510=EDGE_LOOP('',(#2337,#2338,#2339,#2340));
#511=EDGE_LOOP('',(#2341,#2342,#2343,#2344));
#512=EDGE_LOOP('',(#2345,#2346,#2347,#2348));
#513=EDGE_LOOP('',(#2349,#2350,#2351,#2352));
#514=EDGE_LOOP('',(#2353,#2354,#2355,#2356));
#515=EDGE_LOOP('',(#2357,#2358,#2359,#2360));
#516=EDGE_LOOP('',(#2361,#2362,#2363,#2364));
#517=EDGE_LOOP('',(#2365,#2366,#2367,#2368));
#518=EDGE_LOOP('',(#2369,#2370,#2371,#2372));
#519=EDGE_LOOP('',(#2373,#2374,#2375,#2376));
#520=EDGE_LOOP('',(#2377,#2378,#2379,#2380,#2381,#2382));
#521=EDGE_LOOP('',(#2383,#2384,#2385,#2386,#2387));
#522=EDGE_LOOP('',(#2388,#2389,#2390,#2391));
#523=EDGE_LOOP('',(#2392,#2393,#2394,#2395));
#524=EDGE_LOOP('',(#2396,#2397,#2398,#2399,#2400,#2401));
#525=EDGE_LOOP('',(#2402,#2403,#2404,#2405));
#526=EDGE_LOOP('',(#2406,#2407,#2408,#2409));
#527=EDGE_LOOP('',(#2410,#2411,#2412,#2413));
#528=EDGE_LOOP('',(#2414,#2415,#2416,#2417));
#529=EDGE_LOOP('',(#2418,#2419,#2420,#2421));
#530=EDGE_LOOP('',(#2422,#2423,#2424,#2425));
#531=EDGE_LOOP('',(#2426,#2427,#2428,#2429));
#532=EDGE_LOOP('',(#2430,#2431,#2432,#2433));
#533=EDGE_LOOP('',(#2434,#2435,#2436,#2437));
#534=EDGE_LOOP('',(#2438,#2439,#2440,#2441));
#535=EDGE_LOOP('',(#2442,#2443,#2444,#2445));
#536=EDGE_LOOP('',(#2446,#2447,#2448,#2449));
#537=EDGE_LOOP('',(#2450,#2451,#2452,#2453));
#538=EDGE_LOOP('',(#2454,#2455,#2456,#2457));
#539=EDGE_LOOP('',(#2458,#2459,#2460,#2461));
#540=EDGE_LOOP('',(#2462,#2463,#2464,#2465));
#541=EDGE_LOOP('',(#2466,#2467,#2468,#2469));
#542=EDGE_LOOP('',(#2470,#2471,#2472,#2473));
#543=EDGE_LOOP('',(#2474,#2475,#2476,#2477));
#544=EDGE_LOOP('',(#2478,#2479,#2480,#2481));
#545=EDGE_LOOP('',(#2482,#2483,#2484,#2485));
#546=EDGE_LOOP('',(#2486,#2487,#2488,#2489));
#547=EDGE_LOOP('',(#2490,#2491,#2492,#2493));
#548=EDGE_LOOP('',(#2494,#2495,#2496,#2497,#2498,#2499,#2500,#2501));
#549=EDGE_LOOP('',(#2502,#2503,#2504,#2505,#2506));
#550=EDGE_LOOP('',(#2507,#2508,#2509,#2510,#2511,#2512));
#551=EDGE_LOOP('',(#2513,#2514,#2515,#2516,#2517));
#552=EDGE_LOOP('',(#2518,#2519,#2520,#2521,#2522,#2523));
#553=EDGE_LOOP('',(#2524,#2525,#2526,#2527,#2528,#2529,#2530,#2531));
#554=EDGE_LOOP('',(#2532,#2533,#2534,#2535));
#555=EDGE_LOOP('',(#2536));
#556=EDGE_LOOP('',(#2537));
#557=EDGE_LOOP('',(#2538,#2539,#2540,#2541));
#558=EDGE_LOOP('',(#2542,#2543,#2544,#2545));
#559=EDGE_LOOP('',(#2546,#2547,#2548,#2549));
#560=EDGE_LOOP('',(#2550,#2551,#2552,#2553));
#561=EDGE_LOOP('',(#2554,#2555,#2556,#2557));
#562=EDGE_LOOP('',(#2558,#2559,#2560,#2561));
#563=EDGE_LOOP('',(#2562,#2563,#2564,#2565));
#564=EDGE_LOOP('',(#2566,#2567,#2568,#2569));
#565=EDGE_LOOP('',(#2570,#2571,#2572,#2573));
#566=EDGE_LOOP('',(#2574,#2575,#2576,#2577));
#567=EDGE_LOOP('',(#2578,#2579,#2580,#2581));
#568=EDGE_LOOP('',(#2582,#2583,#2584,#2585));
#569=EDGE_LOOP('',(#2586,#2587,#2588,#2589));
#570=EDGE_LOOP('',(#2590,#2591,#2592,#2593));
#571=EDGE_LOOP('',(#2594,#2595,#2596,#2597));
#572=EDGE_LOOP('',(#2598,#2599,#2600,#2601));
#573=EDGE_LOOP('',(#2602,#2603,#2604,#2605));
#574=EDGE_LOOP('',(#2606,#2607,#2608,#2609));
#575=EDGE_LOOP('',(#2610,#2611,#2612,#2613));
#576=EDGE_LOOP('',(#2614,#2615,#2616,#2617));
#577=EDGE_LOOP('',(#2618,#2619,#2620,#2621));
#578=EDGE_LOOP('',(#2622,#2623,#2624,#2625));
#579=EDGE_LOOP('',(#2626));
#580=EDGE_LOOP('',(#2627));
#581=EDGE_LOOP('',(#2628,#2629,#2630,#2631));
#582=EDGE_LOOP('',(#2632,#2633,#2634,#2635));
#583=EDGE_LOOP('',(#2636));
#584=EDGE_LOOP('',(#2637));
#585=EDGE_LOOP('',(#2638,#2639,#2640,#2641,#2642,#2643));
#586=EDGE_LOOP('',(#2644,#2645,#2646,#2647));
#587=EDGE_LOOP('',(#2648));
#588=EDGE_LOOP('',(#2649));
#589=EDGE_LOOP('',(#2650,#2651,#2652,#2653,#2654,#2655));
#590=EDGE_LOOP('',(#2656,#2657,#2658,#2659,#2660,#2661));
#591=EDGE_LOOP('',(#2662,#2663,#2664,#2665,#2666,#2667,#2668,#2669,#2670,
#2671,#2672,#2673,#2674));
#592=EDGE_LOOP('',(#2675));
#593=EDGE_LOOP('',(#2676,#2677,#2678,#2679,#2680));
#594=EDGE_LOOP('',(#2681,#2682,#2683,#2684));
#595=EDGE_LOOP('',(#2685,#2686,#2687,#2688,#2689));
#596=EDGE_LOOP('',(#2690,#2691,#2692,#2693,#2694,#2695,#2696,#2697));
#597=EDGE_LOOP('',(#2698,#2699,#2700,#2701,#2702));
#598=EDGE_LOOP('',(#2703,#2704,#2705,#2706,#2707));
#599=EDGE_LOOP('',(#2708,#2709,#2710,#2711));
#600=EDGE_LOOP('',(#2712,#2713,#2714,#2715,#2716,#2717));
#601=EDGE_LOOP('',(#2718,#2719,#2720,#2721));
#602=EDGE_LOOP('',(#2722,#2723,#2724,#2725));
#603=EDGE_LOOP('',(#2726,#2727,#2728,#2729));
#604=EDGE_LOOP('',(#2730,#2731,#2732,#2733));
#605=EDGE_LOOP('',(#2734,#2735,#2736,#2737));
#606=EDGE_LOOP('',(#2738,#2739,#2740,#2741));
#607=EDGE_LOOP('',(#2742,#2743,#2744,#2745));
#608=EDGE_LOOP('',(#2746,#2747,#2748,#2749));
#609=EDGE_LOOP('',(#2750,#2751,#2752,#2753));
#610=EDGE_LOOP('',(#2754,#2755,#2756,#2757));
#611=EDGE_LOOP('',(#2758,#2759,#2760,#2761));
#612=EDGE_LOOP('',(#2762,#2763,#2764,#2765));
#613=EDGE_LOOP('',(#2766,#2767,#2768,#2769));
#614=EDGE_LOOP('',(#2770,#2771,#2772,#2773));
#615=EDGE_LOOP('',(#2774,#2775,#2776,#2777));
#616=EDGE_LOOP('',(#2778,#2779,#2780,#2781));
#617=EDGE_LOOP('',(#2782,#2783,#2784,#2785,#2786,#2787));
#618=EDGE_LOOP('',(#2788,#2789,#2790,#2791));
#619=EDGE_LOOP('',(#2792,#2793,#2794,#2795));
#620=EDGE_LOOP('',(#2796,#2797,#2798,#2799,#2800,#2801));
#621=EDGE_LOOP('',(#2802,#2803,#2804,#2805));
#622=EDGE_LOOP('',(#2806,#2807,#2808,#2809));
#623=EDGE_LOOP('',(#2810,#2811,#2812,#2813,#2814,#2815,#2816,#2817,#2818));
#624=EDGE_LOOP('',(#2819,#2820,#2821,#2822,#2823,#2824));
#625=EDGE_LOOP('',(#2825,#2826,#2827,#2828,#2829,#2830,#2831,#2832,#2833,
#2834,#2835,#2836,#2837,#2838,#2839,#2840));
#626=EDGE_LOOP('',(#2841,#2842,#2843,#2844,#2845,#2846,#2847,#2848,#2849));
#627=EDGE_LOOP('',(#2850,#2851,#2852,#2853));
#628=EDGE_LOOP('',(#2854,#2855,#2856,#2857));
#629=EDGE_LOOP('',(#2858,#2859,#2860,#2861));
#630=EDGE_LOOP('',(#2862,#2863,#2864,#2865));
#631=EDGE_LOOP('',(#2866,#2867,#2868,#2869));
#632=EDGE_LOOP('',(#2870,#2871,#2872,#2873));
#633=EDGE_LOOP('',(#2874,#2875,#2876,#2877));
#634=EDGE_LOOP('',(#2878,#2879,#2880,#2881));
#635=EDGE_LOOP('',(#2882,#2883));
#636=EDGE_LOOP('',(#2884,#2885));
#637=EDGE_LOOP('',(#2886,#2887,#2888,#2889,#2890,#2891,#2892,#2893));
#638=EDGE_LOOP('',(#2894));
#639=EDGE_LOOP('',(#2895));
#640=EDGE_LOOP('',(#2896,#2897,#2898,#2899));
#641=EDGE_LOOP('',(#2900,#2901,#2902,#2903,#2904,#2905,#2906,#2907,#2908,
#2909));
#642=EDGE_LOOP('',(#2910,#2911,#2912,#2913,#2914,#2915,#2916));
#643=EDGE_LOOP('',(#2917,#2918,#2919,#2920,#2921,#2922));
#644=EDGE_LOOP('',(#2923,#2924,#2925,#2926,#2927,#2928,#2929));
#645=EDGE_LOOP('',(#2930,#2931,#2932,#2933,#2934,#2935,#2936));
#646=EDGE_LOOP('',(#2937,#2938,#2939,#2940,#2941,#2942));
#647=EDGE_LOOP('',(#2943,#2944,#2945,#2946,#2947,#2948,#2949,#2950,#2951,
#2952));
#648=EDGE_LOOP('',(#2953));
#649=EDGE_LOOP('',(#2954));
#650=EDGE_LOOP('',(#2955,#2956,#2957,#2958,#2959,#2960,#2961));
#651=EDGE_LOOP('',(#2962,#2963,#2964,#2965,#2966,#2967,#2968));
#652=EDGE_LOOP('',(#2969,#2970,#2971,#2972));
#653=EDGE_LOOP('',(#2973,#2974,#2975,#2976));
#654=EDGE_LOOP('',(#2977,#2978,#2979,#2980));
#655=EDGE_LOOP('',(#2981,#2982,#2983,#2984));
#656=EDGE_LOOP('',(#2985,#2986,#2987,#2988,#2989,#2990,#2991,#2992));
#657=EDGE_LOOP('',(#2993,#2994,#2995,#2996));
#658=EDGE_LOOP('',(#2997,#2998,#2999,#3000,#3001,#3002,#3003,#3004,#3005,
#3006,#3007,#3008));
#659=EDGE_LOOP('',(#3009,#3010,#3011,#3012));
#660=EDGE_LOOP('',(#3013,#3014,#3015,#3016,#3017));
#661=EDGE_LOOP('',(#3018,#3019,#3020,#3021));
#662=EDGE_LOOP('',(#3022,#3023,#3024,#3025,#3026));
#663=LINE('',#4260,#1009);
#664=LINE('',#4269,#1010);
#665=LINE('',#4278,#1011);
#666=LINE('',#4287,#1012);
#667=LINE('',#4302,#1013);
#668=LINE('',#4305,#1014);
#669=LINE('',#4308,#1015);
#670=LINE('',#4310,#1016);
#671=LINE('',#4311,#1017);
#672=LINE('',#4315,#1018);
#673=LINE('',#4317,#1019);
#674=LINE('',#4319,#1020);
#675=LINE('',#4320,#1021);
#676=LINE('',#4324,#1022);
#677=LINE('',#4326,#1023);
#678=LINE('',#4328,#1024);
#679=LINE('',#4329,#1025);
#680=LINE('',#4344,#1026);
#681=LINE('',#4347,#1027);
#682=LINE('',#4368,#1028);
#683=LINE('',#4372,#1029);
#684=LINE('',#4404,#1030);
#685=LINE('',#4405,#1031);
#686=LINE('',#4406,#1032);
#687=LINE('',#4409,#1033);
#688=LINE('',#4411,#1034);
#689=LINE('',#4412,#1035);
#690=LINE('',#4426,#1036);
#691=LINE('',#4527,#1037);
#692=LINE('',#4528,#1038);
#693=LINE('',#4529,#1039);
#694=LINE('',#4643,#1040);
#695=LINE('',#4647,#1041);
#696=LINE('',#4649,#1042);
#697=LINE('',#4650,#1043);
#698=LINE('',#4694,#1044);
#699=LINE('',#4724,#1045);
#700=LINE('',#4727,#1046);
#701=LINE('',#4729,#1047);
#702=LINE('',#4730,#1048);
#703=LINE('',#4733,#1049);
#704=LINE('',#4735,#1050);
#705=LINE('',#4736,#1051);
#706=LINE('',#4846,#1052);
#707=LINE('',#4967,#1053);
#708=LINE('',#4969,#1054);
#709=LINE('',#4970,#1055);
#710=LINE('',#5199,#1056);
#711=LINE('',#5201,#1057);
#712=LINE('',#5203,#1058);
#713=LINE('',#5207,#1059);
#714=LINE('',#5211,#1060);
#715=LINE('',#5213,#1061);
#716=LINE('',#5214,#1062);
#717=LINE('',#5237,#1063);
#718=LINE('',#5239,#1064);
#719=LINE('',#5241,#1065);
#720=LINE('',#5243,#1066);
#721=LINE('',#5244,#1067);
#722=LINE('',#5249,#1068);
#723=LINE('',#5252,#1069);
#724=LINE('',#5255,#1070);
#725=LINE('',#5257,#1071);
#726=LINE('',#5259,#1072);
#727=LINE('',#5261,#1073);
#728=LINE('',#5262,#1074);
#729=LINE('',#5267,#1075);
#730=LINE('',#5270,#1076);
#731=LINE('',#5276,#1077);
#732=LINE('',#5279,#1078);
#733=LINE('',#5282,#1079);
#734=LINE('',#5286,#1080);
#735=LINE('',#5298,#1081);
#736=LINE('',#5299,#1082);
#737=LINE('',#5301,#1083);
#738=LINE('',#5312,#1084);
#739=LINE('',#5324,#1085);
#740=LINE('',#5325,#1086);
#741=LINE('',#5327,#1087);
#742=LINE('',#5338,#1088);
#743=LINE('',#5346,#1089);
#744=LINE('',#5348,#1090);
#745=LINE('',#5349,#1091);
#746=LINE('',#5361,#1092);
#747=LINE('',#5365,#1093);
#748=LINE('',#5366,#1094);
#749=LINE('',#5378,#1095);
#750=LINE('',#5382,#1096);
#751=LINE('',#5383,#1097);
#752=LINE('',#5405,#1098);
#753=LINE('',#5407,#1099);
#754=LINE('',#5408,#1100);
#755=LINE('',#5420,#1101);
#756=LINE('',#5424,#1102);
#757=LINE('',#5425,#1103);
#758=LINE('',#5437,#1104);
#759=LINE('',#5441,#1105);
#760=LINE('',#5442,#1106);
#761=LINE('',#5464,#1107);
#762=LINE('',#5466,#1108);
#763=LINE('',#5467,#1109);
#764=LINE('',#5470,#1110);
#765=LINE('',#5472,#1111);
#766=LINE('',#5473,#1112);
#767=LINE('',#5476,#1113);
#768=LINE('',#5478,#1114);
#769=LINE('',#5479,#1115);
#770=LINE('',#5482,#1116);
#771=LINE('',#5483,#1117);
#772=LINE('',#5486,#1118);
#773=LINE('',#5487,#1119);
#774=LINE('',#5490,#1120);
#775=LINE('',#5492,#1121);
#776=LINE('',#5493,#1122);
#777=LINE('',#5506,#1123);
#778=LINE('',#5509,#1124);
#779=LINE('',#5510,#1125);
#780=LINE('',#5523,#1126);
#781=LINE('',#5526,#1127);
#782=LINE('',#5527,#1128);
#783=LINE('',#5549,#1129);
#784=LINE('',#5551,#1130);
#785=LINE('',#5552,#1131);
#786=LINE('',#5564,#1132);
#787=LINE('',#5568,#1133);
#788=LINE('',#5569,#1134);
#789=LINE('',#5581,#1135);
#790=LINE('',#5585,#1136);
#791=LINE('',#5586,#1137);
#792=LINE('',#5608,#1138);
#793=LINE('',#5610,#1139);
#794=LINE('',#5611,#1140);
#795=LINE('',#5614,#1141);
#796=LINE('',#5615,#1142);
#797=LINE('',#5618,#1143);
#798=LINE('',#5620,#1144);
#799=LINE('',#5621,#1145);
#800=LINE('',#5624,#1146);
#801=LINE('',#5625,#1147);
#802=LINE('',#5628,#1148);
#803=LINE('',#5629,#1149);
#804=LINE('',#5633,#1150);
#805=LINE('',#5635,#1151);
#806=LINE('',#5637,#1152);
#807=LINE('',#5638,#1153);
#808=LINE('',#5641,#1154);
#809=LINE('',#5643,#1155);
#810=LINE('',#5644,#1156);
#811=LINE('',#5647,#1157);
#812=LINE('',#5649,#1158);
#813=LINE('',#5650,#1159);
#814=LINE('',#5654,#1160);
#815=LINE('',#5656,#1161);
#816=LINE('',#5658,#1162);
#817=LINE('',#5659,#1163);
#818=LINE('',#5662,#1164);
#819=LINE('',#5664,#1165);
#820=LINE('',#5665,#1166);
#821=LINE('',#5668,#1167);
#822=LINE('',#5670,#1168);
#823=LINE('',#5671,#1169);
#824=LINE('',#5673,#1170);
#825=LINE('',#5674,#1171);
#826=LINE('',#5678,#1172);
#827=LINE('',#5680,#1173);
#828=LINE('',#5682,#1174);
#829=LINE('',#5684,#1175);
#830=LINE('',#5685,#1176);
#831=LINE('',#5690,#1177);
#832=LINE('',#5713,#1178);
#833=LINE('',#5737,#1179);
#834=LINE('',#5740,#1180);
#835=LINE('',#5742,#1181);
#836=LINE('',#5744,#1182);
#837=LINE('',#5745,#1183);
#838=LINE('',#5769,#1184);
#839=LINE('',#5773,#1185);
#840=LINE('',#5797,#1186);
#841=LINE('',#5801,#1187);
#842=LINE('',#5803,#1188);
#843=LINE('',#5805,#1189);
#844=LINE('',#5806,#1190);
#845=LINE('',#5808,#1191);
#846=LINE('',#5810,#1192);
#847=LINE('',#5811,#1193);
#848=LINE('',#5822,#1194);
#849=LINE('',#5828,#1195);
#850=LINE('',#5832,#1196);
#851=LINE('',#5837,#1197);
#852=LINE('',#5839,#1198);
#853=LINE('',#5841,#1199);
#854=LINE('',#5842,#1200);
#855=LINE('',#5845,#1201);
#856=LINE('',#5847,#1202);
#857=LINE('',#5848,#1203);
#858=LINE('',#5850,#1204);
#859=LINE('',#5851,#1205);
#860=LINE('',#5859,#1206);
#861=LINE('',#5870,#1207);
#862=LINE('',#5872,#1208);
#863=LINE('',#5883,#1209);
#864=LINE('',#5910,#1210);
#865=LINE('',#5927,#1211);
#866=LINE('',#5929,#1212);
#867=LINE('',#5940,#1213);
#868=LINE('',#5967,#1214);
#869=LINE('',#5968,#1215);
#870=LINE('',#5970,#1216);
#871=LINE('',#5972,#1217);
#872=LINE('',#5973,#1218);
#873=LINE('',#5975,#1219);
#874=LINE('',#5977,#1220);
#875=LINE('',#5983,#1221);
#876=LINE('',#5987,#1222);
#877=LINE('',#5994,#1223);
#878=LINE('',#6002,#1224);
#879=LINE('',#6009,#1225);
#880=LINE('',#6017,#1226);
#881=LINE('',#6024,#1227);
#882=LINE('',#6025,#1228);
#883=LINE('',#6026,#1229);
#884=LINE('',#6028,#1230);
#885=LINE('',#6029,#1231);
#886=LINE('',#6031,#1232);
#887=LINE('',#6035,#1233);
#888=LINE('',#6037,#1234);
#889=LINE('',#6039,#1235);
#890=LINE('',#6040,#1236);
#891=LINE('',#6043,#1237);
#892=LINE('',#6045,#1238);
#893=LINE('',#6047,#1239);
#894=LINE('',#6048,#1240);
#895=LINE('',#6052,#1241);
#896=LINE('',#6054,#1242);
#897=LINE('',#6056,#1243);
#898=LINE('',#6058,#1244);
#899=LINE('',#6059,#1245);
#900=LINE('',#6061,#1246);
#901=LINE('',#6062,#1247);
#902=LINE('',#6065,#1248);
#903=LINE('',#6066,#1249);
#904=LINE('',#6067,#1250);
#905=LINE('',#6070,#1251);
#906=LINE('',#6071,#1252);
#907=LINE('',#6073,#1253);
#908=LINE('',#6075,#1254);
#909=LINE('',#6079,#1255);
#910=LINE('',#6083,#1256);
#911=LINE('',#6089,#1257);
#912=LINE('',#6092,#1258);
#913=LINE('',#6105,#1259);
#914=LINE('',#6109,#1260);
#915=LINE('',#6227,#1261);
#916=LINE('',#6229,#1262);
#917=LINE('',#6230,#1263);
#918=LINE('',#6244,#1264);
#919=LINE('',#6361,#1265);
#920=LINE('',#6362,#1266);
#921=LINE('',#6373,#1267);
#922=LINE('',#6374,#1268);
#923=LINE('',#6376,#1269);
#924=LINE('',#6387,#1270);
#925=LINE('',#6392,#1271);
#926=LINE('',#6393,#1272);
#927=LINE('',#6394,#1273);
#928=LINE('',#6406,#1274);
#929=LINE('',#6563,#1275);
#930=LINE('',#6564,#1276);
#931=LINE('',#6731,#1277);
#932=LINE('',#6733,#1278);
#933=LINE('',#6734,#1279);
#934=LINE('',#6737,#1280);
#935=LINE('',#6739,#1281);
#936=LINE('',#6740,#1282);
#937=LINE('',#6785,#1283);
#938=LINE('',#6786,#1284);
#939=LINE('',#6788,#1285);
#940=LINE('',#6789,#1286);
#941=LINE('',#6791,#1287);
#942=LINE('',#6792,#1288);
#943=LINE('',#6796,#1289);
#944=LINE('',#6797,#1290);
#945=LINE('',#6850,#1291);
#946=LINE('',#6852,#1292);
#947=LINE('',#6853,#1293);
#948=LINE('',#6856,#1294);
#949=LINE('',#6857,#1295);
#950=LINE('',#6959,#1296);
#951=LINE('',#6961,#1297);
#952=LINE('',#6963,#1298);
#953=LINE('',#6965,#1299);
#954=LINE('',#6967,#1300);
#955=LINE('',#6969,#1301);
#956=LINE('',#6971,#1302);
#957=LINE('',#6973,#1303);
#958=LINE('',#6975,#1304);
#959=LINE('',#6976,#1305);
#960=LINE('',#6978,#1306);
#961=LINE('',#6980,#1307);
#962=LINE('',#6982,#1308);
#963=LINE('',#6983,#1309);
#964=LINE('',#6985,#1310);
#965=LINE('',#6986,#1311);
#966=LINE('',#6988,#1312);
#967=LINE('',#6990,#1313);
#968=LINE('',#6992,#1314);
#969=LINE('',#6994,#1315);
#970=LINE('',#6997,#1316);
#971=LINE('',#6998,#1317);
#972=LINE('',#6999,#1318);
#973=LINE('',#7001,#1319);
#974=LINE('',#7003,#1320);
#975=LINE('',#7008,#1321);
#976=LINE('',#7010,#1322);
#977=LINE('',#7013,#1323);
#978=LINE('',#7014,#1324);
#979=LINE('',#7016,#1325);
#980=LINE('',#7017,#1326);
#981=LINE('',#7020,#1327);
#982=LINE('',#7021,#1328);
#983=LINE('',#7023,#1329);
#984=LINE('',#7024,#1330);
#985=LINE('',#7027,#1331);
#986=LINE('',#7028,#1332);
#987=LINE('',#7030,#1333);
#988=LINE('',#7031,#1334);
#989=LINE('',#7033,#1335);
#990=LINE('',#7035,#1336);
#991=LINE('',#7038,#1337);
#992=LINE('',#7041,#1338);
#993=LINE('',#7044,#1339);
#994=LINE('',#7046,#1340);
#995=LINE('',#7050,#1341);
#996=LINE('',#7051,#1342);
#997=LINE('',#7054,#1343);
#998=LINE('',#7055,#1344);
#999=LINE('',#7058,#1345);
#1000=LINE('',#7061,#1346);
#1001=LINE('',#7064,#1347);
#1002=LINE('',#7065,#1348);
#1003=LINE('',#7071,#1349);
#1004=LINE('',#7073,#1350);
#1005=LINE('',#7074,#1351);
#1006=LINE('',#7076,#1352);
#1007=LINE('',#7078,#1353);
#1008=LINE('',#7080,#1354);
#1009=VECTOR('',#3467,1.6);
#1010=VECTOR('',#3478,1.6);
#1011=VECTOR('',#3489,1.6);
#1012=VECTOR('',#3500,1.6);
#1013=VECTOR('',#3509,10.);
#1014=VECTOR('',#3512,10.);
#1015=VECTOR('',#3515,10.);
#1016=VECTOR('',#3516,10.);
#1017=VECTOR('',#3517,10.);
#1018=VECTOR('',#3520,10.);
#1019=VECTOR('',#3521,10.);
#1020=VECTOR('',#3522,10.);
#1021=VECTOR('',#3523,10.);
#1022=VECTOR('',#3526,10.);
#1023=VECTOR('',#3527,10.);
#1024=VECTOR('',#3528,10.);
#1025=VECTOR('',#3529,10.);
#1026=VECTOR('',#3532,10.);
#1027=VECTOR('',#3535,10.);
#1028=VECTOR('',#3536,10.);
#1029=VECTOR('',#3539,10.);
#1030=VECTOR('',#3542,10.);
#1031=VECTOR('',#3543,10.);
#1032=VECTOR('',#3544,10.);
#1033=VECTOR('',#3547,10.);
#1034=VECTOR('',#3548,10.);
#1035=VECTOR('',#3549,10.);
#1036=VECTOR('',#3552,10.);
#1037=VECTOR('',#3555,10.);
#1038=VECTOR('',#3556,10.);
#1039=VECTOR('',#3557,10.);
#1040=VECTOR('',#3564,10.);
#1041=VECTOR('',#3567,10.);
#1042=VECTOR('',#3568,10.);
#1043=VECTOR('',#3569,10.);
#1044=VECTOR('',#3570,10.);
#1045=VECTOR('',#3571,10.);
#1046=VECTOR('',#3574,10.);
#1047=VECTOR('',#3575,10.);
#1048=VECTOR('',#3576,10.);
#1049=VECTOR('',#3579,10.);
#1050=VECTOR('',#3580,10.);
#1051=VECTOR('',#3581,10.);
#1052=VECTOR('',#3582,10.);
#1053=VECTOR('',#3585,10.);
#1054=VECTOR('',#3586,10.);
#1055=VECTOR('',#3587,10.);
#1056=VECTOR('',#3590,10.);
#1057=VECTOR('',#3591,10.);
#1058=VECTOR('',#3592,10.);
#1059=VECTOR('',#3595,10.);
#1060=VECTOR('',#3600,10.);
#1061=VECTOR('',#3601,10.);
#1062=VECTOR('',#3602,10.);
#1063=VECTOR('',#3609,10.);
#1064=VECTOR('',#3610,10.);
#1065=VECTOR('',#3611,10.);
#1066=VECTOR('',#3612,10.);
#1067=VECTOR('',#3613,10.);
#1068=VECTOR('',#3616,10.);
#1069=VECTOR('',#3619,10.);
#1070=VECTOR('',#3622,10.);
#1071=VECTOR('',#3623,10.);
#1072=VECTOR('',#3624,10.);
#1073=VECTOR('',#3625,10.);
#1074=VECTOR('',#3626,10.);
#1075=VECTOR('',#3629,10.);
#1076=VECTOR('',#3632,10.);
#1077=VECTOR('',#3637,10.);
#1078=VECTOR('',#3640,10.);
#1079=VECTOR('',#3641,10.);
#1080=VECTOR('',#3644,10.);
#1081=VECTOR('',#3647,10.);
#1082=VECTOR('',#3648,10.);
#1083=VECTOR('',#3651,10.);
#1084=VECTOR('',#3652,10.);
#1085=VECTOR('',#3655,10.);
#1086=VECTOR('',#3656,10.);
#1087=VECTOR('',#3659,10.);
#1088=VECTOR('',#3660,10.);
#1089=VECTOR('',#3673,10.);
#1090=VECTOR('',#3674,10.);
#1091=VECTOR('',#3675,10.);
#1092=VECTOR('',#3676,10.);
#1093=VECTOR('',#3681,10.);
#1094=VECTOR('',#3682,10.);
#1095=VECTOR('',#3683,10.);
#1096=VECTOR('',#3688,10.);
#1097=VECTOR('',#3689,10.);
#1098=VECTOR('',#3694,10.);
#1099=VECTOR('',#3695,10.);
#1100=VECTOR('',#3696,10.);
#1101=VECTOR('',#3697,10.);
#1102=VECTOR('',#3702,10.);
#1103=VECTOR('',#3703,10.);
#1104=VECTOR('',#3704,10.);
#1105=VECTOR('',#3709,10.);
#1106=VECTOR('',#3710,10.);
#1107=VECTOR('',#3715,10.);
#1108=VECTOR('',#3716,10.);
#1109=VECTOR('',#3717,10.);
#1110=VECTOR('',#3720,10.);
#1111=VECTOR('',#3721,10.);
#1112=VECTOR('',#3722,10.);
#1113=VECTOR('',#3725,10.);
#1114=VECTOR('',#3726,10.);
#1115=VECTOR('',#3727,10.);
#1116=VECTOR('',#3730,10.);
#1117=VECTOR('',#3731,10.);
#1118=VECTOR('',#3734,10.);
#1119=VECTOR('',#3735,10.);
#1120=VECTOR('',#3738,10.);
#1121=VECTOR('',#3739,10.);
#1122=VECTOR('',#3740,10.);
#1123=VECTOR('',#3743,10.);
#1124=VECTOR('',#3746,10.);
#1125=VECTOR('',#3747,10.);
#1126=VECTOR('',#3750,10.);
#1127=VECTOR('',#3753,10.);
#1128=VECTOR('',#3754,10.);
#1129=VECTOR('',#3759,10.);
#1130=VECTOR('',#3760,10.);
#1131=VECTOR('',#3761,10.);
#1132=VECTOR('',#3762,10.);
#1133=VECTOR('',#3767,10.);
#1134=VECTOR('',#3768,10.);
#1135=VECTOR('',#3769,10.);
#1136=VECTOR('',#3774,10.);
#1137=VECTOR('',#3775,10.);
#1138=VECTOR('',#3780,10.);
#1139=VECTOR('',#3781,10.);
#1140=VECTOR('',#3782,10.);
#1141=VECTOR('',#3785,10.);
#1142=VECTOR('',#3786,10.);
#1143=VECTOR('',#3789,10.);
#1144=VECTOR('',#3790,10.);
#1145=VECTOR('',#3791,10.);
#1146=VECTOR('',#3794,10.);
#1147=VECTOR('',#3795,10.);
#1148=VECTOR('',#3798,10.);
#1149=VECTOR('',#3799,10.);
#1150=VECTOR('',#3802,10.);
#1151=VECTOR('',#3803,10.);
#1152=VECTOR('',#3804,10.);
#1153=VECTOR('',#3805,10.);
#1154=VECTOR('',#3808,10.);
#1155=VECTOR('',#3809,10.);
#1156=VECTOR('',#3810,10.);
#1157=VECTOR('',#3813,10.);
#1158=VECTOR('',#3814,10.);
#1159=VECTOR('',#3815,10.);
#1160=VECTOR('',#3818,10.);
#1161=VECTOR('',#3819,10.);
#1162=VECTOR('',#3820,10.);
#1163=VECTOR('',#3821,10.);
#1164=VECTOR('',#3824,10.);
#1165=VECTOR('',#3825,10.);
#1166=VECTOR('',#3826,10.);
#1167=VECTOR('',#3829,10.);
#1168=VECTOR('',#3830,10.);
#1169=VECTOR('',#3831,10.);
#1170=VECTOR('',#3834,10.);
#1171=VECTOR('',#3835,10.);
#1172=VECTOR('',#3838,10.);
#1173=VECTOR('',#3839,10.);
#1174=VECTOR('',#3840,10.);
#1175=VECTOR('',#3841,10.);
#1176=VECTOR('',#3842,10.);
#1177=VECTOR('',#3845,10.);
#1178=VECTOR('',#3846,10.);
#1179=VECTOR('',#3847,10.);
#1180=VECTOR('',#3850,10.);
#1181=VECTOR('',#3851,10.);
#1182=VECTOR('',#3852,10.);
#1183=VECTOR('',#3853,10.);
#1184=VECTOR('',#3854,10.);
#1185=VECTOR('',#3857,10.);
#1186=VECTOR('',#3858,10.);
#1187=VECTOR('',#3861,10.);
#1188=VECTOR('',#3862,10.);
#1189=VECTOR('',#3863,10.);
#1190=VECTOR('',#3864,10.);
#1191=VECTOR('',#3865,10.);
#1192=VECTOR('',#3866,10.);
#1193=VECTOR('',#3867,10.);
#1194=VECTOR('',#3872,10.);
#1195=VECTOR('',#3879,3.00000000000181);
#1196=VECTOR('',#3884,6.29821289158098);
#1197=VECTOR('',#3889,10.);
#1198=VECTOR('',#3890,10.);
#1199=VECTOR('',#3891,10.);
#1200=VECTOR('',#3892,10.);
#1201=VECTOR('',#3895,10.);
#1202=VECTOR('',#3896,10.);
#1203=VECTOR('',#3897,10.);
#1204=VECTOR('',#3900,10.);
#1205=VECTOR('',#3901,10.);
#1206=VECTOR('',#3904,10.);
#1207=VECTOR('',#3905,10.);
#1208=VECTOR('',#3908,10.);
#1209=VECTOR('',#3909,10.);
#1210=VECTOR('',#3914,10.);
#1211=VECTOR('',#3915,10.);
#1212=VECTOR('',#3918,10.);
#1213=VECTOR('',#3919,10.);
#1214=VECTOR('',#3924,10.);
#1215=VECTOR('',#3925,10.);
#1216=VECTOR('',#3928,10.);
#1217=VECTOR('',#3931,10.);
#1218=VECTOR('',#3932,10.);
#1219=VECTOR('',#3935,10.);
#1220=VECTOR('',#3938,10.);
#1221=VECTOR('',#3945,3.00000000000182);
#1222=VECTOR('',#3950,6.29821289157735);
#1223=VECTOR('',#3959,3.00000000000182);
#1224=VECTOR('',#3968,6.29821289157917);
#1225=VECTOR('',#3977,3.00000000000182);
#1226=VECTOR('',#3986,6.29821289157553);
#1227=VECTOR('',#3995,10.);
#1228=VECTOR('',#3996,10.);
#1229=VECTOR('',#3997,10.);
#1230=VECTOR('',#3998,10.);
#1231=VECTOR('',#3999,10.);
#1232=VECTOR('',#4002,10.);
#1233=VECTOR('',#4005,10.);
#1234=VECTOR('',#4006,10.);
#1235=VECTOR('',#4007,10.);
#1236=VECTOR('',#4008,10.);
#1237=VECTOR('',#4011,10.);
#1238=VECTOR('',#4012,10.);
#1239=VECTOR('',#4013,10.);
#1240=VECTOR('',#4014,10.);
#1241=VECTOR('',#4017,10.);
#1242=VECTOR('',#4018,10.);
#1243=VECTOR('',#4019,10.);
#1244=VECTOR('',#4020,10.);
#1245=VECTOR('',#4021,10.);
#1246=VECTOR('',#4022,10.);
#1247=VECTOR('',#4023,10.);
#1248=VECTOR('',#4026,10.);
#1249=VECTOR('',#4027,10.);
#1250=VECTOR('',#4028,10.);
#1251=VECTOR('',#4031,10.);
#1252=VECTOR('',#4032,10.);
#1253=VECTOR('',#4035,10.);
#1254=VECTOR('',#4038,10.);
#1255=VECTOR('',#4041,10.);
#1256=VECTOR('',#4044,10.);
#1257=VECTOR('',#4049,10.);
#1258=VECTOR('',#4052,10.);
#1259=VECTOR('',#4053,10.);
#1260=VECTOR('',#4056,10.);
#1261=VECTOR('',#4059,10.);
#1262=VECTOR('',#4060,10.);
#1263=VECTOR('',#4061,10.);
#1264=VECTOR('',#4064,10.);
#1265=VECTOR('',#4067,10.);
#1266=VECTOR('',#4068,10.);
#1267=VECTOR('',#4069,10.);
#1268=VECTOR('',#4070,10.);
#1269=VECTOR('',#4073,10.);
#1270=VECTOR('',#4074,10.);
#1271=VECTOR('',#4079,10.);
#1272=VECTOR('',#4080,10.);
#1273=VECTOR('',#4081,10.);
#1274=VECTOR('',#4082,10.);
#1275=VECTOR('',#4085,10.);
#1276=VECTOR('',#4086,10.);
#1277=VECTOR('',#4089,10.);
#1278=VECTOR('',#4090,10.);
#1279=VECTOR('',#4091,10.);
#1280=VECTOR('',#4094,10.);
#1281=VECTOR('',#4095,10.);
#1282=VECTOR('',#4096,10.);
#1283=VECTOR('',#4099,10.);
#1284=VECTOR('',#4100,10.);
#1285=VECTOR('',#4101,10.);
#1286=VECTOR('',#4102,10.);
#1287=VECTOR('',#4105,10.);
#1288=VECTOR('',#4106,10.);
#1289=VECTOR('',#4109,10.);
#1290=VECTOR('',#4110,10.);
#1291=VECTOR('',#4111,10.);
#1292=VECTOR('',#4114,10.);
#1293=VECTOR('',#4115,10.);
#1294=VECTOR('',#4118,10.);
#1295=VECTOR('',#4119,10.);
#1296=VECTOR('',#4122,10.);
#1297=VECTOR('',#4123,10.);
#1298=VECTOR('',#4124,10.);
#1299=VECTOR('',#4125,10.);
#1300=VECTOR('',#4126,10.);
#1301=VECTOR('',#4127,10.);
#1302=VECTOR('',#4128,10.);
#1303=VECTOR('',#4129,10.);
#1304=VECTOR('',#4130,10.);
#1305=VECTOR('',#4131,10.);
#1306=VECTOR('',#4132,10.);
#1307=VECTOR('',#4133,10.);
#1308=VECTOR('',#4134,10.);
#1309=VECTOR('',#4135,10.);
#1310=VECTOR('',#4138,10.);
#1311=VECTOR('',#4139,10.);
#1312=VECTOR('',#4142,10.);
#1313=VECTOR('',#4145,10.);
#1314=VECTOR('',#4148,10.);
#1315=VECTOR('',#4151,10.);
#1316=VECTOR('',#4154,10.);
#1317=VECTOR('',#4155,10.);
#1318=VECTOR('',#4156,10.);
#1319=VECTOR('',#4159,10.);
#1320=VECTOR('',#4162,10.);
#1321=VECTOR('',#4171,10.);
#1322=VECTOR('',#4174,10.);
#1323=VECTOR('',#4177,10.);
#1324=VECTOR('',#4178,10.);
#1325=VECTOR('',#4179,10.);
#1326=VECTOR('',#4180,10.);
#1327=VECTOR('',#4183,10.);
#1328=VECTOR('',#4184,10.);
#1329=VECTOR('',#4185,10.);
#1330=VECTOR('',#4186,10.);
#1331=VECTOR('',#4189,10.);
#1332=VECTOR('',#4190,10.);
#1333=VECTOR('',#4191,10.);
#1334=VECTOR('',#4192,10.);
#1335=VECTOR('',#4195,10.);
#1336=VECTOR('',#4198,10.);
#1337=VECTOR('',#4201,10.);
#1338=VECTOR('',#4204,10.);
#1339=VECTOR('',#4207,10.);
#1340=VECTOR('',#4208,10.);
#1341=VECTOR('',#4213,10.);
#1342=VECTOR('',#4214,10.);
#1343=VECTOR('',#4217,10.);
#1344=VECTOR('',#4218,10.);
#1345=VECTOR('',#4221,10.);
#1346=VECTOR('',#4226,10.);
#1347=VECTOR('',#4229,10.);
#1348=VECTOR('',#4230,10.);
#1349=VECTOR('',#4241,10.);
#1350=VECTOR('',#4242,10.);
#1351=VECTOR('',#4243,10.);
#1352=VECTOR('',#4246,10.);
#1353=VECTOR('',#4249,10.);
#1354=VECTOR('',#4252,10.);
#1355=CIRCLE('',#3239,1.6);
#1356=CIRCLE('',#3240,1.6);
#1357=CIRCLE('',#3242,3.00000000000182);
#1358=CIRCLE('',#3244,1.6);
#1359=CIRCLE('',#3245,1.6);
#1360=CIRCLE('',#3247,3.00000000000181);
#1361=CIRCLE('',#3249,1.6);
#1362=CIRCLE('',#3250,1.6);
#1363=CIRCLE('',#3252,3.00000000000182);
#1364=CIRCLE('',#3254,1.6);
#1365=CIRCLE('',#3255,1.6);
#1366=CIRCLE('',#3257,3.00000000000182);
#1367=CIRCLE('',#3299,3.05394104541142);
#1368=CIRCLE('',#3301,3.05394104516135);
#1369=CIRCLE('',#3307,3.05382211411752);
#1370=CIRCLE('',#3313,3.05382211383855);
#1371=CIRCLE('',#3324,3.05379036561007);
#1372=CIRCLE('',#3330,3.0537903654678);
#1373=CIRCLE('',#3344,3.05373938455972);
#1374=CIRCLE('',#3346,3.05373938451529);
#1375=CIRCLE('',#3351,6.2982128915801);
#1376=CIRCLE('',#3353,3.00000000000181);
#1377=CIRCLE('',#3355,6.2982128915801);
#1378=CIRCLE('',#3371,6.29821289157915);
#1379=CIRCLE('',#3373,3.);
#1380=CIRCLE('',#3375,6.29821289157915);
#1381=CIRCLE('',#3377,6.29821289157915);
#1382=CIRCLE('',#3379,3.00000000000182);
#1383=CIRCLE('',#3380,3.00000000000185);
#1384=CIRCLE('',#3381,3.00000000000182);
#1385=CIRCLE('',#3383,6.29821289157913);
#1386=CIRCLE('',#3385,6.29821289158005);
#1387=CIRCLE('',#3387,3.);
#1388=CIRCLE('',#3388,3.00000000000182);
#1389=CIRCLE('',#3389,3.);
#1390=CIRCLE('',#3391,6.29821289158003);
#1391=CIRCLE('',#3392,6.29821289157555);
#1392=CIRCLE('',#3393,6.29821289158003);
#1393=CIRCLE('',#3443,2.00000000000083);
#1394=CIRCLE('',#3445,12.0000000000003);
#1395=CIRCLE('',#3449,1.9999999999907);
#1396=CIRCLE('',#3453,12.0000000000003);
#1397=VERTEX_POINT('',#4257);
#1398=VERTEX_POINT('',#4259);
#1399=VERTEX_POINT('',#4263);
#1400=VERTEX_POINT('',#4266);
#1401=VERTEX_POINT('',#4268);
#1402=VERTEX_POINT('',#4272);
#1403=VERTEX_POINT('',#4275);
#1404=VERTEX_POINT('',#4277);
#1405=VERTEX_POINT('',#4281);
#1406=VERTEX_POINT('',#4284);
#1407=VERTEX_POINT('',#4286);
#1408=VERTEX_POINT('',#4290);
#1409=VERTEX_POINT('',#4298);
#1410=VERTEX_POINT('',#4299);
#1411=VERTEX_POINT('',#4301);
#1412=VERTEX_POINT('',#4303);
#1413=VERTEX_POINT('',#4307);
#1414=VERTEX_POINT('',#4309);
#1415=VERTEX_POINT('',#4313);
#1416=VERTEX_POINT('',#4314);
#1417=VERTEX_POINT('',#4316);
#1418=VERTEX_POINT('',#4318);
#1419=VERTEX_POINT('',#4322);
#1420=VERTEX_POINT('',#4323);
#1421=VERTEX_POINT('',#4325);
#1422=VERTEX_POINT('',#4327);
#1423=VERTEX_POINT('',#4340);
#1424=VERTEX_POINT('',#4341);
#1425=VERTEX_POINT('',#4343);
#1426=VERTEX_POINT('',#4345);
#1427=VERTEX_POINT('',#4366);
#1428=VERTEX_POINT('',#4367);
#1429=VERTEX_POINT('',#4369);
#1430=VERTEX_POINT('',#4371);
#1431=VERTEX_POINT('',#4402);
#1432=VERTEX_POINT('',#4403);
#1433=VERTEX_POINT('',#4408);
#1434=VERTEX_POINT('',#4410);
#1435=VERTEX_POINT('',#4423);
#1436=VERTEX_POINT('',#4425);
#1437=VERTEX_POINT('',#4525);
#1438=VERTEX_POINT('',#4526);
#1439=VERTEX_POINT('',#4639);
#1440=VERTEX_POINT('',#4640);
#1441=VERTEX_POINT('',#4642);
#1442=VERTEX_POINT('',#4644);
#1443=VERTEX_POINT('',#4646);
#1444=VERTEX_POINT('',#4648);
#1445=VERTEX_POINT('',#4669);
#1446=VERTEX_POINT('',#4670);
#1447=VERTEX_POINT('',#4693);
#1448=VERTEX_POINT('',#4695);
#1449=VERTEX_POINT('',#4726);
#1450=VERTEX_POINT('',#4728);
#1451=VERTEX_POINT('',#4732);
#1452=VERTEX_POINT('',#4734);
#1453=VERTEX_POINT('',#4747);
#1454=VERTEX_POINT('',#4845);
#1455=VERTEX_POINT('',#4966);
#1456=VERTEX_POINT('',#4968);
#1457=VERTEX_POINT('',#5197);
#1458=VERTEX_POINT('',#5198);
#1459=VERTEX_POINT('',#5200);
#1460=VERTEX_POINT('',#5202);
#1461=VERTEX_POINT('',#5204);
#1462=VERTEX_POINT('',#5206);
#1463=VERTEX_POINT('',#5210);
#1464=VERTEX_POINT('',#5212);
#1465=VERTEX_POINT('',#5225);
#1466=VERTEX_POINT('',#5227);
#1467=VERTEX_POINT('',#5236);
#1468=VERTEX_POINT('',#5238);
#1469=VERTEX_POINT('',#5240);
#1470=VERTEX_POINT('',#5242);
#1471=VERTEX_POINT('',#5245);
#1472=VERTEX_POINT('',#5246);
#1473=VERTEX_POINT('',#5248);
#1474=VERTEX_POINT('',#5250);
#1475=VERTEX_POINT('',#5254);
#1476=VERTEX_POINT('',#5256);
#1477=VERTEX_POINT('',#5258);
#1478=VERTEX_POINT('',#5260);
#1479=VERTEX_POINT('',#5263);
#1480=VERTEX_POINT('',#5264);
#1481=VERTEX_POINT('',#5266);
#1482=VERTEX_POINT('',#5268);
#1483=VERTEX_POINT('',#5272);
#1484=VERTEX_POINT('',#5273);
#1485=VERTEX_POINT('',#5275);
#1486=VERTEX_POINT('',#5277);
#1487=VERTEX_POINT('',#5280);
#1488=VERTEX_POINT('',#5281);
#1489=VERTEX_POINT('',#5283);
#1490=VERTEX_POINT('',#5285);
#1491=VERTEX_POINT('',#5345);
#1492=VERTEX_POINT('',#5347);
#1493=VERTEX_POINT('',#5360);
#1494=VERTEX_POINT('',#5364);
#1495=VERTEX_POINT('',#5377);
#1496=VERTEX_POINT('',#5381);
#1497=VERTEX_POINT('',#5404);
#1498=VERTEX_POINT('',#5406);
#1499=VERTEX_POINT('',#5419);
#1500=VERTEX_POINT('',#5423);
#1501=VERTEX_POINT('',#5436);
#1502=VERTEX_POINT('',#5440);
#1503=VERTEX_POINT('',#5463);
#1504=VERTEX_POINT('',#5465);
#1505=VERTEX_POINT('',#5469);
#1506=VERTEX_POINT('',#5471);
#1507=VERTEX_POINT('',#5475);
#1508=VERTEX_POINT('',#5477);
#1509=VERTEX_POINT('',#5481);
#1510=VERTEX_POINT('',#5485);
#1511=VERTEX_POINT('',#5489);
#1512=VERTEX_POINT('',#5491);
#1513=VERTEX_POINT('',#5504);
#1514=VERTEX_POINT('',#5508);
#1515=VERTEX_POINT('',#5521);
#1516=VERTEX_POINT('',#5525);
#1517=VERTEX_POINT('',#5548);
#1518=VERTEX_POINT('',#5550);
#1519=VERTEX_POINT('',#5563);
#1520=VERTEX_POINT('',#5567);
#1521=VERTEX_POINT('',#5580);
#1522=VERTEX_POINT('',#5584);
#1523=VERTEX_POINT('',#5607);
#1524=VERTEX_POINT('',#5609);
#1525=VERTEX_POINT('',#5613);
#1526=VERTEX_POINT('',#5617);
#1527=VERTEX_POINT('',#5619);
#1528=VERTEX_POINT('',#5623);
#1529=VERTEX_POINT('',#5627);
#1530=VERTEX_POINT('',#5631);
#1531=VERTEX_POINT('',#5632);
#1532=VERTEX_POINT('',#5634);
#1533=VERTEX_POINT('',#5636);
#1534=VERTEX_POINT('',#5640);
#1535=VERTEX_POINT('',#5642);
#1536=VERTEX_POINT('',#5646);
#1537=VERTEX_POINT('',#5648);
#1538=VERTEX_POINT('',#5652);
#1539=VERTEX_POINT('',#5653);
#1540=VERTEX_POINT('',#5655);
#1541=VERTEX_POINT('',#5657);
#1542=VERTEX_POINT('',#5661);
#1543=VERTEX_POINT('',#5663);
#1544=VERTEX_POINT('',#5667);
#1545=VERTEX_POINT('',#5669);
#1546=VERTEX_POINT('',#5676);
#1547=VERTEX_POINT('',#5677);
#1548=VERTEX_POINT('',#5679);
#1549=VERTEX_POINT('',#5681);
#1550=VERTEX_POINT('',#5683);
#1551=VERTEX_POINT('',#5686);
#1552=VERTEX_POINT('',#5687);
#1553=VERTEX_POINT('',#5689);
#1554=VERTEX_POINT('',#5691);
#1555=VERTEX_POINT('',#5712);
#1556=VERTEX_POINT('',#5714);
#1557=VERTEX_POINT('',#5739);
#1558=VERTEX_POINT('',#5741);
#1559=VERTEX_POINT('',#5743);
#1560=VERTEX_POINT('',#5746);
#1561=VERTEX_POINT('',#5747);
#1562=VERTEX_POINT('',#5768);
#1563=VERTEX_POINT('',#5770);
#1564=VERTEX_POINT('',#5772);
#1565=VERTEX_POINT('',#5774);
#1566=VERTEX_POINT('',#5799);
#1567=VERTEX_POINT('',#5800);
#1568=VERTEX_POINT('',#5802);
#1569=VERTEX_POINT('',#5804);
#1570=VERTEX_POINT('',#5807);
#1571=VERTEX_POINT('',#5809);
#1572=VERTEX_POINT('',#5818);
#1573=VERTEX_POINT('',#5820);
#1574=VERTEX_POINT('',#5824);
#1575=VERTEX_POINT('',#5827);
#1576=VERTEX_POINT('',#5831);
#1577=VERTEX_POINT('',#5835);
#1578=VERTEX_POINT('',#5836);
#1579=VERTEX_POINT('',#5838);
#1580=VERTEX_POINT('',#5840);
#1581=VERTEX_POINT('',#5844);
#1582=VERTEX_POINT('',#5846);
#1583=VERTEX_POINT('',#5979);
#1584=VERTEX_POINT('',#5982);
#1585=VERTEX_POINT('',#5986);
#1586=VERTEX_POINT('',#5990);
#1587=VERTEX_POINT('',#5993);
#1588=VERTEX_POINT('',#5995);
#1589=VERTEX_POINT('',#5997);
#1590=VERTEX_POINT('',#6001);
#1591=VERTEX_POINT('',#6005);
#1592=VERTEX_POINT('',#6008);
#1593=VERTEX_POINT('',#6010);
#1594=VERTEX_POINT('',#6012);
#1595=VERTEX_POINT('',#6016);
#1596=VERTEX_POINT('',#6018);
#1597=VERTEX_POINT('',#6020);
#1598=VERTEX_POINT('',#6027);
#1599=VERTEX_POINT('',#6033);
#1600=VERTEX_POINT('',#6034);
#1601=VERTEX_POINT('',#6036);
#1602=VERTEX_POINT('',#6038);
#1603=VERTEX_POINT('',#6042);
#1604=VERTEX_POINT('',#6044);
#1605=VERTEX_POINT('',#6046);
#1606=VERTEX_POINT('',#6050);
#1607=VERTEX_POINT('',#6051);
#1608=VERTEX_POINT('',#6053);
#1609=VERTEX_POINT('',#6055);
#1610=VERTEX_POINT('',#6057);
#1611=VERTEX_POINT('',#6060);
#1612=VERTEX_POINT('',#6064);
#1613=VERTEX_POINT('',#6069);
#1614=VERTEX_POINT('',#6077);
#1615=VERTEX_POINT('',#6078);
#1616=VERTEX_POINT('',#6080);
#1617=VERTEX_POINT('',#6082);
#1618=VERTEX_POINT('',#6085);
#1619=VERTEX_POINT('',#6086);
#1620=VERTEX_POINT('',#6088);
#1621=VERTEX_POINT('',#6090);
#1622=VERTEX_POINT('',#6103);
#1623=VERTEX_POINT('',#6104);
#1624=VERTEX_POINT('',#6106);
#1625=VERTEX_POINT('',#6108);
#1626=VERTEX_POINT('',#6226);
#1627=VERTEX_POINT('',#6228);
#1628=VERTEX_POINT('',#6241);
#1629=VERTEX_POINT('',#6243);
#1630=VERTEX_POINT('',#6390);
#1631=VERTEX_POINT('',#6391);
#1632=VERTEX_POINT('',#6405);
#1633=VERTEX_POINT('',#6562);
#1634=VERTEX_POINT('',#6730);
#1635=VERTEX_POINT('',#6732);
#1636=VERTEX_POINT('',#6736);
#1637=VERTEX_POINT('',#6738);
#1638=VERTEX_POINT('',#6742);
#1639=VERTEX_POINT('',#6743);
#1640=VERTEX_POINT('',#6784);
#1641=VERTEX_POINT('',#6787);
#1642=VERTEX_POINT('',#6794);
#1643=VERTEX_POINT('',#6795);
#1644=VERTEX_POINT('',#6855);
#1645=VERTEX_POINT('',#6957);
#1646=VERTEX_POINT('',#6958);
#1647=VERTEX_POINT('',#6960);
#1648=VERTEX_POINT('',#6962);
#1649=VERTEX_POINT('',#6964);
#1650=VERTEX_POINT('',#6966);
#1651=VERTEX_POINT('',#6968);
#1652=VERTEX_POINT('',#6970);
#1653=VERTEX_POINT('',#6972);
#1654=VERTEX_POINT('',#6974);
#1655=VERTEX_POINT('',#6977);
#1656=VERTEX_POINT('',#6979);
#1657=VERTEX_POINT('',#6981);
#1658=VERTEX_POINT('',#6996);
#1659=VERTEX_POINT('',#7012);
#1660=VERTEX_POINT('',#7015);
#1661=VERTEX_POINT('',#7019);
#1662=VERTEX_POINT('',#7022);
#1663=VERTEX_POINT('',#7026);
#1664=VERTEX_POINT('',#7029);
#1665=VERTEX_POINT('',#7037);
#1666=VERTEX_POINT('',#7039);
#1667=VERTEX_POINT('',#7043);
#1668=VERTEX_POINT('',#7045);
#1669=VERTEX_POINT('',#7049);
#1670=VERTEX_POINT('',#7053);
#1671=VERTEX_POINT('',#7057);
#1672=VERTEX_POINT('',#7063);
#1673=VERTEX_POINT('',#7072);
#1674=EDGE_CURVE('',#1397,#1397,#1355,.T.);
#1675=EDGE_CURVE('',#1397,#1398,#663,.T.);
#1676=EDGE_CURVE('',#1398,#1398,#1356,.T.);
#1677=EDGE_CURVE('',#1399,#1399,#1357,.T.);
#1678=EDGE_CURVE('',#1400,#1400,#1358,.T.);
#1679=EDGE_CURVE('',#1400,#1401,#664,.T.);
#1680=EDGE_CURVE('',#1401,#1401,#1359,.T.);
#1681=EDGE_CURVE('',#1402,#1402,#1360,.T.);
#1682=EDGE_CURVE('',#1403,#1403,#1361,.T.);
#1683=EDGE_CURVE('',#1403,#1404,#665,.T.);
#1684=EDGE_CURVE('',#1404,#1404,#1362,.T.);
#1685=EDGE_CURVE('',#1405,#1405,#1363,.T.);
#1686=EDGE_CURVE('',#1406,#1406,#1364,.T.);
#1687=EDGE_CURVE('',#1406,#1407,#666,.T.);
#1688=EDGE_CURVE('',#1407,#1407,#1365,.T.);
#1689=EDGE_CURVE('',#1408,#1408,#1366,.T.);
#1690=EDGE_CURVE('',#1409,#1410,#42,.T.);
#1691=EDGE_CURVE('',#1410,#1411,#667,.T.);
#1692=EDGE_CURVE('',#1411,#1412,#43,.T.);
#1693=EDGE_CURVE('',#1412,#1409,#668,.T.);
#1694=EDGE_CURVE('',#1413,#1409,#669,.T.);
#1695=EDGE_CURVE('',#1412,#1414,#670,.T.);
#1696=EDGE_CURVE('',#1414,#1413,#671,.T.);
#1697=EDGE_CURVE('',#1415,#1416,#672,.T.);
#1698=EDGE_CURVE('',#1416,#1417,#673,.T.);
#1699=EDGE_CURVE('',#1417,#1418,#674,.T.);
#1700=EDGE_CURVE('',#1418,#1415,#675,.T.);
#1701=EDGE_CURVE('',#1419,#1420,#676,.T.);
#1702=EDGE_CURVE('',#1420,#1421,#677,.T.);
#1703=EDGE_CURVE('',#1421,#1422,#678,.T.);
#1704=EDGE_CURVE('',#1422,#1419,#679,.T.);
#1705=EDGE_CURVE('',#1423,#1424,#44,.T.);
#1706=EDGE_CURVE('',#1424,#1425,#680,.T.);
#1707=EDGE_CURVE('',#1425,#1426,#45,.T.);
#1708=EDGE_CURVE('',#1426,#1423,#681,.T.);
#1709=EDGE_CURVE('',#1427,#1428,#682,.T.);
#1710=EDGE_CURVE('',#1428,#1429,#46,.T.);
#1711=EDGE_CURVE('',#1429,#1430,#683,.T.);
#1712=EDGE_CURVE('',#1430,#1427,#16,.T.);
#1713=EDGE_CURVE('',#1431,#1432,#684,.T.);
#1714=EDGE_CURVE('',#1432,#1428,#685,.T.);
#1715=EDGE_CURVE('',#1427,#1431,#686,.T.);
#1716=EDGE_CURVE('',#1429,#1433,#687,.T.);
#1717=EDGE_CURVE('',#1433,#1434,#688,.T.);
#1718=EDGE_CURVE('',#1434,#1430,#689,.T.);
#1719=EDGE_CURVE('',#1433,#1435,#47,.T.);
#1720=EDGE_CURVE('',#1435,#1436,#690,.T.);
#1721=EDGE_CURVE('',#1436,#1434,#17,.T.);
#1722=EDGE_CURVE('',#1437,#1438,#691,.T.);
#1723=EDGE_CURVE('',#1438,#1436,#692,.T.);
#1724=EDGE_CURVE('',#1435,#1437,#693,.T.);
#1725=EDGE_CURVE('',#1431,#1438,#18,.T.);
#1726=EDGE_CURVE('',#1437,#1432,#48,.T.);
#1727=EDGE_CURVE('',#1439,#1440,#49,.T.);
#1728=EDGE_CURVE('',#1440,#1441,#694,.T.);
#1729=EDGE_CURVE('',#1441,#1442,#50,.T.);
#1730=EDGE_CURVE('',#1442,#1443,#695,.T.);
#1731=EDGE_CURVE('',#1443,#1444,#696,.T.);
#1732=EDGE_CURVE('',#1444,#1439,#697,.T.);
#1733=EDGE_CURVE('',#1445,#1446,#19,.T.);
#1734=EDGE_CURVE('',#1446,#1447,#698,.T.);
#1735=EDGE_CURVE('',#1447,#1448,#20,.T.);
#1736=EDGE_CURVE('',#1448,#1445,#699,.T.);
#1737=EDGE_CURVE('',#1449,#1445,#700,.T.);
#1738=EDGE_CURVE('',#1448,#1450,#701,.T.);
#1739=EDGE_CURVE('',#1450,#1449,#702,.T.);
#1740=EDGE_CURVE('',#1446,#1451,#703,.T.);
#1741=EDGE_CURVE('',#1451,#1452,#704,.T.);
#1742=EDGE_CURVE('',#1452,#1447,#705,.T.);
#1743=EDGE_CURVE('',#1451,#1453,#21,.T.);
#1744=EDGE_CURVE('',#1453,#1454,#706,.T.);
#1745=EDGE_CURVE('',#1454,#1452,#22,.T.);
#1746=EDGE_CURVE('',#1455,#1454,#707,.T.);
#1747=EDGE_CURVE('',#1453,#1456,#708,.T.);
#1748=EDGE_CURVE('',#1456,#1455,#709,.T.);
#1749=EDGE_CURVE('',#1450,#1455,#23,.T.);
#1750=EDGE_CURVE('',#1456,#1449,#24,.T.);
#1751=EDGE_CURVE('',#1457,#1458,#710,.T.);
#1752=EDGE_CURVE('',#1458,#1459,#711,.T.);
#1753=EDGE_CURVE('',#1459,#1460,#712,.T.);
#1754=EDGE_CURVE('',#1460,#1461,#51,.T.);
#1755=EDGE_CURVE('',#1461,#1462,#713,.T.);
#1756=EDGE_CURVE('',#1462,#1457,#52,.T.);
#1757=EDGE_CURVE('',#1424,#1463,#714,.T.);
#1758=EDGE_CURVE('',#1463,#1464,#715,.T.);
#1759=EDGE_CURVE('',#1464,#1425,#716,.T.);
#1760=EDGE_CURVE('',#1463,#1465,#53,.T.);
#1761=EDGE_CURVE('',#1465,#1466,#25,.T.);
#1762=EDGE_CURVE('',#1466,#1464,#54,.T.);
#1763=EDGE_CURVE('',#1423,#1467,#717,.T.);
#1764=EDGE_CURVE('',#1467,#1468,#718,.T.);
#1765=EDGE_CURVE('',#1468,#1469,#719,.T.);
#1766=EDGE_CURVE('',#1469,#1470,#720,.T.);
#1767=EDGE_CURVE('',#1470,#1465,#721,.T.);
#1768=EDGE_CURVE('',#1471,#1472,#55,.T.);
#1769=EDGE_CURVE('',#1472,#1473,#722,.T.);
#1770=EDGE_CURVE('',#1473,#1474,#56,.T.);
#1771=EDGE_CURVE('',#1474,#1471,#723,.T.);
#1772=EDGE_CURVE('',#1466,#1475,#724,.T.);
#1773=EDGE_CURVE('',#1475,#1476,#725,.T.);
#1774=EDGE_CURVE('',#1476,#1477,#726,.T.);
#1775=EDGE_CURVE('',#1477,#1478,#727,.T.);
#1776=EDGE_CURVE('',#1478,#1426,#728,.T.);
#1777=EDGE_CURVE('',#1479,#1480,#57,.T.);
#1778=EDGE_CURVE('',#1480,#1481,#729,.T.);
#1779=EDGE_CURVE('',#1481,#1482,#58,.T.);
#1780=EDGE_CURVE('',#1482,#1479,#730,.T.);
#1781=EDGE_CURVE('',#1483,#1484,#59,.T.);
#1782=EDGE_CURVE('',#1484,#1485,#731,.T.);
#1783=EDGE_CURVE('',#1485,#1486,#60,.T.);
#1784=EDGE_CURVE('',#1486,#1483,#732,.T.);
#1785=EDGE_CURVE('',#1487,#1488,#733,.T.);
#1786=EDGE_CURVE('',#1488,#1489,#61,.T.);
#1787=EDGE_CURVE('',#1489,#1490,#734,.T.);
#1788=EDGE_CURVE('',#1490,#1487,#62,.T.);
#1789=EDGE_CURVE('',#1479,#1487,#735,.T.);
#1790=EDGE_CURVE('',#1490,#1480,#736,.T.);
#1791=EDGE_CURVE('',#1489,#1481,#737,.T.);
#1792=EDGE_CURVE('',#1488,#1482,#738,.T.);
#1793=EDGE_CURVE('',#1471,#1484,#739,.T.);
#1794=EDGE_CURVE('',#1483,#1472,#740,.T.);
#1795=EDGE_CURVE('',#1474,#1485,#741,.T.);
#1796=EDGE_CURVE('',#1473,#1486,#742,.T.);
#1797=EDGE_CURVE('',#1444,#1443,#1367,.T.);
#1798=EDGE_CURVE('',#1459,#1458,#1368,.T.);
#1799=EDGE_CURVE('',#1491,#1439,#743,.T.);
#1800=EDGE_CURVE('',#1444,#1492,#744,.T.);
#1801=EDGE_CURVE('',#1492,#1491,#745,.T.);
#1802=EDGE_CURVE('',#1493,#1440,#746,.T.);
#1803=EDGE_CURVE('',#1491,#1493,#63,.T.);
#1804=EDGE_CURVE('',#1494,#1441,#747,.T.);
#1805=EDGE_CURVE('',#1493,#1494,#748,.T.);
#1806=EDGE_CURVE('',#1495,#1442,#749,.T.);
#1807=EDGE_CURVE('',#1494,#1495,#64,.T.);
#1808=EDGE_CURVE('',#1496,#1443,#750,.T.);
#1809=EDGE_CURVE('',#1495,#1496,#751,.T.);
#1810=EDGE_CURVE('',#1496,#1492,#1369,.T.);
#1811=EDGE_CURVE('',#1497,#1458,#752,.T.);
#1812=EDGE_CURVE('',#1457,#1498,#753,.T.);
#1813=EDGE_CURVE('',#1498,#1497,#754,.T.);
#1814=EDGE_CURVE('',#1462,#1499,#755,.T.);
#1815=EDGE_CURVE('',#1499,#1498,#65,.T.);
#1816=EDGE_CURVE('',#1461,#1500,#756,.T.);
#1817=EDGE_CURVE('',#1500,#1499,#757,.T.);
#1818=EDGE_CURVE('',#1460,#1501,#758,.T.);
#1819=EDGE_CURVE('',#1501,#1500,#66,.T.);
#1820=EDGE_CURVE('',#1459,#1502,#759,.T.);
#1821=EDGE_CURVE('',#1502,#1501,#760,.T.);
#1822=EDGE_CURVE('',#1497,#1502,#1370,.T.);
#1823=EDGE_CURVE('',#1503,#1475,#761,.T.);
#1824=EDGE_CURVE('',#1470,#1504,#762,.T.);
#1825=EDGE_CURVE('',#1504,#1503,#763,.T.);
#1826=EDGE_CURVE('',#1505,#1476,#764,.T.);
#1827=EDGE_CURVE('',#1503,#1506,#765,.T.);
#1828=EDGE_CURVE('',#1506,#1505,#766,.T.);
#1829=EDGE_CURVE('',#1507,#1468,#767,.T.);
#1830=EDGE_CURVE('',#1467,#1508,#768,.T.);
#1831=EDGE_CURVE('',#1508,#1507,#769,.T.);
#1832=EDGE_CURVE('',#1469,#1509,#770,.T.);
#1833=EDGE_CURVE('',#1509,#1504,#771,.T.);
#1834=EDGE_CURVE('',#1478,#1510,#772,.T.);
#1835=EDGE_CURVE('',#1510,#1508,#773,.T.);
#1836=EDGE_CURVE('',#1492,#1511,#774,.T.);
#1837=EDGE_CURVE('',#1511,#1512,#775,.T.);
#1838=EDGE_CURVE('',#1512,#1491,#776,.T.);
#1839=EDGE_CURVE('',#1512,#1513,#67,.T.);
#1840=EDGE_CURVE('',#1513,#1493,#777,.T.);
#1841=EDGE_CURVE('',#1513,#1514,#778,.T.);
#1842=EDGE_CURVE('',#1514,#1494,#779,.T.);
#1843=EDGE_CURVE('',#1514,#1515,#68,.T.);
#1844=EDGE_CURVE('',#1515,#1495,#780,.T.);
#1845=EDGE_CURVE('',#1515,#1516,#781,.T.);
#1846=EDGE_CURVE('',#1516,#1496,#782,.T.);
#1847=EDGE_CURVE('',#1516,#1511,#1371,.T.);
#1848=EDGE_CURVE('',#1498,#1517,#783,.T.);
#1849=EDGE_CURVE('',#1517,#1518,#784,.T.);
#1850=EDGE_CURVE('',#1518,#1497,#785,.T.);
#1851=EDGE_CURVE('',#1499,#1519,#786,.T.);
#1852=EDGE_CURVE('',#1519,#1517,#69,.T.);
#1853=EDGE_CURVE('',#1500,#1520,#787,.T.);
#1854=EDGE_CURVE('',#1520,#1519,#788,.T.);
#1855=EDGE_CURVE('',#1501,#1521,#789,.T.);
#1856=EDGE_CURVE('',#1521,#1520,#70,.T.);
#1857=EDGE_CURVE('',#1502,#1522,#790,.T.);
#1858=EDGE_CURVE('',#1522,#1521,#791,.T.);
#1859=EDGE_CURVE('',#1518,#1522,#1372,.T.);
#1860=EDGE_CURVE('',#1504,#1523,#792,.T.);
#1861=EDGE_CURVE('',#1523,#1524,#793,.T.);
#1862=EDGE_CURVE('',#1524,#1503,#794,.T.);
#1863=EDGE_CURVE('',#1524,#1525,#795,.T.);
#1864=EDGE_CURVE('',#1525,#1506,#796,.T.);
#1865=EDGE_CURVE('',#1508,#1526,#797,.T.);
#1866=EDGE_CURVE('',#1526,#1527,#798,.T.);
#1867=EDGE_CURVE('',#1527,#1507,#799,.T.);
#1868=EDGE_CURVE('',#1509,#1528,#800,.T.);
#1869=EDGE_CURVE('',#1528,#1523,#801,.T.);
#1870=EDGE_CURVE('',#1510,#1529,#802,.T.);
#1871=EDGE_CURVE('',#1529,#1526,#803,.T.);
#1872=EDGE_CURVE('',#1530,#1531,#804,.T.);
#1873=EDGE_CURVE('',#1531,#1532,#805,.T.);
#1874=EDGE_CURVE('',#1532,#1533,#806,.T.);
#1875=EDGE_CURVE('',#1533,#1530,#807,.T.);
#1876=EDGE_CURVE('',#1534,#1530,#808,.T.);
#1877=EDGE_CURVE('',#1533,#1535,#809,.T.);
#1878=EDGE_CURVE('',#1535,#1534,#810,.T.);
#1879=EDGE_CURVE('',#1536,#1534,#811,.T.);
#1880=EDGE_CURVE('',#1535,#1537,#812,.T.);
#1881=EDGE_CURVE('',#1537,#1536,#813,.T.);
#1882=EDGE_CURVE('',#1538,#1539,#814,.T.);
#1883=EDGE_CURVE('',#1539,#1540,#815,.T.);
#1884=EDGE_CURVE('',#1540,#1541,#816,.T.);
#1885=EDGE_CURVE('',#1541,#1538,#817,.T.);
#1886=EDGE_CURVE('',#1542,#1538,#818,.T.);
#1887=EDGE_CURVE('',#1541,#1543,#819,.T.);
#1888=EDGE_CURVE('',#1543,#1542,#820,.T.);
#1889=EDGE_CURVE('',#1544,#1542,#821,.T.);
#1890=EDGE_CURVE('',#1543,#1545,#822,.T.);
#1891=EDGE_CURVE('',#1545,#1544,#823,.T.);
#1892=EDGE_CURVE('',#1545,#1532,#824,.T.);
#1893=EDGE_CURVE('',#1540,#1537,#825,.T.);
#1894=EDGE_CURVE('',#1546,#1547,#826,.T.);
#1895=EDGE_CURVE('',#1547,#1548,#827,.T.);
#1896=EDGE_CURVE('',#1548,#1549,#828,.T.);
#1897=EDGE_CURVE('',#1549,#1550,#829,.T.);
#1898=EDGE_CURVE('',#1550,#1546,#830,.T.);
#1899=EDGE_CURVE('',#1551,#1552,#1373,.T.);
#1900=EDGE_CURVE('',#1552,#1553,#831,.T.);
#1901=EDGE_CURVE('',#1553,#1554,#26,.T.);
#1902=EDGE_CURVE('',#1554,#1555,#832,.T.);
#1903=EDGE_CURVE('',#1555,#1556,#27,.T.);
#1904=EDGE_CURVE('',#1556,#1551,#833,.T.);
#1905=EDGE_CURVE('',#1414,#1557,#834,.T.);
#1906=EDGE_CURVE('',#1557,#1558,#835,.T.);
#1907=EDGE_CURVE('',#1558,#1559,#836,.T.);
#1908=EDGE_CURVE('',#1559,#1413,#837,.T.);
#1909=EDGE_CURVE('',#1560,#1561,#28,.T.);
#1910=EDGE_CURVE('',#1561,#1562,#838,.T.);
#1911=EDGE_CURVE('',#1562,#1563,#1374,.T.);
#1912=EDGE_CURVE('',#1563,#1564,#839,.T.);
#1913=EDGE_CURVE('',#1564,#1565,#29,.T.);
#1914=EDGE_CURVE('',#1565,#1560,#840,.T.);
#1915=EDGE_CURVE('',#1566,#1567,#841,.T.);
#1916=EDGE_CURVE('',#1567,#1568,#842,.T.);
#1917=EDGE_CURVE('',#1568,#1569,#843,.T.);
#1918=EDGE_CURVE('',#1569,#1411,#844,.T.);
#1919=EDGE_CURVE('',#1410,#1570,#845,.T.);
#1920=EDGE_CURVE('',#1570,#1571,#846,.T.);
#1921=EDGE_CURVE('',#1571,#1566,#847,.T.);
#1922=EDGE_CURVE('',#1572,#1571,#71,.T.);
#1923=EDGE_CURVE('',#1570,#1573,#72,.T.);
#1924=EDGE_CURVE('',#1573,#1572,#848,.T.);
#1925=EDGE_CURVE('',#1574,#1574,#1375,.T.);
#1926=EDGE_CURVE('',#1402,#1575,#849,.T.);
#1927=EDGE_CURVE('',#1575,#1575,#1376,.T.);
#1928=EDGE_CURVE('',#1574,#1576,#850,.T.);
#1929=EDGE_CURVE('',#1576,#1576,#1377,.T.);
#1930=EDGE_CURVE('',#1577,#1578,#851,.T.);
#1931=EDGE_CURVE('',#1578,#1579,#852,.T.);
#1932=EDGE_CURVE('',#1579,#1580,#853,.T.);
#1933=EDGE_CURVE('',#1580,#1577,#854,.T.);
#1934=EDGE_CURVE('',#1550,#1581,#855,.T.);
#1935=EDGE_CURVE('',#1581,#1582,#856,.T.);
#1936=EDGE_CURVE('',#1582,#1546,#857,.T.);
#1937=EDGE_CURVE('',#1579,#1582,#858,.T.);
#1938=EDGE_CURVE('',#1581,#1580,#859,.T.);
#1939=EDGE_CURVE('',#1511,#1562,#30,.T.);
#1940=EDGE_CURVE('',#1561,#1512,#860,.T.);
#1941=EDGE_CURVE('',#1560,#1513,#861,.T.);
#1942=EDGE_CURVE('',#1565,#1514,#862,.T.);
#1943=EDGE_CURVE('',#1564,#1515,#863,.T.);
#1944=EDGE_CURVE('',#1563,#1516,#31,.T.);
#1945=EDGE_CURVE('',#1517,#1553,#864,.T.);
#1946=EDGE_CURVE('',#1552,#1518,#32,.T.);
#1947=EDGE_CURVE('',#1519,#1554,#865,.T.);
#1948=EDGE_CURVE('',#1520,#1555,#866,.T.);
#1949=EDGE_CURVE('',#1521,#1556,#867,.T.);
#1950=EDGE_CURVE('',#1522,#1551,#33,.T.);
#1951=EDGE_CURVE('',#1523,#1549,#868,.T.);
#1952=EDGE_CURVE('',#1548,#1524,#869,.T.);
#1953=EDGE_CURVE('',#1547,#1525,#870,.T.);
#1954=EDGE_CURVE('',#1526,#1557,#871,.T.);
#1955=EDGE_CURVE('',#1414,#1527,#872,.T.);
#1956=EDGE_CURVE('',#1528,#1550,#873,.T.);
#1957=EDGE_CURVE('',#1529,#1558,#874,.T.);
#1958=EDGE_CURVE('',#1583,#1583,#1378,.T.);
#1959=EDGE_CURVE('',#1399,#1584,#875,.T.);
#1960=EDGE_CURVE('',#1584,#1584,#1379,.T.);
#1961=EDGE_CURVE('',#1583,#1585,#876,.T.);
#1962=EDGE_CURVE('',#1585,#1585,#1380,.T.);
#1963=EDGE_CURVE('',#1586,#1586,#1381,.T.);
#1964=EDGE_CURVE('',#1405,#1587,#877,.T.);
#1965=EDGE_CURVE('',#1587,#1588,#1382,.T.);
#1966=EDGE_CURVE('',#1588,#1589,#1383,.T.);
#1967=EDGE_CURVE('',#1589,#1587,#1384,.T.);
#1968=EDGE_CURVE('',#1586,#1590,#878,.T.);
#1969=EDGE_CURVE('',#1590,#1590,#1385,.T.);
#1970=EDGE_CURVE('',#1591,#1591,#1386,.T.);
#1971=EDGE_CURVE('',#1408,#1592,#879,.T.);
#1972=EDGE_CURVE('',#1592,#1593,#1387,.T.);
#1973=EDGE_CURVE('',#1593,#1594,#1388,.T.);
#1974=EDGE_CURVE('',#1594,#1592,#1389,.T.);
#1975=EDGE_CURVE('',#1591,#1595,#880,.T.);
#1976=EDGE_CURVE('',#1595,#1596,#1390,.T.);
#1977=EDGE_CURVE('',#1596,#1597,#1391,.T.);
#1978=EDGE_CURVE('',#1597,#1595,#1392,.T.);
#1979=EDGE_CURVE('',#1597,#1537,#881,.T.);
#1980=EDGE_CURVE('',#1540,#1506,#882,.T.);
#1981=EDGE_CURVE('',#1546,#1409,#883,.T.);
#1982=EDGE_CURVE('',#1559,#1598,#884,.T.);
#1983=EDGE_CURVE('',#1598,#1596,#885,.T.);
#1984=EDGE_CURVE('',#1510,#1598,#886,.T.);
#1985=EDGE_CURVE('',#1599,#1600,#887,.T.);
#1986=EDGE_CURVE('',#1601,#1600,#888,.T.);
#1987=EDGE_CURVE('',#1601,#1602,#889,.T.);
#1988=EDGE_CURVE('',#1602,#1599,#890,.T.);
#1989=EDGE_CURVE('',#1603,#1602,#891,.T.);
#1990=EDGE_CURVE('',#1604,#1601,#892,.T.);
#1991=EDGE_CURVE('',#1604,#1605,#893,.T.);
#1992=EDGE_CURVE('',#1605,#1603,#894,.T.);
#1993=EDGE_CURVE('',#1606,#1607,#895,.T.);
#1994=EDGE_CURVE('',#1607,#1608,#896,.T.);
#1995=EDGE_CURVE('',#1609,#1608,#897,.T.);
#1996=EDGE_CURVE('',#1609,#1610,#898,.T.);
#1997=EDGE_CURVE('',#1610,#1605,#899,.T.);
#1998=EDGE_CURVE('',#1611,#1604,#900,.T.);
#1999=EDGE_CURVE('',#1611,#1606,#901,.T.);
#2000=EDGE_CURVE('',#1599,#1612,#902,.T.);
#2001=EDGE_CURVE('',#1612,#1610,#903,.T.);
#2002=EDGE_CURVE('',#1600,#1609,#904,.T.);
#2003=EDGE_CURVE('',#1613,#1598,#905,.T.);
#2004=EDGE_CURVE('',#1477,#1613,#906,.T.);
#2005=EDGE_CURVE('',#1539,#1505,#907,.T.);
#2006=EDGE_CURVE('',#1613,#1536,#908,.T.);
#2007=EDGE_CURVE('',#1614,#1615,#909,.T.);
#2008=EDGE_CURVE('',#1615,#1616,#73,.T.);
#2009=EDGE_CURVE('',#1616,#1617,#910,.T.);
#2010=EDGE_CURVE('',#1617,#1614,#74,.T.);
#2011=EDGE_CURVE('',#1618,#1619,#75,.T.);
#2012=EDGE_CURVE('',#1619,#1620,#911,.T.);
#2013=EDGE_CURVE('',#1620,#1621,#76,.T.);
#2014=EDGE_CURVE('',#1621,#1618,#912,.T.);
#2015=EDGE_CURVE('',#1622,#1623,#913,.T.);
#2016=EDGE_CURVE('',#1623,#1624,#77,.T.);
#2017=EDGE_CURVE('',#1624,#1625,#914,.T.);
#2018=EDGE_CURVE('',#1625,#1622,#34,.T.);
#2019=EDGE_CURVE('',#1624,#1626,#915,.T.);
#2020=EDGE_CURVE('',#1626,#1627,#916,.T.);
#2021=EDGE_CURVE('',#1627,#1625,#917,.T.);
#2022=EDGE_CURVE('',#1626,#1628,#78,.T.);
#2023=EDGE_CURVE('',#1628,#1629,#918,.T.);
#2024=EDGE_CURVE('',#1629,#1627,#35,.T.);
#2025=EDGE_CURVE('',#1628,#1623,#919,.T.);
#2026=EDGE_CURVE('',#1622,#1629,#920,.T.);
#2027=EDGE_CURVE('',#1625,#1619,#921,.T.);
#2028=EDGE_CURVE('',#1618,#1622,#922,.T.);
#2029=EDGE_CURVE('',#1627,#1620,#923,.T.);
#2030=EDGE_CURVE('',#1629,#1621,#924,.T.);
#2031=EDGE_CURVE('',#1630,#1631,#925,.T.);
#2032=EDGE_CURVE('',#1631,#1615,#926,.T.);
#2033=EDGE_CURVE('',#1614,#1630,#927,.T.);
#2034=EDGE_CURVE('',#1617,#1632,#928,.T.);
#2035=EDGE_CURVE('',#1632,#1630,#36,.T.);
#2036=EDGE_CURVE('',#1616,#1633,#929,.T.);
#2037=EDGE_CURVE('',#1633,#1632,#930,.T.);
#2038=EDGE_CURVE('',#1631,#1633,#37,.T.);
#2039=EDGE_CURVE('',#1476,#1634,#931,.T.);
#2040=EDGE_CURVE('',#1634,#1635,#932,.T.);
#2041=EDGE_CURVE('',#1635,#1477,#933,.T.);
#2042=EDGE_CURVE('',#1539,#1636,#934,.T.);
#2043=EDGE_CURVE('',#1636,#1637,#935,.T.);
#2044=EDGE_CURVE('',#1637,#1505,#936,.T.);
#2045=EDGE_CURVE('',#1638,#1639,#38,.T.);
#2046=EDGE_CURVE('',#1639,#1640,#937,.T.);
#2047=EDGE_CURVE('',#1640,#1635,#938,.T.);
#2048=EDGE_CURVE('',#1634,#1641,#939,.T.);
#2049=EDGE_CURVE('',#1641,#1638,#940,.T.);
#2050=EDGE_CURVE('',#1415,#1638,#941,.T.);
#2051=EDGE_CURVE('',#1641,#1416,#942,.T.);
#2052=EDGE_CURVE('',#1642,#1643,#943,.T.);
#2053=EDGE_CURVE('',#1643,#1421,#944,.T.);
#2054=EDGE_CURVE('',#1420,#1418,#39,.T.);
#2055=EDGE_CURVE('',#1417,#1642,#945,.T.);
#2056=EDGE_CURVE('',#1422,#1640,#946,.T.);
#2057=EDGE_CURVE('',#1639,#1419,#947,.T.);
#2058=EDGE_CURVE('',#1644,#1642,#948,.T.);
#2059=EDGE_CURVE('',#1637,#1644,#949,.T.);
#2060=EDGE_CURVE('',#1420,#1419,#40,.T.);
#2061=EDGE_CURVE('',#1415,#1418,#41,.T.);
#2062=EDGE_CURVE('',#1645,#1646,#950,.T.);
#2063=EDGE_CURVE('',#1646,#1647,#951,.T.);
#2064=EDGE_CURVE('',#1647,#1648,#952,.T.);
#2065=EDGE_CURVE('',#1648,#1649,#953,.T.);
#2066=EDGE_CURVE('',#1649,#1650,#954,.T.);
#2067=EDGE_CURVE('',#1650,#1651,#955,.T.);
#2068=EDGE_CURVE('',#1651,#1652,#956,.T.);
#2069=EDGE_CURVE('',#1652,#1653,#957,.T.);
#2070=EDGE_CURVE('',#1653,#1654,#958,.T.);
#2071=EDGE_CURVE('',#1654,#1644,#959,.T.);
#2072=EDGE_CURVE('',#1636,#1655,#960,.T.);
#2073=EDGE_CURVE('',#1655,#1656,#961,.T.);
#2074=EDGE_CURVE('',#1656,#1657,#962,.T.);
#2075=EDGE_CURVE('',#1657,#1645,#963,.T.);
#2076=EDGE_CURVE('',#1643,#1654,#964,.T.);
#2077=EDGE_CURVE('',#1653,#1613,#965,.T.);
#2078=EDGE_CURVE('',#1652,#1536,#966,.T.);
#2079=EDGE_CURVE('',#1651,#1534,#967,.T.);
#2080=EDGE_CURVE('',#1650,#1530,#968,.T.);
#2081=EDGE_CURVE('',#1649,#1531,#969,.T.);
#2082=EDGE_CURVE('',#1658,#1645,#970,.T.);
#2083=EDGE_CURVE('',#1657,#1544,#971,.T.);
#2084=EDGE_CURVE('',#1658,#1544,#972,.T.);
#2085=EDGE_CURVE('',#1656,#1542,#973,.T.);
#2086=EDGE_CURVE('',#1655,#1538,#974,.T.);
#2087=EDGE_CURVE('',#1578,#1573,#975,.T.);
#2088=EDGE_CURVE('',#1577,#1572,#976,.T.);
#2089=EDGE_CURVE('',#1612,#1659,#977,.T.);
#2090=EDGE_CURVE('',#1659,#1509,#978,.T.);
#2091=EDGE_CURVE('',#1507,#1660,#979,.T.);
#2092=EDGE_CURVE('',#1660,#1603,#980,.T.);
#2093=EDGE_CURVE('',#1661,#1594,#981,.T.);
#2094=EDGE_CURVE('',#1593,#1527,#982,.T.);
#2095=EDGE_CURVE('',#1412,#1662,#983,.T.);
#2096=EDGE_CURVE('',#1662,#1661,#984,.T.);
#2097=EDGE_CURVE('',#1663,#1550,#985,.T.);
#2098=EDGE_CURVE('',#1528,#1589,#986,.T.);
#2099=EDGE_CURVE('',#1588,#1664,#987,.T.);
#2100=EDGE_CURVE('',#1664,#1663,#988,.T.);
#2101=EDGE_CURVE('',#1661,#1660,#989,.T.);
#2102=EDGE_CURVE('',#1659,#1664,#990,.T.);
#2103=EDGE_CURVE('',#1569,#1665,#991,.T.);
#2104=EDGE_CURVE('',#1665,#1666,#1393,.T.);
#2105=EDGE_CURVE('',#1666,#1662,#992,.T.);
#2106=EDGE_CURVE('',#1667,#1566,#993,.T.);
#2107=EDGE_CURVE('',#1663,#1668,#994,.T.);
#2108=EDGE_CURVE('',#1668,#1667,#1394,.T.);
#2109=EDGE_CURVE('',#1669,#1668,#995,.T.);
#2110=EDGE_CURVE('',#1599,#1669,#996,.T.);
#2111=EDGE_CURVE('',#1666,#1670,#997,.T.);
#2112=EDGE_CURVE('',#1670,#1602,#998,.T.);
#2113=EDGE_CURVE('',#1665,#1671,#999,.T.);
#2114=EDGE_CURVE('',#1671,#1670,#1395,.T.);
#2115=EDGE_CURVE('',#1568,#1671,#1000,.T.);
#2116=EDGE_CURVE('',#1667,#1672,#1001,.T.);
#2117=EDGE_CURVE('',#1672,#1567,#1002,.T.);
#2118=EDGE_CURVE('',#1669,#1672,#1396,.T.);
#2119=EDGE_CURVE('',#1608,#1658,#1003,.T.);
#2120=EDGE_CURVE('',#1531,#1673,#1004,.T.);
#2121=EDGE_CURVE('',#1611,#1673,#1005,.T.);
#2122=EDGE_CURVE('',#1673,#1648,#1006,.T.);
#2123=EDGE_CURVE('',#1606,#1647,#1007,.T.);
#2124=EDGE_CURVE('',#1607,#1646,#1008,.T.);
#2125=ORIENTED_EDGE('',*,*,#1674,.F.);
#2126=ORIENTED_EDGE('',*,*,#1675,.T.);
#2127=ORIENTED_EDGE('',*,*,#1676,.F.);
#2128=ORIENTED_EDGE('',*,*,#1675,.F.);
#2129=ORIENTED_EDGE('',*,*,#1677,.F.);
#2130=ORIENTED_EDGE('',*,*,#1674,.T.);
#2131=ORIENTED_EDGE('',*,*,#1678,.F.);
#2132=ORIENTED_EDGE('',*,*,#1679,.T.);
#2133=ORIENTED_EDGE('',*,*,#1680,.F.);
#2134=ORIENTED_EDGE('',*,*,#1679,.F.);
#2135=ORIENTED_EDGE('',*,*,#1681,.F.);
#2136=ORIENTED_EDGE('',*,*,#1678,.T.);
#2137=ORIENTED_EDGE('',*,*,#1682,.F.);
#2138=ORIENTED_EDGE('',*,*,#1683,.T.);
#2139=ORIENTED_EDGE('',*,*,#1684,.F.);
#2140=ORIENTED_EDGE('',*,*,#1683,.F.);
#2141=ORIENTED_EDGE('',*,*,#1685,.F.);
#2142=ORIENTED_EDGE('',*,*,#1682,.T.);
#2143=ORIENTED_EDGE('',*,*,#1686,.F.);
#2144=ORIENTED_EDGE('',*,*,#1687,.T.);
#2145=ORIENTED_EDGE('',*,*,#1688,.F.);
#2146=ORIENTED_EDGE('',*,*,#1687,.F.);
#2147=ORIENTED_EDGE('',*,*,#1689,.F.);
#2148=ORIENTED_EDGE('',*,*,#1686,.T.);
#2149=ORIENTED_EDGE('',*,*,#1690,.T.);
#2150=ORIENTED_EDGE('',*,*,#1691,.T.);
#2151=ORIENTED_EDGE('',*,*,#1692,.T.);
#2152=ORIENTED_EDGE('',*,*,#1693,.T.);
#2153=ORIENTED_EDGE('',*,*,#1694,.T.);
#2154=ORIENTED_EDGE('',*,*,#1693,.F.);
#2155=ORIENTED_EDGE('',*,*,#1695,.T.);
#2156=ORIENTED_EDGE('',*,*,#1696,.T.);
#2157=ORIENTED_EDGE('',*,*,#1697,.T.);
#2158=ORIENTED_EDGE('',*,*,#1698,.T.);
#2159=ORIENTED_EDGE('',*,*,#1699,.T.);
#2160=ORIENTED_EDGE('',*,*,#1700,.T.);
#2161=ORIENTED_EDGE('',*,*,#1701,.T.);
#2162=ORIENTED_EDGE('',*,*,#1702,.T.);
#2163=ORIENTED_EDGE('',*,*,#1703,.T.);
#2164=ORIENTED_EDGE('',*,*,#1704,.T.);
#2165=ORIENTED_EDGE('',*,*,#1705,.T.);
#2166=ORIENTED_EDGE('',*,*,#1706,.T.);
#2167=ORIENTED_EDGE('',*,*,#1707,.T.);
#2168=ORIENTED_EDGE('',*,*,#1708,.T.);
#2169=ORIENTED_EDGE('',*,*,#1709,.T.);
#2170=ORIENTED_EDGE('',*,*,#1710,.T.);
#2171=ORIENTED_EDGE('',*,*,#1711,.T.);
#2172=ORIENTED_EDGE('',*,*,#1712,.T.);
#2173=ORIENTED_EDGE('',*,*,#1713,.T.);
#2174=ORIENTED_EDGE('',*,*,#1714,.T.);
#2175=ORIENTED_EDGE('',*,*,#1709,.F.);
#2176=ORIENTED_EDGE('',*,*,#1715,.T.);
#2177=ORIENTED_EDGE('',*,*,#1716,.T.);
#2178=ORIENTED_EDGE('',*,*,#1717,.T.);
#2179=ORIENTED_EDGE('',*,*,#1718,.T.);
#2180=ORIENTED_EDGE('',*,*,#1711,.F.);
#2181=ORIENTED_EDGE('',*,*,#1717,.F.);
#2182=ORIENTED_EDGE('',*,*,#1719,.T.);
#2183=ORIENTED_EDGE('',*,*,#1720,.T.);
#2184=ORIENTED_EDGE('',*,*,#1721,.T.);
#2185=ORIENTED_EDGE('',*,*,#1722,.T.);
#2186=ORIENTED_EDGE('',*,*,#1723,.T.);
#2187=ORIENTED_EDGE('',*,*,#1720,.F.);
#2188=ORIENTED_EDGE('',*,*,#1724,.T.);
#2189=ORIENTED_EDGE('',*,*,#1713,.F.);
#2190=ORIENTED_EDGE('',*,*,#1725,.T.);
#2191=ORIENTED_EDGE('',*,*,#1722,.F.);
#2192=ORIENTED_EDGE('',*,*,#1726,.T.);
#2193=ORIENTED_EDGE('',*,*,#1727,.T.);
#2194=ORIENTED_EDGE('',*,*,#1728,.T.);
#2195=ORIENTED_EDGE('',*,*,#1729,.T.);
#2196=ORIENTED_EDGE('',*,*,#1730,.T.);
#2197=ORIENTED_EDGE('',*,*,#1731,.T.);
#2198=ORIENTED_EDGE('',*,*,#1732,.T.);
#2199=ORIENTED_EDGE('',*,*,#1723,.F.);
#2200=ORIENTED_EDGE('',*,*,#1725,.F.);
#2201=ORIENTED_EDGE('',*,*,#1715,.F.);
#2202=ORIENTED_EDGE('',*,*,#1712,.F.);
#2203=ORIENTED_EDGE('',*,*,#1718,.F.);
#2204=ORIENTED_EDGE('',*,*,#1721,.F.);
#2205=ORIENTED_EDGE('',*,*,#1733,.T.);
#2206=ORIENTED_EDGE('',*,*,#1734,.T.);
#2207=ORIENTED_EDGE('',*,*,#1735,.T.);
#2208=ORIENTED_EDGE('',*,*,#1736,.T.);
#2209=ORIENTED_EDGE('',*,*,#1737,.T.);
#2210=ORIENTED_EDGE('',*,*,#1736,.F.);
#2211=ORIENTED_EDGE('',*,*,#1738,.T.);
#2212=ORIENTED_EDGE('',*,*,#1739,.T.);
#2213=ORIENTED_EDGE('',*,*,#1734,.F.);
#2214=ORIENTED_EDGE('',*,*,#1740,.T.);
#2215=ORIENTED_EDGE('',*,*,#1741,.T.);
#2216=ORIENTED_EDGE('',*,*,#1742,.T.);
#2217=ORIENTED_EDGE('',*,*,#1743,.T.);
#2218=ORIENTED_EDGE('',*,*,#1744,.T.);
#2219=ORIENTED_EDGE('',*,*,#1745,.T.);
#2220=ORIENTED_EDGE('',*,*,#1741,.F.);
#2221=ORIENTED_EDGE('',*,*,#1746,.T.);
#2222=ORIENTED_EDGE('',*,*,#1744,.F.);
#2223=ORIENTED_EDGE('',*,*,#1747,.T.);
#2224=ORIENTED_EDGE('',*,*,#1748,.T.);
#2225=ORIENTED_EDGE('',*,*,#1749,.T.);
#2226=ORIENTED_EDGE('',*,*,#1748,.F.);
#2227=ORIENTED_EDGE('',*,*,#1750,.T.);
#2228=ORIENTED_EDGE('',*,*,#1739,.F.);
#2229=ORIENTED_EDGE('',*,*,#1751,.T.);
#2230=ORIENTED_EDGE('',*,*,#1752,.T.);
#2231=ORIENTED_EDGE('',*,*,#1753,.T.);
#2232=ORIENTED_EDGE('',*,*,#1754,.T.);
#2233=ORIENTED_EDGE('',*,*,#1755,.T.);
#2234=ORIENTED_EDGE('',*,*,#1756,.T.);
#2235=ORIENTED_EDGE('',*,*,#1750,.F.);
#2236=ORIENTED_EDGE('',*,*,#1747,.F.);
#2237=ORIENTED_EDGE('',*,*,#1743,.F.);
#2238=ORIENTED_EDGE('',*,*,#1740,.F.);
#2239=ORIENTED_EDGE('',*,*,#1733,.F.);
#2240=ORIENTED_EDGE('',*,*,#1737,.F.);
#2241=ORIENTED_EDGE('',*,*,#1757,.T.);
#2242=ORIENTED_EDGE('',*,*,#1758,.T.);
#2243=ORIENTED_EDGE('',*,*,#1759,.T.);
#2244=ORIENTED_EDGE('',*,*,#1706,.F.);
#2245=ORIENTED_EDGE('',*,*,#1760,.T.);
#2246=ORIENTED_EDGE('',*,*,#1761,.T.);
#2247=ORIENTED_EDGE('',*,*,#1762,.T.);
#2248=ORIENTED_EDGE('',*,*,#1758,.F.);
#2249=ORIENTED_EDGE('',*,*,#1757,.F.);
#2250=ORIENTED_EDGE('',*,*,#1705,.F.);
#2251=ORIENTED_EDGE('',*,*,#1763,.T.);
#2252=ORIENTED_EDGE('',*,*,#1764,.T.);
#2253=ORIENTED_EDGE('',*,*,#1765,.T.);
#2254=ORIENTED_EDGE('',*,*,#1766,.T.);
#2255=ORIENTED_EDGE('',*,*,#1767,.T.);
#2256=ORIENTED_EDGE('',*,*,#1760,.F.);
#2257=ORIENTED_EDGE('',*,*,#1768,.T.);
#2258=ORIENTED_EDGE('',*,*,#1769,.T.);
#2259=ORIENTED_EDGE('',*,*,#1770,.T.);
#2260=ORIENTED_EDGE('',*,*,#1771,.T.);
#2261=ORIENTED_EDGE('',*,*,#1759,.F.);
#2262=ORIENTED_EDGE('',*,*,#1762,.F.);
#2263=ORIENTED_EDGE('',*,*,#1772,.T.);
#2264=ORIENTED_EDGE('',*,*,#1773,.T.);
#2265=ORIENTED_EDGE('',*,*,#1774,.T.);
#2266=ORIENTED_EDGE('',*,*,#1775,.T.);
#2267=ORIENTED_EDGE('',*,*,#1776,.T.);
#2268=ORIENTED_EDGE('',*,*,#1707,.F.);
#2269=ORIENTED_EDGE('',*,*,#1719,.F.);
#2270=ORIENTED_EDGE('',*,*,#1716,.F.);
#2271=ORIENTED_EDGE('',*,*,#1710,.F.);
#2272=ORIENTED_EDGE('',*,*,#1714,.F.);
#2273=ORIENTED_EDGE('',*,*,#1726,.F.);
#2274=ORIENTED_EDGE('',*,*,#1724,.F.);
#2275=ORIENTED_EDGE('',*,*,#1777,.T.);
#2276=ORIENTED_EDGE('',*,*,#1778,.T.);
#2277=ORIENTED_EDGE('',*,*,#1779,.T.);
#2278=ORIENTED_EDGE('',*,*,#1780,.T.);
#2279=ORIENTED_EDGE('',*,*,#1746,.F.);
#2280=ORIENTED_EDGE('',*,*,#1749,.F.);
#2281=ORIENTED_EDGE('',*,*,#1738,.F.);
#2282=ORIENTED_EDGE('',*,*,#1735,.F.);
#2283=ORIENTED_EDGE('',*,*,#1742,.F.);
#2284=ORIENTED_EDGE('',*,*,#1745,.F.);
#2285=ORIENTED_EDGE('',*,*,#1781,.T.);
#2286=ORIENTED_EDGE('',*,*,#1782,.T.);
#2287=ORIENTED_EDGE('',*,*,#1783,.T.);
#2288=ORIENTED_EDGE('',*,*,#1784,.T.);
#2289=ORIENTED_EDGE('',*,*,#1785,.T.);
#2290=ORIENTED_EDGE('',*,*,#1786,.T.);
#2291=ORIENTED_EDGE('',*,*,#1787,.T.);
#2292=ORIENTED_EDGE('',*,*,#1788,.T.);
#2293=ORIENTED_EDGE('',*,*,#1789,.T.);
#2294=ORIENTED_EDGE('',*,*,#1788,.F.);
#2295=ORIENTED_EDGE('',*,*,#1790,.T.);
#2296=ORIENTED_EDGE('',*,*,#1777,.F.);
#2297=ORIENTED_EDGE('',*,*,#1790,.F.);
#2298=ORIENTED_EDGE('',*,*,#1787,.F.);
#2299=ORIENTED_EDGE('',*,*,#1791,.T.);
#2300=ORIENTED_EDGE('',*,*,#1778,.F.);
#2301=ORIENTED_EDGE('',*,*,#1791,.F.);
#2302=ORIENTED_EDGE('',*,*,#1786,.F.);
#2303=ORIENTED_EDGE('',*,*,#1792,.T.);
#2304=ORIENTED_EDGE('',*,*,#1779,.F.);
#2305=ORIENTED_EDGE('',*,*,#1792,.F.);
#2306=ORIENTED_EDGE('',*,*,#1785,.F.);
#2307=ORIENTED_EDGE('',*,*,#1789,.F.);
#2308=ORIENTED_EDGE('',*,*,#1780,.F.);
#2309=ORIENTED_EDGE('',*,*,#1793,.T.);
#2310=ORIENTED_EDGE('',*,*,#1781,.F.);
#2311=ORIENTED_EDGE('',*,*,#1794,.T.);
#2312=ORIENTED_EDGE('',*,*,#1768,.F.);
#2313=ORIENTED_EDGE('',*,*,#1795,.T.);
#2314=ORIENTED_EDGE('',*,*,#1782,.F.);
#2315=ORIENTED_EDGE('',*,*,#1793,.F.);
#2316=ORIENTED_EDGE('',*,*,#1771,.F.);
#2317=ORIENTED_EDGE('',*,*,#1796,.T.);
#2318=ORIENTED_EDGE('',*,*,#1783,.F.);
#2319=ORIENTED_EDGE('',*,*,#1795,.F.);
#2320=ORIENTED_EDGE('',*,*,#1770,.F.);
#2321=ORIENTED_EDGE('',*,*,#1794,.F.);
#2322=ORIENTED_EDGE('',*,*,#1784,.F.);
#2323=ORIENTED_EDGE('',*,*,#1796,.F.);
#2324=ORIENTED_EDGE('',*,*,#1769,.F.);
#2325=ORIENTED_EDGE('',*,*,#1797,.F.);
#2326=ORIENTED_EDGE('',*,*,#1731,.F.);
#2327=ORIENTED_EDGE('',*,*,#1752,.F.);
#2328=ORIENTED_EDGE('',*,*,#1798,.F.);
#2329=ORIENTED_EDGE('',*,*,#1799,.T.);
#2330=ORIENTED_EDGE('',*,*,#1732,.F.);
#2331=ORIENTED_EDGE('',*,*,#1800,.T.);
#2332=ORIENTED_EDGE('',*,*,#1801,.T.);
#2333=ORIENTED_EDGE('',*,*,#1802,.T.);
#2334=ORIENTED_EDGE('',*,*,#1727,.F.);
#2335=ORIENTED_EDGE('',*,*,#1799,.F.);
#2336=ORIENTED_EDGE('',*,*,#1803,.T.);
#2337=ORIENTED_EDGE('',*,*,#1804,.T.);
#2338=ORIENTED_EDGE('',*,*,#1728,.F.);
#2339=ORIENTED_EDGE('',*,*,#1802,.F.);
#2340=ORIENTED_EDGE('',*,*,#1805,.T.);
#2341=ORIENTED_EDGE('',*,*,#1806,.T.);
#2342=ORIENTED_EDGE('',*,*,#1729,.F.);
#2343=ORIENTED_EDGE('',*,*,#1804,.F.);
#2344=ORIENTED_EDGE('',*,*,#1807,.T.);
#2345=ORIENTED_EDGE('',*,*,#1808,.T.);
#2346=ORIENTED_EDGE('',*,*,#1730,.F.);
#2347=ORIENTED_EDGE('',*,*,#1806,.F.);
#2348=ORIENTED_EDGE('',*,*,#1809,.T.);
#2349=ORIENTED_EDGE('',*,*,#1800,.F.);
#2350=ORIENTED_EDGE('',*,*,#1797,.T.);
#2351=ORIENTED_EDGE('',*,*,#1808,.F.);
#2352=ORIENTED_EDGE('',*,*,#1810,.T.);
#2353=ORIENTED_EDGE('',*,*,#1811,.T.);
#2354=ORIENTED_EDGE('',*,*,#1751,.F.);
#2355=ORIENTED_EDGE('',*,*,#1812,.T.);
#2356=ORIENTED_EDGE('',*,*,#1813,.T.);
#2357=ORIENTED_EDGE('',*,*,#1812,.F.);
#2358=ORIENTED_EDGE('',*,*,#1756,.F.);
#2359=ORIENTED_EDGE('',*,*,#1814,.T.);
#2360=ORIENTED_EDGE('',*,*,#1815,.T.);
#2361=ORIENTED_EDGE('',*,*,#1814,.F.);
#2362=ORIENTED_EDGE('',*,*,#1755,.F.);
#2363=ORIENTED_EDGE('',*,*,#1816,.T.);
#2364=ORIENTED_EDGE('',*,*,#1817,.T.);
#2365=ORIENTED_EDGE('',*,*,#1816,.F.);
#2366=ORIENTED_EDGE('',*,*,#1754,.F.);
#2367=ORIENTED_EDGE('',*,*,#1818,.T.);
#2368=ORIENTED_EDGE('',*,*,#1819,.T.);
#2369=ORIENTED_EDGE('',*,*,#1818,.F.);
#2370=ORIENTED_EDGE('',*,*,#1753,.F.);
#2371=ORIENTED_EDGE('',*,*,#1820,.T.);
#2372=ORIENTED_EDGE('',*,*,#1821,.T.);
#2373=ORIENTED_EDGE('',*,*,#1820,.F.);
#2374=ORIENTED_EDGE('',*,*,#1798,.T.);
#2375=ORIENTED_EDGE('',*,*,#1811,.F.);
#2376=ORIENTED_EDGE('',*,*,#1822,.T.);
#2377=ORIENTED_EDGE('',*,*,#1823,.T.);
#2378=ORIENTED_EDGE('',*,*,#1772,.F.);
#2379=ORIENTED_EDGE('',*,*,#1761,.F.);
#2380=ORIENTED_EDGE('',*,*,#1767,.F.);
#2381=ORIENTED_EDGE('',*,*,#1824,.T.);
#2382=ORIENTED_EDGE('',*,*,#1825,.T.);
#2383=ORIENTED_EDGE('',*,*,#1826,.T.);
#2384=ORIENTED_EDGE('',*,*,#1773,.F.);
#2385=ORIENTED_EDGE('',*,*,#1823,.F.);
#2386=ORIENTED_EDGE('',*,*,#1827,.T.);
#2387=ORIENTED_EDGE('',*,*,#1828,.T.);
#2388=ORIENTED_EDGE('',*,*,#1829,.T.);
#2389=ORIENTED_EDGE('',*,*,#1764,.F.);
#2390=ORIENTED_EDGE('',*,*,#1830,.T.);
#2391=ORIENTED_EDGE('',*,*,#1831,.T.);
#2392=ORIENTED_EDGE('',*,*,#1824,.F.);
#2393=ORIENTED_EDGE('',*,*,#1766,.F.);
#2394=ORIENTED_EDGE('',*,*,#1832,.T.);
#2395=ORIENTED_EDGE('',*,*,#1833,.T.);
#2396=ORIENTED_EDGE('',*,*,#1830,.F.);
#2397=ORIENTED_EDGE('',*,*,#1763,.F.);
#2398=ORIENTED_EDGE('',*,*,#1708,.F.);
#2399=ORIENTED_EDGE('',*,*,#1776,.F.);
#2400=ORIENTED_EDGE('',*,*,#1834,.T.);
#2401=ORIENTED_EDGE('',*,*,#1835,.T.);
#2402=ORIENTED_EDGE('',*,*,#1801,.F.);
#2403=ORIENTED_EDGE('',*,*,#1836,.T.);
#2404=ORIENTED_EDGE('',*,*,#1837,.T.);
#2405=ORIENTED_EDGE('',*,*,#1838,.T.);
#2406=ORIENTED_EDGE('',*,*,#1803,.F.);
#2407=ORIENTED_EDGE('',*,*,#1838,.F.);
#2408=ORIENTED_EDGE('',*,*,#1839,.T.);
#2409=ORIENTED_EDGE('',*,*,#1840,.T.);
#2410=ORIENTED_EDGE('',*,*,#1805,.F.);
#2411=ORIENTED_EDGE('',*,*,#1840,.F.);
#2412=ORIENTED_EDGE('',*,*,#1841,.T.);
#2413=ORIENTED_EDGE('',*,*,#1842,.T.);
#2414=ORIENTED_EDGE('',*,*,#1807,.F.);
#2415=ORIENTED_EDGE('',*,*,#1842,.F.);
#2416=ORIENTED_EDGE('',*,*,#1843,.T.);
#2417=ORIENTED_EDGE('',*,*,#1844,.T.);
#2418=ORIENTED_EDGE('',*,*,#1809,.F.);
#2419=ORIENTED_EDGE('',*,*,#1844,.F.);
#2420=ORIENTED_EDGE('',*,*,#1845,.T.);
#2421=ORIENTED_EDGE('',*,*,#1846,.T.);
#2422=ORIENTED_EDGE('',*,*,#1810,.F.);
#2423=ORIENTED_EDGE('',*,*,#1846,.F.);
#2424=ORIENTED_EDGE('',*,*,#1847,.T.);
#2425=ORIENTED_EDGE('',*,*,#1836,.F.);
#2426=ORIENTED_EDGE('',*,*,#1813,.F.);
#2427=ORIENTED_EDGE('',*,*,#1848,.T.);
#2428=ORIENTED_EDGE('',*,*,#1849,.T.);
#2429=ORIENTED_EDGE('',*,*,#1850,.T.);
#2430=ORIENTED_EDGE('',*,*,#1815,.F.);
#2431=ORIENTED_EDGE('',*,*,#1851,.T.);
#2432=ORIENTED_EDGE('',*,*,#1852,.T.);
#2433=ORIENTED_EDGE('',*,*,#1848,.F.);
#2434=ORIENTED_EDGE('',*,*,#1817,.F.);
#2435=ORIENTED_EDGE('',*,*,#1853,.T.);
#2436=ORIENTED_EDGE('',*,*,#1854,.T.);
#2437=ORIENTED_EDGE('',*,*,#1851,.F.);
#2438=ORIENTED_EDGE('',*,*,#1819,.F.);
#2439=ORIENTED_EDGE('',*,*,#1855,.T.);
#2440=ORIENTED_EDGE('',*,*,#1856,.T.);
#2441=ORIENTED_EDGE('',*,*,#1853,.F.);
#2442=ORIENTED_EDGE('',*,*,#1821,.F.);
#2443=ORIENTED_EDGE('',*,*,#1857,.T.);
#2444=ORIENTED_EDGE('',*,*,#1858,.T.);
#2445=ORIENTED_EDGE('',*,*,#1855,.F.);
#2446=ORIENTED_EDGE('',*,*,#1822,.F.);
#2447=ORIENTED_EDGE('',*,*,#1850,.F.);
#2448=ORIENTED_EDGE('',*,*,#1859,.T.);
#2449=ORIENTED_EDGE('',*,*,#1857,.F.);
#2450=ORIENTED_EDGE('',*,*,#1825,.F.);
#2451=ORIENTED_EDGE('',*,*,#1860,.T.);
#2452=ORIENTED_EDGE('',*,*,#1861,.T.);
#2453=ORIENTED_EDGE('',*,*,#1862,.T.);
#2454=ORIENTED_EDGE('',*,*,#1827,.F.);
#2455=ORIENTED_EDGE('',*,*,#1862,.F.);
#2456=ORIENTED_EDGE('',*,*,#1863,.T.);
#2457=ORIENTED_EDGE('',*,*,#1864,.T.);
#2458=ORIENTED_EDGE('',*,*,#1831,.F.);
#2459=ORIENTED_EDGE('',*,*,#1865,.T.);
#2460=ORIENTED_EDGE('',*,*,#1866,.T.);
#2461=ORIENTED_EDGE('',*,*,#1867,.T.);
#2462=ORIENTED_EDGE('',*,*,#1833,.F.);
#2463=ORIENTED_EDGE('',*,*,#1868,.T.);
#2464=ORIENTED_EDGE('',*,*,#1869,.T.);
#2465=ORIENTED_EDGE('',*,*,#1860,.F.);
#2466=ORIENTED_EDGE('',*,*,#1835,.F.);
#2467=ORIENTED_EDGE('',*,*,#1870,.T.);
#2468=ORIENTED_EDGE('',*,*,#1871,.T.);
#2469=ORIENTED_EDGE('',*,*,#1865,.F.);
#2470=ORIENTED_EDGE('',*,*,#1872,.T.);
#2471=ORIENTED_EDGE('',*,*,#1873,.T.);
#2472=ORIENTED_EDGE('',*,*,#1874,.T.);
#2473=ORIENTED_EDGE('',*,*,#1875,.T.);
#2474=ORIENTED_EDGE('',*,*,#1876,.T.);
#2475=ORIENTED_EDGE('',*,*,#1875,.F.);
#2476=ORIENTED_EDGE('',*,*,#1877,.T.);
#2477=ORIENTED_EDGE('',*,*,#1878,.T.);
#2478=ORIENTED_EDGE('',*,*,#1879,.T.);
#2479=ORIENTED_EDGE('',*,*,#1878,.F.);
#2480=ORIENTED_EDGE('',*,*,#1880,.T.);
#2481=ORIENTED_EDGE('',*,*,#1881,.T.);
#2482=ORIENTED_EDGE('',*,*,#1882,.T.);
#2483=ORIENTED_EDGE('',*,*,#1883,.T.);
#2484=ORIENTED_EDGE('',*,*,#1884,.T.);
#2485=ORIENTED_EDGE('',*,*,#1885,.T.);
#2486=ORIENTED_EDGE('',*,*,#1886,.T.);
#2487=ORIENTED_EDGE('',*,*,#1885,.F.);
#2488=ORIENTED_EDGE('',*,*,#1887,.T.);
#2489=ORIENTED_EDGE('',*,*,#1888,.T.);
#2490=ORIENTED_EDGE('',*,*,#1889,.T.);
#2491=ORIENTED_EDGE('',*,*,#1888,.F.);
#2492=ORIENTED_EDGE('',*,*,#1890,.T.);
#2493=ORIENTED_EDGE('',*,*,#1891,.T.);
#2494=ORIENTED_EDGE('',*,*,#1880,.F.);
#2495=ORIENTED_EDGE('',*,*,#1877,.F.);
#2496=ORIENTED_EDGE('',*,*,#1874,.F.);
#2497=ORIENTED_EDGE('',*,*,#1892,.F.);
#2498=ORIENTED_EDGE('',*,*,#1890,.F.);
#2499=ORIENTED_EDGE('',*,*,#1887,.F.);
#2500=ORIENTED_EDGE('',*,*,#1884,.F.);
#2501=ORIENTED_EDGE('',*,*,#1893,.T.);
#2502=ORIENTED_EDGE('',*,*,#1894,.T.);
#2503=ORIENTED_EDGE('',*,*,#1895,.T.);
#2504=ORIENTED_EDGE('',*,*,#1896,.T.);
#2505=ORIENTED_EDGE('',*,*,#1897,.T.);
#2506=ORIENTED_EDGE('',*,*,#1898,.T.);
#2507=ORIENTED_EDGE('',*,*,#1899,.T.);
#2508=ORIENTED_EDGE('',*,*,#1900,.T.);
#2509=ORIENTED_EDGE('',*,*,#1901,.T.);
#2510=ORIENTED_EDGE('',*,*,#1902,.T.);
#2511=ORIENTED_EDGE('',*,*,#1903,.T.);
#2512=ORIENTED_EDGE('',*,*,#1904,.T.);
#2513=ORIENTED_EDGE('',*,*,#1905,.T.);
#2514=ORIENTED_EDGE('',*,*,#1906,.T.);
#2515=ORIENTED_EDGE('',*,*,#1907,.T.);
#2516=ORIENTED_EDGE('',*,*,#1908,.T.);
#2517=ORIENTED_EDGE('',*,*,#1696,.F.);
#2518=ORIENTED_EDGE('',*,*,#1909,.T.);
#2519=ORIENTED_EDGE('',*,*,#1910,.T.);
#2520=ORIENTED_EDGE('',*,*,#1911,.T.);
#2521=ORIENTED_EDGE('',*,*,#1912,.T.);
#2522=ORIENTED_EDGE('',*,*,#1913,.T.);
#2523=ORIENTED_EDGE('',*,*,#1914,.T.);
#2524=ORIENTED_EDGE('',*,*,#1915,.T.);
#2525=ORIENTED_EDGE('',*,*,#1916,.T.);
#2526=ORIENTED_EDGE('',*,*,#1917,.T.);
#2527=ORIENTED_EDGE('',*,*,#1918,.T.);
#2528=ORIENTED_EDGE('',*,*,#1691,.F.);
#2529=ORIENTED_EDGE('',*,*,#1919,.T.);
#2530=ORIENTED_EDGE('',*,*,#1920,.T.);
#2531=ORIENTED_EDGE('',*,*,#1921,.T.);
#2532=ORIENTED_EDGE('',*,*,#1922,.T.);
#2533=ORIENTED_EDGE('',*,*,#1920,.F.);
#2534=ORIENTED_EDGE('',*,*,#1923,.T.);
#2535=ORIENTED_EDGE('',*,*,#1924,.T.);
#2536=ORIENTED_EDGE('',*,*,#1925,.T.);
#2537=ORIENTED_EDGE('',*,*,#1680,.T.);
#2538=ORIENTED_EDGE('',*,*,#1681,.T.);
#2539=ORIENTED_EDGE('',*,*,#1926,.T.);
#2540=ORIENTED_EDGE('',*,*,#1927,.T.);
#2541=ORIENTED_EDGE('',*,*,#1926,.F.);
#2542=ORIENTED_EDGE('',*,*,#1925,.F.);
#2543=ORIENTED_EDGE('',*,*,#1928,.T.);
#2544=ORIENTED_EDGE('',*,*,#1929,.T.);
#2545=ORIENTED_EDGE('',*,*,#1928,.F.);
#2546=ORIENTED_EDGE('',*,*,#1930,.T.);
#2547=ORIENTED_EDGE('',*,*,#1931,.T.);
#2548=ORIENTED_EDGE('',*,*,#1932,.T.);
#2549=ORIENTED_EDGE('',*,*,#1933,.T.);
#2550=ORIENTED_EDGE('',*,*,#1898,.F.);
#2551=ORIENTED_EDGE('',*,*,#1934,.T.);
#2552=ORIENTED_EDGE('',*,*,#1935,.T.);
#2553=ORIENTED_EDGE('',*,*,#1936,.T.);
#2554=ORIENTED_EDGE('',*,*,#1932,.F.);
#2555=ORIENTED_EDGE('',*,*,#1937,.T.);
#2556=ORIENTED_EDGE('',*,*,#1935,.F.);
#2557=ORIENTED_EDGE('',*,*,#1938,.T.);
#2558=ORIENTED_EDGE('',*,*,#1837,.F.);
#2559=ORIENTED_EDGE('',*,*,#1939,.T.);
#2560=ORIENTED_EDGE('',*,*,#1910,.F.);
#2561=ORIENTED_EDGE('',*,*,#1940,.T.);
#2562=ORIENTED_EDGE('',*,*,#1839,.F.);
#2563=ORIENTED_EDGE('',*,*,#1940,.F.);
#2564=ORIENTED_EDGE('',*,*,#1909,.F.);
#2565=ORIENTED_EDGE('',*,*,#1941,.T.);
#2566=ORIENTED_EDGE('',*,*,#1841,.F.);
#2567=ORIENTED_EDGE('',*,*,#1941,.F.);
#2568=ORIENTED_EDGE('',*,*,#1914,.F.);
#2569=ORIENTED_EDGE('',*,*,#1942,.T.);
#2570=ORIENTED_EDGE('',*,*,#1843,.F.);
#2571=ORIENTED_EDGE('',*,*,#1942,.F.);
#2572=ORIENTED_EDGE('',*,*,#1913,.F.);
#2573=ORIENTED_EDGE('',*,*,#1943,.T.);
#2574=ORIENTED_EDGE('',*,*,#1845,.F.);
#2575=ORIENTED_EDGE('',*,*,#1943,.F.);
#2576=ORIENTED_EDGE('',*,*,#1912,.F.);
#2577=ORIENTED_EDGE('',*,*,#1944,.T.);
#2578=ORIENTED_EDGE('',*,*,#1847,.F.);
#2579=ORIENTED_EDGE('',*,*,#1944,.F.);
#2580=ORIENTED_EDGE('',*,*,#1911,.F.);
#2581=ORIENTED_EDGE('',*,*,#1939,.F.);
#2582=ORIENTED_EDGE('',*,*,#1849,.F.);
#2583=ORIENTED_EDGE('',*,*,#1945,.T.);
#2584=ORIENTED_EDGE('',*,*,#1900,.F.);
#2585=ORIENTED_EDGE('',*,*,#1946,.T.);
#2586=ORIENTED_EDGE('',*,*,#1852,.F.);
#2587=ORIENTED_EDGE('',*,*,#1947,.T.);
#2588=ORIENTED_EDGE('',*,*,#1901,.F.);
#2589=ORIENTED_EDGE('',*,*,#1945,.F.);
#2590=ORIENTED_EDGE('',*,*,#1854,.F.);
#2591=ORIENTED_EDGE('',*,*,#1948,.T.);
#2592=ORIENTED_EDGE('',*,*,#1902,.F.);
#2593=ORIENTED_EDGE('',*,*,#1947,.F.);
#2594=ORIENTED_EDGE('',*,*,#1856,.F.);
#2595=ORIENTED_EDGE('',*,*,#1949,.T.);
#2596=ORIENTED_EDGE('',*,*,#1903,.F.);
#2597=ORIENTED_EDGE('',*,*,#1948,.F.);
#2598=ORIENTED_EDGE('',*,*,#1858,.F.);
#2599=ORIENTED_EDGE('',*,*,#1950,.T.);
#2600=ORIENTED_EDGE('',*,*,#1904,.F.);
#2601=ORIENTED_EDGE('',*,*,#1949,.F.);
#2602=ORIENTED_EDGE('',*,*,#1859,.F.);
#2603=ORIENTED_EDGE('',*,*,#1946,.F.);
#2604=ORIENTED_EDGE('',*,*,#1899,.F.);
#2605=ORIENTED_EDGE('',*,*,#1950,.F.);
#2606=ORIENTED_EDGE('',*,*,#1861,.F.);
#2607=ORIENTED_EDGE('',*,*,#1951,.T.);
#2608=ORIENTED_EDGE('',*,*,#1896,.F.);
#2609=ORIENTED_EDGE('',*,*,#1952,.T.);
#2610=ORIENTED_EDGE('',*,*,#1863,.F.);
#2611=ORIENTED_EDGE('',*,*,#1952,.F.);
#2612=ORIENTED_EDGE('',*,*,#1895,.F.);
#2613=ORIENTED_EDGE('',*,*,#1953,.T.);
#2614=ORIENTED_EDGE('',*,*,#1866,.F.);
#2615=ORIENTED_EDGE('',*,*,#1954,.T.);
#2616=ORIENTED_EDGE('',*,*,#1905,.F.);
#2617=ORIENTED_EDGE('',*,*,#1955,.T.);
#2618=ORIENTED_EDGE('',*,*,#1869,.F.);
#2619=ORIENTED_EDGE('',*,*,#1956,.T.);
#2620=ORIENTED_EDGE('',*,*,#1897,.F.);
#2621=ORIENTED_EDGE('',*,*,#1951,.F.);
#2622=ORIENTED_EDGE('',*,*,#1871,.F.);
#2623=ORIENTED_EDGE('',*,*,#1957,.T.);
#2624=ORIENTED_EDGE('',*,*,#1906,.F.);
#2625=ORIENTED_EDGE('',*,*,#1954,.F.);
#2626=ORIENTED_EDGE('',*,*,#1958,.T.);
#2627=ORIENTED_EDGE('',*,*,#1676,.T.);
#2628=ORIENTED_EDGE('',*,*,#1677,.T.);
#2629=ORIENTED_EDGE('',*,*,#1959,.T.);
#2630=ORIENTED_EDGE('',*,*,#1960,.T.);
#2631=ORIENTED_EDGE('',*,*,#1959,.F.);
#2632=ORIENTED_EDGE('',*,*,#1958,.F.);
#2633=ORIENTED_EDGE('',*,*,#1961,.T.);
#2634=ORIENTED_EDGE('',*,*,#1962,.T.);
#2635=ORIENTED_EDGE('',*,*,#1961,.F.);
#2636=ORIENTED_EDGE('',*,*,#1963,.T.);
#2637=ORIENTED_EDGE('',*,*,#1684,.T.);
#2638=ORIENTED_EDGE('',*,*,#1685,.T.);
#2639=ORIENTED_EDGE('',*,*,#1964,.T.);
#2640=ORIENTED_EDGE('',*,*,#1965,.T.);
#2641=ORIENTED_EDGE('',*,*,#1966,.T.);
#2642=ORIENTED_EDGE('',*,*,#1967,.T.);
#2643=ORIENTED_EDGE('',*,*,#1964,.F.);
#2644=ORIENTED_EDGE('',*,*,#1963,.F.);
#2645=ORIENTED_EDGE('',*,*,#1968,.T.);
#2646=ORIENTED_EDGE('',*,*,#1969,.T.);
#2647=ORIENTED_EDGE('',*,*,#1968,.F.);
#2648=ORIENTED_EDGE('',*,*,#1970,.T.);
#2649=ORIENTED_EDGE('',*,*,#1688,.T.);
#2650=ORIENTED_EDGE('',*,*,#1689,.T.);
#2651=ORIENTED_EDGE('',*,*,#1971,.T.);
#2652=ORIENTED_EDGE('',*,*,#1972,.T.);
#2653=ORIENTED_EDGE('',*,*,#1973,.T.);
#2654=ORIENTED_EDGE('',*,*,#1974,.T.);
#2655=ORIENTED_EDGE('',*,*,#1971,.F.);
#2656=ORIENTED_EDGE('',*,*,#1970,.F.);
#2657=ORIENTED_EDGE('',*,*,#1975,.T.);
#2658=ORIENTED_EDGE('',*,*,#1976,.T.);
#2659=ORIENTED_EDGE('',*,*,#1977,.T.);
#2660=ORIENTED_EDGE('',*,*,#1978,.T.);
#2661=ORIENTED_EDGE('',*,*,#1975,.F.);
#2662=ORIENTED_EDGE('',*,*,#1978,.F.);
#2663=ORIENTED_EDGE('',*,*,#1979,.T.);
#2664=ORIENTED_EDGE('',*,*,#1893,.F.);
#2665=ORIENTED_EDGE('',*,*,#1980,.T.);
#2666=ORIENTED_EDGE('',*,*,#1864,.F.);
#2667=ORIENTED_EDGE('',*,*,#1953,.F.);
#2668=ORIENTED_EDGE('',*,*,#1894,.F.);
#2669=ORIENTED_EDGE('',*,*,#1981,.T.);
#2670=ORIENTED_EDGE('',*,*,#1694,.F.);
#2671=ORIENTED_EDGE('',*,*,#1908,.F.);
#2672=ORIENTED_EDGE('',*,*,#1982,.T.);
#2673=ORIENTED_EDGE('',*,*,#1983,.T.);
#2674=ORIENTED_EDGE('',*,*,#1976,.F.);
#2675=ORIENTED_EDGE('',*,*,#1969,.F.);
#2676=ORIENTED_EDGE('',*,*,#1984,.T.);
#2677=ORIENTED_EDGE('',*,*,#1982,.F.);
#2678=ORIENTED_EDGE('',*,*,#1907,.F.);
#2679=ORIENTED_EDGE('',*,*,#1957,.F.);
#2680=ORIENTED_EDGE('',*,*,#1870,.F.);
#2681=ORIENTED_EDGE('',*,*,#1985,.T.);
#2682=ORIENTED_EDGE('',*,*,#1986,.F.);
#2683=ORIENTED_EDGE('',*,*,#1987,.T.);
#2684=ORIENTED_EDGE('',*,*,#1988,.T.);
#2685=ORIENTED_EDGE('',*,*,#1989,.T.);
#2686=ORIENTED_EDGE('',*,*,#1987,.F.);
#2687=ORIENTED_EDGE('',*,*,#1990,.F.);
#2688=ORIENTED_EDGE('',*,*,#1991,.T.);
#2689=ORIENTED_EDGE('',*,*,#1992,.T.);
#2690=ORIENTED_EDGE('',*,*,#1993,.T.);
#2691=ORIENTED_EDGE('',*,*,#1994,.T.);
#2692=ORIENTED_EDGE('',*,*,#1995,.F.);
#2693=ORIENTED_EDGE('',*,*,#1996,.T.);
#2694=ORIENTED_EDGE('',*,*,#1997,.T.);
#2695=ORIENTED_EDGE('',*,*,#1991,.F.);
#2696=ORIENTED_EDGE('',*,*,#1998,.F.);
#2697=ORIENTED_EDGE('',*,*,#1999,.T.);
#2698=ORIENTED_EDGE('',*,*,#1985,.F.);
#2699=ORIENTED_EDGE('',*,*,#2000,.T.);
#2700=ORIENTED_EDGE('',*,*,#2001,.T.);
#2701=ORIENTED_EDGE('',*,*,#1996,.F.);
#2702=ORIENTED_EDGE('',*,*,#2002,.F.);
#2703=ORIENTED_EDGE('',*,*,#2003,.T.);
#2704=ORIENTED_EDGE('',*,*,#1984,.F.);
#2705=ORIENTED_EDGE('',*,*,#1834,.F.);
#2706=ORIENTED_EDGE('',*,*,#1775,.F.);
#2707=ORIENTED_EDGE('',*,*,#2004,.T.);
#2708=ORIENTED_EDGE('',*,*,#1828,.F.);
#2709=ORIENTED_EDGE('',*,*,#1980,.F.);
#2710=ORIENTED_EDGE('',*,*,#1883,.F.);
#2711=ORIENTED_EDGE('',*,*,#2005,.T.);
#2712=ORIENTED_EDGE('',*,*,#1881,.F.);
#2713=ORIENTED_EDGE('',*,*,#1979,.F.);
#2714=ORIENTED_EDGE('',*,*,#1977,.F.);
#2715=ORIENTED_EDGE('',*,*,#1983,.F.);
#2716=ORIENTED_EDGE('',*,*,#2003,.F.);
#2717=ORIENTED_EDGE('',*,*,#2006,.T.);
#2718=ORIENTED_EDGE('',*,*,#2007,.T.);
#2719=ORIENTED_EDGE('',*,*,#2008,.T.);
#2720=ORIENTED_EDGE('',*,*,#2009,.T.);
#2721=ORIENTED_EDGE('',*,*,#2010,.T.);
#2722=ORIENTED_EDGE('',*,*,#2011,.T.);
#2723=ORIENTED_EDGE('',*,*,#2012,.T.);
#2724=ORIENTED_EDGE('',*,*,#2013,.T.);
#2725=ORIENTED_EDGE('',*,*,#2014,.T.);
#2726=ORIENTED_EDGE('',*,*,#2015,.T.);
#2727=ORIENTED_EDGE('',*,*,#2016,.T.);
#2728=ORIENTED_EDGE('',*,*,#2017,.T.);
#2729=ORIENTED_EDGE('',*,*,#2018,.T.);
#2730=ORIENTED_EDGE('',*,*,#2017,.F.);
#2731=ORIENTED_EDGE('',*,*,#2019,.T.);
#2732=ORIENTED_EDGE('',*,*,#2020,.T.);
#2733=ORIENTED_EDGE('',*,*,#2021,.T.);
#2734=ORIENTED_EDGE('',*,*,#2020,.F.);
#2735=ORIENTED_EDGE('',*,*,#2022,.T.);
#2736=ORIENTED_EDGE('',*,*,#2023,.T.);
#2737=ORIENTED_EDGE('',*,*,#2024,.T.);
#2738=ORIENTED_EDGE('',*,*,#2023,.F.);
#2739=ORIENTED_EDGE('',*,*,#2025,.T.);
#2740=ORIENTED_EDGE('',*,*,#2015,.F.);
#2741=ORIENTED_EDGE('',*,*,#2026,.T.);
#2742=ORIENTED_EDGE('',*,*,#2018,.F.);
#2743=ORIENTED_EDGE('',*,*,#2027,.T.);
#2744=ORIENTED_EDGE('',*,*,#2011,.F.);
#2745=ORIENTED_EDGE('',*,*,#2028,.T.);
#2746=ORIENTED_EDGE('',*,*,#2021,.F.);
#2747=ORIENTED_EDGE('',*,*,#2029,.T.);
#2748=ORIENTED_EDGE('',*,*,#2012,.F.);
#2749=ORIENTED_EDGE('',*,*,#2027,.F.);
#2750=ORIENTED_EDGE('',*,*,#2024,.F.);
#2751=ORIENTED_EDGE('',*,*,#2030,.T.);
#2752=ORIENTED_EDGE('',*,*,#2013,.F.);
#2753=ORIENTED_EDGE('',*,*,#2029,.F.);
#2754=ORIENTED_EDGE('',*,*,#2026,.F.);
#2755=ORIENTED_EDGE('',*,*,#2028,.F.);
#2756=ORIENTED_EDGE('',*,*,#2014,.F.);
#2757=ORIENTED_EDGE('',*,*,#2030,.F.);
#2758=ORIENTED_EDGE('',*,*,#2031,.T.);
#2759=ORIENTED_EDGE('',*,*,#2032,.T.);
#2760=ORIENTED_EDGE('',*,*,#2007,.F.);
#2761=ORIENTED_EDGE('',*,*,#2033,.T.);
#2762=ORIENTED_EDGE('',*,*,#2033,.F.);
#2763=ORIENTED_EDGE('',*,*,#2010,.F.);
#2764=ORIENTED_EDGE('',*,*,#2034,.T.);
#2765=ORIENTED_EDGE('',*,*,#2035,.T.);
#2766=ORIENTED_EDGE('',*,*,#2034,.F.);
#2767=ORIENTED_EDGE('',*,*,#2009,.F.);
#2768=ORIENTED_EDGE('',*,*,#2036,.T.);
#2769=ORIENTED_EDGE('',*,*,#2037,.T.);
#2770=ORIENTED_EDGE('',*,*,#2036,.F.);
#2771=ORIENTED_EDGE('',*,*,#2008,.F.);
#2772=ORIENTED_EDGE('',*,*,#2032,.F.);
#2773=ORIENTED_EDGE('',*,*,#2038,.T.);
#2774=ORIENTED_EDGE('',*,*,#2039,.T.);
#2775=ORIENTED_EDGE('',*,*,#2040,.T.);
#2776=ORIENTED_EDGE('',*,*,#2041,.T.);
#2777=ORIENTED_EDGE('',*,*,#1774,.F.);
#2778=ORIENTED_EDGE('',*,*,#2042,.T.);
#2779=ORIENTED_EDGE('',*,*,#2043,.T.);
#2780=ORIENTED_EDGE('',*,*,#2044,.T.);
#2781=ORIENTED_EDGE('',*,*,#2005,.F.);
#2782=ORIENTED_EDGE('',*,*,#2045,.T.);
#2783=ORIENTED_EDGE('',*,*,#2046,.T.);
#2784=ORIENTED_EDGE('',*,*,#2047,.T.);
#2785=ORIENTED_EDGE('',*,*,#2040,.F.);
#2786=ORIENTED_EDGE('',*,*,#2048,.T.);
#2787=ORIENTED_EDGE('',*,*,#2049,.T.);
#2788=ORIENTED_EDGE('',*,*,#2025,.F.);
#2789=ORIENTED_EDGE('',*,*,#2022,.F.);
#2790=ORIENTED_EDGE('',*,*,#2019,.F.);
#2791=ORIENTED_EDGE('',*,*,#2016,.F.);
#2792=ORIENTED_EDGE('',*,*,#1697,.F.);
#2793=ORIENTED_EDGE('',*,*,#2050,.T.);
#2794=ORIENTED_EDGE('',*,*,#2049,.F.);
#2795=ORIENTED_EDGE('',*,*,#2051,.T.);
#2796=ORIENTED_EDGE('',*,*,#2052,.T.);
#2797=ORIENTED_EDGE('',*,*,#2053,.T.);
#2798=ORIENTED_EDGE('',*,*,#1702,.F.);
#2799=ORIENTED_EDGE('',*,*,#2054,.T.);
#2800=ORIENTED_EDGE('',*,*,#1699,.F.);
#2801=ORIENTED_EDGE('',*,*,#2055,.T.);
#2802=ORIENTED_EDGE('',*,*,#2038,.F.);
#2803=ORIENTED_EDGE('',*,*,#2031,.F.);
#2804=ORIENTED_EDGE('',*,*,#2035,.F.);
#2805=ORIENTED_EDGE('',*,*,#2037,.F.);
#2806=ORIENTED_EDGE('',*,*,#2056,.T.);
#2807=ORIENTED_EDGE('',*,*,#2046,.F.);
#2808=ORIENTED_EDGE('',*,*,#2057,.T.);
#2809=ORIENTED_EDGE('',*,*,#1704,.F.);
#2810=ORIENTED_EDGE('',*,*,#2058,.T.);
#2811=ORIENTED_EDGE('',*,*,#2055,.F.);
#2812=ORIENTED_EDGE('',*,*,#1698,.F.);
#2813=ORIENTED_EDGE('',*,*,#2051,.F.);
#2814=ORIENTED_EDGE('',*,*,#2048,.F.);
#2815=ORIENTED_EDGE('',*,*,#2039,.F.);
#2816=ORIENTED_EDGE('',*,*,#1826,.F.);
#2817=ORIENTED_EDGE('',*,*,#2044,.F.);
#2818=ORIENTED_EDGE('',*,*,#2059,.T.);
#2819=ORIENTED_EDGE('',*,*,#2054,.F.);
#2820=ORIENTED_EDGE('',*,*,#2060,.T.);
#2821=ORIENTED_EDGE('',*,*,#2057,.F.);
#2822=ORIENTED_EDGE('',*,*,#2045,.F.);
#2823=ORIENTED_EDGE('',*,*,#2050,.F.);
#2824=ORIENTED_EDGE('',*,*,#2061,.T.);
#2825=ORIENTED_EDGE('',*,*,#2062,.T.);
#2826=ORIENTED_EDGE('',*,*,#2063,.T.);
#2827=ORIENTED_EDGE('',*,*,#2064,.T.);
#2828=ORIENTED_EDGE('',*,*,#2065,.T.);
#2829=ORIENTED_EDGE('',*,*,#2066,.T.);
#2830=ORIENTED_EDGE('',*,*,#2067,.T.);
#2831=ORIENTED_EDGE('',*,*,#2068,.T.);
#2832=ORIENTED_EDGE('',*,*,#2069,.T.);
#2833=ORIENTED_EDGE('',*,*,#2070,.T.);
#2834=ORIENTED_EDGE('',*,*,#2071,.T.);
#2835=ORIENTED_EDGE('',*,*,#2059,.F.);
#2836=ORIENTED_EDGE('',*,*,#2043,.F.);
#2837=ORIENTED_EDGE('',*,*,#2072,.T.);
#2838=ORIENTED_EDGE('',*,*,#2073,.T.);
#2839=ORIENTED_EDGE('',*,*,#2074,.T.);
#2840=ORIENTED_EDGE('',*,*,#2075,.T.);
#2841=ORIENTED_EDGE('',*,*,#2076,.T.);
#2842=ORIENTED_EDGE('',*,*,#2070,.F.);
#2843=ORIENTED_EDGE('',*,*,#2077,.T.);
#2844=ORIENTED_EDGE('',*,*,#2004,.F.);
#2845=ORIENTED_EDGE('',*,*,#2041,.F.);
#2846=ORIENTED_EDGE('',*,*,#2047,.F.);
#2847=ORIENTED_EDGE('',*,*,#2056,.F.);
#2848=ORIENTED_EDGE('',*,*,#1703,.F.);
#2849=ORIENTED_EDGE('',*,*,#2053,.F.);
#2850=ORIENTED_EDGE('',*,*,#2006,.F.);
#2851=ORIENTED_EDGE('',*,*,#2077,.F.);
#2852=ORIENTED_EDGE('',*,*,#2069,.F.);
#2853=ORIENTED_EDGE('',*,*,#2078,.T.);
#2854=ORIENTED_EDGE('',*,*,#2079,.T.);
#2855=ORIENTED_EDGE('',*,*,#1879,.F.);
#2856=ORIENTED_EDGE('',*,*,#2078,.F.);
#2857=ORIENTED_EDGE('',*,*,#2068,.F.);
#2858=ORIENTED_EDGE('',*,*,#2080,.T.);
#2859=ORIENTED_EDGE('',*,*,#1876,.F.);
#2860=ORIENTED_EDGE('',*,*,#2079,.F.);
#2861=ORIENTED_EDGE('',*,*,#2067,.F.);
#2862=ORIENTED_EDGE('',*,*,#2081,.T.);
#2863=ORIENTED_EDGE('',*,*,#1872,.F.);
#2864=ORIENTED_EDGE('',*,*,#2080,.F.);
#2865=ORIENTED_EDGE('',*,*,#2066,.F.);
#2866=ORIENTED_EDGE('',*,*,#2082,.T.);
#2867=ORIENTED_EDGE('',*,*,#2075,.F.);
#2868=ORIENTED_EDGE('',*,*,#2083,.T.);
#2869=ORIENTED_EDGE('',*,*,#2084,.F.);
#2870=ORIENTED_EDGE('',*,*,#2085,.T.);
#2871=ORIENTED_EDGE('',*,*,#1889,.F.);
#2872=ORIENTED_EDGE('',*,*,#2083,.F.);
#2873=ORIENTED_EDGE('',*,*,#2074,.F.);
#2874=ORIENTED_EDGE('',*,*,#2086,.T.);
#2875=ORIENTED_EDGE('',*,*,#1886,.F.);
#2876=ORIENTED_EDGE('',*,*,#2085,.F.);
#2877=ORIENTED_EDGE('',*,*,#2073,.F.);
#2878=ORIENTED_EDGE('',*,*,#2042,.F.);
#2879=ORIENTED_EDGE('',*,*,#1882,.F.);
#2880=ORIENTED_EDGE('',*,*,#2086,.F.);
#2881=ORIENTED_EDGE('',*,*,#2072,.F.);
#2882=ORIENTED_EDGE('',*,*,#2061,.F.);
#2883=ORIENTED_EDGE('',*,*,#1700,.F.);
#2884=ORIENTED_EDGE('',*,*,#1701,.F.);
#2885=ORIENTED_EDGE('',*,*,#2060,.F.);
#2886=ORIENTED_EDGE('',*,*,#1981,.F.);
#2887=ORIENTED_EDGE('',*,*,#1936,.F.);
#2888=ORIENTED_EDGE('',*,*,#1937,.F.);
#2889=ORIENTED_EDGE('',*,*,#1931,.F.);
#2890=ORIENTED_EDGE('',*,*,#2087,.T.);
#2891=ORIENTED_EDGE('',*,*,#1923,.F.);
#2892=ORIENTED_EDGE('',*,*,#1919,.F.);
#2893=ORIENTED_EDGE('',*,*,#1690,.F.);
#2894=ORIENTED_EDGE('',*,*,#1929,.F.);
#2895=ORIENTED_EDGE('',*,*,#1962,.F.);
#2896=ORIENTED_EDGE('',*,*,#2087,.F.);
#2897=ORIENTED_EDGE('',*,*,#1930,.F.);
#2898=ORIENTED_EDGE('',*,*,#2088,.T.);
#2899=ORIENTED_EDGE('',*,*,#1924,.F.);
#2900=ORIENTED_EDGE('',*,*,#1992,.F.);
#2901=ORIENTED_EDGE('',*,*,#1997,.F.);
#2902=ORIENTED_EDGE('',*,*,#2001,.F.);
#2903=ORIENTED_EDGE('',*,*,#2089,.T.);
#2904=ORIENTED_EDGE('',*,*,#2090,.T.);
#2905=ORIENTED_EDGE('',*,*,#1832,.F.);
#2906=ORIENTED_EDGE('',*,*,#1765,.F.);
#2907=ORIENTED_EDGE('',*,*,#1829,.F.);
#2908=ORIENTED_EDGE('',*,*,#2091,.T.);
#2909=ORIENTED_EDGE('',*,*,#2092,.T.);
#2910=ORIENTED_EDGE('',*,*,#2093,.T.);
#2911=ORIENTED_EDGE('',*,*,#1973,.F.);
#2912=ORIENTED_EDGE('',*,*,#2094,.T.);
#2913=ORIENTED_EDGE('',*,*,#1955,.F.);
#2914=ORIENTED_EDGE('',*,*,#1695,.F.);
#2915=ORIENTED_EDGE('',*,*,#2095,.T.);
#2916=ORIENTED_EDGE('',*,*,#2096,.T.);
#2917=ORIENTED_EDGE('',*,*,#2097,.T.);
#2918=ORIENTED_EDGE('',*,*,#1956,.F.);
#2919=ORIENTED_EDGE('',*,*,#2098,.T.);
#2920=ORIENTED_EDGE('',*,*,#1966,.F.);
#2921=ORIENTED_EDGE('',*,*,#2099,.T.);
#2922=ORIENTED_EDGE('',*,*,#2100,.T.);
#2923=ORIENTED_EDGE('',*,*,#2091,.F.);
#2924=ORIENTED_EDGE('',*,*,#1867,.F.);
#2925=ORIENTED_EDGE('',*,*,#2094,.F.);
#2926=ORIENTED_EDGE('',*,*,#1972,.F.);
#2927=ORIENTED_EDGE('',*,*,#1974,.F.);
#2928=ORIENTED_EDGE('',*,*,#2093,.F.);
#2929=ORIENTED_EDGE('',*,*,#2101,.T.);
#2930=ORIENTED_EDGE('',*,*,#2099,.F.);
#2931=ORIENTED_EDGE('',*,*,#1965,.F.);
#2932=ORIENTED_EDGE('',*,*,#1967,.F.);
#2933=ORIENTED_EDGE('',*,*,#2098,.F.);
#2934=ORIENTED_EDGE('',*,*,#1868,.F.);
#2935=ORIENTED_EDGE('',*,*,#2090,.F.);
#2936=ORIENTED_EDGE('',*,*,#2102,.T.);
#2937=ORIENTED_EDGE('',*,*,#2095,.F.);
#2938=ORIENTED_EDGE('',*,*,#1692,.F.);
#2939=ORIENTED_EDGE('',*,*,#1918,.F.);
#2940=ORIENTED_EDGE('',*,*,#2103,.T.);
#2941=ORIENTED_EDGE('',*,*,#2104,.T.);
#2942=ORIENTED_EDGE('',*,*,#2105,.T.);
#2943=ORIENTED_EDGE('',*,*,#2106,.T.);
#2944=ORIENTED_EDGE('',*,*,#1921,.F.);
#2945=ORIENTED_EDGE('',*,*,#1922,.F.);
#2946=ORIENTED_EDGE('',*,*,#2088,.F.);
#2947=ORIENTED_EDGE('',*,*,#1933,.F.);
#2948=ORIENTED_EDGE('',*,*,#1938,.F.);
#2949=ORIENTED_EDGE('',*,*,#1934,.F.);
#2950=ORIENTED_EDGE('',*,*,#2097,.F.);
#2951=ORIENTED_EDGE('',*,*,#2107,.T.);
#2952=ORIENTED_EDGE('',*,*,#2108,.T.);
#2953=ORIENTED_EDGE('',*,*,#1927,.F.);
#2954=ORIENTED_EDGE('',*,*,#1960,.F.);
#2955=ORIENTED_EDGE('',*,*,#2109,.T.);
#2956=ORIENTED_EDGE('',*,*,#2107,.F.);
#2957=ORIENTED_EDGE('',*,*,#2100,.F.);
#2958=ORIENTED_EDGE('',*,*,#2102,.F.);
#2959=ORIENTED_EDGE('',*,*,#2089,.F.);
#2960=ORIENTED_EDGE('',*,*,#2000,.F.);
#2961=ORIENTED_EDGE('',*,*,#2110,.T.);
#2962=ORIENTED_EDGE('',*,*,#1989,.F.);
#2963=ORIENTED_EDGE('',*,*,#2092,.F.);
#2964=ORIENTED_EDGE('',*,*,#2101,.F.);
#2965=ORIENTED_EDGE('',*,*,#2096,.F.);
#2966=ORIENTED_EDGE('',*,*,#2105,.F.);
#2967=ORIENTED_EDGE('',*,*,#2111,.T.);
#2968=ORIENTED_EDGE('',*,*,#2112,.T.);
#2969=ORIENTED_EDGE('',*,*,#2111,.F.);
#2970=ORIENTED_EDGE('',*,*,#2104,.F.);
#2971=ORIENTED_EDGE('',*,*,#2113,.T.);
#2972=ORIENTED_EDGE('',*,*,#2114,.T.);
#2973=ORIENTED_EDGE('',*,*,#2115,.T.);
#2974=ORIENTED_EDGE('',*,*,#2113,.F.);
#2975=ORIENTED_EDGE('',*,*,#2103,.F.);
#2976=ORIENTED_EDGE('',*,*,#1917,.F.);
#2977=ORIENTED_EDGE('',*,*,#2106,.F.);
#2978=ORIENTED_EDGE('',*,*,#2116,.T.);
#2979=ORIENTED_EDGE('',*,*,#2117,.T.);
#2980=ORIENTED_EDGE('',*,*,#1915,.F.);
#2981=ORIENTED_EDGE('',*,*,#2116,.F.);
#2982=ORIENTED_EDGE('',*,*,#2108,.F.);
#2983=ORIENTED_EDGE('',*,*,#2109,.F.);
#2984=ORIENTED_EDGE('',*,*,#2118,.T.);
#2985=ORIENTED_EDGE('',*,*,#1916,.F.);
#2986=ORIENTED_EDGE('',*,*,#2117,.F.);
#2987=ORIENTED_EDGE('',*,*,#2118,.F.);
#2988=ORIENTED_EDGE('',*,*,#2110,.F.);
#2989=ORIENTED_EDGE('',*,*,#1988,.F.);
#2990=ORIENTED_EDGE('',*,*,#2112,.F.);
#2991=ORIENTED_EDGE('',*,*,#2114,.F.);
#2992=ORIENTED_EDGE('',*,*,#2115,.F.);
#2993=ORIENTED_EDGE('',*,*,#2052,.F.);
#2994=ORIENTED_EDGE('',*,*,#2058,.F.);
#2995=ORIENTED_EDGE('',*,*,#2071,.F.);
#2996=ORIENTED_EDGE('',*,*,#2076,.F.);
#2997=ORIENTED_EDGE('',*,*,#1998,.T.);
#2998=ORIENTED_EDGE('',*,*,#1990,.T.);
#2999=ORIENTED_EDGE('',*,*,#1986,.T.);
#3000=ORIENTED_EDGE('',*,*,#2002,.T.);
#3001=ORIENTED_EDGE('',*,*,#1995,.T.);
#3002=ORIENTED_EDGE('',*,*,#2119,.T.);
#3003=ORIENTED_EDGE('',*,*,#2084,.T.);
#3004=ORIENTED_EDGE('',*,*,#1891,.F.);
#3005=ORIENTED_EDGE('',*,*,#1892,.T.);
#3006=ORIENTED_EDGE('',*,*,#1873,.F.);
#3007=ORIENTED_EDGE('',*,*,#2120,.T.);
#3008=ORIENTED_EDGE('',*,*,#2121,.F.);
#3009=ORIENTED_EDGE('',*,*,#2120,.F.);
#3010=ORIENTED_EDGE('',*,*,#2081,.F.);
#3011=ORIENTED_EDGE('',*,*,#2065,.F.);
#3012=ORIENTED_EDGE('',*,*,#2122,.F.);
#3013=ORIENTED_EDGE('',*,*,#2123,.F.);
#3014=ORIENTED_EDGE('',*,*,#1999,.F.);
#3015=ORIENTED_EDGE('',*,*,#2121,.T.);
#3016=ORIENTED_EDGE('',*,*,#2122,.T.);
#3017=ORIENTED_EDGE('',*,*,#2064,.F.);
#3018=ORIENTED_EDGE('',*,*,#2124,.F.);
#3019=ORIENTED_EDGE('',*,*,#1993,.F.);
#3020=ORIENTED_EDGE('',*,*,#2123,.T.);
#3021=ORIENTED_EDGE('',*,*,#2063,.F.);
#3022=ORIENTED_EDGE('',*,*,#2082,.F.);
#3023=ORIENTED_EDGE('',*,*,#2119,.F.);
#3024=ORIENTED_EDGE('',*,*,#1994,.F.);
#3025=ORIENTED_EDGE('',*,*,#2124,.T.);
#3026=ORIENTED_EDGE('',*,*,#2062,.F.);
#3027=CYLINDRICAL_SURFACE('',#3238,1.6);
#3028=CYLINDRICAL_SURFACE('',#3243,1.6);
#3029=CYLINDRICAL_SURFACE('',#3248,1.6);
#3030=CYLINDRICAL_SURFACE('',#3253,1.6);
#3031=CYLINDRICAL_SURFACE('',#3352,3.00000000000181);
#3032=CYLINDRICAL_SURFACE('',#3354,6.29821289158098);
#3033=CYLINDRICAL_SURFACE('',#3372,3.00000000000182);
#3034=CYLINDRICAL_SURFACE('',#3374,6.29821289157735);
#3035=CYLINDRICAL_SURFACE('',#3378,3.00000000000182);
#3036=CYLINDRICAL_SURFACE('',#3382,6.29821289157917);
#3037=CYLINDRICAL_SURFACE('',#3386,3.00000000000182);
#3038=CYLINDRICAL_SURFACE('',#3390,6.29821289157553);
#3039=CYLINDRICAL_SURFACE('',#3448,2.00000000000546);
#3040=CYLINDRICAL_SURFACE('',#3452,11.9999999999982);
#3041=ADVANCED_FACE('',(#272),#3027,.F.);
#3042=ADVANCED_FACE('',(#273,#117),#142,.F.);
#3043=ADVANCED_FACE('',(#274),#3028,.F.);
#3044=ADVANCED_FACE('',(#275,#118),#143,.F.);
#3045=ADVANCED_FACE('',(#276),#3029,.F.);
#3046=ADVANCED_FACE('',(#277,#119),#144,.F.);
#3047=ADVANCED_FACE('',(#278),#3030,.F.);
#3048=ADVANCED_FACE('',(#279,#120),#145,.F.);
#3049=ADVANCED_FACE('',(#280),#79,.F.);
#3050=ADVANCED_FACE('',(#281),#146,.T.);
#3051=ADVANCED_FACE('',(#282),#147,.T.);
#3052=ADVANCED_FACE('',(#283),#148,.T.);
#3053=ADVANCED_FACE('',(#284),#80,.F.);
#3054=ADVANCED_FACE('',(#285),#81,.T.);
#3055=ADVANCED_FACE('',(#286),#149,.T.);
#3056=ADVANCED_FACE('',(#287),#150,.T.);
#3057=ADVANCED_FACE('',(#288),#82,.T.);
#3058=ADVANCED_FACE('',(#289),#151,.T.);
#3059=ADVANCED_FACE('',(#290),#83,.T.);
#3060=ADVANCED_FACE('',(#291,#121),#152,.T.);
#3061=ADVANCED_FACE('',(#292),#84,.F.);
#3062=ADVANCED_FACE('',(#293),#153,.T.);
#3063=ADVANCED_FACE('',(#294),#154,.T.);
#3064=ADVANCED_FACE('',(#295),#85,.F.);
#3065=ADVANCED_FACE('',(#296),#155,.T.);
#3066=ADVANCED_FACE('',(#297),#86,.F.);
#3067=ADVANCED_FACE('',(#298,#122),#156,.T.);
#3068=ADVANCED_FACE('',(#299),#157,.T.);
#3069=ADVANCED_FACE('',(#300),#87,.F.);
#3070=ADVANCED_FACE('',(#301,#123),#158,.T.);
#3071=ADVANCED_FACE('',(#302,#124,#125,#126),#159,.T.);
#3072=ADVANCED_FACE('',(#303,#127),#160,.T.);
#3073=ADVANCED_FACE('',(#304),#88,.T.);
#3074=ADVANCED_FACE('',(#305),#161,.T.);
#3075=ADVANCED_FACE('',(#306),#89,.T.);
#3076=ADVANCED_FACE('',(#307),#162,.T.);
#3077=ADVANCED_FACE('',(#308),#90,.T.);
#3078=ADVANCED_FACE('',(#309),#163,.T.);
#3079=ADVANCED_FACE('',(#310),#91,.T.);
#3080=ADVANCED_FACE('',(#311),#164,.T.);
#3081=ADVANCED_FACE('',(#312),#165,.T.);
#3082=ADVANCED_FACE('',(#313),#166,.T.);
#3083=ADVANCED_FACE('',(#314),#167,.T.);
#3084=ADVANCED_FACE('',(#315),#92,.T.);
#3085=ADVANCED_FACE('',(#316),#168,.T.);
#3086=ADVANCED_FACE('',(#317),#93,.T.);
#3087=ADVANCED_FACE('',(#318),#169,.T.);
#3088=ADVANCED_FACE('',(#319),#94,.T.);
#3089=ADVANCED_FACE('',(#320),#170,.T.);
#3090=ADVANCED_FACE('',(#321),#95,.T.);
#3091=ADVANCED_FACE('',(#322),#171,.T.);
#3092=ADVANCED_FACE('',(#323),#96,.T.);
#3093=ADVANCED_FACE('',(#324),#172,.T.);
#3094=ADVANCED_FACE('',(#325),#97,.T.);
#3095=ADVANCED_FACE('',(#326),#173,.T.);
#3096=ADVANCED_FACE('',(#327),#174,.T.);
#3097=ADVANCED_FACE('',(#328),#175,.T.);
#3098=ADVANCED_FACE('',(#329),#176,.T.);
#3099=ADVANCED_FACE('',(#330),#177,.T.);
#3100=ADVANCED_FACE('',(#331),#178,.T.);
#3101=ADVANCED_FACE('',(#332),#98,.T.);
#3102=ADVANCED_FACE('',(#333),#179,.T.);
#3103=ADVANCED_FACE('',(#334),#99,.T.);
#3104=ADVANCED_FACE('',(#335),#180,.T.);
#3105=ADVANCED_FACE('',(#336),#100,.T.);
#3106=ADVANCED_FACE('',(#337),#181,.T.);
#3107=ADVANCED_FACE('',(#338),#101,.T.);
#3108=ADVANCED_FACE('',(#339),#182,.T.);
#3109=ADVANCED_FACE('',(#340),#102,.T.);
#3110=ADVANCED_FACE('',(#341),#183,.T.);
#3111=ADVANCED_FACE('',(#342),#103,.T.);
#3112=ADVANCED_FACE('',(#343),#184,.T.);
#3113=ADVANCED_FACE('',(#344),#185,.T.);
#3114=ADVANCED_FACE('',(#345),#186,.T.);
#3115=ADVANCED_FACE('',(#346),#187,.T.);
#3116=ADVANCED_FACE('',(#347),#188,.T.);
#3117=ADVANCED_FACE('',(#348),#189,.T.);
#3118=ADVANCED_FACE('',(#349),#190,.T.);
#3119=ADVANCED_FACE('',(#350),#191,.T.);
#3120=ADVANCED_FACE('',(#351),#192,.T.);
#3121=ADVANCED_FACE('',(#352),#193,.T.);
#3122=ADVANCED_FACE('',(#353),#194,.T.);
#3123=ADVANCED_FACE('',(#354),#195,.T.);
#3124=ADVANCED_FACE('',(#355,#128),#196,.T.);
#3125=ADVANCED_FACE('',(#356,#129),#197,.T.);
#3126=ADVANCED_FACE('',(#357),#198,.T.);
#3127=ADVANCED_FACE('',(#358),#104,.F.);
#3128=ADVANCED_FACE('',(#359,#130),#199,.T.);
#3129=ADVANCED_FACE('',(#360),#3031,.F.);
#3130=ADVANCED_FACE('',(#361),#3032,.F.);
#3131=ADVANCED_FACE('',(#362),#200,.T.);
#3132=ADVANCED_FACE('',(#363),#201,.T.);
#3133=ADVANCED_FACE('',(#364),#202,.T.);
#3134=ADVANCED_FACE('',(#365),#203,.T.);
#3135=ADVANCED_FACE('',(#366),#105,.T.);
#3136=ADVANCED_FACE('',(#367),#204,.T.);
#3137=ADVANCED_FACE('',(#368),#106,.T.);
#3138=ADVANCED_FACE('',(#369),#205,.T.);
#3139=ADVANCED_FACE('',(#370),#107,.T.);
#3140=ADVANCED_FACE('',(#371),#206,.T.);
#3141=ADVANCED_FACE('',(#372),#108,.T.);
#3142=ADVANCED_FACE('',(#373),#207,.T.);
#3143=ADVANCED_FACE('',(#374),#109,.T.);
#3144=ADVANCED_FACE('',(#375),#208,.T.);
#3145=ADVANCED_FACE('',(#376),#110,.T.);
#3146=ADVANCED_FACE('',(#377),#209,.T.);
#3147=ADVANCED_FACE('',(#378),#210,.T.);
#3148=ADVANCED_FACE('',(#379),#211,.T.);
#3149=ADVANCED_FACE('',(#380),#212,.T.);
#3150=ADVANCED_FACE('',(#381),#213,.T.);
#3151=ADVANCED_FACE('',(#382,#131),#214,.T.);
#3152=ADVANCED_FACE('',(#383),#3033,.F.);
#3153=ADVANCED_FACE('',(#384),#3034,.F.);
#3154=ADVANCED_FACE('',(#385,#132),#215,.T.);
#3155=ADVANCED_FACE('',(#386),#3035,.F.);
#3156=ADVANCED_FACE('',(#387),#3036,.F.);
#3157=ADVANCED_FACE('',(#388,#133),#216,.T.);
#3158=ADVANCED_FACE('',(#389),#3037,.F.);
#3159=ADVANCED_FACE('',(#390),#3038,.F.);
#3160=ADVANCED_FACE('',(#391,#134),#217,.T.);
#3161=ADVANCED_FACE('',(#392),#218,.T.);
#3162=ADVANCED_FACE('',(#393),#219,.T.);
#3163=ADVANCED_FACE('',(#394),#220,.T.);
#3164=ADVANCED_FACE('',(#395),#221,.T.);
#3165=ADVANCED_FACE('',(#396),#222,.T.);
#3166=ADVANCED_FACE('',(#397),#223,.T.);
#3167=ADVANCED_FACE('',(#398),#224,.T.);
#3168=ADVANCED_FACE('',(#399),#225,.T.);
#3169=ADVANCED_FACE('',(#400,#135),#226,.T.);
#3170=ADVANCED_FACE('',(#401),#111,.F.);
#3171=ADVANCED_FACE('',(#402),#227,.T.);
#3172=ADVANCED_FACE('',(#403),#112,.F.);
#3173=ADVANCED_FACE('',(#404),#228,.T.);
#3174=ADVANCED_FACE('',(#405),#113,.F.);
#3175=ADVANCED_FACE('',(#406),#229,.T.);
#3176=ADVANCED_FACE('',(#407),#114,.F.);
#3177=ADVANCED_FACE('',(#408),#230,.T.);
#3178=ADVANCED_FACE('',(#409),#231,.T.);
#3179=ADVANCED_FACE('',(#410),#115,.F.);
#3180=ADVANCED_FACE('',(#411),#232,.T.);
#3181=ADVANCED_FACE('',(#412),#116,.F.);
#3182=ADVANCED_FACE('',(#413),#233,.T.);
#3183=ADVANCED_FACE('',(#414),#234,.T.);
#3184=ADVANCED_FACE('',(#415,#136),#235,.T.);
#3185=ADVANCED_FACE('',(#416),#236,.T.);
#3186=ADVANCED_FACE('',(#417,#137),#237,.T.);
#3187=ADVANCED_FACE('',(#418),#238,.T.);
#3188=ADVANCED_FACE('',(#419),#239,.T.);
#3189=ADVANCED_FACE('',(#420),#15,.T.);
#3190=ADVANCED_FACE('',(#421),#240,.T.);
#3191=ADVANCED_FACE('',(#422),#241,.T.);
#3192=ADVANCED_FACE('',(#423),#242,.T.);
#3193=ADVANCED_FACE('',(#424),#243,.T.);
#3194=ADVANCED_FACE('',(#425),#244,.T.);
#3195=ADVANCED_FACE('',(#426),#245,.T.);
#3196=ADVANCED_FACE('',(#427),#246,.T.);
#3197=ADVANCED_FACE('',(#428),#247,.T.);
#3198=ADVANCED_FACE('',(#429),#248,.T.);
#3199=ADVANCED_FACE('',(#430),#249,.T.);
#3200=ADVANCED_FACE('',(#431),#250,.T.);
#3201=ADVANCED_FACE('',(#432),#251,.T.);
#3202=ADVANCED_FACE('',(#433,#138,#139),#252,.T.);
#3203=ADVANCED_FACE('',(#434),#253,.T.);
#3204=ADVANCED_FACE('',(#435),#254,.T.);
#3205=ADVANCED_FACE('',(#436),#255,.T.);
#3206=ADVANCED_FACE('',(#437),#256,.T.);
#3207=ADVANCED_FACE('',(#438),#257,.T.);
#3208=ADVANCED_FACE('',(#439),#258,.T.);
#3209=ADVANCED_FACE('',(#440),#259,.T.);
#3210=ADVANCED_FACE('',(#441,#140,#141),#260,.T.);
#3211=ADVANCED_FACE('',(#442),#261,.T.);
#3212=ADVANCED_FACE('',(#443),#262,.T.);
#3213=ADVANCED_FACE('',(#444),#3039,.T.);
#3214=ADVANCED_FACE('',(#445),#263,.T.);
#3215=ADVANCED_FACE('',(#446),#264,.T.);
#3216=ADVANCED_FACE('',(#447),#3040,.F.);
#3217=ADVANCED_FACE('',(#448),#265,.T.);
#3218=ADVANCED_FACE('',(#449),#266,.T.);
#3219=ADVANCED_FACE('',(#450),#267,.T.);
#3220=ADVANCED_FACE('',(#451),#268,.T.);
#3221=ADVANCED_FACE('',(#452),#269,.T.);
#3222=ADVANCED_FACE('',(#453),#270,.T.);
#3223=ADVANCED_FACE('',(#454),#271,.T.);
#3224=CLOSED_SHELL('',(#3041,#3042,#3043,#3044,#3045,#3046,#3047,#3048,
#3049,#3050,#3051,#3052,#3053,#3054,#3055,#3056,#3057,#3058,#3059,#3060,
#3061,#3062,#3063,#3064,#3065,#3066,#3067,#3068,#3069,#3070,#3071,#3072,
#3073,#3074,#3075,#3076,#3077,#3078,#3079,#3080,#3081,#3082,#3083,#3084,
#3085,#3086,#3087,#3088,#3089,#3090,#3091,#3092,#3093,#3094,#3095,#3096,
#3097,#3098,#3099,#3100,#3101,#3102,#3103,#3104,#3105,#3106,#3107,#3108,
#3109,#3110,#3111,#3112,#3113,#3114,#3115,#3116,#3117,#3118,#3119,#3120,
#3121,#3122,#3123,#3124,#3125,#3126,#3127,#3128,#3129,#3130,#3131,#3132,
#3133,#3134,#3135,#3136,#3137,#3138,#3139,#3140,#3141,#3142,#3143,#3144,
#3145,#3146,#3147,#3148,#3149,#3150,#3151,#3152,#3153,#3154,#3155,#3156,
#3157,#3158,#3159,#3160,#3161,#3162,#3163,#3164,#3165,#3166,#3167,#3168,
#3169,#3170,#3171,#3172,#3173,#3174,#3175,#3176,#3177,#3178,#3179,#3180,
#3181,#3182,#3183,#3184,#3185,#3186,#3187,#3188,#3189,#3190,#3191,#3192,
#3193,#3194,#3195,#3196,#3197,#3198,#3199,#3200,#3201,#3202,#3203,#3204,
#3205,#3206,#3207,#3208,#3209,#3210,#3211,#3212,#3213,#3214,#3215,#3216,
#3217,#3218,#3219,#3220,#3221,#3222,#3223));
#3225=DERIVED_UNIT_ELEMENT(#3227,1.);
#3226=DERIVED_UNIT_ELEMENT(#7087,-3.);
#3227=(
MASS_UNIT()
NAMED_UNIT(*)
SI_UNIT(.KILO.,.GRAM.)
);
#3228=DERIVED_UNIT((#3225,#3226));
#3229=MEASURE_REPRESENTATION_ITEM('density measure',
POSITIVE_RATIO_MEASURE(7850.),#3228);
#3230=PROPERTY_DEFINITION_REPRESENTATION(#3235,#3232);
#3231=PROPERTY_DEFINITION_REPRESENTATION(#3236,#3233);
#3232=REPRESENTATION('material name',(#3234),#7084);
#3233=REPRESENTATION('density',(#3229),#7084);
#3234=DESCRIPTIVE_REPRESENTATION_ITEM('Steel','Steel');
#3235=PROPERTY_DEFINITION('material property','material name',#7094);
#3236=PROPERTY_DEFINITION('material property','density of part',#7094);
#3237=AXIS2_PLACEMENT_3D('',#4255,#3461,#3462);
#3238=AXIS2_PLACEMENT_3D('',#4256,#3463,#3464);
#3239=AXIS2_PLACEMENT_3D('',#4258,#3465,#3466);
#3240=AXIS2_PLACEMENT_3D('',#4261,#3468,#3469);
#3241=AXIS2_PLACEMENT_3D('',#4262,#3470,#3471);
#3242=AXIS2_PLACEMENT_3D('',#4264,#3472,#3473);
#3243=AXIS2_PLACEMENT_3D('',#4265,#3474,#3475);
#3244=AXIS2_PLACEMENT_3D('',#4267,#3476,#3477);
#3245=AXIS2_PLACEMENT_3D('',#4270,#3479,#3480);
#3246=AXIS2_PLACEMENT_3D('',#4271,#3481,#3482);
#3247=AXIS2_PLACEMENT_3D('',#4273,#3483,#3484);
#3248=AXIS2_PLACEMENT_3D('',#4274,#3485,#3486);
#3249=AXIS2_PLACEMENT_3D('',#4276,#3487,#3488);
#3250=AXIS2_PLACEMENT_3D('',#4279,#3490,#3491);
#3251=AXIS2_PLACEMENT_3D('',#4280,#3492,#3493);
#3252=AXIS2_PLACEMENT_3D('',#4282,#3494,#3495);
#3253=AXIS2_PLACEMENT_3D('',#4283,#3496,#3497);
#3254=AXIS2_PLACEMENT_3D('',#4285,#3498,#3499);
#3255=AXIS2_PLACEMENT_3D('',#4288,#3501,#3502);
#3256=AXIS2_PLACEMENT_3D('',#4289,#3503,#3504);
#3257=AXIS2_PLACEMENT_3D('',#4291,#3505,#3506);
#3258=AXIS2_PLACEMENT_3D('',#4300,#3507,#3508);
#3259=AXIS2_PLACEMENT_3D('',#4304,#3510,#3511);
#3260=AXIS2_PLACEMENT_3D('',#4306,#3513,#3514);
#3261=AXIS2_PLACEMENT_3D('',#4312,#3518,#3519);
#3262=AXIS2_PLACEMENT_3D('',#4321,#3524,#3525);
#3263=AXIS2_PLACEMENT_3D('',#4342,#3530,#3531);
#3264=AXIS2_PLACEMENT_3D('',#4346,#3533,#3534);
#3265=AXIS2_PLACEMENT_3D('',#4370,#3537,#3538);
#3266=AXIS2_PLACEMENT_3D('',#4401,#3540,#3541);
#3267=AXIS2_PLACEMENT_3D('',#4407,#3545,#3546);
#3268=AXIS2_PLACEMENT_3D('',#4424,#3550,#3551);
#3269=AXIS2_PLACEMENT_3D('',#4524,#3553,#3554);
#3270=AXIS2_PLACEMENT_3D('',#4637,#3558,#3559);
#3271=AXIS2_PLACEMENT_3D('',#4638,#3560,#3561);
#3272=AXIS2_PLACEMENT_3D('',#4641,#3562,#3563);
#3273=AXIS2_PLACEMENT_3D('',#4645,#3565,#3566);
#3274=AXIS2_PLACEMENT_3D('',#4725,#3572,#3573);
#3275=AXIS2_PLACEMENT_3D('',#4731,#3577,#3578);
#3276=AXIS2_PLACEMENT_3D('',#4965,#3583,#3584);
#3277=AXIS2_PLACEMENT_3D('',#5196,#3588,#3589);
#3278=AXIS2_PLACEMENT_3D('',#5205,#3593,#3594);
#3279=AXIS2_PLACEMENT_3D('',#5208,#3596,#3597);
#3280=AXIS2_PLACEMENT_3D('',#5209,#3598,#3599);
#3281=AXIS2_PLACEMENT_3D('',#5226,#3603,#3604);
#3282=AXIS2_PLACEMENT_3D('',#5234,#3605,#3606);
#3283=AXIS2_PLACEMENT_3D('',#5235,#3607,#3608);
#3284=AXIS2_PLACEMENT_3D('',#5247,#3614,#3615);
#3285=AXIS2_PLACEMENT_3D('',#5251,#3617,#3618);
#3286=AXIS2_PLACEMENT_3D('',#5253,#3620,#3621);
#3287=AXIS2_PLACEMENT_3D('',#5265,#3627,#3628);
#3288=AXIS2_PLACEMENT_3D('',#5269,#3630,#3631);
#3289=AXIS2_PLACEMENT_3D('',#5271,#3633,#3634);
#3290=AXIS2_PLACEMENT_3D('',#5274,#3635,#3636);
#3291=AXIS2_PLACEMENT_3D('',#5278,#3638,#3639);
#3292=AXIS2_PLACEMENT_3D('',#5284,#3642,#3643);
#3293=AXIS2_PLACEMENT_3D('',#5287,#3645,#3646);
#3294=AXIS2_PLACEMENT_3D('',#5300,#3649,#3650);
#3295=AXIS2_PLACEMENT_3D('',#5313,#3653,#3654);
#3296=AXIS2_PLACEMENT_3D('',#5326,#3657,#3658);
#3297=AXIS2_PLACEMENT_3D('',#5339,#3661,#3662);
#3298=AXIS2_PLACEMENT_3D('',#5340,#3663,#3664);
#3299=AXIS2_PLACEMENT_3D('',#5341,#3665,#3666);
#3300=AXIS2_PLACEMENT_3D('',#5342,#3667,#3668);
#3301=AXIS2_PLACEMENT_3D('',#5343,#3669,#3670);
#3302=AXIS2_PLACEMENT_3D('',#5344,#3671,#3672);
#3303=AXIS2_PLACEMENT_3D('',#5362,#3677,#3678);
#3304=AXIS2_PLACEMENT_3D('',#5363,#3679,#3680);
#3305=AXIS2_PLACEMENT_3D('',#5379,#3684,#3685);
#3306=AXIS2_PLACEMENT_3D('',#5380,#3686,#3687);
#3307=AXIS2_PLACEMENT_3D('',#5402,#3690,#3691);
#3308=AXIS2_PLACEMENT_3D('',#5403,#3692,#3693);
#3309=AXIS2_PLACEMENT_3D('',#5421,#3698,#3699);
#3310=AXIS2_PLACEMENT_3D('',#5422,#3700,#3701);
#3311=AXIS2_PLACEMENT_3D('',#5438,#3705,#3706);
#3312=AXIS2_PLACEMENT_3D('',#5439,#3707,#3708);
#3313=AXIS2_PLACEMENT_3D('',#5461,#3711,#3712);
#3314=AXIS2_PLACEMENT_3D('',#5462,#3713,#3714);
#3315=AXIS2_PLACEMENT_3D('',#5468,#3718,#3719);
#3316=AXIS2_PLACEMENT_3D('',#5474,#3723,#3724);
#3317=AXIS2_PLACEMENT_3D('',#5480,#3728,#3729);
#3318=AXIS2_PLACEMENT_3D('',#5484,#3732,#3733);
#3319=AXIS2_PLACEMENT_3D('',#5488,#3736,#3737);
#3320=AXIS2_PLACEMENT_3D('',#5505,#3741,#3742);
#3321=AXIS2_PLACEMENT_3D('',#5507,#3744,#3745);
#3322=AXIS2_PLACEMENT_3D('',#5522,#3748,#3749);
#3323=AXIS2_PLACEMENT_3D('',#5524,#3751,#3752);
#3324=AXIS2_PLACEMENT_3D('',#5546,#3755,#3756);
#3325=AXIS2_PLACEMENT_3D('',#5547,#3757,#3758);
#3326=AXIS2_PLACEMENT_3D('',#5565,#3763,#3764);
#3327=AXIS2_PLACEMENT_3D('',#5566,#3765,#3766);
#3328=AXIS2_PLACEMENT_3D('',#5582,#3770,#3771);
#3329=AXIS2_PLACEMENT_3D('',#5583,#3772,#3773);
#3330=AXIS2_PLACEMENT_3D('',#5605,#3776,#3777);
#3331=AXIS2_PLACEMENT_3D('',#5606,#3778,#3779);
#3332=AXIS2_PLACEMENT_3D('',#5612,#3783,#3784);
#3333=AXIS2_PLACEMENT_3D('',#5616,#3787,#3788);
#3334=AXIS2_PLACEMENT_3D('',#5622,#3792,#3793);
#3335=AXIS2_PLACEMENT_3D('',#5626,#3796,#3797);
#3336=AXIS2_PLACEMENT_3D('',#5630,#3800,#3801);
#3337=AXIS2_PLACEMENT_3D('',#5639,#3806,#3807);
#3338=AXIS2_PLACEMENT_3D('',#5645,#3811,#3812);
#3339=AXIS2_PLACEMENT_3D('',#5651,#3816,#3817);
#3340=AXIS2_PLACEMENT_3D('',#5660,#3822,#3823);
#3341=AXIS2_PLACEMENT_3D('',#5666,#3827,#3828);
#3342=AXIS2_PLACEMENT_3D('',#5672,#3832,#3833);
#3343=AXIS2_PLACEMENT_3D('',#5675,#3836,#3837);
#3344=AXIS2_PLACEMENT_3D('',#5688,#3843,#3844);
#3345=AXIS2_PLACEMENT_3D('',#5738,#3848,#3849);
#3346=AXIS2_PLACEMENT_3D('',#5771,#3855,#3856);
#3347=AXIS2_PLACEMENT_3D('',#5798,#3859,#3860);
#3348=AXIS2_PLACEMENT_3D('',#5819,#3868,#3869);
#3349=AXIS2_PLACEMENT_3D('',#5821,#3870,#3871);
#3350=AXIS2_PLACEMENT_3D('',#5823,#3873,#3874);
#3351=AXIS2_PLACEMENT_3D('',#5825,#3875,#3876);
#3352=AXIS2_PLACEMENT_3D('',#5826,#3877,#3878);
#3353=AXIS2_PLACEMENT_3D('',#5829,#3880,#3881);
#3354=AXIS2_PLACEMENT_3D('',#5830,#3882,#3883);
#3355=AXIS2_PLACEMENT_3D('',#5833,#3885,#3886);
#3356=AXIS2_PLACEMENT_3D('',#5834,#3887,#3888);
#3357=AXIS2_PLACEMENT_3D('',#5843,#3893,#3894);
#3358=AXIS2_PLACEMENT_3D('',#5849,#3898,#3899);
#3359=AXIS2_PLACEMENT_3D('',#5852,#3902,#3903);
#3360=AXIS2_PLACEMENT_3D('',#5871,#3906,#3907);
#3361=AXIS2_PLACEMENT_3D('',#5884,#3910,#3911);
#3362=AXIS2_PLACEMENT_3D('',#5909,#3912,#3913);
#3363=AXIS2_PLACEMENT_3D('',#5928,#3916,#3917);
#3364=AXIS2_PLACEMENT_3D('',#5941,#3920,#3921);
#3365=AXIS2_PLACEMENT_3D('',#5966,#3922,#3923);
#3366=AXIS2_PLACEMENT_3D('',#5969,#3926,#3927);
#3367=AXIS2_PLACEMENT_3D('',#5971,#3929,#3930);
#3368=AXIS2_PLACEMENT_3D('',#5974,#3933,#3934);
#3369=AXIS2_PLACEMENT_3D('',#5976,#3936,#3937);
#3370=AXIS2_PLACEMENT_3D('',#5978,#3939,#3940);
#3371=AXIS2_PLACEMENT_3D('',#5980,#3941,#3942);
#3372=AXIS2_PLACEMENT_3D('',#5981,#3943,#3944);
#3373=AXIS2_PLACEMENT_3D('',#5984,#3946,#3947);
#3374=AXIS2_PLACEMENT_3D('',#5985,#3948,#3949);
#3375=AXIS2_PLACEMENT_3D('',#5988,#3951,#3952);
#3376=AXIS2_PLACEMENT_3D('',#5989,#3953,#3954);
#3377=AXIS2_PLACEMENT_3D('',#5991,#3955,#3956);
#3378=AXIS2_PLACEMENT_3D('',#5992,#3957,#3958);
#3379=AXIS2_PLACEMENT_3D('',#5996,#3960,#3961);
#3380=AXIS2_PLACEMENT_3D('',#5998,#3962,#3963);
#3381=AXIS2_PLACEMENT_3D('',#5999,#3964,#3965);
#3382=AXIS2_PLACEMENT_3D('',#6000,#3966,#3967);
#3383=AXIS2_PLACEMENT_3D('',#6003,#3969,#3970);
#3384=AXIS2_PLACEMENT_3D('',#6004,#3971,#3972);
#3385=AXIS2_PLACEMENT_3D('',#6006,#3973,#3974);
#3386=AXIS2_PLACEMENT_3D('',#6007,#3975,#3976);
#3387=AXIS2_PLACEMENT_3D('',#6011,#3978,#3979);
#3388=AXIS2_PLACEMENT_3D('',#6013,#3980,#3981);
#3389=AXIS2_PLACEMENT_3D('',#6014,#3982,#3983);
#3390=AXIS2_PLACEMENT_3D('',#6015,#3984,#3985);
#3391=AXIS2_PLACEMENT_3D('',#6019,#3987,#3988);
#3392=AXIS2_PLACEMENT_3D('',#6021,#3989,#3990);
#3393=AXIS2_PLACEMENT_3D('',#6022,#3991,#3992);
#3394=AXIS2_PLACEMENT_3D('',#6023,#3993,#3994);
#3395=AXIS2_PLACEMENT_3D('',#6030,#4000,#4001);
#3396=AXIS2_PLACEMENT_3D('',#6032,#4003,#4004);
#3397=AXIS2_PLACEMENT_3D('',#6041,#4009,#4010);
#3398=AXIS2_PLACEMENT_3D('',#6049,#4015,#4016);
#3399=AXIS2_PLACEMENT_3D('',#6063,#4024,#4025);
#3400=AXIS2_PLACEMENT_3D('',#6068,#4029,#4030);
#3401=AXIS2_PLACEMENT_3D('',#6072,#4033,#4034);
#3402=AXIS2_PLACEMENT_3D('',#6074,#4036,#4037);
#3403=AXIS2_PLACEMENT_3D('',#6076,#4039,#4040);
#3404=AXIS2_PLACEMENT_3D('',#6081,#4042,#4043);
#3405=AXIS2_PLACEMENT_3D('',#6084,#4045,#4046);
#3406=AXIS2_PLACEMENT_3D('',#6087,#4047,#4048);
#3407=AXIS2_PLACEMENT_3D('',#6091,#4050,#4051);
#3408=AXIS2_PLACEMENT_3D('',#6107,#4054,#4055);
#3409=AXIS2_PLACEMENT_3D('',#6225,#4057,#4058);
#3410=AXIS2_PLACEMENT_3D('',#6242,#4062,#4063);
#3411=AXIS2_PLACEMENT_3D('',#6360,#4065,#4066);
#3412=AXIS2_PLACEMENT_3D('',#6375,#4071,#4072);
#3413=AXIS2_PLACEMENT_3D('',#6388,#4075,#4076);
#3414=AXIS2_PLACEMENT_3D('',#6389,#4077,#4078);
#3415=AXIS2_PLACEMENT_3D('',#6561,#4083,#4084);
#3416=AXIS2_PLACEMENT_3D('',#6729,#4087,#4088);
#3417=AXIS2_PLACEMENT_3D('',#6735,#4092,#4093);
#3418=AXIS2_PLACEMENT_3D('',#6741,#4097,#4098);
#3419=AXIS2_PLACEMENT_3D('',#6790,#4103,#4104);
#3420=AXIS2_PLACEMENT_3D('',#6793,#4107,#4108);
#3421=AXIS2_PLACEMENT_3D('',#6851,#4112,#4113);
#3422=AXIS2_PLACEMENT_3D('',#6854,#4116,#4117);
#3423=AXIS2_PLACEMENT_3D('',#6956,#4120,#4121);
#3424=AXIS2_PLACEMENT_3D('',#6984,#4136,#4137);
#3425=AXIS2_PLACEMENT_3D('',#6987,#4140,#4141);
#3426=AXIS2_PLACEMENT_3D('',#6989,#4143,#4144);
#3427=AXIS2_PLACEMENT_3D('',#6991,#4146,#4147);
#3428=AXIS2_PLACEMENT_3D('',#6993,#4149,#4150);
#3429=AXIS2_PLACEMENT_3D('',#6995,#4152,#4153);
#3430=AXIS2_PLACEMENT_3D('',#7000,#4157,#4158);
#3431=AXIS2_PLACEMENT_3D('',#7002,#4160,#4161);
#3432=AXIS2_PLACEMENT_3D('',#7004,#4163,#4164);
#3433=AXIS2_PLACEMENT_3D('',#7005,#4165,#4166);
#3434=AXIS2_PLACEMENT_3D('',#7006,#4167,#4168);
#3435=AXIS2_PLACEMENT_3D('',#7007,#4169,#4170);
#3436=AXIS2_PLACEMENT_3D('',#7009,#4172,#4173);
#3437=AXIS2_PLACEMENT_3D('',#7011,#4175,#4176);
#3438=AXIS2_PLACEMENT_3D('',#7018,#4181,#4182);
#3439=AXIS2_PLACEMENT_3D('',#7025,#4187,#4188);
#3440=AXIS2_PLACEMENT_3D('',#7032,#4193,#4194);
#3441=AXIS2_PLACEMENT_3D('',#7034,#4196,#4197);
#3442=AXIS2_PLACEMENT_3D('',#7036,#4199,#4200);
#3443=AXIS2_PLACEMENT_3D('',#7040,#4202,#4203);
#3444=AXIS2_PLACEMENT_3D('',#7042,#4205,#4206);
#3445=AXIS2_PLACEMENT_3D('',#7047,#4209,#4210);
#3446=AXIS2_PLACEMENT_3D('',#7048,#4211,#4212);
#3447=AXIS2_PLACEMENT_3D('',#7052,#4215,#4216);
#3448=AXIS2_PLACEMENT_3D('',#7056,#4219,#4220);
#3449=AXIS2_PLACEMENT_3D('',#7059,#4222,#4223);
#3450=AXIS2_PLACEMENT_3D('',#7060,#4224,#4225);
#3451=AXIS2_PLACEMENT_3D('',#7062,#4227,#4228);
#3452=AXIS2_PLACEMENT_3D('',#7066,#4231,#4232);
#3453=AXIS2_PLACEMENT_3D('',#7067,#4233,#4234);
#3454=AXIS2_PLACEMENT_3D('',#7068,#4235,#4236);
#3455=AXIS2_PLACEMENT_3D('',#7069,#4237,#4238);
#3456=AXIS2_PLACEMENT_3D('',#7070,#4239,#4240);
#3457=AXIS2_PLACEMENT_3D('',#7075,#4244,#4245);
#3458=AXIS2_PLACEMENT_3D('',#7077,#4247,#4248);
#3459=AXIS2_PLACEMENT_3D('',#7079,#4250,#4251);
#3460=AXIS2_PLACEMENT_3D('',#7081,#4253,#4254);
#3461=DIRECTION('axis',(0.,0.,1.));
#3462=DIRECTION('refdir',(1.,0.,0.));
#3463=DIRECTION('center_axis',(0.,1.,0.));
#3464=DIRECTION('ref_axis',(1.,0.,0.));
#3465=DIRECTION('center_axis',(0.,-1.,0.));
#3466=DIRECTION('ref_axis',(1.,0.,0.));
#3467=DIRECTION('',(0.,-1.,0.));
#3468=DIRECTION('center_axis',(0.,1.,0.));
#3469=DIRECTION('ref_axis',(1.,0.,0.));
#3470=DIRECTION('center_axis',(0.,-1.,0.));
#3471=DIRECTION('ref_axis',(1.,0.,0.));
#3472=DIRECTION('center_axis',(0.,-1.,0.));
#3473=DIRECTION('ref_axis',(0.,0.,-1.));
#3474=DIRECTION('center_axis',(0.,1.,0.));
#3475=DIRECTION('ref_axis',(1.,0.,0.));
#3476=DIRECTION('center_axis',(0.,-1.,0.));
#3477=DIRECTION('ref_axis',(1.,0.,0.));
#3478=DIRECTION('',(0.,-1.,0.));
#3479=DIRECTION('center_axis',(0.,1.,0.));
#3480=DIRECTION('ref_axis',(1.,0.,0.));
#3481=DIRECTION('center_axis',(0.,-1.,0.));
#3482=DIRECTION('ref_axis',(1.,0.,0.));
#3483=DIRECTION('center_axis',(0.,-1.,0.));
#3484=DIRECTION('ref_axis',(0.,0.,-1.));
#3485=DIRECTION('center_axis',(0.,1.,0.));
#3486=DIRECTION('ref_axis',(1.,0.,0.));
#3487=DIRECTION('center_axis',(0.,-1.,0.));
#3488=DIRECTION('ref_axis',(1.,0.,0.));
#3489=DIRECTION('',(0.,-1.,0.));
#3490=DIRECTION('center_axis',(0.,1.,0.));
#3491=DIRECTION('ref_axis',(1.,0.,0.));
#3492=DIRECTION('center_axis',(0.,-1.,0.));
#3493=DIRECTION('ref_axis',(1.,0.,0.));
#3494=DIRECTION('center_axis',(0.,-1.,0.));
#3495=DIRECTION('ref_axis',(0.,0.,-1.));
#3496=DIRECTION('center_axis',(0.,1.,0.));
#3497=DIRECTION('ref_axis',(1.,0.,0.));
#3498=DIRECTION('center_axis',(0.,-1.,0.));
#3499=DIRECTION('ref_axis',(1.,0.,0.));
#3500=DIRECTION('',(0.,-1.,0.));
#3501=DIRECTION('center_axis',(0.,1.,0.));
#3502=DIRECTION('ref_axis',(1.,0.,0.));
#3503=DIRECTION('center_axis',(0.,-1.,0.));
#3504=DIRECTION('ref_axis',(1.,0.,0.));
#3505=DIRECTION('center_axis',(0.,-1.,0.));
#3506=DIRECTION('ref_axis',(0.,0.,-1.));
#3507=DIRECTION('center_axis',(4.80131118853875E-13,-1.,-4.54743974682994E-13));
#3508=DIRECTION('ref_axis',(-3.50422903699409E-11,4.54743974666169E-13,
-1.));
#3509=DIRECTION('',(0.,1.,0.));
#3510=DIRECTION('center_axis',(-2.71610301056387E-13,1.,6.70851471186653E-13));
#3511=DIRECTION('ref_axis',(-3.2838020187448E-12,-6.70851471187545E-13,
1.));
#3512=DIRECTION('',(0.,-1.,0.));
#3513=DIRECTION('center_axis',(0.,0.,-1.));
#3514=DIRECTION('ref_axis',(1.,0.,0.));
#3515=DIRECTION('',(-0.999999999999997,-7.14843139869653E-8,2.48720624445182E-8));
#3516=DIRECTION('',(1.,0.,0.));
#3517=DIRECTION('',(0.,-1.,0.));
#3518=DIRECTION('center_axis',(-3.20767365385467E-9,0.707106801983853,0.707106760389242));
#3519=DIRECTION('ref_axis',(0.,0.707106760389242,-0.707106801983853));
#3520=DIRECTION('',(-0.999999999999992,-9.29920644030199E-8,9.03099614833321E-8));
#3521=DIRECTION('',(1.19359910876419E-7,-0.707106760389237,0.707106801983847));
#3522=DIRECTION('',(0.999999999999992,9.20459603490475E-8,-8.75096297584674E-8));
#3523=DIRECTION('',(-0.94192077775607,0.237471296584082,-0.237471328227378));
#3524=DIRECTION('center_axis',(8.13380447570711E-9,0.707106781184445,0.70710678118865));
#3525=DIRECTION('ref_axis',(-1.,0.,1.15029366032018E-8));
#3526=DIRECTION('',(-0.941918916869191,-0.237475122622534,0.237474883260067));
#3527=DIRECTION('',(0.999999999999993,7.50620596940121E-8,-8.65651460621837E-8));
#3528=DIRECTION('',(-1.14289598738854E-7,0.707106781186544,-0.707106781186541));
#3529=DIRECTION('',(-0.999999999999993,-7.5062087939359E-8,8.65669846662818E-8));
#3530=DIRECTION('center_axis',(3.44133902324547E-15,-3.36152441740546E-14,
-1.));
#3531=DIRECTION('ref_axis',(-5.2759706918839E-12,1.,-3.36152441740727E-14));
#3532=DIRECTION('',(0.,0.,1.));
#3533=DIRECTION('center_axis',(9.07830992798551E-8,8.35515546868047E-14,
0.999999999999996));
#3534=DIRECTION('ref_axis',(-1.72475321553529E-11,-1.,8.3553120471229E-14));
#3535=DIRECTION('',(0.,-4.97893073956854E-14,-1.));
#3536=DIRECTION('',(9.18239909517487E-11,0.,1.));
#3537=DIRECTION('center_axis',(9.07831234465814E-8,1.64742859982658E-13,
0.999999999999996));
#3538=DIRECTION('ref_axis',(1.13090743897044E-9,-1.,1.6464019267302E-13));
#3539=DIRECTION('',(-1.01717546875674E-10,0.,-1.));
#3540=DIRECTION('center_axis',(0.,-1.,0.));
#3541=DIRECTION('ref_axis',(0.,0.,1.));
#3542=DIRECTION('',(5.6712637309227E-11,0.,1.));
#3543=DIRECTION('',(-0.999999999999996,0.,9.07831026358569E-8));
#3544=DIRECTION('',(0.999999999274666,5.81415636637604E-16,3.80876318779873E-5));
#3545=DIRECTION('center_axis',(0.,-1.,0.));
#3546=DIRECTION('ref_axis',(0.,0.,1.));
#3547=DIRECTION('',(-0.999999999999996,0.,9.07830974636279E-8));
#3548=DIRECTION('',(-1.33215512448107E-10,0.,-1.));
#3549=DIRECTION('',(0.999999999274666,0.,3.80876318791685E-5));
#3550=DIRECTION('center_axis',(9.07831013329512E-8,5.6759491010218E-14,
0.999999999999996));
#3551=DIRECTION('ref_axis',(-1.07999199965728E-11,-1.,5.67604714604497E-14));
#3552=DIRECTION('',(-1.33215512448107E-10,0.,-1.));
#3553=DIRECTION('center_axis',(0.,1.,0.));
#3554=DIRECTION('ref_axis',(0.,0.,-1.));
#3555=DIRECTION('',(-5.6712637309227E-11,0.,-1.));
#3556=DIRECTION('',(-0.999999999274666,0.,-3.80876318800089E-5));
#3557=DIRECTION('',(0.999999999999996,0.,-9.07831038110052E-8));
#3558=DIRECTION('center_axis',(9.07831017478535E-8,5.67594902174791E-14,
0.999999999999996));
#3559=DIRECTION('ref_axis',(2.07908218960138E-12,-1.,5.67593014719493E-14));
#3560=DIRECTION('center_axis',(3.80876318795131E-5,0.,-0.999999999274666));
#3561=DIRECTION('ref_axis',(0.999999999274666,0.,3.80876318795131E-5));
#3562=DIRECTION('center_axis',(3.8087651044327E-5,0.,-0.999999999274665));
#3563=DIRECTION('ref_axis',(-2.11187595843828E-14,1.,-8.04363946122442E-19));
#3564=DIRECTION('',(-0.999999999274666,0.,-3.80876341933022E-5));
#3565=DIRECTION('center_axis',(3.80876510443283E-5,0.,-0.999999999274665));
#3566=DIRECTION('ref_axis',(2.23722396799058E-14,1.,8.52106058626388E-19));
#3567=DIRECTION('',(0.999999999274666,-3.55262245576572E-13,3.80876338784886E-5));
#3568=DIRECTION('',(0.999999999274668,0.,3.80875821769262E-5));
#3569=DIRECTION('',(0.999999999274666,3.35610809813396E-13,3.8087640590007E-5));
#3570=DIRECTION('',(-1.03967925356838E-10,0.,1.));
#3571=DIRECTION('',(9.17976192720842E-11,0.,-1.));
#3572=DIRECTION('center_axis',(0.,-1.,0.));
#3573=DIRECTION('ref_axis',(0.,0.,1.));
#3574=DIRECTION('',(0.999999999274666,0.,-3.80876318781698E-5));
#3575=DIRECTION('',(-0.999999999999996,0.,9.0783102635943E-8));
#3576=DIRECTION('',(5.85191082023598E-11,0.,-1.));
#3577=DIRECTION('center_axis',(0.,-1.,0.));
#3578=DIRECTION('ref_axis',(0.,0.,1.));
#3579=DIRECTION('',(0.999999999274666,0.,-3.80876318793244E-5));
#3580=DIRECTION('',(-1.31435437798944E-10,0.,1.));
#3581=DIRECTION('',(-0.999999999999996,0.,9.07831075051898E-8));
#3582=DIRECTION('',(-1.31435437798944E-10,0.,1.));
#3583=DIRECTION('center_axis',(0.,1.,0.));
#3584=DIRECTION('ref_axis',(0.,0.,-1.));
#3585=DIRECTION('',(0.999999999999996,0.,-9.07831038108556E-8));
#3586=DIRECTION('',(-0.999999999274666,0.,3.80876318800727E-5));
#3587=DIRECTION('',(-5.85191082023598E-11,0.,1.));
#3588=DIRECTION('center_axis',(-3.8087631878625E-5,0.,-0.999999999274666));
#3589=DIRECTION('ref_axis',(0.999999999274666,0.,-3.8087631878625E-5));
#3590=DIRECTION('',(0.999999999274666,-3.35610809813581E-13,-3.8087640590028E-5));
#3591=DIRECTION('',(0.999999999274668,0.,-3.80875821769262E-5));
#3592=DIRECTION('',(0.999999999274666,3.5526224557617E-13,-3.80876338784455E-5));
#3593=DIRECTION('center_axis',(-3.80876510367023E-5,0.,-0.999999999274665));
#3594=DIRECTION('ref_axis',(-2.38637223252708E-14,1.,9.08913129020943E-19));
#3595=DIRECTION('',(-0.999999999274666,0.,3.80876341932926E-5));
#3596=DIRECTION('center_axis',(-3.80876510213942E-5,0.,-0.999999999274665));
#3597=DIRECTION('ref_axis',(2.01191488752838E-14,1.,-7.66291121765104E-19));
#3598=DIRECTION('center_axis',(0.,1.,0.));
#3599=DIRECTION('ref_axis',(0.,0.,-1.));
#3600=DIRECTION('',(-1.,0.,0.));
#3601=DIRECTION('',(0.,0.,1.));
#3602=DIRECTION('',(0.999999999999996,0.,-9.0783103724114E-8));
#3603=DIRECTION('center_axis',(-3.82822366890657E-11,-1.86174593117608E-10,
-1.));
#3604=DIRECTION('ref_axis',(-2.43888338100496E-12,1.,-1.86174593117515E-10));
#3605=DIRECTION('center_axis',(9.07831096592193E-8,8.50676189917271E-14,
0.999999999999996));
#3606=DIRECTION('ref_axis',(-4.46444818580231E-11,-1.,8.50716719566197E-14));
#3607=DIRECTION('center_axis',(0.,0.,-1.));
#3608=DIRECTION('ref_axis',(1.,0.,0.));
#3609=DIRECTION('',(0.999999999999998,7.14843118935172E-8,0.));
#3610=DIRECTION('',(0.,-1.,0.));
#3611=DIRECTION('',(-1.,0.,0.));
#3612=DIRECTION('',(0.,1.,0.));
#3613=DIRECTION('',(0.999999999999998,7.14843150086847E-8,0.));
#3614=DIRECTION('center_axis',(-3.49235717645631E-15,0.,1.));
#3615=DIRECTION('ref_axis',(1.78096142703798E-13,-1.,6.21975342070796E-28));
#3616=DIRECTION('',(-1.,0.,0.));
#3617=DIRECTION('center_axis',(-3.49235717644882E-15,0.,1.));
#3618=DIRECTION('ref_axis',(-2.43543982928878E-13,-1.,-8.50542576562595E-28));
#3619=DIRECTION('',(1.,0.,0.));
#3620=DIRECTION('center_axis',(9.0783103701142E-8,5.66213742558828E-14,
0.999999999999996));
#3621=DIRECTION('ref_axis',(-0.999999999999996,0.,9.0783103701142E-8));
#3622=DIRECTION('',(-0.999999999999993,-7.1484315300458E-8,9.07831037011458E-8));
#3623=DIRECTION('',(1.23096538721381E-7,-0.999999999999992,4.55599039652084E-14));
#3624=DIRECTION('',(0.999999999999993,7.32731956915474E-8,-9.07831036825176E-8));
#3625=DIRECTION('',(-1.00455381266428E-7,0.999999999999995,-4.76955248944041E-14));
#3626=DIRECTION('',(-0.999999999999996,-1.42541486432593E-13,9.07831033287347E-8));
#3627=DIRECTION('center_axis',(-9.07831075217067E-8,-5.28723195136852E-14,
-0.999999999999996));
#3628=DIRECTION('ref_axis',(4.44216866842402E-13,1.,-5.2872359841073E-14));
#3629=DIRECTION('',(-0.999999999999996,0.,9.07831020711328E-8));
#3630=DIRECTION('center_axis',(-9.07831075215966E-8,-5.28723195136853E-14,
-0.999999999999996));
#3631=DIRECTION('ref_axis',(-3.32356944022798E-12,1.,-5.28720177897237E-14));
#3632=DIRECTION('',(0.999999999999996,0.,-9.07831020711328E-8));
#3633=DIRECTION('center_axis',(0.,0.,-1.));
#3634=DIRECTION('ref_axis',(1.,0.,0.));
#3635=DIRECTION('center_axis',(0.,0.,-1.));
#3636=DIRECTION('ref_axis',(-6.83951601815639E-14,1.,0.));
#3637=DIRECTION('',(-1.,0.,0.));
#3638=DIRECTION('center_axis',(-3.49235717644882E-15,0.,-1.));
#3639=DIRECTION('ref_axis',(1.33019484536165E-13,1.,-4.645515514274E-28));
#3640=DIRECTION('',(1.,0.,0.));
#3641=DIRECTION('',(-1.,0.,0.));
#3642=DIRECTION('center_axis',(-1.195063358319E-14,0.,1.));
#3643=DIRECTION('ref_axis',(4.69466554520492E-13,-1.,5.61042277263711E-27));
#3644=DIRECTION('',(1.,0.,0.));
#3645=DIRECTION('center_axis',(0.,0.,1.));
#3646=DIRECTION('ref_axis',(-2.15827732223958E-13,-1.,0.));
#3647=DIRECTION('',(0.,0.,-1.));
#3648=DIRECTION('',(0.,0.,1.));
#3649=DIRECTION('center_axis',(0.,1.,0.));
#3650=DIRECTION('ref_axis',(0.,0.,-1.));
#3651=DIRECTION('',(0.,0.,1.));
#3652=DIRECTION('',(0.,0.,1.));
#3653=DIRECTION('center_axis',(0.,-1.,0.));
#3654=DIRECTION('ref_axis',(0.,0.,1.));
#3655=DIRECTION('',(0.,0.,1.));
#3656=DIRECTION('',(0.,0.,-1.));
#3657=DIRECTION('center_axis',(0.,1.,0.));
#3658=DIRECTION('ref_axis',(0.,0.,-1.));
#3659=DIRECTION('',(0.,0.,1.));
#3660=DIRECTION('',(0.,0.,1.));
#3661=DIRECTION('center_axis',(0.,-1.,0.));
#3662=DIRECTION('ref_axis',(0.,0.,1.));
#3663=DIRECTION('center_axis',(3.80882833971754E-5,1.26090186196919E-13,
-0.999999999274641));
#3664=DIRECTION('ref_axis',(-0.999999999274641,0.,-3.80882833971754E-5));
#3665=DIRECTION('center_axis',(-3.80875640440674E-5,-4.14094813686458E-9,
0.999999999274669));
#3666=DIRECTION('ref_axis',(-0.0628722671427379,0.998021581940299,-2.39051875009929E-6));
#3667=DIRECTION('center_axis',(-3.80874415090697E-5,-5.35126081618016E-9,
-0.999999999274673));
#3668=DIRECTION('ref_axis',(-0.999999999274673,0.,3.80874415090697E-5));
#3669=DIRECTION('center_axis',(3.80875640440727E-5,-4.13802221760354E-9,
0.999999999274669));
#3670=DIRECTION('ref_axis',(-0.0628722671475633,0.998021581939975,2.39878133641284E-6));
#3671=DIRECTION('center_axis',(0.,-1.,0.));
#3672=DIRECTION('ref_axis',(0.,0.,1.));
#3673=DIRECTION('',(8.15313210331224E-6,5.92411372053554E-15,0.999999999966763));
#3674=DIRECTION('',(-8.36565087051068E-6,2.30973559656102E-7,-0.999999999964981));
#3675=DIRECTION('',(1.,0.,0.));
#3676=DIRECTION('',(8.15313210331224E-6,0.,0.999999999966763));
#3677=DIRECTION('center_axis',(-1.17984302935381E-10,0.,-1.));
#3678=DIRECTION('ref_axis',(1.65875268617095E-13,1.,-1.95706779420071E-23));
#3679=DIRECTION('center_axis',(0.,1.,0.));
#3680=DIRECTION('ref_axis',(0.,0.,-1.));
#3681=DIRECTION('',(8.15318470973606E-6,0.,0.999999999966763));
#3682=DIRECTION('',(-1.,0.,0.));
#3683=DIRECTION('',(8.15318470973606E-6,5.92420405856358E-15,0.999999999966763));
#3684=DIRECTION('center_axis',(1.179749216401E-10,-3.13726001723158E-15,
-1.));
#3685=DIRECTION('ref_axis',(1.03961977128704E-13,1.,-3.13726000496668E-15));
#3686=DIRECTION('center_axis',(0.,-1.,0.));
#3687=DIRECTION('ref_axis',(0.,0.,1.));
#3688=DIRECTION('',(7.92364367476047E-6,2.03207223868933E-7,0.999999999968587));
#3689=DIRECTION('',(1.,0.,0.));
#3690=DIRECTION('center_axis',(0.,0.,-1.));
#3691=DIRECTION('ref_axis',(0.0628734902591595,0.998021504889865,0.));
#3692=DIRECTION('center_axis',(0.,-1.,0.));
#3693=DIRECTION('ref_axis',(0.,0.,1.));
#3694=DIRECTION('',(-8.50134883515334E-6,-2.3951543613026E-7,0.999999999963835));
#3695=DIRECTION('',(8.28936700763752E-6,-5.9241137205289E-15,-0.999999999965643));
#3696=DIRECTION('',(1.,0.,0.));
#3697=DIRECTION('',(8.28936700763752E-6,0.,-0.999999999965643));
#3698=DIRECTION('center_axis',(1.22626249624049E-10,-1.56863000870163E-15,
-1.));
#3699=DIRECTION('ref_axis',(-1.17991719700412E-13,1.,-1.56863002317052E-15));
#3700=DIRECTION('center_axis',(0.,1.,0.));
#3701=DIRECTION('ref_axis',(0.,0.,-1.));
#3702=DIRECTION('',(8.28942094482239E-6,0.,-0.999999999965643));
#3703=DIRECTION('',(-1.,0.,0.));
#3704=DIRECTION('',(8.28942094482239E-6,-5.92420405855694E-15,-0.999999999965643));
#3705=DIRECTION('center_axis',(-1.2264030711468E-10,-1.5686300085093E-15,
-1.));
#3706=DIRECTION('ref_axis',(2.67082226672346E-13,1.,-1.56863004126435E-15));
#3707=DIRECTION('center_axis',(0.,-1.,0.));
#3708=DIRECTION('ref_axis',(0.,0.,1.));
#3709=DIRECTION('',(8.05934066124182E-6,-2.11754327332778E-7,-0.999999999967501));
#3710=DIRECTION('',(1.,0.,0.));
#3711=DIRECTION('center_axis',(0.,0.,-1.));
#3712=DIRECTION('ref_axis',(0.0628734902646296,0.998021504889521,0.));
#3713=DIRECTION('center_axis',(-7.14843153004629E-8,0.999999999999998,-4.98490138056694E-14));
#3714=DIRECTION('ref_axis',(0.,-4.98490138056695E-14,-1.));
#3715=DIRECTION('',(9.07829941719118E-8,1.00464930347554E-13,0.999999999999996));
#3716=DIRECTION('',(0.,-6.10582847635616E-14,-1.));
#3717=DIRECTION('',(-0.999999999999998,-7.14843670322033E-8,0.));
#3718=DIRECTION('center_axis',(-0.999999999999993,-7.14842940396923E-8,
9.07831463337057E-8));
#3719=DIRECTION('ref_axis',(-7.14842940396926E-8,0.999999999999998,0.));
#3720=DIRECTION('',(-1.03573664755606E-7,0.999999999999938,3.3574171800318E-7));
#3721=DIRECTION('',(7.14842740669168E-8,-0.999999999999973,-2.20558282145575E-7));
#3722=DIRECTION('',(9.07831473726057E-8,-1.07805084863567E-8,0.999999999999996));
#3723=DIRECTION('center_axis',(-1.,0.,0.));
#3724=DIRECTION('ref_axis',(0.,1.,0.));
#3725=DIRECTION('',(0.,0.,1.));
#3726=DIRECTION('',(0.,-5.56198950275358E-14,-1.));
#3727=DIRECTION('',(0.,-1.,0.));
#3728=DIRECTION('center_axis',(1.,0.,0.));
#3729=DIRECTION('ref_axis',(0.,-1.,0.));
#3730=DIRECTION('',(0.,0.,-1.));
#3731=DIRECTION('',(0.,1.,0.));
#3732=DIRECTION('center_axis',(-7.14843117477493E-8,0.999999999999998,-4.97379915032069E-14));
#3733=DIRECTION('ref_axis',(0.,-4.9737991503207E-14,-1.));
#3734=DIRECTION('',(-9.07830391653082E-8,-9.55797957500435E-14,-0.999999999999996));
#3735=DIRECTION('',(-0.999999999999998,-7.14842824193601E-8,0.));
#3736=DIRECTION('center_axis',(0.,-1.,0.));
#3737=DIRECTION('ref_axis',(0.,0.,1.));
#3738=DIRECTION('',(-4.70525436652058E-6,5.21612849504022E-10,-0.99999999998893));
#3739=DIRECTION('',(0.999999999818667,0.,1.90438070576031E-5));
#3740=DIRECTION('',(4.57557937411817E-6,0.,0.999999999989532));
#3741=DIRECTION('center_axis',(8.56214207350322E-6,-6.7154164975322E-21,
-0.999999999963345));
#3742=DIRECTION('ref_axis',(-1.15898636650472E-12,1.,-9.93012134812818E-18));
#3743=DIRECTION('',(4.57557937411817E-6,0.,0.999999999989532));
#3744=DIRECTION('center_axis',(0.,1.,0.));
#3745=DIRECTION('ref_axis',(0.,0.,-1.));
#3746=DIRECTION('',(-0.999999999818666,0.,-1.90438169758874E-5));
#3747=DIRECTION('',(4.57558088186359E-6,0.,0.999999999989532));
#3748=DIRECTION('center_axis',(-1.19905373193844E-10,-9.40435832968145E-26,
-1.));
#3749=DIRECTION('ref_axis',(3.40595371255422E-13,1.,-4.09332586817742E-23));
#3750=DIRECTION('',(4.57558088186359E-6,0.,0.999999999989532));
#3751=DIRECTION('center_axis',(0.,-1.,0.));
#3752=DIRECTION('ref_axis',(0.,0.,1.));
#3753=DIRECTION('',(0.999999999818666,0.,1.90438455878832E-5));
#3754=DIRECTION('',(4.45273212214361E-6,-1.53744317192201E-8,0.999999999990086));
#3755=DIRECTION('center_axis',(1.90436710449878E-5,-8.36324161532315E-9,
-0.999999999818669));
#3756=DIRECTION('ref_axis',(0.0628738167532642,0.998021484320585,1.18900158783145E-6));
#3757=DIRECTION('center_axis',(0.,-1.,0.));
#3758=DIRECTION('ref_axis',(0.,0.,1.));
#3759=DIRECTION('',(4.81836605142224E-6,0.,-0.999999999988392));
#3760=DIRECTION('',(0.999999999818667,0.,-1.90438070575502E-5));
#3761=DIRECTION('',(-4.94708174624436E-6,-1.57535205264262E-8,0.999999999987763));
#3762=DIRECTION('',(4.81836605142224E-6,0.,-0.999999999988392));
#3763=DIRECTION('center_axis',(-8.56214349104352E-6,6.71541760935903E-21,
-0.999999999963345));
#3764=DIRECTION('ref_axis',(1.59465258136778E-13,1.,-1.35864900444383E-18));
#3765=DIRECTION('center_axis',(0.,1.,0.));
#3766=DIRECTION('ref_axis',(0.,0.,-1.));
#3767=DIRECTION('',(4.81836613446115E-6,0.,-0.999999999988392));
#3768=DIRECTION('',(-0.999999999818666,0.,1.90438169758618E-5));
#3769=DIRECTION('',(4.81836613446115E-6,0.,-0.999999999988392));
#3770=DIRECTION('center_axis',(1.20689873879999E-10,1.56863000859038E-15,
-1.));
#3771=DIRECTION('ref_axis',(-1.44520097710049E-13,1.,1.56862999114826E-15));
#3772=DIRECTION('center_axis',(0.,-1.,0.));
#3773=DIRECTION('ref_axis',(0.,0.,1.));
#3774=DIRECTION('',(4.69456011024929E-6,1.51884122780532E-10,-0.999999999988981));
#3775=DIRECTION('',(0.999999999818666,0.,-1.90438455878272E-5));
#3776=DIRECTION('center_axis',(-1.90436710454389E-5,-8.36324144732175E-9,
-0.999999999818669));
#3777=DIRECTION('ref_axis',(0.0628738167543814,0.998021484320494,-1.20569497983671E-6));
#3778=DIRECTION('center_axis',(-7.14843118032604E-8,0.999999999999998,-4.97379915032069E-14));
#3779=DIRECTION('ref_axis',(0.,-4.9737991503207E-14,-1.));
#3780=DIRECTION('',(0.,0.,-1.));
#3781=DIRECTION('',(-0.999999999999996,-7.14843641905795E-8,4.53888225979784E-8));
#3782=DIRECTION('',(9.0783089657322E-8,9.01508918785041E-15,0.999999999999996));
#3783=DIRECTION('center_axis',(-0.999999999999993,-7.14843080285024E-8,
9.07830890461977E-8));
#3784=DIRECTION('ref_axis',(-7.14843080285027E-8,0.999999999999998,0.));
#3785=DIRECTION('',(7.14843459530837E-8,-0.999999999999998,4.30890356098649E-14));
#3786=DIRECTION('',(9.07830895074635E-8,-1.2959205807171E-13,0.999999999999996));
#3787=DIRECTION('center_axis',(-1.,0.,0.));
#3788=DIRECTION('ref_axis',(0.,1.,0.));
#3789=DIRECTION('',(0.,0.,-1.));
#3790=DIRECTION('',(0.,-1.,-1.74036687767346E-8));
#3791=DIRECTION('',(0.,0.,1.));
#3792=DIRECTION('center_axis',(1.,0.,0.));
#3793=DIRECTION('ref_axis',(0.,-1.,0.));
#3794=DIRECTION('',(0.,0.,-1.));
#3795=DIRECTION('',(-4.27654800747148E-13,0.999999999999994,1.04434107462739E-7));
#3796=DIRECTION('center_axis',(-7.14843048088553E-8,0.999999999999998,-5.68434188608078E-14));
#3797=DIRECTION('ref_axis',(0.,-5.68434188608079E-14,-1.));
#3798=DIRECTION('',(-3.31320672157776E-8,7.32475464997596E-15,-0.999999999999999));
#3799=DIRECTION('',(-0.999999999999996,-7.14842906887321E-8,4.53888380408405E-8));
#3800=DIRECTION('center_axis',(-1.,0.,0.));
#3801=DIRECTION('ref_axis',(0.,1.,0.));
#3802=DIRECTION('',(0.,1.,0.));
#3803=DIRECTION('',(9.09070367266485E-14,2.39161970453753E-13,-1.));
#3804=DIRECTION('',(0.,-1.,-7.79449620102444E-11));
#3805=DIRECTION('',(-9.09070367262138E-14,0.,1.));
#3806=DIRECTION('center_axis',(-0.707106781186661,0.707106781186434,0.));
#3807=DIRECTION('ref_axis',(0.707106781186434,0.707106781186661,0.));
#3808=DIRECTION('',(0.707106781185816,0.707106781187278,-3.0616549544221E-8));
#3809=DIRECTION('',(-0.707106781186053,-0.707106781187042,0.));
#3810=DIRECTION('',(0.,-9.55798277110106E-15,1.));
#3811=DIRECTION('center_axis',(-1.,0.,0.));
#3812=DIRECTION('ref_axis',(0.,1.,0.));
#3813=DIRECTION('',(7.4943312234532E-12,1.,0.));
#3814=DIRECTION('',(0.,-1.,0.));
#3815=DIRECTION('',(-5.21653393423558E-13,-5.3099897539043E-14,1.));
#3816=DIRECTION('center_axis',(1.,0.,0.));
#3817=DIRECTION('ref_axis',(0.,-1.,0.));
#3818=DIRECTION('',(-1.94136728444955E-8,-0.999999999999918,4.05249547180261E-7));
#3819=DIRECTION('',(2.96659227594479E-8,5.90470869066959E-14,-1.));
#3820=DIRECTION('',(0.,1.,0.));
#3821=DIRECTION('',(0.,-9.5579819629228E-15,1.));
#3822=DIRECTION('center_axis',(0.707106781186583,0.707106781186512,0.));
#3823=DIRECTION('ref_axis',(0.707106781186512,-0.707106781186583,0.));
#3824=DIRECTION('',(0.707106782131176,-0.707106780241918,-3.05942999919389E-8));
#3825=DIRECTION('',(-0.707106781186512,0.707106781186583,0.));
#3826=DIRECTION('',(0.,0.,1.));
#3827=DIRECTION('center_axis',(1.,0.,0.));
#3828=DIRECTION('ref_axis',(0.,-1.,0.));
#3829=DIRECTION('',(0.,-1.,0.));
#3830=DIRECTION('',(0.,1.,0.));
#3831=DIRECTION('',(0.,0.,1.));
#3832=DIRECTION('center_axis',(0.,0.,1.));
#3833=DIRECTION('ref_axis',(-1.,0.,0.));
#3834=DIRECTION('',(1.,0.,0.));
#3835=DIRECTION('',(0.999999999999998,5.49629005064416E-8,0.));
#3836=DIRECTION('center_axis',(-9.07830892682426E-8,-5.1159076974727E-13,
-0.999999999999996));
#3837=DIRECTION('ref_axis',(0.999999999999996,0.,-9.07830892682426E-8));
#3838=DIRECTION('',(-0.999999999999993,-7.14843140376031E-8,9.07830892682789E-8));
#3839=DIRECTION('',(-7.1484293904947E-8,0.999999999999998,1.70649645979675E-15));
#3840=DIRECTION('',(0.999999999999993,7.14843596278458E-8,-9.07832961091059E-8));
#3841=DIRECTION('',(1.7984505068096E-13,-1.,5.11652198448934E-13));
#3842=DIRECTION('',(0.,-1.,5.11590769747272E-13));
#3843=DIRECTION('center_axis',(9.07830789335619E-8,4.83624859640811E-15,
0.999999999999996));
#3844=DIRECTION('ref_axis',(-0.0628743410723625,0.998021451289859,5.70792045147887E-9));
#3845=DIRECTION('',(-0.999999999999996,0.,9.07830892429255E-8));
#3846=DIRECTION('',(0.999999999999996,0.,-9.07830891511666E-8));
#3847=DIRECTION('',(-0.999999999999996,0.,9.07830903222335E-8));
#3848=DIRECTION('center_axis',(-9.07830610685778E-8,-5.1159076974727E-13,
-0.999999999999996));
#3849=DIRECTION('ref_axis',(0.999999999999996,0.,-9.07830610685778E-8));
#3850=DIRECTION('',(-2.09122099158516E-15,1.,-5.11652069274502E-13));
#3851=DIRECTION('',(0.999999999999993,7.14842283913471E-8,-9.07833533894496E-8));
#3852=DIRECTION('',(7.14843367806738E-8,-0.999999999999998,-8.53248229898417E-16));
#3853=DIRECTION('',(-0.999999999999993,-7.14846706278392E-8,9.07830609600294E-8));
#3854=DIRECTION('',(-0.999999999999996,0.,9.07830594115404E-8));
#3855=DIRECTION('center_axis',(9.07830789341897E-8,-4.8547314718379E-15,
0.999999999999996));
#3856=DIRECTION('ref_axis',(-0.062874341072847,0.998021451289828,5.70793208553992E-9));
#3857=DIRECTION('',(-0.999999999999996,-1.43540013781749E-15,9.07830587443801E-8));
#3858=DIRECTION('',(0.999999999999996,0.,-9.07830602160443E-8));
#3859=DIRECTION('center_axis',(1.,0.,0.));
#3860=DIRECTION('ref_axis',(0.,-1.,0.));
#3861=DIRECTION('',(-1.51693472598022E-12,-1.,0.));
#3862=DIRECTION('',(0.,0.,1.));
#3863=DIRECTION('',(1.51693472598022E-12,1.,0.));
#3864=DIRECTION('',(-1.56082562741477E-12,-5.45375092672555E-13,1.));
#3865=DIRECTION('',(0.,0.,-1.));
#3866=DIRECTION('',(0.,1.,0.));
#3867=DIRECTION('',(5.72574532904392E-12,2.00065839168655E-12,1.));
#3868=DIRECTION('center_axis',(-8.08893466831712E-13,1.,-1.22889529767739E-12));
#3869=DIRECTION('ref_axis',(1.,8.08893466823411E-13,-6.75503965832968E-12));
#3870=DIRECTION('center_axis',(4.2489479544673E-14,-1.,6.45512960040649E-14));
#3871=DIRECTION('ref_axis',(1.,4.24894795442369E-14,-6.75526795396758E-12));
#3872=DIRECTION('',(0.,1.,0.));
#3873=DIRECTION('center_axis',(0.,-1.,0.));
#3874=DIRECTION('ref_axis',(0.,0.,1.));
#3875=DIRECTION('center_axis',(0.,-1.,1.55122775061181E-14));
#3876=DIRECTION('ref_axis',(1.,0.,2.1752443684763E-12));
#3877=DIRECTION('center_axis',(1.81898940354475E-12,1.,0.));
#3878=DIRECTION('ref_axis',(0.,0.,-1.));
#3879=DIRECTION('',(1.81898940354475E-12,1.,0.));
#3880=DIRECTION('center_axis',(4.93309097274814E-13,1.,0.));
#3881=DIRECTION('ref_axis',(1.,-4.93309097274814E-13,6.85333271613865E-11));
#3882=DIRECTION('center_axis',(0.,-1.,0.));
#3883=DIRECTION('ref_axis',(0.,0.,1.));
#3884=DIRECTION('',(0.,-1.,0.));
#3885=DIRECTION('center_axis',(-7.75613875307594E-15,-1.,-7.75613875305907E-15));
#3886=DIRECTION('ref_axis',(1.,-7.75613875307594E-15,2.1752443684763E-12));
#3887=DIRECTION('center_axis',(1.,0.,0.));
#3888=DIRECTION('ref_axis',(0.,-1.,0.));
#3889=DIRECTION('',(0.,-1.,0.));
#3890=DIRECTION('',(0.,0.,-1.));
#3891=DIRECTION('',(0.,1.,0.));
#3892=DIRECTION('',(0.,0.,1.));
#3893=DIRECTION('center_axis',(-1.,0.,0.));
#3894=DIRECTION('ref_axis',(0.,0.,1.));
#3895=DIRECTION('',(0.,0.,-1.));
#3896=DIRECTION('',(0.,-1.,0.));
#3897=DIRECTION('',(0.,0.,1.));
#3898=DIRECTION('center_axis',(0.,0.,-1.));
#3899=DIRECTION('ref_axis',(1.,0.,0.));
#3900=DIRECTION('',(-1.,0.,-6.73699779091E-15));
#3901=DIRECTION('',(1.,0.,6.73699779091E-15));
#3902=DIRECTION('center_axis',(0.,-1.,0.));
#3903=DIRECTION('ref_axis',(0.,0.,1.));
#3904=DIRECTION('',(2.35608283777882E-6,-3.94766528136404E-15,0.999999999997224));
#3905=DIRECTION('',(2.35608283777882E-6,0.,0.999999999997224));
#3906=DIRECTION('center_axis',(0.,1.,0.));
#3907=DIRECTION('ref_axis',(0.,0.,-1.));
#3908=DIRECTION('',(2.35609458357927E-6,0.,0.999999999997224));
#3909=DIRECTION('',(2.35609458357927E-6,-3.94764522437847E-15,0.999999999997224));
#3910=DIRECTION('center_axis',(0.,-1.,0.));
#3911=DIRECTION('ref_axis',(0.,0.,1.));
#3912=DIRECTION('center_axis',(0.,-1.,0.));
#3913=DIRECTION('ref_axis',(0.,0.,1.));
#3914=DIRECTION('',(2.34090299697247E-6,3.94766528136418E-15,-0.99999999999726));
#3915=DIRECTION('',(2.34090299697247E-6,0.,-0.99999999999726));
#3916=DIRECTION('center_axis',(0.,1.,0.));
#3917=DIRECTION('ref_axis',(0.,0.,-1.));
#3918=DIRECTION('',(2.34091489148141E-6,0.,-0.99999999999726));
#3919=DIRECTION('',(2.34091489148141E-6,3.94764522437861E-15,-0.99999999999726));
#3920=DIRECTION('center_axis',(0.,-1.,0.));
#3921=DIRECTION('ref_axis',(0.,0.,1.));
#3922=DIRECTION('center_axis',(-7.14843082505467E-8,0.999999999999998,-4.79616346638067E-14));
#3923=DIRECTION('ref_axis',(0.,-4.79616346638068E-14,-1.));
#3924=DIRECTION('',(0.,-3.98276629340806E-14,-1.));
#3925=DIRECTION('',(9.07831178179581E-8,4.22839959338061E-14,0.999999999999996));
#3926=DIRECTION('center_axis',(-0.999999999999993,-7.148429392867E-8,9.07831176899518E-8));
#3927=DIRECTION('ref_axis',(-7.14842939286703E-8,0.999999999999998,0.));
#3928=DIRECTION('',(9.07831178179514E-8,-7.84271625826138E-14,0.999999999999996));
#3929=DIRECTION('center_axis',(-1.,0.,0.));
#3930=DIRECTION('ref_axis',(0.,1.,0.));
#3931=DIRECTION('',(0.,-3.56168029546357E-14,-1.));
#3932=DIRECTION('',(0.,0.,1.));
#3933=DIRECTION('center_axis',(1.,0.,0.));
#3934=DIRECTION('ref_axis',(0.,-1.,0.));
#3935=DIRECTION('',(0.,0.,-1.));
#3936=DIRECTION('center_axis',(-7.14843188531766E-8,0.999999999999998,-4.97379915032069E-14));
#3937=DIRECTION('ref_axis',(0.,-4.9737991503207E-14,-1.));
#3938=DIRECTION('',(-3.31320680886977E-8,-8.15852849224246E-14,-0.999999999999999));
#3939=DIRECTION('center_axis',(0.,-1.,0.));
#3940=DIRECTION('ref_axis',(0.,0.,1.));
#3941=DIRECTION('center_axis',(0.,-1.,0.));
#3942=DIRECTION('ref_axis',(1.,0.,2.31132934841698E-12));
#3943=DIRECTION('center_axis',(0.,1.,0.));
#3944=DIRECTION('ref_axis',(0.,0.,-1.));
#3945=DIRECTION('',(0.,1.,0.));
#3946=DIRECTION('center_axis',(0.,1.,3.99680288865057E-14));
#3947=DIRECTION('ref_axis',(1.,0.,0.));
#3948=DIRECTION('center_axis',(0.,-1.,0.));
#3949=DIRECTION('ref_axis',(0.,0.,1.));
#3950=DIRECTION('',(0.,-1.,0.));
#3951=DIRECTION('center_axis',(0.,-1.,0.));
#3952=DIRECTION('ref_axis',(1.,0.,2.31132934841698E-12));
#3953=DIRECTION('center_axis',(0.,-1.,0.));
#3954=DIRECTION('ref_axis',(0.,0.,1.));
#3955=DIRECTION('center_axis',(0.,-1.,-1.62173810293442E-14));
#3956=DIRECTION('ref_axis',(1.,0.,-1.12816563681122E-11));
#3957=DIRECTION('center_axis',(0.,1.,0.));
#3958=DIRECTION('ref_axis',(0.,0.,-1.));
#3959=DIRECTION('',(0.,1.,0.));
#3960=DIRECTION('center_axis',(0.,1.,0.));
#3961=DIRECTION('ref_axis',(0.615691609558529,0.,0.787987209235802));
#3962=DIRECTION('center_axis',(1.70049053013143E-13,1.,-3.48669282789935E-13));
#3963=DIRECTION('ref_axis',(0.999999999999953,-1.70049159938315E-13,-3.06666455192612E-7));
#3964=DIRECTION('center_axis',(0.,1.,0.));
#3965=DIRECTION('ref_axis',(0.615691609558529,0.,0.787987209235802));
#3966=DIRECTION('center_axis',(0.,-1.,0.));
#3967=DIRECTION('ref_axis',(0.,0.,1.));
#3968=DIRECTION('',(0.,-1.,0.));
#3969=DIRECTION('center_axis',(7.14843139123414E-8,-0.999999999999997,-2.11531057513044E-13));
#3970=DIRECTION('ref_axis',(0.999999999999997,7.14843139123414E-8,-1.12788359540202E-11));
#3971=DIRECTION('center_axis',(0.,-1.,0.));
#3972=DIRECTION('ref_axis',(0.,0.,1.));
#3973=DIRECTION('center_axis',(0.,-1.,1.55122775061184E-14));
#3974=DIRECTION('ref_axis',(1.,0.,2.1632576085852E-12));
#3975=DIRECTION('center_axis',(0.,1.,0.));
#3976=DIRECTION('ref_axis',(0.,0.,-1.));
#3977=DIRECTION('',(0.,1.,0.));
#3978=DIRECTION('center_axis',(0.,1.,-3.70074341541718E-16));
#3979=DIRECTION('ref_axis',(1.,0.,0.));
#3980=DIRECTION('center_axis',(0.,1.,0.));
#3981=DIRECTION('ref_axis',(-0.849348132362873,0.,-0.527833070252045));
#3982=DIRECTION('center_axis',(0.,1.,-3.70074341541718E-16));
#3983=DIRECTION('ref_axis',(1.,0.,0.));
#3984=DIRECTION('center_axis',(0.,-1.,0.));
#3985=DIRECTION('ref_axis',(0.,0.,1.));
#3986=DIRECTION('',(0.,-1.,0.));
#3987=DIRECTION('center_axis',(7.14843139123311E-8,-0.999999999999997,-2.10825954332609E-13));
#3988=DIRECTION('ref_axis',(0.999999999999997,7.14843139123311E-8,4.48727882041598E-12));
#3989=DIRECTION('center_axis',(7.14843313709412E-8,-0.999999999999998,-5.32907051820074E-14));
#3990=DIRECTION('ref_axis',(-0.999999999999997,-7.14843313709412E-8,0.));
#3991=DIRECTION('center_axis',(7.14843139123311E-8,-0.999999999999997,-2.10825954332609E-13));
#3992=DIRECTION('ref_axis',(0.999999999999997,7.14843139123311E-8,4.48727882041598E-12));
#3993=DIRECTION('center_axis',(7.14843140375842E-8,-0.999999999999998,-2.11386463888629E-13));
#3994=DIRECTION('ref_axis',(0.,-2.11386463888629E-13,1.));
#3995=DIRECTION('',(-0.999999999999995,-7.14843141457544E-8,7.48237060980729E-8));
#3996=DIRECTION('',(-0.999999999999974,-7.14843140804104E-8,-2.15370677011196E-7));
#3997=DIRECTION('',(1.,1.59758542215296E-8,6.68749692843334E-10));
#3998=DIRECTION('',(3.31320678814209E-8,-1.52788987074309E-13,0.999999999999999));
#3999=DIRECTION('',(-0.999999999999987,-7.14843140489348E-8,-1.4577109316371E-7));
#4000=DIRECTION('center_axis',(0.999999999999997,7.14843367832784E-8,-3.3132067978059E-8));
#4001=DIRECTION('ref_axis',(7.14843367832785E-8,-0.999999999999998,0.));
#4002=DIRECTION('',(7.14843436066475E-8,-0.999999999999998,0.));
#4003=DIRECTION('center_axis',(0.,0.,1.));
#4004=DIRECTION('ref_axis',(-1.,0.,0.));
#4005=DIRECTION('',(0.,-1.,4.24145979252313E-13));
#4006=DIRECTION('',(-1.,0.,0.));
#4007=DIRECTION('',(2.12906272742565E-12,1.,-4.24145979252313E-13));
#4008=DIRECTION('',(-1.,0.,0.));
#4009=DIRECTION('center_axis',(-1.,0.,0.));
#4010=DIRECTION('ref_axis',(0.,1.,0.));
#4011=DIRECTION('',(0.,-1.,-3.01980662698243E-13));
#4012=DIRECTION('',(0.,0.,-1.));
#4013=DIRECTION('',(8.85432011731683E-13,1.,0.));
#4014=DIRECTION('',(0.,2.59462970783035E-13,-1.));
#4015=DIRECTION('center_axis',(0.,0.,-1.));
#4016=DIRECTION('ref_axis',(1.,0.,0.));
#4017=DIRECTION('',(-1.,0.,0.));
#4018=DIRECTION('',(0.,-1.,0.));
#4019=DIRECTION('',(1.,0.,0.));
#4020=DIRECTION('',(0.,1.,0.));
#4021=DIRECTION('',(1.,0.,0.));
#4022=DIRECTION('',(1.,0.,0.));
#4023=DIRECTION('',(0.,1.,0.));
#4024=DIRECTION('center_axis',(1.,0.,0.));
#4025=DIRECTION('ref_axis',(0.,-1.,0.));
#4026=DIRECTION('',(0.,1.,3.01980662698243E-13));
#4027=DIRECTION('',(0.,-2.59462970783035E-13,1.));
#4028=DIRECTION('',(0.,0.,1.));
#4029=DIRECTION('center_axis',(0.999999999999993,7.14843081395247E-8,-9.07832027330355E-8));
#4030=DIRECTION('ref_axis',(7.1484308139525E-8,-0.999999999999998,0.));
#4031=DIRECTION('',(-9.07832027462767E-8,5.16131160487402E-14,-0.999999999999996));
#4032=DIRECTION('',(9.58658633359499E-8,-0.999999999999944,-3.19810585486685E-7));
#4033=DIRECTION('center_axis',(7.14842780524805E-8,-0.999999999999998,-5.68989300120391E-14));
#4034=DIRECTION('ref_axis',(0.,-5.68989300120392E-14,1.));
#4035=DIRECTION('',(-0.999999999999991,-7.14842781377711E-8,1.14206191716842E-7));
#4036=DIRECTION('center_axis',(7.14843313709412E-8,-0.999999999999998,-5.32907051820074E-14));
#4037=DIRECTION('ref_axis',(0.,-5.32907051820075E-14,1.));
#4038=DIRECTION('',(-0.999999999999994,-7.14843313555886E-8,8.65663492287737E-8));
#4039=DIRECTION('center_axis',(0.,0.,1.));
#4040=DIRECTION('ref_axis',(-1.,0.,0.));
#4041=DIRECTION('',(-1.,0.,0.));
#4042=DIRECTION('center_axis',(3.49235717644882E-15,0.,1.));
#4043=DIRECTION('ref_axis',(-2.53122772789585E-14,-1.,8.83995132074329E-29));
#4044=DIRECTION('',(1.,0.,0.));
#4045=DIRECTION('center_axis',(3.49235717645631E-15,0.,1.));
#4046=DIRECTION('ref_axis',(-5.17948139525511E-14,-1.,1.80885990210411E-28));
#4047=DIRECTION('center_axis',(-1.19506335832778E-14,0.,-1.));
#4048=DIRECTION('ref_axis',(5.74588997869575E-13,1.,-6.86670257452211E-27));
#4049=DIRECTION('',(-1.,0.,0.));
#4050=DIRECTION('center_axis',(2.39012671663801E-14,0.,-1.));
#4051=DIRECTION('ref_axis',(-5.29164936656683E-13,1.,-1.2647712526112E-26));
#4052=DIRECTION('',(1.,0.,0.));
#4053=DIRECTION('',(1.45310171975528E-12,9.02123830285639E-13,-1.));
#4054=DIRECTION('center_axis',(-8.65650118921517E-8,5.72111620933497E-22,
-0.999999999999996));
#4055=DIRECTION('ref_axis',(3.47278367487377E-13,1.,-2.94900443904985E-20));
#4056=DIRECTION('',(-1.45309440887019E-12,-9.10537889991843E-13,1.));
#4057=DIRECTION('center_axis',(0.,1.,0.));
#4058=DIRECTION('ref_axis',(0.,0.,-1.));
#4059=DIRECTION('',(-0.999999999999996,0.,8.65650093027826E-8));
#4060=DIRECTION('',(0.,-9.10537889991843E-13,1.));
#4061=DIRECTION('',(1.,0.,0.));
#4062=DIRECTION('center_axis',(-8.65650118915173E-8,0.,-0.999999999999996));
#4063=DIRECTION('ref_axis',(-2.73578462577325E-12,1.,2.36823228662692E-19));
#4064=DIRECTION('',(0.,-9.02123830285639E-13,1.));
#4065=DIRECTION('center_axis',(0.,-1.,0.));
#4066=DIRECTION('ref_axis',(0.,0.,1.));
#4067=DIRECTION('',(0.999999999999996,0.,-8.65650093027826E-8));
#4068=DIRECTION('',(-1.,0.,0.));
#4069=DIRECTION('',(4.68568747497492E-12,-2.6246708008931E-12,1.));
#4070=DIRECTION('',(-4.68561145640404E-12,4.99493753669416E-12,-1.));
#4071=DIRECTION('center_axis',(0.,1.,0.));
#4072=DIRECTION('ref_axis',(0.,0.,-1.));
#4073=DIRECTION('',(0.,-2.6246708008931E-12,1.));
#4074=DIRECTION('',(0.,-4.99493753669416E-12,1.));
#4075=DIRECTION('center_axis',(0.,-1.,0.));
#4076=DIRECTION('ref_axis',(0.,0.,1.));
#4077=DIRECTION('center_axis',(0.,-1.,0.));
#4078=DIRECTION('ref_axis',(0.,0.,1.));
#4079=DIRECTION('',(-0.999999999999996,0.,8.65650136408354E-8));
#4080=DIRECTION('',(0.,0.,-1.));
#4081=DIRECTION('',(0.,0.,1.));
#4082=DIRECTION('',(0.,0.,1.));
#4083=DIRECTION('center_axis',(0.,1.,0.));
#4084=DIRECTION('ref_axis',(0.,0.,-1.));
#4085=DIRECTION('',(0.,0.,1.));
#4086=DIRECTION('',(0.999999999999996,0.,-8.6572440387479E-8));
#4087=DIRECTION('center_axis',(-7.50620858785272E-8,0.999999999999997,3.19744231092044E-14));
#4088=DIRECTION('ref_axis',(0.,3.19744231092045E-14,-1.));
#4089=DIRECTION('',(8.65650386565214E-8,-5.57923827187213E-9,0.999999999999996));
#4090=DIRECTION('',(0.999999999999993,7.50620854155339E-8,-8.65650691781384E-8));
#4091=DIRECTION('',(-8.65650380869898E-8,2.69174157486697E-14,-0.999999999999996));
#4092=DIRECTION('center_axis',(7.50620863243512E-8,-0.999999999999997,-9.59232693276132E-14));
#4093=DIRECTION('ref_axis',(0.,-9.59232693276135E-14,1.));
#4094=DIRECTION('',(0.,-9.58919185300831E-14,1.));
#4095=DIRECTION('',(-0.999999999999993,-7.50620863384792E-8,8.65657611557065E-8));
#4096=DIRECTION('',(-8.65650391330263E-8,1.20771555550944E-8,-0.999999999999996));
#4097=DIRECTION('center_axis',(-8.65650091608217E-8,0.,-0.999999999999996));
#4098=DIRECTION('ref_axis',(0.999999999999996,0.,-8.65650091608217E-8));
#4099=DIRECTION('',(0.999999999999993,7.50620879277073E-8,-8.65670554426068E-8));
#4100=DIRECTION('',(7.50618719938293E-8,-0.999999999999997,0.));
#4101=DIRECTION('',(-7.50623126435294E-8,0.999999999999997,0.));
#4102=DIRECTION('',(0.999999999999992,9.11991003119861E-8,-8.65652983104907E-8));
#4103=DIRECTION('center_axis',(-9.11991048235805E-8,0.999999999999995,-5.15684686064338E-8));
#4104=DIRECTION('ref_axis',(0.,-5.1568468606434E-8,-0.999999999999999));
#4105=DIRECTION('',(2.46695910328301E-7,-1.03136507115248E-7,-0.999999999999964));
#4106=DIRECTION('',(8.65702887153928E-8,5.15684761559498E-8,0.999999999999995));
#4107=DIRECTION('center_axis',(8.65650164882936E-8,0.,0.999999999999996));
#4108=DIRECTION('ref_axis',(-0.999999999999996,0.,8.65650164882936E-8));
#4109=DIRECTION('',(0.999999999999993,7.50620863628617E-8,-8.65650691782697E-8));
#4110=DIRECTION('',(-7.50619228723466E-8,0.999999999999997,0.));
#4111=DIRECTION('',(7.50621042659022E-8,-0.999999999999997,-6.92341816709268E-16));
#4112=DIRECTION('center_axis',(-7.50620880451969E-8,0.999999999999997,-5.7731597280508E-14));
#4113=DIRECTION('ref_axis',(0.,-5.77315972805082E-14,-1.));
#4114=DIRECTION('',(-8.65647997727584E-8,0.,-0.999999999999996));
#4115=DIRECTION('',(-8.99280649947275E-13,-4.88498130835557E-14,1.));
#4116=DIRECTION('center_axis',(-0.999999999999994,-7.50621040879199E-8,
8.65650381376424E-8));
#4117=DIRECTION('ref_axis',(-7.50621040879201E-8,0.999999999999997,0.));
#4118=DIRECTION('',(-2.09049218575285E-8,0.862368375538741,0.506281329767031));
#4119=DIRECTION('',(3.90067225574464E-8,0.487358430233254,0.873202015847752));
#4120=DIRECTION('center_axis',(1.07732553493998E-7,-0.873202015847712,0.487358430233315));
#4121=DIRECTION('ref_axis',(0.,0.487358430233318,0.873202015847717));
#4122=DIRECTION('',(3.7102399558761E-15,0.487358430233319,0.873202015847716));
#4123=DIRECTION('',(0.999999999999975,0.,-2.21054088165503E-7));
#4124=DIRECTION('',(0.,-0.487358430233318,-0.873202015847716));
#4125=DIRECTION('',(0.999999999999968,-3.07176080480243E-8,-2.51800605886753E-7));
#4126=DIRECTION('',(0.,-0.487358430228017,-0.873202015850675));
#4127=DIRECTION('',(-0.438099453582134,-0.438099453582747,-0.784944416848438));
#4128=DIRECTION('',(-3.61967989777942E-12,-0.487358430233316,-0.873202015847718));
#4129=DIRECTION('',(0.999999999999993,7.50620863058901E-8,-8.65639224840802E-8));
#4130=DIRECTION('',(3.90066564861879E-8,0.487358430233226,0.873202015847767));
#4131=DIRECTION('',(-0.999999999999993,-7.50620781946733E-8,8.65650691781322E-8));
#4132=DIRECTION('',(9.46135483698653E-9,0.487358430233318,0.873202015847717));
#4133=DIRECTION('',(-0.438099387927478,0.43809938675693,0.78494449078949));
#4134=DIRECTION('',(-3.45691034067881E-12,0.487358430226212,0.873202015851683));
#4135=DIRECTION('',(0.999999999999924,-3.07176078560965E-8,-3.89041299113747E-7));
#4136=DIRECTION('center_axis',(0.999999999999994,7.50621040879199E-8,-8.65650379155978E-8));
#4137=DIRECTION('ref_axis',(7.50621040879201E-8,-0.999999999999997,0.));
#4138=DIRECTION('',(2.09067595055619E-8,-0.862368375538871,-0.50628132976681));
#4139=DIRECTION('',(-8.65650381812361E-8,1.03506171699145E-13,-0.999999999999996));
#4140=DIRECTION('center_axis',(7.50620863243512E-8,-0.999999999999997,-9.94759830064138E-14));
#4141=DIRECTION('ref_axis',(0.,-9.94759830064141E-14,1.));
#4142=DIRECTION('',(0.,9.96990481429459E-14,-1.));
#4143=DIRECTION('center_axis',(-1.,0.,0.));
#4144=DIRECTION('ref_axis',(0.,1.,0.));
#4145=DIRECTION('',(0.,-9.39587196746734E-15,-1.));
#4146=DIRECTION('center_axis',(-0.70710678118696,0.707106781186135,0.));
#4147=DIRECTION('ref_axis',(0.707106781186135,0.70710678118696,0.));
#4148=DIRECTION('',(-7.06450763243679E-14,0.,-1.));
#4149=DIRECTION('center_axis',(-1.,0.,0.));
#4150=DIRECTION('ref_axis',(0.,1.,0.));
#4151=DIRECTION('',(-6.49328413666878E-14,9.88439037197824E-16,-1.));
#4152=DIRECTION('center_axis',(-3.07176080266425E-8,-1.,-9.43689570931383E-16));
#4153=DIRECTION('ref_axis',(0.,-9.43689570931383E-16,1.));
#4154=DIRECTION('',(-3.77127411278213E-14,-9.88438779559833E-16,1.));
#4155=DIRECTION('',(3.11434204233594E-13,9.88438636483573E-16,-1.));
#4156=DIRECTION('',(-0.999999999999999,3.07176078561189E-8,4.32827487226443E-8));
#4157=DIRECTION('center_axis',(1.,0.,0.));
#4158=DIRECTION('ref_axis',(0.,-1.,0.));
#4159=DIRECTION('',(0.,0.,-1.));
#4160=DIRECTION('center_axis',(0.707106780241895,0.7071067821312,0.));
#4161=DIRECTION('ref_axis',(0.,0.,-1.));
#4162=DIRECTION('',(0.,-9.39586520952574E-15,-1.));
#4163=DIRECTION('center_axis',(1.,-1.94131670738784E-8,0.));
#4164=DIRECTION('ref_axis',(-1.94131670738784E-8,-1.,0.));
#4165=DIRECTION('center_axis',(3.41017938000567E-9,-0.707106822154904,-0.707106740218189));
#4166=DIRECTION('ref_axis',(-1.,0.,-4.82272220874801E-9));
#4167=DIRECTION('center_axis',(-5.62033988259168E-8,-0.707106313267911,
-0.707107249104872));
#4168=DIRECTION('ref_axis',(-0.999999999999997,0.,7.94835562739098E-8));
#4169=DIRECTION('center_axis',(0.,-1.,0.));
#4170=DIRECTION('ref_axis',(0.,0.,1.));
#4171=DIRECTION('',(-1.,0.,0.));
#4172=DIRECTION('center_axis',(0.,0.,1.));
#4173=DIRECTION('ref_axis',(-1.,0.,0.));
#4174=DIRECTION('',(-1.,0.,0.));
#4175=DIRECTION('center_axis',(0.,1.,0.));
#4176=DIRECTION('ref_axis',(0.,0.,-1.));
#4177=DIRECTION('',(0.,9.54230591969236E-13,-1.));
#4178=DIRECTION('',(-1.,-1.89787522893593E-13,3.15224038024686E-12));
#4179=DIRECTION('',(-1.,1.35182867644854E-13,0.));
#4180=DIRECTION('',(2.18050673612591E-12,-9.54230591992111E-13,1.));
#4181=DIRECTION('center_axis',(0.,1.,0.));
#4182=DIRECTION('ref_axis',(0.,0.,-1.));
#4183=DIRECTION('',(1.,-1.79529831741461E-13,-2.07496668110585E-8));
#4184=DIRECTION('',(1.,0.,-2.07469168783366E-8));
#4185=DIRECTION('',(-0.999999999999994,3.29997571944214E-13,1.10721231786337E-7));
#4186=DIRECTION('',(0.,0.,1.));
#4187=DIRECTION('center_axis',(0.,1.,0.));
#4188=DIRECTION('ref_axis',(0.,0.,-1.));
#4189=DIRECTION('',(-0.999999999999998,-1.89787527468839E-13,-5.71978037585064E-8));
#4190=DIRECTION('',(1.,1.02689417231819E-13,-2.07431836155938E-8));
#4191=DIRECTION('',(1.,2.76377944486482E-13,-2.07509865507732E-8));
#4192=DIRECTION('',(0.,0.,-1.));
#4193=DIRECTION('center_axis',(0.,1.,0.));
#4194=DIRECTION('ref_axis',(0.,0.,-1.));
#4195=DIRECTION('',(0.,0.,1.));
#4196=DIRECTION('center_axis',(0.,1.,0.));
#4197=DIRECTION('ref_axis',(0.,0.,-1.));
#4198=DIRECTION('',(0.,0.,-1.));
#4199=DIRECTION('center_axis',(0.,1.,0.));
#4200=DIRECTION('ref_axis',(0.,0.,-1.));
#4201=DIRECTION('',(-1.,2.06995850696923E-13,0.));
#4202=DIRECTION('center_axis',(-1.45407114968465E-13,1.,-1.45407114969127E-13));
#4203=DIRECTION('ref_axis',(-1.,-1.45439216225835E-13,-4.13002965160387E-13));
#4204=DIRECTION('',(1.60241168515639E-16,0.,1.));
#4205=DIRECTION('center_axis',(0.,1.,0.));
#4206=DIRECTION('ref_axis',(0.,0.,-1.));
#4207=DIRECTION('',(1.,-1.62602938208391E-13,0.));
#4208=DIRECTION('',(0.,0.,-1.));
#4209=DIRECTION('center_axis',(-3.83061754489582E-14,-1.,-3.83061754489581E-14));
#4210=DIRECTION('ref_axis',(-2.63446671885005E-14,3.8302694349567E-14,-1.));
#4211=DIRECTION('center_axis',(1.,0.,0.));
#4212=DIRECTION('ref_axis',(0.,-1.,0.));
#4213=DIRECTION('',(0.,1.,0.));
#4214=DIRECTION('',(0.,0.,-1.));
#4215=DIRECTION('center_axis',(-1.,0.,0.));
#4216=DIRECTION('ref_axis',(0.,1.,0.));
#4217=DIRECTION('',(0.,-1.,0.));
#4218=DIRECTION('',(2.07391735144556E-13,0.,1.));
#4219=DIRECTION('center_axis',(0.,-1.,0.));
#4220=DIRECTION('ref_axis',(0.,0.,1.));
#4221=DIRECTION('',(0.,-1.,0.));
#4222=DIRECTION('center_axis',(-1.56798455771324E-13,1.,-1.56798455772037E-13));
#4223=DIRECTION('ref_axis',(-1.,-1.56541446472875E-13,4.64961402715177E-12));
#4224=DIRECTION('center_axis',(0.,0.,-1.));
#4225=DIRECTION('ref_axis',(1.,0.,0.));
#4226=DIRECTION('',(-1.,0.,0.));
#4227=DIRECTION('center_axis',(0.,0.,1.));
#4228=DIRECTION('ref_axis',(-1.,0.,0.));
#4229=DIRECTION('',(0.,-1.,0.));
#4230=DIRECTION('',(1.,0.,0.));
#4231=DIRECTION('center_axis',(0.,1.,0.));
#4232=DIRECTION('ref_axis',(0.,0.,-1.));
#4233=DIRECTION('center_axis',(-3.41740224121901E-14,-1.,-3.41740224121901E-14));
#4234=DIRECTION('ref_axis',(-2.63446671885005E-14,3.41393580072228E-14,
-1.));
#4235=DIRECTION('center_axis',(0.,1.,0.));
#4236=DIRECTION('ref_axis',(0.,0.,-1.));
#4237=DIRECTION('center_axis',(1.12653500884453E-7,-0.506281329767325,0.862368375538561));
#4238=DIRECTION('ref_axis',(-0.999999999999992,0.,1.30632690251539E-7));
#4239=DIRECTION('center_axis',(0.,-1.,0.));
#4240=DIRECTION('ref_axis',(0.,0.,1.));
#4241=DIRECTION('',(1.24100242735126E-13,0.,1.));
#4242=DIRECTION('',(-0.999999999999999,1.02963268810076E-8,4.32827181037458E-8));
#4243=DIRECTION('',(2.50202107657754E-15,0.,1.));
#4244=DIRECTION('center_axis',(-3.07176080266425E-8,-1.,-9.43689570931383E-16));
#4245=DIRECTION('ref_axis',(0.,-9.43689570931383E-16,1.));
#4246=DIRECTION('',(0.,-9.88438821847698E-16,1.));
#4247=DIRECTION('center_axis',(-1.,0.,0.));
#4248=DIRECTION('ref_axis',(0.,1.,0.));
#4249=DIRECTION('',(0.,0.,1.));
#4250=DIRECTION('center_axis',(0.,-1.,0.));
#4251=DIRECTION('ref_axis',(0.,0.,1.));
#4252=DIRECTION('',(0.,0.,1.));
#4253=DIRECTION('center_axis',(1.,0.,0.));
#4254=DIRECTION('ref_axis',(0.,-1.,0.));
#4255=CARTESIAN_POINT('',(0.,0.,0.));
#4256=CARTESIAN_POINT('Origin',(-33.2171894405364,-10.133912526533,27.0893892224848));
#4257=CARTESIAN_POINT('',(-34.8171894405365,-3.933912526533,27.0893892224848));
#4258=CARTESIAN_POINT('Origin',(-33.2171894405364,-3.933912526533,27.0893892224848));
#4259=CARTESIAN_POINT('',(-34.8171894405365,-10.133912526533,27.0893892224848));
#4260=CARTESIAN_POINT('',(-34.8171894405365,-10.133912526533,27.0893892224848));
#4261=CARTESIAN_POINT('Origin',(-33.2171894405364,-10.133912526533,27.0893892224848));
#4262=CARTESIAN_POINT('Origin',(-33.2171894403,-3.933912526533,27.089391522295));
#4263=CARTESIAN_POINT('',(-33.2171894403054,-3.933912526533,30.0893915223005));
#4264=CARTESIAN_POINT('Origin',(-33.2171894403054,-3.933912526533,27.0893915222987));
#4265=CARTESIAN_POINT('Origin',(36.5213822765559,-10.1339125265309,23.114627533394));
#4266=CARTESIAN_POINT('',(34.9213822765559,-3.9339125265309,23.114627533394));
#4267=CARTESIAN_POINT('Origin',(36.5213822765559,-3.9339125265309,23.114627533394));
#4268=CARTESIAN_POINT('',(34.9213822765559,-10.1339125265309,23.114627533394));
#4269=CARTESIAN_POINT('',(34.9213822765559,-10.1339125265309,23.114627533394));
#4270=CARTESIAN_POINT('Origin',(36.5213822765559,-10.1339125265309,23.114627533394));
#4271=CARTESIAN_POINT('Origin',(36.5213822765559,-3.9339125265309,23.114627533394));
#4272=CARTESIAN_POINT('',(36.5213822765672,-3.93391252653636,26.1146275333958));
#4273=CARTESIAN_POINT('Origin',(36.5213822765672,-3.9339125265309,23.114627533394));
#4274=CARTESIAN_POINT('Origin',(-33.2171894402855,-10.133912526533,82.6924890485699));
#4275=CARTESIAN_POINT('',(-34.8171894402854,-3.933912526533,82.6924890485699));
#4276=CARTESIAN_POINT('Origin',(-33.2171894402855,-3.933912526533,82.6924890485699));
#4277=CARTESIAN_POINT('',(-34.8171894402854,-10.133912526533,82.6924890485699));
#4278=CARTESIAN_POINT('',(-34.8171894402854,-10.133912526533,82.6924890485699));
#4279=CARTESIAN_POINT('Origin',(-33.2171894402855,-10.133912526533,82.6924890485699));
#4280=CARTESIAN_POINT('Origin',(-33.2171894400508,-3.933912526533,82.6924913484054));
#4281=CARTESIAN_POINT('',(-33.2171894400562,-3.933912526533,85.6924913483999));
#4282=CARTESIAN_POINT('Origin',(-33.2171894400562,-3.933912526533,82.6924913483981));
#4283=CARTESIAN_POINT('Origin',(36.5474686501002,-10.133912526533,86.6399504367073));
#4284=CARTESIAN_POINT('',(34.9474686501002,-3.933912526533,86.6399504367073));
#4285=CARTESIAN_POINT('Origin',(36.5474686501002,-3.933912526533,86.6399504367073));
#4286=CARTESIAN_POINT('',(34.9474686501002,-10.133912526533,86.6399504367073));
#4287=CARTESIAN_POINT('',(34.9474686501002,-10.133912526533,86.6399504367073));
#4288=CARTESIAN_POINT('Origin',(36.5474686501002,-10.133912526533,86.6399504367073));
#4289=CARTESIAN_POINT('Origin',(36.5474686501002,-3.933912526533,86.6399504367073));
#4290=CARTESIAN_POINT('',(36.5474686500947,-3.933912526533,89.6399504367));
#4291=CARTESIAN_POINT('Origin',(36.5474686500947,-3.933912526533,86.6399504366982));
#4292=CARTESIAN_POINT('Ctrl Pts',(18.7094823434834,14004.2089970769,59.7453332592966));
#4293=CARTESIAN_POINT('Ctrl Pts',(18.7094823434834,-3180.48958799952,59.7453332592966));
#4294=CARTESIAN_POINT('Ctrl Pts',(16.1862078651345,14004.2089970769,59.7453332592985));
#4295=CARTESIAN_POINT('Ctrl Pts',(16.1862078651345,-3180.48958799952,59.7453332592985));
#4296=CARTESIAN_POINT('Ctrl Pts',(16.1862078651484,14004.2089970769,57.0811910915982));
#4297=CARTESIAN_POINT('Ctrl Pts',(16.1862078651484,-3180.48958799952,57.0811910915982));
#4298=CARTESIAN_POINT('',(18.709482343483,-20.0165312177927,59.7453332592972));
#4299=CARTESIAN_POINT('',(16.1862078651357,-20.016530279036,57.0811910915982));
#4300=CARTESIAN_POINT('Origin',(18.7094823434649,-20.0165302790348,57.0811910915983));
#4301=CARTESIAN_POINT('',(16.1862078651357,-3.86207201685704,57.0811910915982));
#4302=CARTESIAN_POINT('',(16.1862078651357,-20.016530279036,57.0811910915982));
#4303=CARTESIAN_POINT('',(18.7094823434785,-3.86207201685728,59.7453332942222));
#4304=CARTESIAN_POINT('Origin',(18.7094823434826,-3.86207201685624,57.0811910915977));
#4305=CARTESIAN_POINT('',(18.7094823434745,-3.86207201685803,59.7453332592966));
#4306=CARTESIAN_POINT('Origin',(47.7490517656565,-21.7519761052539,59.7453332592977));
#4307=CARTESIAN_POINT('',(45.0000000000036,-20.0165302790287,59.7453330547956));
#4308=CARTESIAN_POINT('',(45.0000000000036,-20.0165302790252,59.7453326053983));
#4309=CARTESIAN_POINT('',(45.0000000000036,-3.86207201685704,59.7453332788502));
#4310=CARTESIAN_POINT('',(18.7094823434745,-3.86207201685704,59.7453332592977));
#4311=CARTESIAN_POINT('',(45.0000000000036,-3.86207201685704,59.7453332592977));
#4312=CARTESIAN_POINT('Origin',(-66.3927389288798,21.8409803786981,156.026357905511));
#4313=CARTESIAN_POINT('',(-34.2390515994589,21.6209801817236,156.246358236306));
#4314=CARTESIAN_POINT('',(-62.9999982476658,21.6209775158954,156.246360817727));
#4315=CARTESIAN_POINT('',(-34.239051599905,21.620980181791,156.246358235798));
#4316=CARTESIAN_POINT('',(-62.9999980850984,20.6209775222993,157.246360839605));
#4317=CARTESIAN_POINT('',(-62.9999982476656,21.6209774932972,156.246360819244));
#4318=CARTESIAN_POINT('',(-30.2725914680973,20.6209805461045,157.24635799577));
#4319=CARTESIAN_POINT('',(-62.9999980788652,20.620977522709,157.246360848656));
#4320=CARTESIAN_POINT('',(-30.2725914681851,20.620980550641,157.246358000199));
#4321=CARTESIAN_POINT('Origin',(66.3237183996502,20.4009840979937,157.466352754798));
#4322=CARTESIAN_POINT('',(34.9292684923395,21.6209856182096,156.246352385958));
#4323=CARTESIAN_POINT('',(30.9628733958636,20.6209845610625,157.246352699292));
#4324=CARTESIAN_POINT('',(34.929268609174,21.62098591155,156.246352355998));
#4325=CARTESIAN_POINT('',(63.000005209964,20.6209869650742,157.246349925999));
#4326=CARTESIAN_POINT('',(30.9628733959235,20.6209845603011,157.246352699298));
#4327=CARTESIAN_POINT('',(63.0000050483341,21.6209869650742,156.246349925999));
#4328=CARTESIAN_POINT('',(63.000005209964,20.6209869650742,157.246349925999));
#4329=CARTESIAN_POINT('',(63.0000050483341,21.6209869650746,156.246349925999));
#4330=CARTESIAN_POINT('Ctrl Pts',(29.8094327384133,85.379520338959,117.694494574796));
#4331=CARTESIAN_POINT('Ctrl Pts',(29.8094327384133,85.379520338959,-10.670015228284));
#4332=CARTESIAN_POINT('Ctrl Pts',(50.0619611727438,85.3795203389591,117.694494574798));
#4333=CARTESIAN_POINT('Ctrl Pts',(50.0619611727438,85.3795203389591,-10.670015228282));
#4334=CARTESIAN_POINT('Ctrl Pts',(50.0619611727343,52.973964757826,117.694494574798));
#4335=CARTESIAN_POINT('Ctrl Pts',(50.0619611727343,52.973964757826,-10.670015228282));
#4336=CARTESIAN_POINT('Ctrl Pts',(50.0619611727448,20.5684091766888,117.694494574798));
#4337=CARTESIAN_POINT('Ctrl Pts',(50.0619611727448,20.5684091766888,-10.670015228282));
#4338=CARTESIAN_POINT('Ctrl Pts',(29.8094327384133,20.5684091766921,117.694494574797));
#4339=CARTESIAN_POINT('Ctrl Pts',(29.8094327384133,20.5684091766921,-10.670015228283));
#4340=CARTESIAN_POINT('',(34.929267614508,21.6209853925735,110.902968794999));
#4341=CARTESIAN_POINT('',(29.8094327384133,20.5684091766919,110.902968794999));
#4342=CARTESIAN_POINT('Origin',(29.8094327383109,52.9739647589935,110.902968794998));
#4343=CARTESIAN_POINT('',(29.8094327384134,20.5684091766919,113.84636361036));
#4344=CARTESIAN_POINT('',(29.8094327384133,20.5684091766919,110.902968794999));
#4345=CARTESIAN_POINT('',(34.9292683005073,21.6209861671541,113.846362296578));
#4346=CARTESIAN_POINT('Origin',(29.8094327387475,52.9739647572474,113.84636361081));
#4347=CARTESIAN_POINT('',(34.9292686091759,21.6209849584593,113.846360597698));
#4348=CARTESIAN_POINT('Ctrl Pts',(55.8234976089843,6.93352157315496,1779.32034912038));
#4349=CARTESIAN_POINT('Ctrl Pts',(55.8234976089843,6.93352157315496,-763.351046275038));
#4350=CARTESIAN_POINT('Ctrl Pts',(55.8234976089841,8.96777509632793,1779.32034912033));
#4351=CARTESIAN_POINT('Ctrl Pts',(55.8234976089841,8.96777509632793,-763.351046275088));
#4352=CARTESIAN_POINT('Ctrl Pts',(54.3234976089843,8.96777509632795,1779.32034912038));
#4353=CARTESIAN_POINT('Ctrl Pts',(54.3234976089843,8.96777509632795,-763.351046275038));
#4354=CARTESIAN_POINT('Ctrl Pts',(52.8234976089836,8.96777509632793,1779.32034912033));
#4355=CARTESIAN_POINT('Ctrl Pts',(52.8234976089836,8.96777509632793,-763.351046275088));
#4356=CARTESIAN_POINT('Ctrl Pts',(52.8234976089843,6.93352157315496,1779.32034912038));
#4357=CARTESIAN_POINT('Ctrl Pts',(52.8234976089843,6.93352157315496,-763.351046275038));
#4358=CARTESIAN_POINT('Ctrl Pts',(52.8234976089836,4.89926804998183,1779.32034912033));
#4359=CARTESIAN_POINT('Ctrl Pts',(52.8234976089836,4.89926804998183,-763.351046275088));
#4360=CARTESIAN_POINT('Ctrl Pts',(54.3234976089843,4.89926804998197,1779.32034912038));
#4361=CARTESIAN_POINT('Ctrl Pts',(54.3234976089843,4.89926804998197,-763.351046275038));
#4362=CARTESIAN_POINT('Ctrl Pts',(55.8234976089841,4.89926804998183,1779.32034912033));
#4363=CARTESIAN_POINT('Ctrl Pts',(55.8234976089841,4.89926804998183,-763.351046275088));
#4364=CARTESIAN_POINT('Ctrl Pts',(55.8234976089843,6.93352157315496,1779.32034912038));
#4365=CARTESIAN_POINT('Ctrl Pts',(55.8234976089843,6.93352157315496,-763.351046275038));
#4366=CARTESIAN_POINT('',(54.6665481945464,8.91386098533133,109.80471222152));
#4367=CARTESIAN_POINT('',(54.6665481944321,8.9138609854981,113.846361354203));
#4368=CARTESIAN_POINT('',(54.666548193225,8.9138609854981,109.8048504732));
#4369=CARTESIAN_POINT('',(53.98044702353,8.91386098549811,113.846361416489));
#4370=CARTESIAN_POINT('Origin',(54.3234976100026,6.93352149016685,113.846361385351));
#4371=CARTESIAN_POINT('',(53.9804470227132,8.91386098526268,109.804686089551));
#4372=CARTESIAN_POINT('',(53.9804470243653,8.9138609854981,113.846360597698));
#4373=CARTESIAN_POINT('Ctrl Pts',(53.9804470227975,8.91386098499788,109.804686089551));
#4374=CARTESIAN_POINT('Ctrl Pts',(54.0288191567958,8.92927236105425,109.80468793193));
#4375=CARTESIAN_POINT('Ctrl Pts',(54.0778958798206,8.94146996254454,109.804689801852));
#4376=CARTESIAN_POINT('Ctrl Pts',(54.1275316856592,8.95034022401515,109.804691692505));
#4377=CARTESIAN_POINT('Ctrl Pts',(54.159792126066,8.95610538762497,109.804692921322));
#4378=CARTESIAN_POINT('Ctrl Pts',(54.1922879311076,8.96046424162856,109.804694158896));
#4379=CARTESIAN_POINT('Ctrl Pts',(54.2249677559126,8.96338172958113,109.804695403358));
#4380=CARTESIAN_POINT('Ctrl Pts',(54.2413076683151,8.96484047355742,109.804696025589));
#4381=CARTESIAN_POINT('Ctrl Pts',(54.2576934313514,8.96593885469246,109.804696649542));
#4382=CARTESIAN_POINT('Ctrl Pts',(54.2741176583064,8.96667251260111,109.804697274983));
#4383=CARTESIAN_POINT('Ctrl Pts',(54.2823297717839,8.96703934155543,109.804697587704));
#4384=CARTESIAN_POINT('Ctrl Pts',(54.290551490813,8.96731499114955,109.804697900796));
#4385=CARTESIAN_POINT('Ctrl Pts',(54.2987818286559,8.96749893001822,109.804698214232));
#4386=CARTESIAN_POINT('Ctrl Pts',(54.3039396132387,8.9676142007494,109.804698410656));
#4387=CARTESIAN_POINT('Ctrl Pts',(54.3091007818182,8.96769345439274,109.804698607214));
#4388=CARTESIAN_POINT('Ctrl Pts',(54.3142650829593,8.96773656289009,109.804698803899));
#4389=CARTESIAN_POINT('Ctrl Pts',(54.3173415182102,8.96776224313167,109.804698921067));
#4390=CARTESIAN_POINT('Ctrl Pts',(54.3204190648926,8.9677750964951,109.804699038281));
#4391=CARTESIAN_POINT('Ctrl Pts',(54.3234976690372,8.96777509632795,109.804699155537));
#4392=CARTESIAN_POINT('Ctrl Pts',(54.3725993515216,8.96777509366199,109.804701025704));
#4393=CARTESIAN_POINT('Ctrl Pts',(54.4214277045444,8.96450447208753,109.804702884755));
#4394=CARTESIAN_POINT('Ctrl Pts',(54.4697874965381,8.95807764587676,109.804704726521));
#4395=CARTESIAN_POINT('Ctrl Pts',(54.5197363611836,8.95143963815863,109.804706628807));
#4396=CARTESIAN_POINT('Ctrl Pts',(54.569185739071,8.94143646079785,109.804708512654));
#4397=CARTESIAN_POINT('Ctrl Pts',(54.6179747935928,8.92818904448691,109.804710371265));
#4398=CARTESIAN_POINT('Ctrl Pts',(54.6342405334672,8.92377250004198,109.804710990905));
#4399=CARTESIAN_POINT('Ctrl Pts',(54.6504332839004,8.91899520043701,109.80471160774));
#4400=CARTESIAN_POINT('Ctrl Pts',(54.6665481945075,8.91386098520924,109.804712221519));
#4401=CARTESIAN_POINT('Origin',(54.355596496183,8.91386098549799,114.370511610148));
#4402=CARTESIAN_POINT('',(56.5760651634176,8.91386098549797,109.804784951499));
#4403=CARTESIAN_POINT('',(56.5760651635669,8.9138609854981,113.846361180189));
#4404=CARTESIAN_POINT('',(56.5760651634155,8.9138609854981,109.804874716199));
#4405=CARTESIAN_POINT('',(56.5760651636447,8.9138609854981,113.846361180855));
#4406=CARTESIAN_POINT('',(54.6665481984907,8.9138609854981,109.80471222152));
#4407=CARTESIAN_POINT('Origin',(51.9146315329887,8.91386098549799,114.370514727018));
#4408=CARTESIAN_POINT('',(52.211523850925,8.9138609854981,113.846361576585));
#4409=CARTESIAN_POINT('',(53.9804470243653,8.9138609854981,113.846361416494));
#4410=CARTESIAN_POINT('',(52.2115238504958,8.91386098549771,109.804618716201));
#4411=CARTESIAN_POINT('',(52.211523850925,8.9138609854981,113.846360597698));
#4412=CARTESIAN_POINT('',(52.2115238580266,8.9138609854981,109.804618715456));
#4413=CARTESIAN_POINT('Ctrl Pts',(52.2115238509249,8.91386098549691,121.542628551897));
#4414=CARTESIAN_POINT('Ctrl Pts',(52.2115238509271,8.91386098549718,-6.82188125118588));
#4415=CARTESIAN_POINT('Ctrl Pts',(50.7115238509141,8.91386098551393,121.542628551899));
#4416=CARTESIAN_POINT('Ctrl Pts',(50.7115238509163,8.91386098551419,-6.82188125118387));
#4417=CARTESIAN_POINT('Ctrl Pts',(50.7115238509141,6.87960746232591,121.542628551897));
#4418=CARTESIAN_POINT('Ctrl Pts',(50.7115238509163,6.87960746232617,-6.82188125118588));
#4419=CARTESIAN_POINT('Ctrl Pts',(50.7115238509152,4.84535393913188,121.5426285519));
#4420=CARTESIAN_POINT('Ctrl Pts',(50.7115238509174,4.84535393913214,-6.82188125118287));
#4421=CARTESIAN_POINT('Ctrl Pts',(52.2115238509275,4.84535393915299,121.542628551899));
#4422=CARTESIAN_POINT('Ctrl Pts',(52.2115238509297,4.84535393915325,-6.82188125118387));
#4423=CARTESIAN_POINT('',(52.2115238509259,4.84535393915303,113.846361576585));
#4424=CARTESIAN_POINT('Origin',(52.2115238509309,6.87960746232557,113.846361577082));
#4425=CARTESIAN_POINT('',(52.2115238503936,4.84535393915302,109.804618716201));
#4426=CARTESIAN_POINT('',(52.211523850925,4.84535393915303,113.846360597698));
#4427=CARTESIAN_POINT('Ctrl Pts',(52.2115238503936,4.84535393915301,109.804618715456));
#4428=CARTESIAN_POINT('Ctrl Pts',(52.1601375481012,4.8453539391771,109.804616758273));
#4429=CARTESIAN_POINT('Ctrl Pts',(52.1089591222093,4.84893532668254,109.8046148092));
#4430=CARTESIAN_POINT('Ctrl Pts',(52.0581964148447,4.85600937505813,109.804612875686));
#4431=CARTESIAN_POINT('Ctrl Pts',(52.0342302836946,4.85934918059517,109.804611962834));
#4432=CARTESIAN_POINT('Ctrl Pts',(52.0103560135071,4.86346745265722,109.804611053449));
#4433=CARTESIAN_POINT('Ctrl Pts',(51.9865915476751,4.86835556361489,109.804610148317));
#4434=CARTESIAN_POINT('Ctrl Pts',(51.9396555108352,4.87800983304429,109.804608360635));
#4435=CARTESIAN_POINT('Ctrl Pts',(51.893476411225,4.89059997649765,109.804606602075));
#4436=CARTESIAN_POINT('Ctrl Pts',(51.8481981635768,4.90592979890761,109.804604877464));
#4437=CARTESIAN_POINT('Ctrl Pts',(51.8168791606229,4.91653345029162,109.804603684549));
#4438=CARTESIAN_POINT('Ctrl Pts',(51.7859899359212,4.92844791166536,109.804602507877));
#4439=CARTESIAN_POINT('Ctrl Pts',(51.7555645070288,4.94161343204407,109.804601349044));
#4440=CARTESIAN_POINT('Ctrl Pts',(51.7121267135305,4.96040958961115,109.804599694602));
#4441=CARTESIAN_POINT('Ctrl Pts',(51.6698693157889,4.98165539389796,109.804598086896));
#4442=CARTESIAN_POINT('Ctrl Pts',(51.6289017336755,5.00507403801688,109.804596527789));
#4443=CARTESIAN_POINT('Ctrl Pts',(51.5874857670281,5.02874899596464,109.804594951618));
#4444=CARTESIAN_POINT('Ctrl Pts',(51.5473873819548,5.05464356835576,109.804593425114));
#4445=CARTESIAN_POINT('Ctrl Pts',(51.508670046098,5.08249339250095,109.8045919502));
#4446=CARTESIAN_POINT('Ctrl Pts',(51.4691701703729,5.11090610655672,109.804590445475));
#4447=CARTESIAN_POINT('Ctrl Pts',(51.4311069887111,5.14135313412322,109.804588994446));
#4448=CARTESIAN_POINT('Ctrl Pts',(51.394506997168,5.17359025356923,109.804587599154));
#4449=CARTESIAN_POINT('Ctrl Pts',(51.366367417771,5.19837547738858,109.804586526396));
#4450=CARTESIAN_POINT('Ctrl Pts',(51.3390918046069,5.22421961575213,109.804585486585));
#4451=CARTESIAN_POINT('Ctrl Pts',(51.3126807011239,5.25102916124291,109.804584480649));
#4452=CARTESIAN_POINT('Ctrl Pts',(51.2593005333778,5.30521463048767,109.804582447525));
#4453=CARTESIAN_POINT('Ctrl Pts',(51.2087950189542,5.36401062319615,109.804580523486));
#4454=CARTESIAN_POINT('Ctrl Pts',(51.1614290535702,5.42698589455642,109.804578719062));
#4455=CARTESIAN_POINT('Ctrl Pts',(51.1100268895856,5.49532748116172,109.804576760878));
#4456=CARTESIAN_POINT('Ctrl Pts',(51.0623186963712,5.56859415531227,109.804574943561));
#4457=CARTESIAN_POINT('Ctrl Pts',(51.0186491172284,5.64627640876941,109.804573280569));
#4458=CARTESIAN_POINT('Ctrl Pts',(50.9815880504234,5.71220301583658,109.804571869236));
#4459=CARTESIAN_POINT('Ctrl Pts',(50.9474356067346,5.78131298406527,109.804570569054));
#4460=CARTESIAN_POINT('Ctrl Pts',(50.9164276412989,5.85327705858832,109.804569388247));
#4461=CARTESIAN_POINT('Ctrl Pts',(50.9108984825396,5.86610927080898,109.804569177693));
#4462=CARTESIAN_POINT('Ctrl Pts',(50.9054693759897,5.87903211860572,109.804568970934));
#4463=CARTESIAN_POINT('Ctrl Pts',(50.9001417494381,5.89204356136774,109.804568768017));
#4464=CARTESIAN_POINT('Ctrl Pts',(50.8721551829,5.96039399942603,109.804567702075));
#4465=CARTESIAN_POINT('Ctrl Pts',(50.8473512636852,6.03025140491991,109.804566757125));
#4466=CARTESIAN_POINT('Ctrl Pts',(50.8256821274251,6.1012057662046,109.804565931591));
#4467=CARTESIAN_POINT('Ctrl Pts',(50.7985963980649,6.18989645528502,109.8045648997));
#4468=CARTESIAN_POINT('Ctrl Pts',(50.7764071632515,6.28030260635101,109.804564054389));
#4469=CARTESIAN_POINT('Ctrl Pts',(50.759029209982,6.37170574731237,109.804563392581));
#4470=CARTESIAN_POINT('Ctrl Pts',(50.7412024447011,6.46546951307858,109.804562713681));
#4471=CARTESIAN_POINT('Ctrl Pts',(50.7284395757163,6.56028798463123,109.804562227885));
#4472=CARTESIAN_POINT('Ctrl Pts',(50.7206624875631,6.65539865725616,109.804561931873));
#4473=CARTESIAN_POINT('Ctrl Pts',(50.7145554671556,6.73008507037865,109.804561699427));
#4474=CARTESIAN_POINT('Ctrl Pts',(50.7115238509143,6.8049522065463,109.804561584008));
#4475=CARTESIAN_POINT('Ctrl Pts',(50.7115238509143,6.87960746232571,109.804561584008));
#4476=CARTESIAN_POINT('Ctrl Pts',(50.7115238509143,6.96559685914376,109.804561584008));
#4477=CARTESIAN_POINT('Ctrl Pts',(50.7155462667369,7.05186636692982,109.804561737133));
#4478=CARTESIAN_POINT('Ctrl Pts',(50.7236567089473,7.13781922173244,109.80456204584));
#4479=CARTESIAN_POINT('Ctrl Pts',(50.7354729190903,7.26304506865655,109.804562495599));
#4480=CARTESIAN_POINT('Ctrl Pts',(50.7559611095931,7.38760306401723,109.804563275595));
#4481=CARTESIAN_POINT('Ctrl Pts',(50.7853059985951,7.50975579559326,109.804564393425));
#4482=CARTESIAN_POINT('Ctrl Pts',(50.803411834324,7.58512419421313,109.804565083128));
#4483=CARTESIAN_POINT('Ctrl Pts',(50.8248901002267,7.65957953811713,109.804565901441));
#4484=CARTESIAN_POINT('Ctrl Pts',(50.8497934100596,7.73269081770792,109.80456685015));
#4485=CARTESIAN_POINT('Ctrl Pts',(50.8652519412247,7.77807406201005,109.804567439053));
#4486=CARTESIAN_POINT('Ctrl Pts',(50.8820304224431,7.82293881577773,109.8045680782));
#4487=CARTESIAN_POINT('Ctrl Pts',(50.9001417494373,7.86717136328187,109.804568768017));
#4488=CARTESIAN_POINT('Ctrl Pts',(50.9296864269027,7.93932711144423,109.804569893304));
#4489=CARTESIAN_POINT('Ctrl Pts',(50.9623498469466,8.0087542004317,109.804571136753));
#4490=CARTESIAN_POINT('Ctrl Pts',(50.9978990907546,8.07512636532155,109.804572490412));
#4491=CARTESIAN_POINT('Ctrl Pts',(51.0441923946232,8.16155821220593,109.804574253187));
#4492=CARTESIAN_POINT('Ctrl Pts',(51.0953785175581,8.24281437341094,109.804576202856));
#4493=CARTESIAN_POINT('Ctrl Pts',(51.1510024255742,8.31823006222627,109.804578321857));
#4494=CARTESIAN_POINT('Ctrl Pts',(51.1979538479407,8.38188747115193,109.804580110478));
#4495=CARTESIAN_POINT('Ctrl Pts',(51.248070512685,8.44138666880905,109.804582019746));
#4496=CARTESIAN_POINT('Ctrl Pts',(51.3010877906028,8.49629869012183,109.804584039097));
#4497=CARTESIAN_POINT('Ctrl Pts',(51.3049368488941,8.50028530692351,109.804584185702));
#4498=CARTESIAN_POINT('Ctrl Pts',(51.3088011877941,8.50424772313718,109.804584332887));
#4499=CARTESIAN_POINT('Ctrl Pts',(51.3126807011229,8.50818576340641,109.804584480649));
#4500=CARTESIAN_POINT('Ctrl Pts',(51.3470096398256,8.54303259380847,109.804585788157));
#4501=CARTESIAN_POINT('Ctrl Pts',(51.3827999609856,8.57624992474716,109.804587152894));
#4502=CARTESIAN_POINT('Ctrl Pts',(51.4200476654493,8.60762727621908,109.804588572825));
#4503=CARTESIAN_POINT('Ctrl Pts',(51.4567945304019,8.63858272203015,109.804589973663));
#4504=CARTESIAN_POINT('Ctrl Pts',(51.4949606552482,8.66774692003829,109.804591428219));
#4505=CARTESIAN_POINT('Ctrl Pts',(51.5345129333402,8.69487716106728,109.804592934538));
#4506=CARTESIAN_POINT('Ctrl Pts',(51.5733563589257,8.72152117626347,109.804594413861));
#4507=CARTESIAN_POINT('Ctrl Pts',(51.6135373602789,8.74620271667251,109.804595943108));
#4508=CARTESIAN_POINT('Ctrl Pts',(51.6549853481443,8.76866128005974,109.804597520426));
#4509=CARTESIAN_POINT('Ctrl Pts',(51.6877399827141,8.78640935601217,109.804598766916));
#4510=CARTESIAN_POINT('Ctrl Pts',(51.7212851992262,8.80276834343188,109.804600043427));
#4511=CARTESIAN_POINT('Ctrl Pts',(51.7555645070268,8.81760149260506,109.804601349044));
#4512=CARTESIAN_POINT('Ctrl Pts',(51.7995509042379,8.83663503888363,109.804603024382));
#4513=CARTESIAN_POINT('Ctrl Pts',(51.8445086482275,8.85305479930324,109.804604737006));
#4514=CARTESIAN_POINT('Ctrl Pts',(51.8903279542009,8.86667655734795,109.804606482091));
#4515=CARTESIAN_POINT('Ctrl Pts',(51.9220212076657,8.87609873913736,109.804607689168));
#4516=CARTESIAN_POINT('Ctrl Pts',(51.9541258505047,8.88418149454262,109.804608911776));
#4517=CARTESIAN_POINT('Ctrl Pts',(51.9865915476728,8.89085936103454,109.804610148317));
#4518=CARTESIAN_POINT('Ctrl Pts',(52.0369271073476,8.90121287802708,109.804612065479));
#4519=CARTESIAN_POINT('Ctrl Pts',(52.0877584455853,8.90811354038151,109.804614001718));
#4520=CARTESIAN_POINT('Ctrl Pts',(52.1389022517997,8.91147548839031,109.804615949583));
#4521=CARTESIAN_POINT('Ctrl Pts',(52.1630483076885,8.91306273405159,109.80461686921));
#4522=CARTESIAN_POINT('Ctrl Pts',(52.1872633071596,8.9138609854878,109.804617791429));
#4523=CARTESIAN_POINT('Ctrl Pts',(52.2115238504959,8.91386098549694,109.804618715456));
#4524=CARTESIAN_POINT('Origin',(51.6550697190608,4.84535393915303,109.280665175178));
#4525=CARTESIAN_POINT('',(56.5760651635682,4.84535393915303,113.84636118019));
#4526=CARTESIAN_POINT('',(56.5760651634172,4.84535393915293,109.804784951499));
#4527=CARTESIAN_POINT('',(56.5760651636447,4.84535393915303,113.846360597698));
#4528=CARTESIAN_POINT('',(56.5760651668345,4.84535393915303,109.804784950499));
#4529=CARTESIAN_POINT('',(52.2115238509251,4.84535393915303,113.846361577082));
#4530=CARTESIAN_POINT('Ctrl Pts',(56.5760651634145,4.84535393915272,121.542628551899));
#4531=CARTESIAN_POINT('Ctrl Pts',(56.5760651634145,4.84535393915272,-6.82188125118508));
#4532=CARTESIAN_POINT('Ctrl Pts',(58.0760651636446,4.84535393884082,121.542628551897));
#4533=CARTESIAN_POINT('Ctrl Pts',(58.0760651636446,4.84535393884082,-6.8218812511871));
#4534=CARTESIAN_POINT('Ctrl Pts',(58.0760651636447,6.87960746232591,121.542628551897));
#4535=CARTESIAN_POINT('Ctrl Pts',(58.0760651636447,6.87960746232591,-6.82188125118708));
#4536=CARTESIAN_POINT('Ctrl Pts',(58.0760651636427,8.91386098581073,121.542628551899));
#4537=CARTESIAN_POINT('Ctrl Pts',(58.0760651636427,8.91386098581073,-6.82188125118509));
#4538=CARTESIAN_POINT('Ctrl Pts',(56.5760651634104,8.9138609854977,121.542628551893));
#4539=CARTESIAN_POINT('Ctrl Pts',(56.5760651634104,8.9138609854977,-6.82188125119106));
#4540=CARTESIAN_POINT('Ctrl Pts',(56.5760651634155,8.9138609854977,109.804784950499));
#4541=CARTESIAN_POINT('Ctrl Pts',(56.6274514657113,8.91386098550819,109.804786907681));
#4542=CARTESIAN_POINT('Ctrl Pts',(56.678629891608,8.91027959803672,109.804788856755));
#4543=CARTESIAN_POINT('Ctrl Pts',(56.7293925989786,8.90320554969435,109.804790790269));
#4544=CARTESIAN_POINT('Ctrl Pts',(56.7533587303188,8.89986574414691,109.804791703121));
#4545=CARTESIAN_POINT('Ctrl Pts',(56.7772330006951,8.89574747206213,109.804792612505));
#4546=CARTESIAN_POINT('Ctrl Pts',(56.8009974667143,8.8908593610696,109.804793517638));
#4547=CARTESIAN_POINT('Ctrl Pts',(56.8479335035568,8.88120509164692,109.80479530532));
#4548=CARTESIAN_POINT('Ctrl Pts',(56.8941126031698,8.86861494819993,109.80479706388));
#4549=CARTESIAN_POINT('Ctrl Pts',(56.9393908508211,8.85328512579596,109.804798788491));
#4550=CARTESIAN_POINT('Ctrl Pts',(56.9707098537909,8.84268147441143,109.804799981406));
#4551=CARTESIAN_POINT('Ctrl Pts',(57.0015990785082,8.83076701303584,109.804801158078));
#4552=CARTESIAN_POINT('Ctrl Pts',(57.032024507416,8.817601492654,109.80480231691));
#4553=CARTESIAN_POINT('Ctrl Pts',(57.0754623009161,8.79880533509116,109.804803971353));
#4554=CARTESIAN_POINT('Ctrl Pts',(57.1177196986596,8.77755953080838,109.804805579058));
#4555=CARTESIAN_POINT('Ctrl Pts',(57.1586872807751,8.75414088669326,109.804807138165));
#4556=CARTESIAN_POINT('Ctrl Pts',(57.2001032474251,8.73046592874909,109.804808714337));
#4557=CARTESIAN_POINT('Ctrl Pts',(57.2402016325011,8.70457135636128,109.804810240841));
#4558=CARTESIAN_POINT('Ctrl Pts',(57.2789189683605,8.67672153221917,109.804811715755));
#4559=CARTESIAN_POINT('Ctrl Pts',(57.3184188440883,8.64830881816656,109.80481322048));
#4560=CARTESIAN_POINT('Ctrl Pts',(57.3564820257528,8.61786179060297,109.804814671509));
#4561=CARTESIAN_POINT('Ctrl Pts',(57.3930820172987,8.58562467115962,109.804816066801));
#4562=CARTESIAN_POINT('Ctrl Pts',(57.4212215967281,8.56083944731561,109.804817139559));
#4563=CARTESIAN_POINT('Ctrl Pts',(57.4484972099228,8.53499530892498,109.804818179369));
#4564=CARTESIAN_POINT('Ctrl Pts',(57.4749083134346,8.50818576340499,109.804819185306));
#4565=CARTESIAN_POINT('Ctrl Pts',(57.5282884811761,8.45400029416482,109.80482121843));
#4566=CARTESIAN_POINT('Ctrl Pts',(57.5787939955956,8.39520430146181,109.804823142468));
#4567=CARTESIAN_POINT('Ctrl Pts',(57.626159960976,8.3322290301078,109.804824946892));
#4568=CARTESIAN_POINT('Ctrl Pts',(57.6775621249637,8.26388744349993,109.804826905077));
#4569=CARTESIAN_POINT('Ctrl Pts',(57.7252703181809,8.19062076934641,109.804828722393));
#4570=CARTESIAN_POINT('Ctrl Pts',(57.768939897326,8.11293851588601,109.804830385386));
#4571=CARTESIAN_POINT('Ctrl Pts',(57.8060009641325,8.04701190881705,109.804831796718));
#4572=CARTESIAN_POINT('Ctrl Pts',(57.8401534078225,7.97790194058647,109.8048330969));
#4573=CARTESIAN_POINT('Ctrl Pts',(57.8711613732591,7.90593786606146,109.804834277707));
#4574=CARTESIAN_POINT('Ctrl Pts',(57.8766905320191,7.89310565383919,109.804834488262));
#4575=CARTESIAN_POINT('Ctrl Pts',(57.8821196385697,7.88018280604081,109.804834695021));
#4576=CARTESIAN_POINT('Ctrl Pts',(57.887447265122,7.86717136327713,109.804834897938));
#4577=CARTESIAN_POINT('Ctrl Pts',(57.9154338316574,7.79882092522536,109.80483596388));
#4578=CARTESIAN_POINT('Ctrl Pts',(57.9402377508701,7.72896351973832,109.80483690883));
#4579=CARTESIAN_POINT('Ctrl Pts',(57.9619068871286,7.65800915846062,109.804837734364));
#4580=CARTESIAN_POINT('Ctrl Pts',(57.9889926164884,7.56931846938385,109.804838766255));
#4581=CARTESIAN_POINT('Ctrl Pts',(58.0111818513019,7.47891231832156,109.804839611566));
#4582=CARTESIAN_POINT('Ctrl Pts',(58.0285598045718,7.3875091773638,109.804840273374));
#4583=CARTESIAN_POINT('Ctrl Pts',(58.0463865698506,7.29374541161424,109.804840952275));
#4584=CARTESIAN_POINT('Ctrl Pts',(58.0591494388351,7.19892694007842,109.804841438071));
#4585=CARTESIAN_POINT('Ctrl Pts',(58.0669265269896,7.10381626747003,109.804841734082));
#4586=CARTESIAN_POINT('Ctrl Pts',(58.0730335474013,7.02912985432223,109.804841966528));
#4587=CARTESIAN_POINT('Ctrl Pts',(58.0760651636447,6.95426271812891,109.804842081947));
#4588=CARTESIAN_POINT('Ctrl Pts',(58.0760651636447,6.87960746232385,109.804842081947));
#4589=CARTESIAN_POINT('Ctrl Pts',(58.0760651636446,6.79361806550686,109.804842081947));
#4590=CARTESIAN_POINT('Ctrl Pts',(58.0720427478221,6.70734855772188,109.804841928822));
#4591=CARTESIAN_POINT('Ctrl Pts',(58.0639323056117,6.62139570292033,109.804841620115));
#4592=CARTESIAN_POINT('Ctrl Pts',(58.0521160954687,6.49616985599566,109.804841170356));
#4593=CARTESIAN_POINT('Ctrl Pts',(58.0316279049658,6.37161186063443,109.80484039036));
#4594=CARTESIAN_POINT('Ctrl Pts',(58.0022830159636,6.24945912905786,109.804839272529));
#4595=CARTESIAN_POINT('Ctrl Pts',(57.9841771802347,6.17409073043835,109.804838582827));
#4596=CARTESIAN_POINT('Ctrl Pts',(57.9626989143322,6.09963538653471,109.804837764513));
#4597=CARTESIAN_POINT('Ctrl Pts',(57.9377956044993,6.02652410694426,109.804836815805));
#4598=CARTESIAN_POINT('Ctrl Pts',(57.9223370733339,5.98114086264125,109.804836226902));
#4599=CARTESIAN_POINT('Ctrl Pts',(57.9055585921152,5.93627610887271,109.804835587755));
#4600=CARTESIAN_POINT('Ctrl Pts',(57.8874472651206,5.89204356136774,109.804834897938));
#4601=CARTESIAN_POINT('Ctrl Pts',(57.8579025876588,5.81988781321443,109.804833772651));
#4602=CARTESIAN_POINT('Ctrl Pts',(57.8252391676193,5.75046072423539,109.804832529202));
#4603=CARTESIAN_POINT('Ctrl Pts',(57.7896899238165,5.68408855935323,109.804831175543));
#4604=CARTESIAN_POINT('Ctrl Pts',(57.7433966199458,5.5976567124624,109.804829412768));
#4605=CARTESIAN_POINT('Ctrl Pts',(57.6922104970082,5.51640055125165,109.804827463099));
#4606=CARTESIAN_POINT('Ctrl Pts',(57.6365865889889,5.44098486243136,109.804825344098));
#4607=CARTESIAN_POINT('Ctrl Pts',(57.5896351666231,5.37732745350592,109.804823555476));
#4608=CARTESIAN_POINT('Ctrl Pts',(57.5395185018795,5.317828255849,109.804821646209));
#4609=CARTESIAN_POINT('Ctrl Pts',(57.4865012239625,5.26291623453635,109.804819626858));
#4610=CARTESIAN_POINT('Ctrl Pts',(57.4826521656682,5.25892961773154,109.804819480253));
#4611=CARTESIAN_POINT('Ctrl Pts',(57.4787878267653,5.25496720151478,109.804819333067));
#4612=CARTESIAN_POINT('Ctrl Pts',(57.4749083134335,5.25102916124249,109.804819185306));
#4613=CARTESIAN_POINT('Ctrl Pts',(57.4405793747306,5.2161823308404,109.804817877798));
#4614=CARTESIAN_POINT('Ctrl Pts',(57.4047890535705,5.18296499990173,109.80481651306));
#4615=CARTESIAN_POINT('Ctrl Pts',(57.3675413491069,5.15158764842987,109.80481509313));
#4616=CARTESIAN_POINT('Ctrl Pts',(57.3307944841546,5.12063220261917,109.804813692292));
#4617=CARTESIAN_POINT('Ctrl Pts',(57.2926283593087,5.0914680046114,109.804812237736));
#4618=CARTESIAN_POINT('Ctrl Pts',(57.2530760812172,5.06433776358274,109.804810731417));
#4619=CARTESIAN_POINT('Ctrl Pts',(57.2142326556326,5.03769374838718,109.804809252094));
#4620=CARTESIAN_POINT('Ctrl Pts',(57.1740516542805,5.01301220797867,109.804807722847));
#4621=CARTESIAN_POINT('Ctrl Pts',(57.1326036664161,4.99055364459187,109.804806145529));
#4622=CARTESIAN_POINT('Ctrl Pts',(57.0998490318086,4.97280556861889,109.804804899039));
#4623=CARTESIAN_POINT('Ctrl Pts',(57.0663038152571,4.95644658118183,109.804803622528));
#4624=CARTESIAN_POINT('Ctrl Pts',(57.0320245074153,4.94161343199496,109.80480231691));
#4625=CARTESIAN_POINT('Ctrl Pts',(56.9880381102009,4.92257988572022,109.804800641573));
#4626=CARTESIAN_POINT('Ctrl Pts',(56.9430803662082,4.90616012530486,109.804798928949));
#4627=CARTESIAN_POINT('Ctrl Pts',(56.8972610602317,4.8925383672648,109.804797183864));
#4628=CARTESIAN_POINT('Ctrl Pts',(56.8655678067519,4.88311618547471,109.804795976787));
#4629=CARTESIAN_POINT('Ctrl Pts',(56.8334631638975,4.87503343007007,109.804794754179));
#4630=CARTESIAN_POINT('Ctrl Pts',(56.8009974667139,4.86835556358012,109.804793517638));
#4631=CARTESIAN_POINT('Ctrl Pts',(56.750661907035,4.85800204659473,109.804791600475));
#4632=CARTESIAN_POINT('Ctrl Pts',(56.6998305687936,4.85110138424803,109.804789664237));
#4633=CARTESIAN_POINT('Ctrl Pts',(56.6486867625761,4.84773943624744,109.804787716372));
#4634=CARTESIAN_POINT('Ctrl Pts',(56.6245407065331,4.84615219057998,109.804786796745));
#4635=CARTESIAN_POINT('Ctrl Pts',(56.600325706907,4.8453539391477,109.804785874525));
#4636=CARTESIAN_POINT('Ctrl Pts',(56.5760651634155,4.84535393915272,109.804784950499));
#4637=CARTESIAN_POINT('Origin',(56.5760651636261,6.87960746232556,113.846361180855));
#4638=CARTESIAN_POINT('Origin',(61.3707455373308,-0.0349463718552312,109.80496756852));
#4639=CARTESIAN_POINT('',(57.7904920731944,12.5417356574761,109.804831205098));
#4640=CARTESIAN_POINT('',(57.7904920731944,1.21747926717501,109.804831205098));
#4641=CARTESIAN_POINT('Origin',(57.7904920731936,6.87960746232556,109.804831205098));
#4642=CARTESIAN_POINT('',(51.037659972535,1.21747926717501,109.804574005699));
#4643=CARTESIAN_POINT('',(57.7904920731944,1.21747926717501,109.804831205098));
#4644=CARTESIAN_POINT('',(51.037659972535,12.5417356574761,109.804574005699));
#4645=CARTESIAN_POINT('Origin',(51.0376599725349,6.87960746232556,109.804574005699));
#4646=CARTESIAN_POINT('',(54.1314894105544,12.541735657475,109.804691842342));
#4647=CARTESIAN_POINT('',(51.037659972535,12.5417356574761,109.804574005699));
#4648=CARTESIAN_POINT('',(54.5155058050441,12.541735657475,109.804706468598));
#4649=CARTESIAN_POINT('',(54.1314894105544,12.541735657475,109.804691842342));
#4650=CARTESIAN_POINT('',(54.5155058050441,12.541735657475,109.804706468598));
#4651=CARTESIAN_POINT('Ctrl Pts',(-55.8234946568664,6.93352157315496,1779.32034912038));
#4652=CARTESIAN_POINT('Ctrl Pts',(-55.8234946568664,6.93352157315496,-763.351046275038));
#4653=CARTESIAN_POINT('Ctrl Pts',(-55.8234946568666,8.96777509632793,1779.32034912033));
#4654=CARTESIAN_POINT('Ctrl Pts',(-55.8234946568666,8.96777509632793,-763.351046275088));
#4655=CARTESIAN_POINT('Ctrl Pts',(-54.3234946568664,8.96777509632795,1779.32034912038));
#4656=CARTESIAN_POINT('Ctrl Pts',(-54.3234946568664,8.96777509632795,-763.351046275038));
#4657=CARTESIAN_POINT('Ctrl Pts',(-52.8234946568661,8.96777509632793,1779.32034912033));
#4658=CARTESIAN_POINT('Ctrl Pts',(-52.8234946568661,8.96777509632793,-763.351046275088));
#4659=CARTESIAN_POINT('Ctrl Pts',(-52.8234946568664,6.93352157315496,1779.32034912038));
#4660=CARTESIAN_POINT('Ctrl Pts',(-52.8234946568664,6.93352157315496,-763.351046275038));
#4661=CARTESIAN_POINT('Ctrl Pts',(-52.8234946568661,4.89926804998183,1779.32034912033));
#4662=CARTESIAN_POINT('Ctrl Pts',(-52.8234946568661,4.89926804998183,-763.351046275088));
#4663=CARTESIAN_POINT('Ctrl Pts',(-54.3234946568664,4.89926804998197,1779.32034912038));
#4664=CARTESIAN_POINT('Ctrl Pts',(-54.3234946568664,4.89926804998197,-763.351046275038));
#4665=CARTESIAN_POINT('Ctrl Pts',(-55.8234946568666,4.89926804998183,1779.32034912033));
#4666=CARTESIAN_POINT('Ctrl Pts',(-55.8234946568666,4.89926804998183,-763.351046275088));
#4667=CARTESIAN_POINT('Ctrl Pts',(-55.8234946568664,6.93352157315496,1779.32034912038));
#4668=CARTESIAN_POINT('Ctrl Pts',(-55.8234946568664,6.93352157315496,-763.351046275038));
#4669=CARTESIAN_POINT('',(-54.6665452424425,8.91386098532906,109.804712221412));
#4670=CARTESIAN_POINT('',(-53.9804440705816,8.91386098526114,109.804686089443));
#4671=CARTESIAN_POINT('Ctrl Pts',(-54.666545242403,8.91386098520501,109.804712221413));
#4672=CARTESIAN_POINT('Ctrl Pts',(-54.6181727729336,8.92927246811174,109.80471037902));
#4673=CARTESIAN_POINT('Ctrl Pts',(-54.5690957173824,8.94147012781858,109.804708509084));
#4674=CARTESIAN_POINT('Ctrl Pts',(-54.5194595860116,8.95034040168149,109.804706618417));
#4675=CARTESIAN_POINT('Ctrl Pts',(-54.4712645357582,8.95895314572052,109.804704782642));
#4676=CARTESIAN_POINT('Ctrl Pts',(-54.4225418556251,8.96442724260048,109.804702927322));
#4677=CARTESIAN_POINT('Ctrl Pts',(-54.373471164445,8.96664570370959,109.804701058694));
#4678=CARTESIAN_POINT('Ctrl Pts',(-54.3568490606453,8.96739718060841,109.804700425718));
#4679=CARTESIAN_POINT('Ctrl Pts',(-54.3401874590375,8.96777509541715,109.804699791217));
#4680=CARTESIAN_POINT('Ctrl Pts',(-54.323494717216,8.96777509632795,109.80469915543));
#4681=CARTESIAN_POINT('Ctrl Pts',(-54.3199101804262,8.96777509652353,109.804699018903));
#4682=CARTESIAN_POINT('Ctrl Pts',(-54.3163270772165,8.9677576713836,109.804698882435));
#4683=CARTESIAN_POINT('Ctrl Pts',(-54.3127454927924,8.96772286302096,109.80469874603));
#4684=CARTESIAN_POINT('Ctrl Pts',(-54.2635729559078,8.96724496963831,109.804696873277));
#4685=CARTESIAN_POINT('Ctrl Pts',(-54.2146911190485,8.96348970621653,109.804695012146));
#4686=CARTESIAN_POINT('Ctrl Pts',(-54.1662926500987,8.9565728227361,109.804693168846));
#4687=CARTESIAN_POINT('Ctrl Pts',(-54.1164015759787,8.94944262308536,109.804691268699));
#4688=CARTESIAN_POINT('Ctrl Pts',(-54.0670237111622,8.93895463741691,109.8046893875));
#4689=CARTESIAN_POINT('Ctrl Pts',(-54.018316463916,8.92522847002125,109.804687532049));
#4690=CARTESIAN_POINT('Ctrl Pts',(-54.0056464451924,8.92165793775475,109.804687049398));
#4691=CARTESIAN_POINT('Ctrl Pts',(-53.9930215538197,8.91786817480943,109.80468656849));
#4692=CARTESIAN_POINT('Ctrl Pts',(-53.9804440706668,8.91386098499377,109.804686089443));
#4693=CARTESIAN_POINT('',(-53.9804440707705,8.91386098526838,113.846371217518));
#4694=CARTESIAN_POINT('',(-53.9804440718253,8.9138609854981,109.804841762598));
#4695=CARTESIAN_POINT('',(-54.6665452429418,8.91386098527098,113.846371279805));
#4696=CARTESIAN_POINT('Ctrl Pts',(-53.9804440708404,8.91386098504907,113.846371217518));
#4697=CARTESIAN_POINT('Ctrl Pts',(-54.0221326870983,8.92714299038971,113.846371217519));
#4698=CARTESIAN_POINT('Ctrl Pts',(-54.0637301781946,8.93783811029618,113.84637121752));
#4699=CARTESIAN_POINT('Ctrl Pts',(-54.1050088136088,8.94608001841132,113.846371217522));
#4700=CARTESIAN_POINT('Ctrl Pts',(-54.1474965384353,8.95456333963858,113.846371217523));
#4701=CARTESIAN_POINT('Ctrl Pts',(-54.1896460022202,8.96044826605917,113.846371217524));
#4702=CARTESIAN_POINT('Ctrl Pts',(-54.2312428716226,8.96392427495233,113.846371217525));
#4703=CARTESIAN_POINT('Ctrl Pts',(-54.2492650450755,8.96543028336346,113.846371217526));
#4704=CARTESIAN_POINT('Ctrl Pts',(-54.267183953833,8.96648459397219,113.846371217526));
#4705=CARTESIAN_POINT('Ctrl Pts',(-54.2849843445045,8.96710456630603,113.846371217527));
#4706=CARTESIAN_POINT('Ctrl Pts',(-54.2929117446743,8.96738067085201,113.846371217527));
#4707=CARTESIAN_POINT('Ctrl Pts',(-54.3008156561918,8.96757064364732,113.846371217528));
#4708=CARTESIAN_POINT('Ctrl Pts',(-54.3086948178416,8.96767607765164,113.846371217528));
#4709=CARTESIAN_POINT('Ctrl Pts',(-54.3129764717702,8.96773337206175,113.846371217528));
#4710=CARTESIAN_POINT('Ctrl Pts',(-54.3172508179919,8.96776570278104,113.846371217528));
#4711=CARTESIAN_POINT('Ctrl Pts',(-54.3215176607172,8.96777332945876,113.846371217528));
#4712=CARTESIAN_POINT('Ctrl Pts',(-54.3250995988695,8.96777973191829,113.846371217528));
#4713=CARTESIAN_POINT('Ctrl Pts',(-54.3286801299912,8.96776876263879,113.846371217528));
#4714=CARTESIAN_POINT('Ctrl Pts',(-54.3322687052542,8.96774029495896,113.846371217528));
#4715=CARTESIAN_POINT('Ctrl Pts',(-54.3737048331433,8.96741158778805,113.846371217527));
#4716=CARTESIAN_POINT('Ctrl Pts',(-54.4158396313485,8.9647463040651,113.846371217525));
#4717=CARTESIAN_POINT('Ctrl Pts',(-54.4584742446172,8.95952211960822,113.846371217524));
#4718=CARTESIAN_POINT('Ctrl Pts',(-54.4994196396275,8.95450492161358,113.846371217523));
#4719=CARTESIAN_POINT('Ctrl Pts',(-54.540825623675,8.94712697186319,113.846371217522));
#4720=CARTESIAN_POINT('Ctrl Pts',(-54.5824818747548,8.93722428921594,113.84637121752));
#4721=CARTESIAN_POINT('Ctrl Pts',(-54.6104148570305,8.93058395429147,113.84637121752));
#4722=CARTESIAN_POINT('Ctrl Pts',(-54.6384596655711,8.92280905820285,113.846371217519));
#4723=CARTESIAN_POINT('Ctrl Pts',(-54.6665452428743,8.91386098505485,113.846371217518));
#4724=CARTESIAN_POINT('',(-54.6665452414763,8.9138609854981,113.846360597698));
#4725=CARTESIAN_POINT('Origin',(-56.8870139085649,8.91386098549799,114.370511610148));
#4726=CARTESIAN_POINT('',(-56.5760622112884,8.91386098549811,109.804784951391));
#4727=CARTESIAN_POINT('',(-56.5760622147056,8.9138609854981,109.804784950391));
#4728=CARTESIAN_POINT('',(-56.5760622115253,8.91386098549811,113.846371452794));
#4729=CARTESIAN_POINT('',(-54.6665452414753,8.9138609854981,113.846371279805));
#4730=CARTESIAN_POINT('',(-56.5760622115231,8.9138609854981,113.846360597698));
#4731=CARTESIAN_POINT('Origin',(-54.2773363896436,8.91386098549799,114.370514727018));
#4732=CARTESIAN_POINT('',(-52.2115208983728,8.91386098549814,109.804618716093));
#4733=CARTESIAN_POINT('',(-53.9804440777545,8.9138609854981,109.804686089443));
#4734=CARTESIAN_POINT('',(-52.2115208987962,8.91386098549814,113.846371056581));
#4735=CARTESIAN_POINT('',(-52.211520898265,8.9138609854981,109.804819304498));
#4736=CARTESIAN_POINT('',(-52.2115208987952,8.9138609854981,113.84637105693));
#4737=CARTESIAN_POINT('Ctrl Pts',(-52.2115208987962,8.91386098549823,121.542628551899));
#4738=CARTESIAN_POINT('Ctrl Pts',(-52.2115208987962,8.91386098549823,-6.82188125118483));
#4739=CARTESIAN_POINT('Ctrl Pts',(-50.7115208987952,8.91386098550229,121.542628551898));
#4740=CARTESIAN_POINT('Ctrl Pts',(-50.7115208987952,8.91386098550229,-6.82188125118582));
#4741=CARTESIAN_POINT('Ctrl Pts',(-50.7115208987962,6.87960746232613,121.542628551901));
#4742=CARTESIAN_POINT('Ctrl Pts',(-50.7115208987962,6.87960746232613,-6.82188125118282));
#4743=CARTESIAN_POINT('Ctrl Pts',(-50.7115208987959,4.84535393915186,121.542628551896));
#4744=CARTESIAN_POINT('Ctrl Pts',(-50.7115208987959,4.84535393915186,-6.82188125118783));
#4745=CARTESIAN_POINT('Ctrl Pts',(-52.211520898798,4.84535393915292,121.542628551897));
#4746=CARTESIAN_POINT('Ctrl Pts',(-52.211520898798,4.84535393915292,-6.82188125118683));
#4747=CARTESIAN_POINT('',(-52.2115208983731,4.84535393915299,109.804618716093));
#4748=CARTESIAN_POINT('Ctrl Pts',(-52.2115208983728,8.91386098549823,109.804618715348));
#4749=CARTESIAN_POINT('Ctrl Pts',(-52.1601345960809,8.9138609854787,109.804616758166));
#4750=CARTESIAN_POINT('Ctrl Pts',(-52.1089561701893,8.91027959797787,109.804614809093));
#4751=CARTESIAN_POINT('Ctrl Pts',(-52.0581934628249,8.90320554960691,109.804612875578));
#4752=CARTESIAN_POINT('Ctrl Pts',(-52.0342273316384,8.89986574406698,109.804611962726));
#4753=CARTESIAN_POINT('Ctrl Pts',(-52.0103530614147,8.89574747199966,109.804611053342));
#4754=CARTESIAN_POINT('Ctrl Pts',(-51.9865885955469,8.8908593610344,109.80461014821));
#4755=CARTESIAN_POINT('Ctrl Pts',(-51.9396525587076,8.88120509160472,109.804608360527));
#4756=CARTESIAN_POINT('Ctrl Pts',(-51.893473459098,8.86861494815116,109.804606601968));
#4757=CARTESIAN_POINT('Ctrl Pts',(-51.8481952114505,8.85328512574107,109.804604877356));
#4758=CARTESIAN_POINT('Ctrl Pts',(-51.8168762084971,8.842681474357,109.804603684442));
#4759=CARTESIAN_POINT('Ctrl Pts',(-51.785986983796,8.83076701298326,109.804602507769));
#4760=CARTESIAN_POINT('Ctrl Pts',(-51.7555615549041,8.81760149260458,109.804601348937));
#4761=CARTESIAN_POINT('Ctrl Pts',(-51.7121237614059,8.79880533503727,109.804599694494));
#4762=CARTESIAN_POINT('Ctrl Pts',(-51.6698663636644,8.77755953075022,109.804598086789));
#4763=CARTESIAN_POINT('Ctrl Pts',(-51.6288987815511,8.75414088663107,109.804596527682));
#4764=CARTESIAN_POINT('Ctrl Pts',(-51.5874828149032,8.73046592868276,109.80459495151));
#4765=CARTESIAN_POINT('Ctrl Pts',(-51.5473844298294,8.70457135629104,109.804593425007));
#4766=CARTESIAN_POINT('Ctrl Pts',(-51.5086670939722,8.67672153214522,109.804591950092));
#4767=CARTESIAN_POINT('Ctrl Pts',(-51.4691672182475,8.64830881808931,109.804590445367));
#4768=CARTESIAN_POINT('Ctrl Pts',(-51.431104036586,8.61786179052269,109.804588994339));
#4769=CARTESIAN_POINT('Ctrl Pts',(-51.3945040450432,8.5856246710766,109.804587599047));
#4770=CARTESIAN_POINT('Ctrl Pts',(-51.3663644656486,8.56083944725914,109.804586526289));
#4771=CARTESIAN_POINT('Ctrl Pts',(-51.3390888524868,8.53499530889765,109.804585486478));
#4772=CARTESIAN_POINT('Ctrl Pts',(-51.312677749006,8.50818576340908,109.804584480541));
#4773=CARTESIAN_POINT('Ctrl Pts',(-51.2592975812635,8.45400029416814,109.804582447417));
#4774=CARTESIAN_POINT('Ctrl Pts',(-51.2087920668433,8.3952043014642,109.804580523379));
#4775=CARTESIAN_POINT('Ctrl Pts',(-51.1614261014622,8.3322290301091,109.804578718955));
#4776=CARTESIAN_POINT('Ctrl Pts',(-51.1100239374753,8.26388744350209,109.80457676077));
#4777=CARTESIAN_POINT('Ctrl Pts',(-51.0623157442589,8.19062076934953,109.804574943454));
#4778=CARTESIAN_POINT('Ctrl Pts',(-51.0186461651144,8.11293851589022,109.804573280461));
#4779=CARTESIAN_POINT('Ctrl Pts',(-50.9815850983099,8.04701190882484,109.804571869129));
#4780=CARTESIAN_POINT('Ctrl Pts',(-50.9474326546217,7.97790194059817,109.804570568947));
#4781=CARTESIAN_POINT('Ctrl Pts',(-50.9164246891864,7.90593786607735,109.80456938814));
#4782=CARTESIAN_POINT('Ctrl Pts',(-50.9108955304252,7.89310565385242,109.804569177585));
#4783=CARTESIAN_POINT('Ctrl Pts',(-50.9054664238734,7.88018280605134,109.804568970826));
#4784=CARTESIAN_POINT('Ctrl Pts',(-50.90013879732,7.86717136328492,109.80456876791));
#4785=CARTESIAN_POINT('Ctrl Pts',(-50.8721522307817,7.79882092522635,109.804567701968));
#4786=CARTESIAN_POINT('Ctrl Pts',(-50.8473483115667,7.72896351973214,109.804566757017));
#4787=CARTESIAN_POINT('Ctrl Pts',(-50.8256791753066,7.65800915844711,109.804565931483));
#4788=CARTESIAN_POINT('Ctrl Pts',(-50.7985934459463,7.56931846936636,109.804564899593));
#4789=CARTESIAN_POINT('Ctrl Pts',(-50.7764042111329,7.47891231830004,109.804564054281));
#4790=CARTESIAN_POINT('Ctrl Pts',(-50.7590262578634,7.3875091773384,109.804563392473));
#4791=CARTESIAN_POINT('Ctrl Pts',(-50.7411994925811,7.29374541156441,109.804562713573));
#4792=CARTESIAN_POINT('Ctrl Pts',(-50.7284366235957,7.19892694000387,109.804562227777));
#4793=CARTESIAN_POINT('Ctrl Pts',(-50.7206595354429,7.10381626737118,109.804561931765));
#4794=CARTESIAN_POINT('Ctrl Pts',(-50.7145525150368,7.02912985425774,109.80456169932));
#4795=CARTESIAN_POINT('Ctrl Pts',(-50.7115208987963,6.95426271809929,109.804561583901));
#4796=CARTESIAN_POINT('Ctrl Pts',(-50.7115208987962,6.87960746232912,109.804561583901));
#4797=CARTESIAN_POINT('Ctrl Pts',(-50.7115208987961,6.79361806549864,109.8045615839));
#4798=CARTESIAN_POINT('Ctrl Pts',(-50.7155433146197,6.70734855769991,109.804561737025));
#4799=CARTESIAN_POINT('Ctrl Pts',(-50.7236537568325,6.62139570288468,109.804562045732));
#4800=CARTESIAN_POINT('Ctrl Pts',(-50.7354699669766,6.49616985596701,109.804562495491));
#4801=CARTESIAN_POINT('Ctrl Pts',(-50.7559581574795,6.37161186061261,109.804563275487));
#4802=CARTESIAN_POINT('Ctrl Pts',(-50.7853030464809,6.24945912904261,109.804564393317));
#4803=CARTESIAN_POINT('Ctrl Pts',(-50.803408882211,6.17409073042022,109.80456508302));
#4804=CARTESIAN_POINT('Ctrl Pts',(-50.824887148115,6.09963538651375,109.804565901334));
#4805=CARTESIAN_POINT('Ctrl Pts',(-50.8497904579496,6.02652410692066,109.804566850042));
#4806=CARTESIAN_POINT('Ctrl Pts',(-50.8652489891124,5.9811408626269,109.804567438945));
#4807=CARTESIAN_POINT('Ctrl Pts',(-50.882027470328,5.93627610886743,109.804568078092));
#4808=CARTESIAN_POINT('Ctrl Pts',(-50.9001387973189,5.89204356137129,109.80456876791));
#4809=CARTESIAN_POINT('Ctrl Pts',(-50.9296834747791,5.81988781322164,109.804569893196));
#4810=CARTESIAN_POINT('Ctrl Pts',(-50.9623468948166,5.7504607242459,109.804571136645));
#4811=CARTESIAN_POINT('Ctrl Pts',(-50.9978961386173,5.68408855936665,109.804572490304));
#4812=CARTESIAN_POINT('Ctrl Pts',(-51.0441894424858,5.59765671247855,109.804574253079));
#4813=CARTESIAN_POINT('Ctrl Pts',(-51.0953755654209,5.51640055126999,109.804576202749));
#4814=CARTESIAN_POINT('Ctrl Pts',(-51.1509994734374,5.44098486245132,109.80457832175));
#4815=CARTESIAN_POINT('Ctrl Pts',(-51.1979508958015,5.37732745352663,109.804580110371));
#4816=CARTESIAN_POINT('Ctrl Pts',(-51.2480675605432,5.31782825587013,109.804582019638));
#4817=CARTESIAN_POINT('Ctrl Pts',(-51.3010848384582,5.26291623455759,109.80458403899));
#4818=CARTESIAN_POINT('Ctrl Pts',(-51.3049338967585,5.25892961774637,109.804584185595));
#4819=CARTESIAN_POINT('Ctrl Pts',(-51.3087982356676,5.25496720152327,109.80458433278));
#4820=CARTESIAN_POINT('Ctrl Pts',(-51.3126777490056,5.25102916124472,109.804584480541));
#4821=CARTESIAN_POINT('Ctrl Pts',(-51.3470066877083,5.21618233084269,109.804585788049));
#4822=CARTESIAN_POINT('Ctrl Pts',(-51.3827970088682,5.18296499990402,109.804587152787));
#4823=CARTESIAN_POINT('Ctrl Pts',(-51.4200447133318,5.1515876484321,109.804588572717));
#4824=CARTESIAN_POINT('Ctrl Pts',(-51.4567915782846,5.1206322026209,109.804589973555));
#4825=CARTESIAN_POINT('Ctrl Pts',(-51.494957703131,5.09146800461264,109.804591428111));
#4826=CARTESIAN_POINT('Ctrl Pts',(-51.5345099812231,5.06433776358352,109.80459293443));
#4827=CARTESIAN_POINT('Ctrl Pts',(-51.573353406808,5.03769374838774,109.804594413753));
#4828=CARTESIAN_POINT('Ctrl Pts',(-51.6135344081604,5.01301220797902,109.804595943));
#4829=CARTESIAN_POINT('Ctrl Pts',(-51.6549823960252,4.99055364459204,109.804597520319));
#4830=CARTESIAN_POINT('Ctrl Pts',(-51.687737030594,4.97280556864003,109.804598766808));
#4831=CARTESIAN_POINT('Ctrl Pts',(-51.721282247105,4.95644658122064,109.804600043319));
#4832=CARTESIAN_POINT('Ctrl Pts',(-51.7555615549047,4.94161343204769,109.804601348937));
#4833=CARTESIAN_POINT('Ctrl Pts',(-51.7995479521155,4.92257988576889,109.804603024274));
#4834=CARTESIAN_POINT('Ctrl Pts',(-51.844505696105,4.90616012534902,109.804604736899));
#4835=CARTESIAN_POINT('Ctrl Pts',(-51.8903250020784,4.89253836730403,109.804606481984));
#4836=CARTESIAN_POINT('Ctrl Pts',(-51.9220182555425,4.88311618551462,109.80460768906));
#4837=CARTESIAN_POINT('Ctrl Pts',(-51.9541228983807,4.8750334301093,109.804608911668));
#4838=CARTESIAN_POINT('Ctrl Pts',(-51.9865885955481,4.86835556361725,109.80461014821));
#4839=CARTESIAN_POINT('Ctrl Pts',(-52.0369241552223,4.85800204662438,109.804612065372));
#4840=CARTESIAN_POINT('Ctrl Pts',(-52.0877554934595,4.85110138426953,109.80461400161));
#4841=CARTESIAN_POINT('Ctrl Pts',(-52.1388992996735,4.84773943626026,109.804615949475));
#4842=CARTESIAN_POINT('Ctrl Pts',(-52.1630453555634,4.84615219059866,109.804616869103));
#4843=CARTESIAN_POINT('Ctrl Pts',(-52.1872603550357,4.84535393916222,109.804617791322));
#4844=CARTESIAN_POINT('Ctrl Pts',(-52.2115208983732,4.84535393915292,109.804618715348));
#4845=CARTESIAN_POINT('',(-52.2115208987964,4.84535393915299,113.846371056581));
#4846=CARTESIAN_POINT('',(-52.211520898265,4.84535393915303,109.804819304498));
#4847=CARTESIAN_POINT('Ctrl Pts',(-52.2115208987962,4.84535393915292,113.84637105693));
#4848=CARTESIAN_POINT('Ctrl Pts',(-52.169908730763,4.84535393915296,113.84637105693));
#4849=CARTESIAN_POINT('Ctrl Pts',(-52.1275758314535,4.84770469252182,113.84637105693));
#4850=CARTESIAN_POINT('Ctrl Pts',(-52.0847222641323,4.85263508352733,113.84637105693));
#4851=CARTESIAN_POINT('Ctrl Pts',(-52.0433626333293,4.85739359406564,113.84637105693));
#4852=CARTESIAN_POINT('Ctrl Pts',(-52.0015183870258,4.86455568891622,113.84637105693));
#4853=CARTESIAN_POINT('Ctrl Pts',(-51.9594052536957,4.87429352850451,113.84637105693));
#4854=CARTESIAN_POINT('Ctrl Pts',(-51.9186080972949,4.88372707412972,113.84637105693));
#4855=CARTESIAN_POINT('Ctrl Pts',(-51.8775590463437,4.89557841433175,113.84637105693));
#4856=CARTESIAN_POINT('Ctrl Pts',(-51.8364824777179,4.90996341233414,113.84637105693));
#4857=CARTESIAN_POINT('Ctrl Pts',(-51.7964623691413,4.92397843844728,113.84637105693));
#4858=CARTESIAN_POINT('Ctrl Pts',(-51.7564166268612,4.94039883833855,113.84637105693));
#4859=CARTESIAN_POINT('Ctrl Pts',(-51.7165732052077,4.9592861288851,113.84637105693));
#4860=CARTESIAN_POINT('Ctrl Pts',(-51.6774965212324,4.9778099567395,113.84637105693));
#4861=CARTESIAN_POINT('Ctrl Pts',(-51.6386149546317,4.9987068831676,113.84637105693));
#4862=CARTESIAN_POINT('Ctrl Pts',(-51.6001562054473,5.02198596879811,113.84637105693));
#4863=CARTESIAN_POINT('Ctrl Pts',(-51.5607662273039,5.04582872743246,113.84637105693));
#4864=CARTESIAN_POINT('Ctrl Pts',(-51.5218203548,5.07217088459302,113.84637105693));
#4865=CARTESIAN_POINT('Ctrl Pts',(-51.4835686290251,5.10096427059721,113.84637105693));
#4866=CARTESIAN_POINT('Ctrl Pts',(-51.4465122696807,5.12885786328878,113.84637105693));
#4867=CARTESIAN_POINT('Ctrl Pts',(-51.4101079252269,5.15905162591555,113.84637105693));
#4868=CARTESIAN_POINT('Ctrl Pts',(-51.3745793876149,5.19144725495357,113.846371056931));
#4869=CARTESIAN_POINT('Ctrl Pts',(-51.3391811335522,5.22372408885351,113.846371056931));
#4870=CARTESIAN_POINT('Ctrl Pts',(-51.3046528320676,5.25818647882144,113.846371056931));
#4871=CARTESIAN_POINT('Ctrl Pts',(-51.2712038533557,5.29468513054603,113.846371056931));
#4872=CARTESIAN_POINT('Ctrl Pts',(-51.2373765568344,5.33159659278071,113.846371056931));
#4873=CARTESIAN_POINT('Ctrl Pts',(-51.2046537192309,5.37059036344115,113.846371056931));
#4874=CARTESIAN_POINT('Ctrl Pts',(-51.1732309264142,5.41146199634118,113.846371056931));
#4875=CARTESIAN_POINT('Ctrl Pts',(-51.1412987957309,5.45299612510639,113.846371056931));
#4876=CARTESIAN_POINT('Ctrl Pts',(-51.1107097718507,5.49646901553528,113.846371056931));
#4877=CARTESIAN_POINT('Ctrl Pts',(-51.0816386482337,5.54162036279065,113.846371056931));
#4878=CARTESIAN_POINT('Ctrl Pts',(-51.0520231907067,5.58761713348798,113.846371056931));
#4879=CARTESIAN_POINT('Ctrl Pts',(-51.0239835252244,5.63535510719368,113.846371056931));
#4880=CARTESIAN_POINT('Ctrl Pts',(-50.9976646355656,5.68452090621011,113.846371056932));
#4881=CARTESIAN_POINT('Ctrl Pts',(-50.9708865958803,5.73454443434083,113.846371056932));
#4882=CARTESIAN_POINT('Ctrl Pts',(-50.9458902696553,5.7860451192631,113.846371056932));
#4883=CARTESIAN_POINT('Ctrl Pts',(-50.9227806419898,5.83866619889287,113.846371056932));
#4884=CARTESIAN_POINT('Ctrl Pts',(-50.8993928594091,5.8919206427707,113.846371056932));
#4885=CARTESIAN_POINT('Ctrl Pts',(-50.8779376029899,5.94632154733877,113.846371056932));
#4886=CARTESIAN_POINT('Ctrl Pts',(-50.8584713617149,6.00148729154518,113.846371056932));
#4887=CARTESIAN_POINT('Ctrl Pts',(-50.8389116725741,6.05691785940108,113.846371056932));
#4888=CARTESIAN_POINT('Ctrl Pts',(-50.8213599995806,6.11311956752336,113.846371056932));
#4889=CARTESIAN_POINT('Ctrl Pts',(-50.8058212590504,6.16970962439504,113.846371056933));
#4890=CARTESIAN_POINT('Ctrl Pts',(-50.7902890562164,6.22627587183375,113.846371056933));
#4891=CARTESIAN_POINT('Ctrl Pts',(-50.7767677229054,6.28322923302454,113.846371056933));
#4892=CARTESIAN_POINT('Ctrl Pts',(-50.7652138968742,6.34020659061144,113.846371056933));
#4893=CARTESIAN_POINT('Ctrl Pts',(-50.7536781482701,6.39709479989166,113.846371056933));
#4894=CARTESIAN_POINT('Ctrl Pts',(-50.7441032511932,6.45400624035493,113.846371056933));
#4895=CARTESIAN_POINT('Ctrl Pts',(-50.7364045257524,6.51061063014464,113.846371056933));
#4896=CARTESIAN_POINT('Ctrl Pts',(-50.7286993333422,6.56726256791588,113.846371056934));
#4897=CARTESIAN_POINT('Ctrl Pts',(-50.7228729056775,6.62360646431465,113.846371056934));
#4898=CARTESIAN_POINT('Ctrl Pts',(-50.7188067354112,6.67935117914966,113.846371056934));
#4899=CARTESIAN_POINT('Ctrl Pts',(-50.7147187756909,6.73539461411336,113.846371056934));
#4900=CARTESIAN_POINT('Ctrl Pts',(-50.7124094179283,6.79083214032627,113.846371056934));
#4901=CARTESIAN_POINT('Ctrl Pts',(-50.7117328156893,6.84541409320367,113.846371056934));
#4902=CARTESIAN_POINT('Ctrl Pts',(-50.7116205236377,6.85447276773007,113.846371056934));
#4903=CARTESIAN_POINT('Ctrl Pts',(-50.7115531594124,6.86350798345588,113.846371056934));
#4904=CARTESIAN_POINT('Ctrl Pts',(-50.7115300061005,6.87251872784051,113.846371056934));
#4905=CARTESIAN_POINT('Ctrl Pts',(-50.7115163911218,6.87781736907658,113.846371056934));
#4906=CARTESIAN_POINT('Ctrl Pts',(-50.7115180230449,6.8831043412174,113.846371056934));
#4907=CARTESIAN_POINT('Ctrl Pts',(-50.7115349254969,6.88840479865137,113.846371056934));
#4908=CARTESIAN_POINT('Ctrl Pts',(-50.711708128627,6.94271974740987,113.846371056934));
#4909=CARTESIAN_POINT('Ctrl Pts',(-50.7134897929931,6.99792487149113,113.846371056934));
#4910=CARTESIAN_POINT('Ctrl Pts',(-50.7170289537107,7.0537779320568,113.846371056934));
#4911=CARTESIAN_POINT('Ctrl Pts',(-50.7207080952531,7.11184009192725,113.846371056934));
#4912=CARTESIAN_POINT('Ctrl Pts',(-50.72628736804,7.17060254624515,113.846371056934));
#4913=CARTESIAN_POINT('Ctrl Pts',(-50.7339064455704,7.22973954172355,113.846371056934));
#4914=CARTESIAN_POINT('Ctrl Pts',(-50.7412011511815,7.28635885961546,113.846371056934));
#4915=CARTESIAN_POINT('Ctrl Pts',(-50.7503660389632,7.34332072405086,113.846371056934));
#4916=CARTESIAN_POINT('Ctrl Pts',(-50.7614903060901,7.40029739006237,113.846371056934));
#4917=CARTESIAN_POINT('Ctrl Pts',(-50.772627976187,7.45734270388087,113.846371056933));
#4918=CARTESIAN_POINT('Ctrl Pts',(-50.7857302665553,7.51440218129535,113.846371056933));
#4919=CARTESIAN_POINT('Ctrl Pts',(-50.8008456037092,7.57111432218315,113.846371056933));
#4920=CARTESIAN_POINT('Ctrl Pts',(-50.8159323645509,7.62771924588964,113.846371056933));
#4921=CARTESIAN_POINT('Ctrl Pts',(-50.8330249352465,7.683977250786,113.846371056933));
#4922=CARTESIAN_POINT('Ctrl Pts',(-50.8521239098596,7.73950826870174,113.846371056933));
#4923=CARTESIAN_POINT('Ctrl Pts',(-50.8710676859812,7.79458804091545,113.846371056933));
#4924=CARTESIAN_POINT('Ctrl Pts',(-50.8919855212869,7.84895156954254,113.846371056933));
#4925=CARTESIAN_POINT('Ctrl Pts',(-50.9148275030784,7.9022220637571,113.846371056933));
#4926=CARTESIAN_POINT('Ctrl Pts',(-50.9373355665865,7.95471381678584,113.846371056933));
#4927=CARTESIAN_POINT('Ctrl Pts',(-50.9617118026466,8.00614325435816,113.846371056933));
#4928=CARTESIAN_POINT('Ctrl Pts',(-50.9878593130655,8.05615917711466,113.846371056933));
#4929=CARTESIAN_POINT('Ctrl Pts',(-51.013532405027,8.10526761474011,113.846371056933));
#4930=CARTESIAN_POINT('Ctrl Pts',(-51.0409127457175,8.15301250247958,113.846371056933));
#4931=CARTESIAN_POINT('Ctrl Pts',(-51.0698643740991,8.19908421455232,113.846371056933));
#4932=CARTESIAN_POINT('Ctrl Pts',(-51.0983038645388,8.24434094407937,113.846371056932));
#4933=CARTESIAN_POINT('Ctrl Pts',(-51.1282590871434,8.28798249851853,113.846371056932));
#4934=CARTESIAN_POINT('Ctrl Pts',(-51.159563932899,8.32974887720438,113.846371056932));
#4935=CARTESIAN_POINT('Ctrl Pts',(-51.1904243483896,8.37092230478943,113.846371056932));
#4936=CARTESIAN_POINT('Ctrl Pts',(-51.2225958200611,8.41027294135307,113.846371056932));
#4937=CARTESIAN_POINT('Ctrl Pts',(-51.25588989726,8.44759304010125,113.846371056932));
#4938=CARTESIAN_POINT('Ctrl Pts',(-51.2888847052665,8.4845776811118,113.846371056932));
#4939=CARTESIAN_POINT('Ctrl Pts',(-51.3229814849438,8.51956781368109,113.846371056932));
#4940=CARTESIAN_POINT('Ctrl Pts',(-51.3579756858422,8.5524080352594,113.846371056932));
#4941=CARTESIAN_POINT('Ctrl Pts',(-51.3929282166565,8.58520915164994,113.846371056932));
#4942=CARTESIAN_POINT('Ctrl Pts',(-51.4287754840395,8.61586529826202,113.846371056932));
#4943=CARTESIAN_POINT('Ctrl Pts',(-51.4653006356899,8.64427224021062,113.846371056932));
#4944=CARTESIAN_POINT('Ctrl Pts',(-51.5020309266189,8.67283872645442,113.846371056932));
#4945=CARTESIAN_POINT('Ctrl Pts',(-51.5394461851307,8.69913062923145,113.846371056932));
#4946=CARTESIAN_POINT('Ctrl Pts',(-51.5773210089242,8.72309490100276,113.846371056932));
#4947=CARTESIAN_POINT('Ctrl Pts',(-51.6156188749088,8.74732684129424,113.846371056932));
#4948=CARTESIAN_POINT('Ctrl Pts',(-51.6543860806785,8.76917896104793,113.846371056932));
#4949=CARTESIAN_POINT('Ctrl Pts',(-51.6933930061148,8.78865007088199,113.846371056932));
#4950=CARTESIAN_POINT('Ctrl Pts',(-51.7330472599298,8.80844430800226,113.846371056932));
#4951=CARTESIAN_POINT('Ctrl Pts',(-51.7729487219472,8.82577809237084,113.846371056932));
#4952=CARTESIAN_POINT('Ctrl Pts',(-51.8128679820805,8.84070281792441,113.846371056932));
#4953=CARTESIAN_POINT('Ctrl Pts',(-51.8541641955806,8.85614234888845,113.846371056932));
#4954=CARTESIAN_POINT('Ctrl Pts',(-51.8954788871593,8.86900405957414,113.846371056932));
#4955=CARTESIAN_POINT('Ctrl Pts',(-51.9365792986618,8.87939679839949,113.846371056932));
#4956=CARTESIAN_POINT('Ctrl Pts',(-51.9786500092855,8.89003488915636,113.846371056932));
#4957=CARTESIAN_POINT('Ctrl Pts',(-52.0204957393944,8.89808664389884,113.846371056932));
#4958=CARTESIAN_POINT('Ctrl Pts',(-52.0618967280557,8.90371532252358,113.846371056932));
#4959=CARTESIAN_POINT('Ctrl Pts',(-52.1048391256066,8.90955356366238,113.846371056932));
#4960=CARTESIAN_POINT('Ctrl Pts',(-52.1473026037022,8.91278563498942,113.846371056932));
#4961=CARTESIAN_POINT('Ctrl Pts',(-52.1890809462278,8.91363333912638,113.846371056932));
#4962=CARTESIAN_POINT('Ctrl Pts',(-52.1965832673775,8.91378556509541,113.846371056932));
#4963=CARTESIAN_POINT('Ctrl Pts',(-52.2040636023692,8.91386098549825,113.846371056932));
#4964=CARTESIAN_POINT('Ctrl Pts',(-52.2115208987962,8.91386098549823,113.846371056932));
#4965=CARTESIAN_POINT('Origin',(-57.1325163428489,4.84535393915303,109.280665175178));
#4966=CARTESIAN_POINT('',(-56.5760622115185,4.84535393915264,113.846371452794));
#4967=CARTESIAN_POINT('',(-56.5760622115221,4.84535393915303,113.846371453157));
#4968=CARTESIAN_POINT('',(-56.5760622112884,4.84535393915264,109.804784951391));
#4969=CARTESIAN_POINT('',(-52.211520905905,4.84535393915303,109.804618715349));
#4970=CARTESIAN_POINT('',(-56.5760622112866,4.84535393915303,109.804874716199));
#4971=CARTESIAN_POINT('Ctrl Pts',(-56.5760622112866,4.84535393915186,121.542628551897));
#4972=CARTESIAN_POINT('Ctrl Pts',(-56.5760622112866,4.84535393915186,-6.821881251186));
#4973=CARTESIAN_POINT('Ctrl Pts',(-58.076062211525,4.84535393883211,121.542628551899));
#4974=CARTESIAN_POINT('Ctrl Pts',(-58.076062211525,4.84535393883211,-6.82188125118397));
#4975=CARTESIAN_POINT('Ctrl Pts',(-58.0760622115267,6.87960746232613,121.542628551901));
#4976=CARTESIAN_POINT('Ctrl Pts',(-58.0760622115267,6.87960746232613,-6.82188125118198));
#4977=CARTESIAN_POINT('Ctrl Pts',(-58.0760622115248,8.91386098582022,121.542628551898));
#4978=CARTESIAN_POINT('Ctrl Pts',(-58.0760622115248,8.91386098582022,-6.82188125118499));
#4979=CARTESIAN_POINT('Ctrl Pts',(-56.5760622112866,8.91386098549812,121.542628551899));
#4980=CARTESIAN_POINT('Ctrl Pts',(-56.5760622112866,8.91386098549812,-6.82188125118399));
#4981=CARTESIAN_POINT('Ctrl Pts',(-56.5760622114793,8.91386098549812,113.846371453157));
#4982=CARTESIAN_POINT('Ctrl Pts',(-56.6176743795124,8.91386098549981,113.846371453157));
#4983=CARTESIAN_POINT('Ctrl Pts',(-56.6600072788217,8.91151023213271,113.846371453157));
#4984=CARTESIAN_POINT('Ctrl Pts',(-56.7028608461429,8.90657984112902,113.846371453157));
#4985=CARTESIAN_POINT('Ctrl Pts',(-56.7442204769459,8.90182133059244,113.846371453157));
#4986=CARTESIAN_POINT('Ctrl Pts',(-56.7860647232495,8.89465923574363,113.846371453157));
#4987=CARTESIAN_POINT('Ctrl Pts',(-56.8281778565798,8.88492139615711,113.846371453157));
#4988=CARTESIAN_POINT('Ctrl Pts',(-56.8689750129808,8.87548785053361,113.846371453156));
#4989=CARTESIAN_POINT('Ctrl Pts',(-56.9100240639323,8.86363651033329,113.846371453156));
#4990=CARTESIAN_POINT('Ctrl Pts',(-56.9511006325586,8.84925151233259,113.846371453156));
#4991=CARTESIAN_POINT('Ctrl Pts',(-56.9911207411354,8.83523648622115,113.846371453156));
#4992=CARTESIAN_POINT('Ctrl Pts',(-57.0311664834159,8.81881608633158,113.846371453156));
#4993=CARTESIAN_POINT('Ctrl Pts',(-57.0710099050698,8.79992879578672,113.846371453156));
#4994=CARTESIAN_POINT('Ctrl Pts',(-57.1100865890455,8.781404967934,113.846371453156));
#4995=CARTESIAN_POINT('Ctrl Pts',(-57.1489681556465,8.76050804150758,113.846371453156));
#4996=CARTESIAN_POINT('Ctrl Pts',(-57.1874269048315,8.7372289558787,113.846371453156));
#4997=CARTESIAN_POINT('Ctrl Pts',(-57.2268168829761,8.71338619724559,113.846371453156));
#4998=CARTESIAN_POINT('Ctrl Pts',(-57.2657627554814,8.68704404008615,113.846371453157));
#4999=CARTESIAN_POINT('Ctrl Pts',(-57.3040144812576,8.65825065408293,113.846371453157));
#5000=CARTESIAN_POINT('Ctrl Pts',(-57.3410708406034,8.6303570613923,113.846371453157));
#5001=CARTESIAN_POINT('Ctrl Pts',(-57.3774751850586,8.60016329876634,113.846371453157));
#5002=CARTESIAN_POINT('Ctrl Pts',(-57.413003722672,8.56776766972899,113.846371453157));
#5003=CARTESIAN_POINT('Ctrl Pts',(-57.4484019767352,8.53549083583055,113.846371453157));
#5004=CARTESIAN_POINT('Ctrl Pts',(-57.4829302782204,8.50102844586408,113.846371453157));
#5005=CARTESIAN_POINT('Ctrl Pts',(-57.516379256933,8.46452979414091,113.846371453157));
#5006=CARTESIAN_POINT('Ctrl Pts',(-57.5502065534549,8.42761833190776,113.846371453157));
#5007=CARTESIAN_POINT('Ctrl Pts',(-57.5829293910591,8.3886245612488,113.846371453157));
#5008=CARTESIAN_POINT('Ctrl Pts',(-57.6143521838764,8.34775292835019,113.846371453157));
#5009=CARTESIAN_POINT('Ctrl Pts',(-57.6462843145605,8.30621879958653,113.846371453157));
#5010=CARTESIAN_POINT('Ctrl Pts',(-57.6768733384414,8.26274590915912,113.846371453157));
#5011=CARTESIAN_POINT('Ctrl Pts',(-57.7059444620593,8.21759456190519,113.846371453157));
#5012=CARTESIAN_POINT('Ctrl Pts',(-57.7355599195872,8.17159779120925,113.846371453157));
#5013=CARTESIAN_POINT('Ctrl Pts',(-57.7635995850704,8.12385981750486,113.846371453157));
#5014=CARTESIAN_POINT('Ctrl Pts',(-57.7899184747303,8.07469401848964,113.846371453157));
#5015=CARTESIAN_POINT('Ctrl Pts',(-57.8166965144166,8.02467049036011,113.846371453157));
#5016=CARTESIAN_POINT('Ctrl Pts',(-57.8416928406428,7.97316980543892,113.846371453157));
#5017=CARTESIAN_POINT('Ctrl Pts',(-57.8648024683094,7.92054872581013,113.846371453157));
#5018=CARTESIAN_POINT('Ctrl Pts',(-57.8881902508914,7.86729428193331,113.846371453157));
#5019=CARTESIAN_POINT('Ctrl Pts',(-57.9096455073117,7.81289337736614,113.846371453157));
#5020=CARTESIAN_POINT('Ctrl Pts',(-57.929111748588,7.75772763316051,113.846371453157));
#5021=CARTESIAN_POINT('Ctrl Pts',(-57.9486714377301,7.70229706530525,113.846371453158));
#5022=CARTESIAN_POINT('Ctrl Pts',(-57.966223110725,7.64609535718348,113.846371453158));
#5023=CARTESIAN_POINT('Ctrl Pts',(-57.9817618512566,7.5895053003122,113.846371453158));
#5024=CARTESIAN_POINT('Ctrl Pts',(-57.997294054092,7.5329390528737,113.846371453158));
#5025=CARTESIAN_POINT('Ctrl Pts',(-58.0108153874043,7.475985691683,113.846371453158));
#5026=CARTESIAN_POINT('Ctrl Pts',(-58.0223692134368,7.41900833409609,113.846371453158));
#5027=CARTESIAN_POINT('Ctrl Pts',(-58.0339049620423,7.36212012481591,113.846371453158));
#5028=CARTESIAN_POINT('Ctrl Pts',(-58.0434798591205,7.30520868435257,113.846371453158));
#5029=CARTESIAN_POINT('Ctrl Pts',(-58.0511785845626,7.24860429456269,113.846371453158));
#5030=CARTESIAN_POINT('Ctrl Pts',(-58.058883776974,7.19195235679133,113.846371453158));
#5031=CARTESIAN_POINT('Ctrl Pts',(-58.06471020464,7.13560846039235,113.846371453158));
#5032=CARTESIAN_POINT('Ctrl Pts',(-58.0687763749075,7.07986374555704,113.846371453158));
#5033=CARTESIAN_POINT('Ctrl Pts',(-58.072864334629,7.02382031059321,113.846371453158));
#5034=CARTESIAN_POINT('Ctrl Pts',(-58.0751736923927,6.96838278438006,113.846371453159));
#5035=CARTESIAN_POINT('Ctrl Pts',(-58.075850294633,6.91380083150236,113.846371453159));
#5036=CARTESIAN_POINT('Ctrl Pts',(-58.0759625866846,6.90474215698531,113.846371453159));
#5037=CARTESIAN_POINT('Ctrl Pts',(-58.0760299509101,6.8957069412688,113.846371453159));
#5038=CARTESIAN_POINT('Ctrl Pts',(-58.0760531042222,6.88669619689342,113.846371453159));
#5039=CARTESIAN_POINT('Ctrl Pts',(-58.0760667192011,6.88139755563526,113.846371453159));
#5040=CARTESIAN_POINT('Ctrl Pts',(-58.0760650872781,6.8761105834725,113.846371453159));
#5041=CARTESIAN_POINT('Ctrl Pts',(-58.076048184826,6.87081012601652,113.846371453159));
#5042=CARTESIAN_POINT('Ctrl Pts',(-58.0758749816962,6.81649517725832,113.846371453159));
#5043=CARTESIAN_POINT('Ctrl Pts',(-58.0740933173304,6.76129005317735,113.846371453159));
#5044=CARTESIAN_POINT('Ctrl Pts',(-58.070554156613,6.70543699261194,113.846371453158));
#5045=CARTESIAN_POINT('Ctrl Pts',(-58.0668750150708,6.64737483273989,113.846371453158));
#5046=CARTESIAN_POINT('Ctrl Pts',(-58.061295742284,6.58861237842032,113.846371453158));
#5047=CARTESIAN_POINT('Ctrl Pts',(-58.0536766647535,6.5294753829402,113.846371453158));
#5048=CARTESIAN_POINT('Ctrl Pts',(-58.0463819591426,6.4728560650484,113.846371453158));
#5049=CARTESIAN_POINT('Ctrl Pts',(-58.037217071361,6.41589420061308,113.846371453158));
#5050=CARTESIAN_POINT('Ctrl Pts',(-58.0260928042343,6.35891753460163,113.846371453158));
#5051=CARTESIAN_POINT('Ctrl Pts',(-58.0149551341377,6.30187222078315,113.846371453158));
#5052=CARTESIAN_POINT('Ctrl Pts',(-58.0018528437695,6.24481274336865,113.846371453158));
#5053=CARTESIAN_POINT('Ctrl Pts',(-57.9867375066158,6.18810060248081,113.846371453158));
#5054=CARTESIAN_POINT('Ctrl Pts',(-57.9716507457743,6.13149567877413,113.846371453158));
#5055=CARTESIAN_POINT('Ctrl Pts',(-57.9545581750787,6.07523767387758,113.846371453158));
#5056=CARTESIAN_POINT('Ctrl Pts',(-57.9354592004658,6.0197066559616,113.846371453158));
#5057=CARTESIAN_POINT('Ctrl Pts',(-57.9165154243443,5.96462688374777,113.846371453158));
#5058=CARTESIAN_POINT('Ctrl Pts',(-57.8955975890388,5.91026335512055,113.846371453157));
#5059=CARTESIAN_POINT('Ctrl Pts',(-57.8727556072474,5.85699286090582,113.846371453157));
#5060=CARTESIAN_POINT('Ctrl Pts',(-57.8502475437394,5.8045011078768,113.846371453157));
#5061=CARTESIAN_POINT('Ctrl Pts',(-57.8258713076794,5.75307167030417,113.846371453157));
#5062=CARTESIAN_POINT('Ctrl Pts',(-57.7997237972606,5.70305574754735,113.846371453157));
#5063=CARTESIAN_POINT('Ctrl Pts',(-57.7740507052992,5.65394730992167,113.846371453157));
#5064=CARTESIAN_POINT('Ctrl Pts',(-57.7466703646088,5.60620242218196,113.846371453157));
#5065=CARTESIAN_POINT('Ctrl Pts',(-57.7177187362273,5.56013071010894,113.846371453157));
#5066=CARTESIAN_POINT('Ctrl Pts',(-57.6892792457877,5.51487398058163,113.846371453157));
#5067=CARTESIAN_POINT('Ctrl Pts',(-57.6593240231832,5.47123242614218,113.846371453157));
#5068=CARTESIAN_POINT('Ctrl Pts',(-57.6280191774276,5.42946604745602,113.846371453157));
#5069=CARTESIAN_POINT('Ctrl Pts',(-57.5971587619371,5.38829261987064,113.846371453157));
#5070=CARTESIAN_POINT('Ctrl Pts',(-57.5649872902657,5.34894198330667,113.846371453156));
#5071=CARTESIAN_POINT('Ctrl Pts',(-57.5316932130668,5.31162188455813,113.846371453156));
#5072=CARTESIAN_POINT('Ctrl Pts',(-57.4986984050603,5.2746372435473,113.846371453156));
#5073=CARTESIAN_POINT('Ctrl Pts',(-57.4646016253831,5.23964711097771,113.846371453156));
#5074=CARTESIAN_POINT('Ctrl Pts',(-57.4296074244848,5.20680688939908,113.846371453156));
#5075=CARTESIAN_POINT('Ctrl Pts',(-57.3946548936706,5.1740057730082,113.846371453156));
#5076=CARTESIAN_POINT('Ctrl Pts',(-57.3588076262875,5.14334962639576,113.846371453156));
#5077=CARTESIAN_POINT('Ctrl Pts',(-57.3222824746371,5.1149426844468,113.846371453156));
#5078=CARTESIAN_POINT('Ctrl Pts',(-57.2855521837081,5.0863761982026,113.846371453156));
#5079=CARTESIAN_POINT('Ctrl Pts',(-57.2481369251963,5.06008429542516,113.846371453156));
#5080=CARTESIAN_POINT('Ctrl Pts',(-57.2102621014027,5.03612002365344,113.846371453156));
#5081=CARTESIAN_POINT('Ctrl Pts',(-57.1719642354181,5.01188808336154,113.846371453156));
#5082=CARTESIAN_POINT('Ctrl Pts',(-57.1331970296483,4.99003596360745,113.846371453155));
#5083=CARTESIAN_POINT('Ctrl Pts',(-57.0941901042118,4.97056485377298,113.846371453155));
#5084=CARTESIAN_POINT('Ctrl Pts',(-57.0545358503968,4.95077061665234,113.846371453155));
#5085=CARTESIAN_POINT('Ctrl Pts',(-57.0146343883794,4.93343683228338,113.846371453155));
#5086=CARTESIAN_POINT('Ctrl Pts',(-56.974715128246,4.91851210672943,113.846371453155));
#5087=CARTESIAN_POINT('Ctrl Pts',(-56.9334189147459,4.90307257576498,113.846371453155));
#5088=CARTESIAN_POINT('Ctrl Pts',(-56.892104223167,4.89021086507888,113.846371453155));
#5089=CARTESIAN_POINT('Ctrl Pts',(-56.8510038116644,4.87981812625313,113.846371453155));
#5090=CARTESIAN_POINT('Ctrl Pts',(-56.8089331010406,4.86918003549585,113.846371453155));
#5091=CARTESIAN_POINT('Ctrl Pts',(-56.7670873709315,4.86112828075297,113.846371453155));
#5092=CARTESIAN_POINT('Ctrl Pts',(-56.72568638227,4.85549960212784,113.846371453155));
#5093=CARTESIAN_POINT('Ctrl Pts',(-56.6827439847188,4.84966136098862,113.846371453155));
#5094=CARTESIAN_POINT('Ctrl Pts',(-56.6402805066228,4.8464292896612,113.846371453155));
#5095=CARTESIAN_POINT('Ctrl Pts',(-56.5985021640969,4.84558158552389,113.846371453155));
#5096=CARTESIAN_POINT('Ctrl Pts',(-56.5909998429289,4.84542935955443,113.846371453155));
#5097=CARTESIAN_POINT('Ctrl Pts',(-56.583519507919,4.84535393915153,113.846371453155));
#5098=CARTESIAN_POINT('Ctrl Pts',(-56.5760622114739,4.84535393915186,113.846371453155));
#5099=CARTESIAN_POINT('Ctrl Pts',(-56.5760622112866,4.84535393915186,109.804784950391));
#5100=CARTESIAN_POINT('Ctrl Pts',(-56.6274485135822,4.84535393914091,109.804786907574));
#5101=CARTESIAN_POINT('Ctrl Pts',(-56.6786269394788,4.84893532661188,109.804788856647));
#5102=CARTESIAN_POINT('Ctrl Pts',(-56.7293896468493,4.85600937495375,109.804790790161));
#5103=CARTESIAN_POINT('Ctrl Pts',(-56.7533557781902,4.85934918050106,109.804791703014));
#5104=CARTESIAN_POINT('Ctrl Pts',(-56.7772300485673,4.86346745258575,109.804792612398));
#5105=CARTESIAN_POINT('Ctrl Pts',(-56.8009945145872,4.86835556357825,109.80479351753));
#5106=CARTESIAN_POINT('Ctrl Pts',(-56.8479305514304,4.87800983300073,109.804795305213));
#5107=CARTESIAN_POINT('Ctrl Pts',(-56.8941096510442,4.89059997644761,109.804797063772));
#5108=CARTESIAN_POINT('Ctrl Pts',(-56.9393878986963,4.90592979885157,109.804798788383));
#5109=CARTESIAN_POINT('Ctrl Pts',(-56.970706901666,4.91653345023589,109.804799981298));
#5110=CARTESIAN_POINT('Ctrl Pts',(-57.0015961263833,4.92844791161128,109.80480115797));
#5111=CARTESIAN_POINT('Ctrl Pts',(-57.032021555291,4.94161343199289,109.804802316803));
#5112=CARTESIAN_POINT('Ctrl Pts',(-57.0754593487914,4.96040958955559,109.804803971246));
#5113=CARTESIAN_POINT('Ctrl Pts',(-57.1177167465353,4.98165539383826,109.804805578951));
#5114=CARTESIAN_POINT('Ctrl Pts',(-57.158684328651,5.0050740379533,109.804807138058));
#5115=CARTESIAN_POINT('Ctrl Pts',(-57.2001002953012,5.02874899589731,109.804808714229));
#5116=CARTESIAN_POINT('Ctrl Pts',(-57.2401986803773,5.05464356828497,109.804810240733));
#5117=CARTESIAN_POINT('Ctrl Pts',(-57.2789160162369,5.08249339242696,109.804811715648));
#5118=CARTESIAN_POINT('Ctrl Pts',(-57.3184158919641,5.11090610647887,109.804813220372));
#5119=CARTESIAN_POINT('Ctrl Pts',(-57.356479073628,5.14135313404169,109.804814671401));
#5120=CARTESIAN_POINT('Ctrl Pts',(-57.3930790651734,5.17359025348423,109.804816066693));
#5121=CARTESIAN_POINT('Ctrl Pts',(-57.4212186446046,5.19837547732952,109.804817139451));
#5122=CARTESIAN_POINT('Ctrl Pts',(-57.448494257801,5.22421961572156,109.804818179262));
#5123=CARTESIAN_POINT('Ctrl Pts',(-57.4749053613143,5.25102916124309,109.804819185198));
#5124=CARTESIAN_POINT('Ctrl Pts',(-57.5282855290566,5.30521463048384,109.804821218323));
#5125=CARTESIAN_POINT('Ctrl Pts',(-57.5787910434768,5.3640106231876,109.804823142361));
#5126=CARTESIAN_POINT('Ctrl Pts',(-57.6261570088579,5.42698589454255,109.804824946785));
#5127=CARTESIAN_POINT('Ctrl Pts',(-57.6775591728452,5.49532748114986,109.80482690497));
#5128=CARTESIAN_POINT('Ctrl Pts',(-57.7252673660619,5.56859415530282,109.804828722286));
#5129=CARTESIAN_POINT('Ctrl Pts',(-57.7689369452069,5.6462764087627,109.804830385279));
#5130=CARTESIAN_POINT('Ctrl Pts',(-57.8059980120116,5.71220301582846,109.804831796611));
#5131=CARTESIAN_POINT('Ctrl Pts',(-57.8401504557002,5.78131298405559,109.804833096793));
#5132=CARTESIAN_POINT('Ctrl Pts',(-57.8711584211357,5.85327705857699,109.8048342776));
#5133=CARTESIAN_POINT('Ctrl Pts',(-57.8766875798971,5.86610927080217,109.804834488154));
#5134=CARTESIAN_POINT('Ctrl Pts',(-57.882116686449,5.87903211860351,109.804834694913));
#5135=CARTESIAN_POINT('Ctrl Pts',(-57.8874443130025,5.89204356137018,109.80483489783));
#5136=CARTESIAN_POINT('Ctrl Pts',(-57.9154308795413,5.96039399942981,109.804835963772));
#5137=CARTESIAN_POINT('Ctrl Pts',(-57.9402347987566,6.03025140492512,109.804836908723));
#5138=CARTESIAN_POINT('Ctrl Pts',(-57.961903935017,6.10120576621127,109.804837734256));
#5139=CARTESIAN_POINT('Ctrl Pts',(-57.9889896643782,6.18989645529551,109.804838766147));
#5140=CARTESIAN_POINT('Ctrl Pts',(-58.0111788991923,6.28030260636546,109.804839611459));
#5141=CARTESIAN_POINT('Ctrl Pts',(-58.028556852462,6.37170574733075,109.804840273267));
#5142=CARTESIAN_POINT('Ctrl Pts',(-58.0463836177433,6.4654695131019,109.804840952167));
#5143=CARTESIAN_POINT('Ctrl Pts',(-58.059146486728,6.5602879846595,109.804841437963));
#5144=CARTESIAN_POINT('Ctrl Pts',(-58.0669235748804,6.65539865728922,109.804841733975));
#5145=CARTESIAN_POINT('Ctrl Pts',(-58.0730305952862,6.73008507040119,109.80484196642));
#5146=CARTESIAN_POINT('Ctrl Pts',(-58.0760622115267,6.80495220655817,109.804842081839));
#5147=CARTESIAN_POINT('Ctrl Pts',(-58.0760622115267,6.87960746232686,109.804842081839));
#5148=CARTESIAN_POINT('Ctrl Pts',(-58.0760622115266,6.96559685911405,109.804842081839));
#5149=CARTESIAN_POINT('Ctrl Pts',(-58.0720397957068,7.05186636686856,109.804841928714));
#5150=CARTESIAN_POINT('Ctrl Pts',(-58.0639293535022,7.13781922163967,109.804841620007));
#5151=CARTESIAN_POINT('Ctrl Pts',(-58.0521131433618,7.26304506857993,109.804841170248));
#5152=CARTESIAN_POINT('Ctrl Pts',(-58.0316249528596,7.38760306395618,109.804840390252));
#5153=CARTESIAN_POINT('Ctrl Pts',(-58.0022800638562,7.50975579554713,109.804839272422));
#5154=CARTESIAN_POINT('Ctrl Pts',(-57.9841742281299,7.58512419416166,109.804838582719));
#5155=CARTESIAN_POINT('Ctrl Pts',(-57.9626959622305,7.65957953806043,109.804837764406));
#5156=CARTESIAN_POINT('Ctrl Pts',(-57.9377926524013,7.73269081764635,109.804836815698));
#5157=CARTESIAN_POINT('Ctrl Pts',(-57.9223341212306,7.7780740619683,109.804836226795));
#5158=CARTESIAN_POINT('Ctrl Pts',(-57.9055556400057,7.82293881575543,109.804835587648));
#5159=CARTESIAN_POINT('Ctrl Pts',(-57.8874443130037,7.86717136327851,109.80483489783));
#5160=CARTESIAN_POINT('Ctrl Pts',(-57.8578996355427,7.93932711143009,109.804833772543));
#5161=CARTESIAN_POINT('Ctrl Pts',(-57.8252362155042,8.00875420040756,109.804832529094));
#5162=CARTESIAN_POINT('Ctrl Pts',(-57.7896869717025,8.07512636528834,109.804831175436));
#5163=CARTESIAN_POINT('Ctrl Pts',(-57.7433936678326,8.1615582121786,109.80482941266));
#5164=CARTESIAN_POINT('Ctrl Pts',(-57.6922075448958,8.24281437338895,109.804827462991));
#5165=CARTESIAN_POINT('Ctrl Pts',(-57.6365836368774,8.31823006220902,109.80482534399));
#5166=CARTESIAN_POINT('Ctrl Pts',(-57.5896322145082,8.38188747113984,109.804823555369));
#5167=CARTESIAN_POINT('Ctrl Pts',(-57.5395155497607,8.44138666880153,109.804821646102));
#5168=CARTESIAN_POINT('Ctrl Pts',(-57.4864982718394,8.49629869011826,109.80481962675));
#5169=CARTESIAN_POINT('Ctrl Pts',(-57.4826492135471,8.50028530692101,109.804819480145));
#5170=CARTESIAN_POINT('Ctrl Pts',(-57.4787848746461,8.50424772313574,109.80481933296));
#5171=CARTESIAN_POINT('Ctrl Pts',(-57.4749053613163,8.50818576340603,109.804819185198));
#5172=CARTESIAN_POINT('Ctrl Pts',(-57.4405764226136,8.54303259380798,109.80481787769));
#5173=CARTESIAN_POINT('Ctrl Pts',(-57.4047861014538,8.57624992474654,109.804816512953));
#5174=CARTESIAN_POINT('Ctrl Pts',(-57.3675383969904,8.60762727621831,109.804815093022));
#5175=CARTESIAN_POINT('Ctrl Pts',(-57.3307915320377,8.63858272202944,109.804813692185));
#5176=CARTESIAN_POINT('Ctrl Pts',(-57.2926254071914,8.66774692003761,109.804812237628));
#5177=CARTESIAN_POINT('Ctrl Pts',(-57.2530731290995,8.69487716106663,109.804810731309));
#5178=CARTESIAN_POINT('Ctrl Pts',(-57.2142297035143,8.72152117626268,109.804809251986));
#5179=CARTESIAN_POINT('Ctrl Pts',(-57.1740487021616,8.74620271667161,109.80480772274));
#5180=CARTESIAN_POINT('Ctrl Pts',(-57.1326007142966,8.76866128005878,109.804806145421));
#5181=CARTESIAN_POINT('Ctrl Pts',(-57.0998460796879,8.78640935603238,109.804804898931));
#5182=CARTESIAN_POINT('Ctrl Pts',(-57.0663008631351,8.80276834346998,109.804803622421));
#5183=CARTESIAN_POINT('Ctrl Pts',(-57.032021555292,8.81760149265727,109.804802316803));
#5184=CARTESIAN_POINT('Ctrl Pts',(-56.9880351580776,8.8366350389319,109.804800641465));
#5185=CARTESIAN_POINT('Ctrl Pts',(-56.9430774140846,8.85305479934715,109.804798928841));
#5186=CARTESIAN_POINT('Ctrl Pts',(-56.8972581081081,8.86667655738708,109.804797183756));
#5187=CARTESIAN_POINT('Ctrl Pts',(-56.8655648546274,8.87609873917731,109.804795976679));
#5188=CARTESIAN_POINT('Ctrl Pts',(-56.8334602117721,8.88418149458202,109.804794754072));
#5189=CARTESIAN_POINT('Ctrl Pts',(-56.8009945145877,8.89085936107196,109.80479351753));
#5190=CARTESIAN_POINT('Ctrl Pts',(-56.7506589549082,8.90121287805715,109.804791600368));
#5191=CARTESIAN_POINT('Ctrl Pts',(-56.6998276166665,8.9081135404036,109.804789664129));
#5192=CARTESIAN_POINT('Ctrl Pts',(-56.6486838104485,8.91147548840388,109.804787716265));
#5193=CARTESIAN_POINT('Ctrl Pts',(-56.6245377544051,8.91306273407121,109.804786796637));
#5194=CARTESIAN_POINT('Ctrl Pts',(-56.6003227547786,8.91386098550333,109.804785874418));
#5195=CARTESIAN_POINT('Ctrl Pts',(-56.5760622112866,8.91386098549812,109.804784950391));
#5196=CARTESIAN_POINT('Origin',(-47.4574035562791,-0.0349463718552312,109.804437642277));
#5197=CARTESIAN_POINT('',(-57.7904891210746,12.5417356574761,109.804831205098));
#5198=CARTESIAN_POINT('',(-54.5155028529261,12.541735657475,109.804706468598));
#5199=CARTESIAN_POINT('',(-57.7904891210746,12.5417356574761,109.804831205098));
#5200=CARTESIAN_POINT('',(-54.1314864584364,12.541735657475,109.804691842342));
#5201=CARTESIAN_POINT('',(-54.5155028529261,12.541735657475,109.804706468598));
#5202=CARTESIAN_POINT('',(-51.0376570204135,12.5417356574761,109.804574005699));
#5203=CARTESIAN_POINT('',(-54.1314864584364,12.541735657475,109.804691842342));
#5204=CARTESIAN_POINT('',(-51.0376570204135,1.21747926717501,109.804574005699));
#5205=CARTESIAN_POINT('Origin',(-51.0376570204146,6.87960746232556,109.804574005699));
#5206=CARTESIAN_POINT('',(-57.7904891210746,1.21747926717501,109.804831205098));
#5207=CARTESIAN_POINT('',(-51.0376570204135,1.21747926717501,109.804574005699));
#5208=CARTESIAN_POINT('Origin',(-57.7904891210741,6.87960746232556,109.804831205098));
#5209=CARTESIAN_POINT('Origin',(-35.132098423388,20.5684091766919,110.488629614729));
#5210=CARTESIAN_POINT('',(-29.1192319541333,20.5684091766919,110.902968794999));
#5211=CARTESIAN_POINT('',(29.8094327384133,20.5684091766919,110.902968794999));
#5212=CARTESIAN_POINT('',(-29.119231954133,20.5684091766919,113.846368959701));
#5213=CARTESIAN_POINT('',(-29.1192319541333,20.5684091766919,110.902968794999));
#5214=CARTESIAN_POINT('',(-29.1192319541326,20.5684091766919,113.84636896054));
#5215=CARTESIAN_POINT('Ctrl Pts',(-29.1192319541333,20.5684091766918,117.694494574796));
#5216=CARTESIAN_POINT('Ctrl Pts',(-29.1192319541333,20.5684091766918,-10.6700152282811));
#5217=CARTESIAN_POINT('Ctrl Pts',(-49.371760388455,20.5684091766881,117.694494574797));
#5218=CARTESIAN_POINT('Ctrl Pts',(-49.371760388455,20.5684091766881,-10.6700152282801));
#5219=CARTESIAN_POINT('Ctrl Pts',(-49.3717603884652,52.973964757826,117.694494574798));
#5220=CARTESIAN_POINT('Ctrl Pts',(-49.3717603884652,52.973964757826,-10.6700152282791));
#5221=CARTESIAN_POINT('Ctrl Pts',(-49.3717603884562,85.3795203389591,117.694494574797));
#5222=CARTESIAN_POINT('Ctrl Pts',(-49.3717603884562,85.3795203389591,-10.6700152282801));
#5223=CARTESIAN_POINT('Ctrl Pts',(-29.1192319541333,85.3795203389592,117.6944945748));
#5224=CARTESIAN_POINT('Ctrl Pts',(-29.1192319541333,85.3795203389592,-10.6700152282771));
#5225=CARTESIAN_POINT('',(-34.2390511986391,21.6209800140093,110.902968794999));
#5226=CARTESIAN_POINT('Origin',(-29.1192319541839,52.9739647573592,110.902968788966));
#5227=CARTESIAN_POINT('',(-34.2390511986415,21.620980014011,113.846369424448));
#5228=CARTESIAN_POINT('Ctrl Pts',(-34.2390511986391,21.6209800140093,110.902968794999));
#5229=CARTESIAN_POINT('Ctrl Pts',(-34.2390511986392,21.6209800140094,111.393534095449));
#5230=CARTESIAN_POINT('Ctrl Pts',(-34.2390511986609,21.6209800140185,111.884099395899));
#5231=CARTESIAN_POINT('Ctrl Pts',(-34.239051198661,21.6209800140185,112.865232938459));
#5232=CARTESIAN_POINT('Ctrl Pts',(-34.2390511986394,21.6209800140095,113.355801180569));
#5233=CARTESIAN_POINT('Ctrl Pts',(-34.2390511986395,21.6209800140095,113.846369422679));
#5234=CARTESIAN_POINT('Origin',(-29.1192319532571,52.973964756931,113.846368960537));
#5235=CARTESIAN_POINT('Origin',(54.1199980864061,-6.53037791505005,110.902968794999));
#5236=CARTESIAN_POINT('',(44.999998086405,21.620985678359,110.902968794999));
#5237=CARTESIAN_POINT('',(34.9292686091759,21.6209849584591,110.902968794999));
#5238=CARTESIAN_POINT('',(44.999998086405,-3.86207201685704,110.902968794999));
#5239=CARTESIAN_POINT('',(44.999998086405,21.620985678359,110.902968794999));
#5240=CARTESIAN_POINT('',(-45.000001913606,-3.86207201685704,110.902968794999));
#5241=CARTESIAN_POINT('',(44.999998086405,-3.86207201685704,110.902968794999));
#5242=CARTESIAN_POINT('',(-45.000001913606,21.6209792447711,110.902968794999));
#5243=CARTESIAN_POINT('',(-45.000001913606,-3.86207201685704,110.902968794999));
#5244=CARTESIAN_POINT('',(-45.000001913606,21.6209792447702,110.902968794999));
#5245=CARTESIAN_POINT('',(2.07363126041673,1.02318153949454E-12,110.902968794999));
#5246=CARTESIAN_POINT('',(2.07363126041673,13.7960694411131,110.902968794999));
#5247=CARTESIAN_POINT('Origin',(2.07363126041617,6.89803472055706,110.902968794999));
#5248=CARTESIAN_POINT('',(-2.02119390957523,13.7960694411131,110.902968794999));
#5249=CARTESIAN_POINT('',(2.07363126041673,13.7960694411131,110.902968794999));
#5250=CARTESIAN_POINT('',(-2.02119390957523,1.02318153949454E-12,110.902968794999));
#5251=CARTESIAN_POINT('Origin',(-2.02119390957612,6.89803472055706,110.902968794999));
#5252=CARTESIAN_POINT('',(-2.02119390957523,1.02318153949454E-12,110.902968794999));
#5253=CARTESIAN_POINT('Origin',(-75.7200051087144,-5.94761493030464,113.846373191104));
#5254=CARTESIAN_POINT('',(-63.0000044045555,21.6209779580531,113.8463720363));
#5255=CARTESIAN_POINT('',(-70.8580537195815,21.6209773963252,113.846372749719));
#5256=CARTESIAN_POINT('',(-63.0000009036959,-3.33228748531719,113.846370169434));
#5257=CARTESIAN_POINT('',(-63.0000044045555,21.6209779580531,113.846372036341));
#5258=CARTESIAN_POINT('',(63.0000027690074,-3.33227825284642,113.846358819307));
#5259=CARTESIAN_POINT('',(-63.0000013328949,-3.33228748526994,113.846372036342));
#5260=CARTESIAN_POINT('',(63.000000021404,21.620986965077,113.846360597698));
#5261=CARTESIAN_POINT('',(63.0000025280937,-3.332278252847,113.846360597671));
#5262=CARTESIAN_POINT('',(63.000000021404,21.620986965077,113.84636059767));
#5263=CARTESIAN_POINT('',(2.07363126041593,8.91386098549708,113.846366128201));
#5264=CARTESIAN_POINT('',(2.07363126078353,4.88220845561602,113.846366128735));
#5265=CARTESIAN_POINT('Origin',(2.07363126042925,6.89803472055655,113.846366128756));
#5266=CARTESIAN_POINT('',(-2.02119390971353,4.88220845561602,113.846366499748));
#5267=CARTESIAN_POINT('',(2.07363126041722,4.88220845561602,113.846366128756));
#5268=CARTESIAN_POINT('',(-2.0211939095745,8.91386098549708,113.846366499905));
#5269=CARTESIAN_POINT('Origin',(-2.02119390957952,6.89803472055655,113.846366500496));
#5270=CARTESIAN_POINT('',(-2.02119390957471,8.91386098549708,113.846366500496));
#5271=CARTESIAN_POINT('Origin',(8.70680850157254,-1.49960694411131,112.615924711799));
#5272=CARTESIAN_POINT('',(2.07363126041673,13.7960694411131,112.615924711799));
#5273=CARTESIAN_POINT('',(2.07363126041673,1.02318153949454E-12,112.615924711799));
#5274=CARTESIAN_POINT('Origin',(2.07363126041875,6.89803472055706,112.615924711799));
#5275=CARTESIAN_POINT('',(-2.02119390957523,1.02318153949454E-12,112.615924711799));
#5276=CARTESIAN_POINT('',(2.07363126041673,1.02318153949454E-12,112.615924711799));
#5277=CARTESIAN_POINT('',(-2.02119390957523,13.7960694411131,112.615924711799));
#5278=CARTESIAN_POINT('Origin',(-2.02119390957612,6.89803472055706,112.615924711799));
#5279=CARTESIAN_POINT('',(-2.02119390957523,13.7960694411131,112.615924711799));
#5280=CARTESIAN_POINT('',(2.07363126041673,8.91386098549708,112.615924711799));
#5281=CARTESIAN_POINT('',(-2.02119390957523,8.91386098549708,112.615924711799));
#5282=CARTESIAN_POINT('',(2.07363126041673,8.91386098549708,112.615924711799));
#5283=CARTESIAN_POINT('',(-2.02119390996654,4.88220845561602,112.615924711799));
#5284=CARTESIAN_POINT('Origin',(-2.02119390957348,6.89803472055655,112.615924711799));
#5285=CARTESIAN_POINT('',(2.0736312610098,4.88220845561602,112.615924711799));
#5286=CARTESIAN_POINT('',(-2.02119390957523,4.88220845561602,112.615924711799));
#5287=CARTESIAN_POINT('Origin',(2.07363126041676,6.89803472055655,112.615924711799));
#5288=CARTESIAN_POINT('Ctrl Pts',(2.07363126041383,8.91386098549668,-15741.254220025));
#5289=CARTESIAN_POINT('Ctrl Pts',(2.07363126041383,8.91386098549668,3302.10822026984));
#5290=CARTESIAN_POINT('Ctrl Pts',(3.56004353054494,8.91386098549986,-15741.254220025));
#5291=CARTESIAN_POINT('Ctrl Pts',(3.56004353054494,8.91386098549986,3302.10822026984));
#5292=CARTESIAN_POINT('Ctrl Pts',(3.56004353054414,6.89803472055701,-15741.254220025));
#5293=CARTESIAN_POINT('Ctrl Pts',(3.56004353054414,6.89803472055701,3302.10822026984));
#5294=CARTESIAN_POINT('Ctrl Pts',(3.56004353054445,4.88220845561113,-15741.254220025));
#5295=CARTESIAN_POINT('Ctrl Pts',(3.56004353054445,4.88220845561113,3302.10822026984));
#5296=CARTESIAN_POINT('Ctrl Pts',(2.07363126041135,4.88220845561585,-15741.254220025));
#5297=CARTESIAN_POINT('Ctrl Pts',(2.07363126041135,4.88220845561585,3302.10822026984));
#5298=CARTESIAN_POINT('',(2.07363126041673,8.91386098549708,113.846360597698));
#5299=CARTESIAN_POINT('',(2.07363126041673,4.88220845561602,112.615924711799));
#5300=CARTESIAN_POINT('Origin',(-2.55067642657443,4.88220845561602,112.372881123209));
#5301=CARTESIAN_POINT('',(-2.02119390957523,4.88220845561602,112.615924711799));
#5302=CARTESIAN_POINT('Ctrl Pts',(-2.02119390957484,4.88220845561578,-15741.254220025));
#5303=CARTESIAN_POINT('Ctrl Pts',(-2.02119390957484,4.88220845561578,3302.10822026984));
#5304=CARTESIAN_POINT('Ctrl Pts',(-3.50760617970644,4.88220845561497,-15741.254220025));
#5305=CARTESIAN_POINT('Ctrl Pts',(-3.50760617970644,4.88220845561497,3302.10822026984));
#5306=CARTESIAN_POINT('Ctrl Pts',(-3.50760617971537,6.89803472055701,-15741.254220025));
#5307=CARTESIAN_POINT('Ctrl Pts',(-3.50760617971537,6.89803472055701,3302.10822026984));
#5308=CARTESIAN_POINT('Ctrl Pts',(-3.5076061797064,8.91386098550443,-15741.254220025));
#5309=CARTESIAN_POINT('Ctrl Pts',(-3.5076061797064,8.91386098550443,3302.10822026984));
#5310=CARTESIAN_POINT('Ctrl Pts',(-2.02119390957355,8.91386098549582,-15741.254220025));
#5311=CARTESIAN_POINT('Ctrl Pts',(-2.02119390957355,8.91386098549582,3302.10822026984));
#5312=CARTESIAN_POINT('',(-2.02119390957523,8.91386098549708,112.615924711799));
#5313=CARTESIAN_POINT('Origin',(-2.55067642657443,8.91386098549697,114.089404186288));
#5314=CARTESIAN_POINT('Ctrl Pts',(2.07363126041273,13.7960694411123,-15741.254220025));
#5315=CARTESIAN_POINT('Ctrl Pts',(2.07363126041273,13.7960694411123,3283.38995365916));
#5316=CARTESIAN_POINT('Ctrl Pts',(7.16004353054588,13.7960694411146,-15741.254220025));
#5317=CARTESIAN_POINT('Ctrl Pts',(7.16004353054588,13.7960694411146,3283.38995365916));
#5318=CARTESIAN_POINT('Ctrl Pts',(7.1600435305445,6.89803472055598,-15741.254220025));
#5319=CARTESIAN_POINT('Ctrl Pts',(7.1600435305445,6.89803472055598,3283.38995365916));
#5320=CARTESIAN_POINT('Ctrl Pts',(7.16004353054611,1.364178693611E-16,-15741.254220025));
#5321=CARTESIAN_POINT('Ctrl Pts',(7.16004353054611,1.364178693611E-16,3283.38995365916));
#5322=CARTESIAN_POINT('Ctrl Pts',(2.07363126041265,2.41317504619062E-18,
-15741.254220025));
#5323=CARTESIAN_POINT('Ctrl Pts',(2.07363126041265,2.41317504619062E-18,
3283.38995365916));
#5324=CARTESIAN_POINT('',(2.07363126041673,1.02318153949454E-12,110.902968794999));
#5325=CARTESIAN_POINT('',(2.07363126041673,13.7960694411131,112.615924711799));
#5326=CARTESIAN_POINT('Origin',(-2.55067642657443,1.02318153949454E-12,
110.611673203319));
#5327=CARTESIAN_POINT('',(-2.02119390957523,1.02318153949454E-12,110.902968794999));
#5328=CARTESIAN_POINT('Ctrl Pts',(-2.02119390957246,-3.19725365064551E-18,
-15741.254220025));
#5329=CARTESIAN_POINT('Ctrl Pts',(-2.02119390957246,-5.63480417248743E-18,
3283.38995365916));
#5330=CARTESIAN_POINT('Ctrl Pts',(-7.10760617971357,-7.07444152179469E-12,
-15741.254220025));
#5331=CARTESIAN_POINT('Ctrl Pts',(-7.10760617971357,-7.07444395934521E-12,
3283.38995365916));
#5332=CARTESIAN_POINT('Ctrl Pts',(-7.10760617971573,6.89803472055598,-15741.254220025));
#5333=CARTESIAN_POINT('Ctrl Pts',(-7.10760617971573,6.89803472055598,3283.38995365916));
#5334=CARTESIAN_POINT('Ctrl Pts',(-7.10760617971445,13.796069441114,-15741.254220025));
#5335=CARTESIAN_POINT('Ctrl Pts',(-7.10760617971445,13.796069441114,3283.38995365916));
#5336=CARTESIAN_POINT('Ctrl Pts',(-2.02119390957861,13.7960694411127,-15741.254220025));
#5337=CARTESIAN_POINT('Ctrl Pts',(-2.02119390957861,13.7960694411127,3283.38995365916));
#5338=CARTESIAN_POINT('',(-2.02119390957523,13.7960694411131,110.902968794999));
#5339=CARTESIAN_POINT('Origin',(-2.55067642657443,13.796069441112,112.907220303479));
#5340=CARTESIAN_POINT('Origin',(54.3234976077838,12.547777629593,109.804699155498));
#5341=CARTESIAN_POINT('Origin',(54.3234976077997,9.49383658418108,109.804699142852));
#5342=CARTESIAN_POINT('Origin',(-54.1314864584364,12.541735657475,109.804691842349));
#5343=CARTESIAN_POINT('Origin',(-54.3234946556817,9.49383658443165,109.804699142861));
#5344=CARTESIAN_POINT('Origin',(54.0678516988842,12.541735657475,111.611498222758));
#5345=CARTESIAN_POINT('',(57.7903545570043,12.5417356565824,92.9381610284981));
#5346=CARTESIAN_POINT('',(57.7903545570043,12.541735657476,92.9381610284981));
#5347=CARTESIAN_POINT('',(54.5153644714489,12.5417357772861,92.9381610284983));
#5348=CARTESIAN_POINT('',(54.5155058050442,12.5417356574762,109.804706468597));
#5349=CARTESIAN_POINT('',(54.5153644601851,12.541735657476,92.9381610284981));
#5350=CARTESIAN_POINT('Ctrl Pts',(57.7904316253721,1.21747926909519,109.804831202817));
#5351=CARTESIAN_POINT('Ctrl Pts',(57.7863573750902,1.21747926909519,-757.615590058586));
#5352=CARTESIAN_POINT('Ctrl Pts',(60.1112968096331,1.21733178912712,109.804919599099));
#5353=CARTESIAN_POINT('Ctrl Pts',(60.1072225593548,1.21733178912712,-757.615501662299));
#5354=CARTESIAN_POINT('Ctrl Pts',(60.1112968096331,6.87960746232488,109.804919599099));
#5355=CARTESIAN_POINT('Ctrl Pts',(60.1072225593562,6.879607462325,-757.6155016623));
#5356=CARTESIAN_POINT('Ctrl Pts',(60.1112968096367,12.5418831355153,109.804919599102));
#5357=CARTESIAN_POINT('Ctrl Pts',(60.1072225593532,12.5418831355151,-757.615501662301));
#5358=CARTESIAN_POINT('Ctrl Pts',(57.790431625372,12.5417356555544,109.804831202813));
#5359=CARTESIAN_POINT('Ctrl Pts',(57.7863573750938,12.5417356555544,-757.615590058585));
#5360=CARTESIAN_POINT('',(57.7903545570043,1.21747926806853,92.9381610284981));
#5361=CARTESIAN_POINT('',(57.7903545570043,1.21747926717501,92.9381610284981));
#5362=CARTESIAN_POINT('Origin',(57.7904128508981,6.87960746232478,92.9381610284981));
#5363=CARTESIAN_POINT('Origin',(50.2422254959906,1.21747926717501,91.1314940108381));
#5364=CARTESIAN_POINT('',(51.0375224575546,1.21747926806855,92.9381610284981));
#5365=CARTESIAN_POINT('',(51.0375224575546,1.21747926717501,92.9381610284981));
#5366=CARTESIAN_POINT('',(57.7903545570043,1.21747926717501,92.9381610284981));
#5367=CARTESIAN_POINT('Ctrl Pts',(51.0376599725463,12.5417356574742,109.804574005699));
#5368=CARTESIAN_POINT('Ctrl Pts',(51.0335857222566,12.5417356574742,-757.6158472556));
#5369=CARTESIAN_POINT('Ctrl Pts',(48.7168552360955,12.5417356574841,109.804485611697));
#5370=CARTESIAN_POINT('Ctrl Pts',(48.7127809858054,12.5417356574841,-757.615935649602));
#5371=CARTESIAN_POINT('Ctrl Pts',(48.7168552360963,6.87960746232488,109.804485611797));
#5372=CARTESIAN_POINT('Ctrl Pts',(48.7127809858048,6.879607462325,-757.615935649601));
#5373=CARTESIAN_POINT('Ctrl Pts',(48.7168552360956,1.21747926716279,109.804485611698));
#5374=CARTESIAN_POINT('Ctrl Pts',(48.7127809858056,1.21747926716279,-757.615935649603));
#5375=CARTESIAN_POINT('Ctrl Pts',(51.0376599725437,1.21747926717516,109.804574005701));
#5376=CARTESIAN_POINT('Ctrl Pts',(51.0335857222613,1.21747926717505,-757.615847255604));
#5377=CARTESIAN_POINT('',(51.0375224575546,12.5417356565822,92.9381610284981));
#5378=CARTESIAN_POINT('',(51.0375224575546,12.541735657476,92.9381610284981));
#5379=CARTESIAN_POINT('Origin',(51.0375807514516,6.87960746232468,92.9381610284981));
#5380=CARTESIAN_POINT('Origin',(50.6081257622546,12.541735657475,111.611344923707));
#5381=CARTESIAN_POINT('',(54.1313555395463,12.54173577183,92.9381610284983));
#5382=CARTESIAN_POINT('',(54.1313557661742,12.5417322300748,92.9381610284964));
#5383=CARTESIAN_POINT('',(51.0375224575546,12.541735657476,92.9381610284981));
#5384=CARTESIAN_POINT('Ctrl Pts',(58.4212384412349,6.93352157315485,-8842.7693410386));
#5385=CARTESIAN_POINT('Ctrl Pts',(58.4632884403818,6.93352157315508,109.804856830303));
#5386=CARTESIAN_POINT('Ctrl Pts',(58.4212384412342,1.31926551671295,-8842.7693410386));
#5387=CARTESIAN_POINT('Ctrl Pts',(58.4632884403838,1.31926551671295,109.804856830599));
#5388=CARTESIAN_POINT('Ctrl Pts',(54.2814476086551,1.31926551671415,-8842.7694987135));
#5389=CARTESIAN_POINT('Ctrl Pts',(54.3234976078038,1.31926551671404,109.804699155499));
#5390=CARTESIAN_POINT('Ctrl Pts',(50.1416567760741,1.31926551671295,-8842.7696563883));
#5391=CARTESIAN_POINT('Ctrl Pts',(50.1837067752147,1.31926551671295,109.804541480898));
#5392=CARTESIAN_POINT('Ctrl Pts',(50.1416567760734,6.93352157315485,-8842.7696563883));
#5393=CARTESIAN_POINT('Ctrl Pts',(50.1837067752149,6.93352157315508,109.804541480701));
#5394=CARTESIAN_POINT('Ctrl Pts',(50.1416567760741,12.547777629597,-8842.7696563883));
#5395=CARTESIAN_POINT('Ctrl Pts',(50.1837067752147,12.547777629597,109.804541480898));
#5396=CARTESIAN_POINT('Ctrl Pts',(54.2814476086551,12.5477776295961,-8842.7694987135));
#5397=CARTESIAN_POINT('Ctrl Pts',(54.3234976078038,12.5477776295961,109.804699155499));
#5398=CARTESIAN_POINT('Ctrl Pts',(58.4212384412342,12.547777629597,-8842.7693410386));
#5399=CARTESIAN_POINT('Ctrl Pts',(58.4632884403838,12.547777629597,109.804856830599));
#5400=CARTESIAN_POINT('Ctrl Pts',(58.4212384412349,6.93352157315485,-8842.7693410386));
#5401=CARTESIAN_POINT('Ctrl Pts',(58.4632884403818,6.93352157315508,109.804856830303));
#5402=CARTESIAN_POINT('Origin',(54.3233600052399,9.49395551547848,92.9381610284981));
#5403=CARTESIAN_POINT('Origin',(-58.2380021121575,12.541735657475,111.611498222758));
#5404=CARTESIAN_POINT('',(-54.5153592215027,12.5417357772638,92.9381610284989));
#5405=CARTESIAN_POINT('',(-54.5153594645397,12.5417396972734,92.9381610284961));
#5406=CARTESIAN_POINT('',(-57.7903493070553,12.5417356565108,92.9381610284981));
#5407=CARTESIAN_POINT('',(-57.7904891210746,12.5417356574761,109.804831205098));
#5408=CARTESIAN_POINT('',(-57.7903493070553,12.541735657476,92.9381610284981));
#5409=CARTESIAN_POINT('Ctrl Pts',(-57.7904263754136,1.21747926924452,109.804831202717));
#5410=CARTESIAN_POINT('Ctrl Pts',(-60.1112938575154,1.21732618288958,109.804919599099));
#5411=CARTESIAN_POINT('Ctrl Pts',(-60.1112938575152,6.879607462325,109.804919599099));
#5412=CARTESIAN_POINT('Ctrl Pts',(-60.1112938575145,12.5418887417771,109.804919599097));
#5413=CARTESIAN_POINT('Ctrl Pts',(-57.7904263754135,12.5417356554063,109.804831202717));
#5414=CARTESIAN_POINT('Ctrl Pts',(-57.7863521251257,1.21747926924452,-757.615590058683));
#5415=CARTESIAN_POINT('Ctrl Pts',(-60.1072196072259,1.21732618288958,-757.6155016623));
#5416=CARTESIAN_POINT('Ctrl Pts',(-60.1072196072255,6.879607462325,-757.615501662302));
#5417=CARTESIAN_POINT('Ctrl Pts',(-60.107219607225,12.5418887417782,-757.615501662301));
#5418=CARTESIAN_POINT('Ctrl Pts',(-57.7863521251328,12.541735655406,-757.615590058686));
#5419=CARTESIAN_POINT('',(-57.7903493070553,1.21747926814053,92.9381610284981));
#5420=CARTESIAN_POINT('',(-57.7904891210746,1.21747926717501,109.804831205098));
#5421=CARTESIAN_POINT('Origin',(-57.7904098987753,6.87960746232539,92.9381610284981));
#5422=CARTESIAN_POINT('Origin',(-58.5857863124204,1.21747926717501,91.1314940108381));
#5423=CARTESIAN_POINT('',(-51.0375172076165,1.21747926814039,92.9381610284981));
#5424=CARTESIAN_POINT('',(-51.0376570204135,1.21747926717501,109.804574005699));
#5425=CARTESIAN_POINT('',(-51.0375172076165,1.21747926717501,92.9381610284981));
#5426=CARTESIAN_POINT('Ctrl Pts',(-51.0376570204163,12.5417356574752,109.8045740057));
#5427=CARTESIAN_POINT('Ctrl Pts',(-48.7168522839766,12.5417356574931,109.804485611696));
#5428=CARTESIAN_POINT('Ctrl Pts',(-48.7168522839766,6.879607462325,109.804485611698));
#5429=CARTESIAN_POINT('Ctrl Pts',(-48.7168522839768,1.21747926717489,109.804485611697));
#5430=CARTESIAN_POINT('Ctrl Pts',(-51.0376570204153,1.21747926717501,109.804574005699));
#5431=CARTESIAN_POINT('Ctrl Pts',(-51.0335827701394,12.541735657475,-757.615847255601));
#5432=CARTESIAN_POINT('Ctrl Pts',(-48.7127780336865,12.5417356574929,-757.615935649603));
#5433=CARTESIAN_POINT('Ctrl Pts',(-48.712778033685,6.879607462325,-757.615935649599));
#5434=CARTESIAN_POINT('Ctrl Pts',(-48.7127780336855,1.21747926717489,-757.6159356496));
#5435=CARTESIAN_POINT('Ctrl Pts',(-51.0335827701365,1.21747926717501,-757.615847255602));
#5436=CARTESIAN_POINT('',(-51.0375172076165,12.5417356565105,92.9381610284981));
#5437=CARTESIAN_POINT('',(-51.0376570204135,12.5417356574761,109.804574005699));
#5438=CARTESIAN_POINT('Origin',(-51.0375777993256,6.87960746232511,92.9381610284981));
#5439=CARTESIAN_POINT('Origin',(-54.5608833835185,12.541735657475,111.611344923707));
#5440=CARTESIAN_POINT('',(-54.1313502896143,12.5417357718083,92.938161028498));
#5441=CARTESIAN_POINT('',(-54.1314864584363,12.5417356574762,109.804691842341));
#5442=CARTESIAN_POINT('',(-54.1313503003566,12.541735657476,92.9381610284981));
#5443=CARTESIAN_POINT('Ctrl Pts',(-58.4212354891151,6.93352157315496,-8842.76934103861));
#5444=CARTESIAN_POINT('Ctrl Pts',(-58.421235489114,1.31926551671295,-8842.7693410386));
#5445=CARTESIAN_POINT('Ctrl Pts',(-54.2814446565353,1.31926551671404,-8842.7694987135));
#5446=CARTESIAN_POINT('Ctrl Pts',(-50.1416538239566,1.31926551671295,-8842.7696563883));
#5447=CARTESIAN_POINT('Ctrl Pts',(-50.1416538239555,6.93352157315496,-8842.7696563883));
#5448=CARTESIAN_POINT('Ctrl Pts',(-50.1416538239566,12.547777629597,-8842.7696563883));
#5449=CARTESIAN_POINT('Ctrl Pts',(-54.2814446565353,12.547777629596,-8842.7694987135));
#5450=CARTESIAN_POINT('Ctrl Pts',(-58.421235489114,12.547777629597,-8842.7693410386));
#5451=CARTESIAN_POINT('Ctrl Pts',(-58.4212354891151,6.93352157315496,-8842.76934103861));
#5452=CARTESIAN_POINT('Ctrl Pts',(-58.4632854882639,6.93352157315496,109.804856830298));
#5453=CARTESIAN_POINT('Ctrl Pts',(-58.4632854882649,1.31926551671295,109.804856830599));
#5454=CARTESIAN_POINT('Ctrl Pts',(-54.3234946556749,1.31926551671415,109.804699155497));
#5455=CARTESIAN_POINT('Ctrl Pts',(-50.1837038230959,1.31926551671295,109.804541480897));
#5456=CARTESIAN_POINT('Ctrl Pts',(-50.1837038230951,6.93352157315496,109.804541480598));
#5457=CARTESIAN_POINT('Ctrl Pts',(-50.1837038230959,12.547777629597,109.804541480897));
#5458=CARTESIAN_POINT('Ctrl Pts',(-54.3234946556749,12.547777629596,109.804699155497));
#5459=CARTESIAN_POINT('Ctrl Pts',(-58.4632854882649,12.547777629597,109.804856830599));
#5460=CARTESIAN_POINT('Ctrl Pts',(-58.4632854882639,6.93352157315496,109.804856830298));
#5461=CARTESIAN_POINT('Origin',(-54.3233547553009,9.49395551575795,92.9381610284981));
#5462=CARTESIAN_POINT('Origin',(-65.9961001590216,21.6209777438787,116.05719313708));
#5463=CARTESIAN_POINT('',(-63.0000063026655,21.620977958051,92.9381610284981));
#5464=CARTESIAN_POINT('',(-63.0000063026655,21.620977958051,92.9381610284981));
#5465=CARTESIAN_POINT('',(-45.0000007646959,21.6209792447699,92.9381610284981));
#5466=CARTESIAN_POINT('',(-45.000001913606,21.6209792447711,110.902968794999));
#5467=CARTESIAN_POINT('',(-45.0000007646959,21.62097924477,92.9381610284981));
#5468=CARTESIAN_POINT('Origin',(-63.0000045100717,25.9047295849107,116.057194066325));
#5469=CARTESIAN_POINT('',(-63.0000001093915,-20.0165382247412,113.846360833199));
#5470=CARTESIAN_POINT('',(-62.9999996048464,-20.01653822474,113.846360833199));
#5471=CARTESIAN_POINT('',(-63.0000033262459,-20.016537999339,92.9381518449991));
#5472=CARTESIAN_POINT('',(-63.0000063026693,21.620977958051,92.9381610284981));
#5473=CARTESIAN_POINT('',(-63.0000033262417,-20.016537999339,92.9381518449991));
#5474=CARTESIAN_POINT('Origin',(44.999998086405,24.2892914478806,91.021680251848));
#5475=CARTESIAN_POINT('',(44.9999992353145,-3.86207201685698,92.9381610284981));
#5476=CARTESIAN_POINT('',(44.999998086405,-3.86207201685704,92.9381610284981));
#5477=CARTESIAN_POINT('',(44.9999992353145,21.6209856783579,92.9381610284981));
#5478=CARTESIAN_POINT('',(44.999998086405,21.620985678359,110.902968794999));
#5479=CARTESIAN_POINT('',(44.999999235315,21.620985678358,92.9381610284981));
#5480=CARTESIAN_POINT('Origin',(-45.000001913606,-6.53037714301985,91.021680251848));
#5481=CARTESIAN_POINT('',(-45.0000007646959,-3.86207201685698,92.9381610284981));
#5482=CARTESIAN_POINT('',(-45.000001913606,-3.86207201685704,110.902968794999));
#5483=CARTESIAN_POINT('',(-45.0000007646959,-3.86207201685704,92.9381610284981));
#5484=CARTESIAN_POINT('Origin',(32.0021954593749,21.6209847492196,116.057180554618));
#5485=CARTESIAN_POINT('',(62.9999981232941,21.620986965075,92.9381610284981));
#5486=CARTESIAN_POINT('',(63.000000021404,21.620986965077,113.846360597698));
#5487=CARTESIAN_POINT('',(62.9999981232941,21.620986965075,92.9381610284981));
#5488=CARTESIAN_POINT('Origin',(54.0678246555712,12.541735657476,93.846344618368));
#5489=CARTESIAN_POINT('',(54.5153593175673,12.5417339512887,85.0563251297332));
#5490=CARTESIAN_POINT('',(54.5153642449935,12.5417322409911,92.9381610284998));
#5491=CARTESIAN_POINT('',(57.7903184933239,12.541735656553,85.056387498098));
#5492=CARTESIAN_POINT('',(54.5153273738833,12.541735657476,85.056325129799));
#5493=CARTESIAN_POINT('',(57.7903184933239,12.541735657476,85.056387498098));
#5494=CARTESIAN_POINT('Ctrl Pts',(57.7904943710182,1.21747926717617,135.115944123904));
#5495=CARTESIAN_POINT('Ctrl Pts',(57.7864201207267,1.21747926717629,-732.304477137398));
#5496=CARTESIAN_POINT('Ctrl Pts',(60.1112991074646,1.21747926716707,135.116032517898));
#5497=CARTESIAN_POINT('Ctrl Pts',(60.1072248571835,1.21747926716707,-732.304388743403));
#5498=CARTESIAN_POINT('Ctrl Pts',(60.1112991074533,6.87960746232591,135.116032517901));
#5499=CARTESIAN_POINT('Ctrl Pts',(60.1072248571763,6.87960746232602,-732.304388743403));
#5500=CARTESIAN_POINT('Ctrl Pts',(60.1112991074523,12.541735657482,135.116032517898));
#5501=CARTESIAN_POINT('Ctrl Pts',(60.1072248571738,12.541735657482,-732.304388743401));
#5502=CARTESIAN_POINT('Ctrl Pts',(57.7904943710116,12.541735657476,135.115944123998));
#5503=CARTESIAN_POINT('Ctrl Pts',(57.7864201207237,12.541735657476,-732.304477137402));
#5504=CARTESIAN_POINT('',(57.7903184933239,1.21747926809811,85.056387498098));
#5505=CARTESIAN_POINT('Origin',(57.7902592421546,6.87960746232609,85.0563874975907));
#5506=CARTESIAN_POINT('',(57.7903184933239,1.21747926717501,85.056387498098));
#5507=CARTESIAN_POINT('Origin',(50.2421995769009,1.21747926717603,84.1480686853895));
#5508=CARTESIAN_POINT('',(51.0374863932739,1.21747926809807,85.0562588983994));
#5509=CARTESIAN_POINT('',(57.7903184933239,1.21747926717501,85.056387498098));
#5510=CARTESIAN_POINT('',(51.0374863932739,1.21747926717501,85.0562588983994));
#5511=CARTESIAN_POINT('Ctrl Pts',(51.0377236749876,12.5417356554942,135.115686926982));
#5512=CARTESIAN_POINT('Ctrl Pts',(51.0336494246939,12.5417356554942,-732.304734334322));
#5513=CARTESIAN_POINT('Ctrl Pts',(48.7168575339185,12.5418854699278,135.115598530602));
#5514=CARTESIAN_POINT('Ctrl Pts',(48.7127832836331,12.5418854699276,-732.3048227307));
#5515=CARTESIAN_POINT('Ctrl Pts',(48.7168575339147,6.87960746232591,135.1155985306));
#5516=CARTESIAN_POINT('Ctrl Pts',(48.712783283625,6.87960746232602,-732.304822730701));
#5517=CARTESIAN_POINT('Ctrl Pts',(48.7168575339129,1.21732945472703,135.115598530599));
#5518=CARTESIAN_POINT('Ctrl Pts',(48.7127832836326,1.21732945472703,-732.304822730702));
#5519=CARTESIAN_POINT('Ctrl Pts',(51.0377236749874,1.21747926915757,135.115686926977));
#5520=CARTESIAN_POINT('Ctrl Pts',(51.0336494246974,1.21747926915757,-732.30473433432));
#5521=CARTESIAN_POINT('',(51.0374863932739,12.5417356565529,85.0562588983994));
#5522=CARTESIAN_POINT('Origin',(51.0374271425866,6.87960746232589,85.0562588983994));
#5523=CARTESIAN_POINT('',(51.0374863932739,12.541735657476,85.0562588983994));
#5524=CARTESIAN_POINT('Origin',(50.6080994775718,12.541735657476,93.846351241508));
#5525=CARTESIAN_POINT('',(54.1313476106909,12.5417370858306,85.0563178171967));
#5526=CARTESIAN_POINT('',(51.0374863932739,12.541735657476,85.0562588983994));
#5527=CARTESIAN_POINT('',(54.1313202100163,12.5417396634731,85.0563178168999));
#5528=CARTESIAN_POINT('Ctrl Pts',(58.4212407390551,6.93352157315599,-8817.4582281197));
#5529=CARTESIAN_POINT('Ctrl Pts',(58.4632907382038,6.93352157315599,135.115969749198));
#5530=CARTESIAN_POINT('Ctrl Pts',(58.4212407390554,1.31926551671392,-8817.4582281197));
#5531=CARTESIAN_POINT('Ctrl Pts',(58.4632907382038,1.31926551671392,135.115969749398));
#5532=CARTESIAN_POINT('Ctrl Pts',(54.2814499064734,1.31926551671495,-8817.4583857946));
#5533=CARTESIAN_POINT('Ctrl Pts',(54.323499905624,1.31926551671495,135.115812074398));
#5534=CARTESIAN_POINT('Ctrl Pts',(50.1416590739044,1.31926551671392,-8817.4585434694));
#5535=CARTESIAN_POINT('Ctrl Pts',(50.1837090730347,1.31926551671392,135.115654399799));
#5536=CARTESIAN_POINT('Ctrl Pts',(50.1416590738936,6.93352157315599,-8817.4585434694));
#5537=CARTESIAN_POINT('Ctrl Pts',(50.1837090730351,6.93352157315599,135.115654399498));
#5538=CARTESIAN_POINT('Ctrl Pts',(50.1416590739044,12.5477776295979,-8817.4585434694));
#5539=CARTESIAN_POINT('Ctrl Pts',(50.1837090730347,12.5477776295979,135.115654399799));
#5540=CARTESIAN_POINT('Ctrl Pts',(54.2814499064734,12.547777629597,-8817.4583857946));
#5541=CARTESIAN_POINT('Ctrl Pts',(54.323499905624,12.547777629597,135.115812074398));
#5542=CARTESIAN_POINT('Ctrl Pts',(58.4212407390554,12.5477776295979,-8817.4582281197));
#5543=CARTESIAN_POINT('Ctrl Pts',(58.4632907382038,12.5477776295979,135.115969749398));
#5544=CARTESIAN_POINT('Ctrl Pts',(58.4212407390551,6.93352157315599,-8817.4582281197));
#5545=CARTESIAN_POINT('Ctrl Pts',(58.4632907382038,6.93352157315599,135.115969749198));
#5546=CARTESIAN_POINT('Origin',(54.3233239180331,9.49398726398593,85.0563214988374));
#5547=CARTESIAN_POINT('Origin',(-58.2378522167273,12.541735657476,93.846344618368));
#5548=CARTESIAN_POINT('',(-57.7903113297853,12.5417356565409,85.056387498098));
#5549=CARTESIAN_POINT('',(-57.7903493070553,12.541735657476,92.9381610284981));
#5550=CARTESIAN_POINT('',(-54.5153523453703,12.5417339392362,85.0563251297366));
#5551=CARTESIAN_POINT('',(-57.7903113297853,12.541735657476,85.056387498098));
#5552=CARTESIAN_POINT('',(-54.5153199938843,12.5417322209975,85.0563251298004));
#5553=CARTESIAN_POINT('Ctrl Pts',(-57.7904868232448,1.21747926717646,135.115944123998));
#5554=CARTESIAN_POINT('Ctrl Pts',(-60.1112915596871,1.21747926716421,135.116032517899));
#5555=CARTESIAN_POINT('Ctrl Pts',(-60.111291559695,6.87960746232613,135.116032517899));
#5556=CARTESIAN_POINT('Ctrl Pts',(-60.1112915596855,12.54173565748,135.116032517896));
#5557=CARTESIAN_POINT('Ctrl Pts',(-57.7904868232474,12.5417356574759,135.115944123995));
#5558=CARTESIAN_POINT('Ctrl Pts',(-57.7864125729551,1.21747926717635,-732.304477137398));
#5559=CARTESIAN_POINT('Ctrl Pts',(-60.1072173094047,1.21747926716389,-732.304388743402));
#5560=CARTESIAN_POINT('Ctrl Pts',(-60.1072173094053,6.87960746232602,-732.3043887434));
#5561=CARTESIAN_POINT('Ctrl Pts',(-60.107217309407,12.54173565748,-732.304388743403));
#5562=CARTESIAN_POINT('Ctrl Pts',(-57.7864125729559,12.5417356574759,-732.304477137403));
#5563=CARTESIAN_POINT('',(-57.7903113297853,1.21747926811022,85.056387498098));
#5564=CARTESIAN_POINT('',(-57.7903493070553,1.21747926717501,92.9381610284981));
#5565=CARTESIAN_POINT('Origin',(-57.7902516943572,6.87960746232618,85.0563874975874));
#5566=CARTESIAN_POINT('Origin',(-58.5856363147882,1.21747926717603,84.1480686853895));
#5567=CARTESIAN_POINT('',(-51.0374792297262,1.21747926811027,85.0562588983994));
#5568=CARTESIAN_POINT('',(-51.0375172076165,1.21747926717501,92.9381610284981));
#5569=CARTESIAN_POINT('',(-51.0374792297262,1.21747926717501,85.0562588983994));
#5570=CARTESIAN_POINT('Ctrl Pts',(-51.0377174680922,12.5417356554061,135.115686926978));
#5571=CARTESIAN_POINT('Ctrl Pts',(-48.7168499861566,12.5418887413549,135.115598530598));
#5572=CARTESIAN_POINT('Ctrl Pts',(-48.7168499861564,6.87960746232613,135.115598530598));
#5573=CARTESIAN_POINT('Ctrl Pts',(-48.7168499861565,1.21732618328496,135.115598530597));
#5574=CARTESIAN_POINT('Ctrl Pts',(-51.0377174680916,1.2174792692454,135.115686926975));
#5575=CARTESIAN_POINT('Ctrl Pts',(-51.0336432177987,12.5417356554061,-732.304734334322));
#5576=CARTESIAN_POINT('Ctrl Pts',(-48.7127757358658,12.5418887413548,-732.304822730699));
#5577=CARTESIAN_POINT('Ctrl Pts',(-48.7127757358667,6.87960746232602,-732.304822730701));
#5578=CARTESIAN_POINT('Ctrl Pts',(-48.7127757358645,1.21732618328512,-732.304822730701));
#5579=CARTESIAN_POINT('Ctrl Pts',(-51.0336432178092,1.21747926924562,-732.304734334319));
#5580=CARTESIAN_POINT('',(-51.0374792297262,12.5417356565408,85.0562588983994));
#5581=CARTESIAN_POINT('',(-51.0375172076165,12.541735657476,92.9381610284981));
#5582=CARTESIAN_POINT('Origin',(-51.0374195948216,6.87960746232574,85.0562588983994));
#5583=CARTESIAN_POINT('Origin',(-54.5607374074196,12.541735657476,93.846351241508));
#5584=CARTESIAN_POINT('',(-54.13134063822,12.5417370948562,85.0563178172011));
#5585=CARTESIAN_POINT('',(-54.1313500467484,12.5417396863668,92.9381610284996));
#5586=CARTESIAN_POINT('',(-54.1313132986452,12.541735657476,85.0563178168977));
#5587=CARTESIAN_POINT('Ctrl Pts',(-58.421233191295,6.93352157315599,-8817.4582281197));
#5588=CARTESIAN_POINT('Ctrl Pts',(-58.4212331912953,1.31926551671392,-8817.4582281197));
#5589=CARTESIAN_POINT('Ctrl Pts',(-54.2814423587151,1.31926551671495,-8817.4583857946));
#5590=CARTESIAN_POINT('Ctrl Pts',(-50.1416515261353,1.31926551671392,-8817.4585434694));
#5591=CARTESIAN_POINT('Ctrl Pts',(-50.1416515261353,6.93352157315599,-8817.4585434694));
#5592=CARTESIAN_POINT('Ctrl Pts',(-50.1416515261353,12.5477776295979,-8817.4585434694));
#5593=CARTESIAN_POINT('Ctrl Pts',(-54.2814423587151,12.547777629597,-8817.4583857946));
#5594=CARTESIAN_POINT('Ctrl Pts',(-58.4212331912953,12.5477776295979,-8817.4582281197));
#5595=CARTESIAN_POINT('Ctrl Pts',(-58.421233191295,6.93352157315599,-8817.4582281197));
#5596=CARTESIAN_POINT('Ctrl Pts',(-58.4632831904455,6.93352157315599,135.115969749198));
#5597=CARTESIAN_POINT('Ctrl Pts',(-58.4632831904462,1.31926551671392,135.115969749398));
#5598=CARTESIAN_POINT('Ctrl Pts',(-54.3234923578566,1.31926551671495,135.115812074398));
#5599=CARTESIAN_POINT('Ctrl Pts',(-50.1837015252656,1.31926551671392,135.115654399799));
#5600=CARTESIAN_POINT('Ctrl Pts',(-50.183701525275,6.93352157315599,135.115654399498));
#5601=CARTESIAN_POINT('Ctrl Pts',(-50.1837015252656,12.5477776295979,135.115654399799));
#5602=CARTESIAN_POINT('Ctrl Pts',(-54.3234923578566,12.547777629597,135.115812074398));
#5603=CARTESIAN_POINT('Ctrl Pts',(-58.4632831904462,12.5477776295979,135.115969749398));
#5604=CARTESIAN_POINT('Ctrl Pts',(-58.4632831904455,6.93352157315599,135.115969749198));
#5605=CARTESIAN_POINT('Origin',(-54.3233167544899,9.4939872641282,85.0563214988374));
#5606=CARTESIAN_POINT('Origin',(-64.9200069607205,21.6209778208017,93.846331610738));
#5607=CARTESIAN_POINT('',(-44.999999807896,21.6209792447699,85.0564552060987));
#5608=CARTESIAN_POINT('',(-44.9999996157858,21.62097924477,92.9381610284981));
#5609=CARTESIAN_POINT('',(-63.0000060613987,21.620977958051,85.0564560230978));
#5610=CARTESIAN_POINT('',(-44.9999998078965,21.62097924477,85.0564552060987));
#5611=CARTESIAN_POINT('',(-63.0000070182034,21.6209779580509,85.0564560230979));
#5612=CARTESIAN_POINT('Origin',(-63.0000065264524,25.9047295623681,93.8463315399324));
#5613=CARTESIAN_POINT('',(-63.0000030849695,-20.0165379993375,85.0564560230996));
#5614=CARTESIAN_POINT('',(-63.0000060613966,21.620977958051,85.0564560230978));
#5615=CARTESIAN_POINT('',(-63.0000040417744,-20.016537999338,85.0564560230997));
#5616=CARTESIAN_POINT('Origin',(45.0000003842233,24.2892914478795,84.148279642179));
#5617=CARTESIAN_POINT('',(45.0000001921138,21.6209856783578,85.0564511207976));
#5618=CARTESIAN_POINT('',(45.0000003842233,21.620985678358,92.9381610284981));
#5619=CARTESIAN_POINT('',(45.0000001921138,-3.86207201685698,85.0564506772989));
#5620=CARTESIAN_POINT('',(45.0000001921144,21.620985678358,85.0564511207976));
#5621=CARTESIAN_POINT('',(45.0000003842233,-3.86207201685704,85.0564506772989));
#5622=CARTESIAN_POINT('Origin',(-44.9999996157858,-6.53037714301975,84.1482816964291));
#5623=CARTESIAN_POINT('',(-44.9999998078919,-3.86207201685698,85.056452544799));
#5624=CARTESIAN_POINT('',(-44.9999996157858,-3.86207201685704,92.9381610284981));
#5625=CARTESIAN_POINT('',(-44.9999998078856,-3.86207201685704,85.056452544799));
#5626=CARTESIAN_POINT('Origin',(43.0799993138119,21.6209855411077,93.8463321009681));
#5627=CARTESIAN_POINT('',(62.9999978627282,21.6209869650751,85.0564503037986));
#5628=CARTESIAN_POINT('',(62.9999981232919,21.620986965075,92.9381610284981));
#5629=CARTESIAN_POINT('',(62.9999983645648,21.6209869650751,85.0564503037986));
#5630=CARTESIAN_POINT('Origin',(23.6337093032234,-13.8856282552714,90.727341784248));
#5631=CARTESIAN_POINT('',(23.6337093032143,-15.416755239006,113.846353469899));
#5632=CARTESIAN_POINT('',(23.6337093032188,-14.1339127669208,113.846353469899));
#5633=CARTESIAN_POINT('',(23.6337093032143,-15.416755239006,113.846353469899));
#5634=CARTESIAN_POINT('',(23.6337093032162,-14.13391252652,92.9381610284981));
#5635=CARTESIAN_POINT('',(23.6337093032143,-14.133912526525,113.846353469899));
#5636=CARTESIAN_POINT('',(23.6337093032162,-15.416755239006,92.9381610283981));
#5637=CARTESIAN_POINT('',(23.6337093032162,-14.13391252652,92.9381610284981));
#5638=CARTESIAN_POINT('',(23.6337093032162,-15.416755239006,92.9381610283981));
#5639=CARTESIAN_POINT('Origin',(24.0682710041238,-14.9821935380988,90.727341770628));
#5640=CARTESIAN_POINT('',(20.4880922941447,-18.5623722480821,113.846353606099));
#5641=CARTESIAN_POINT('',(20.4880922941447,-18.5623722480821,113.846353606099));
#5642=CARTESIAN_POINT('',(20.4880922941447,-18.5623722480819,92.9381610283981));
#5643=CARTESIAN_POINT('',(23.6337093032162,-15.416755239006,92.9381610283981));
#5644=CARTESIAN_POINT('',(20.4880922941447,-18.5623722480819,92.9381610283981));
#5645=CARTESIAN_POINT('Origin',(20.4880922941447,-18.2969563479197,90.727338849249));
#5646=CARTESIAN_POINT('',(20.4880922941392,-20.0165321064639,113.846353606099));
#5647=CARTESIAN_POINT('',(20.4880922941338,-20.016531249704,113.846353606099));
#5648=CARTESIAN_POINT('',(20.4880922941447,-20.0165317707982,92.9381601433458));
#5649=CARTESIAN_POINT('',(20.4880922941447,-18.5623722480819,92.9381610283981));
#5650=CARTESIAN_POINT('',(20.4880922941448,-20.0165320312517,92.938158372599));
#5651=CARTESIAN_POINT('Origin',(-20.3595706057949,-20.2819500679932,90.7273415350081));
#5652=CARTESIAN_POINT('',(-20.3595706010647,-18.5623677640268,113.846355374098));
#5653=CARTESIAN_POINT('',(-20.3595706157123,-20.0165350995573,113.846355963398));
#5654=CARTESIAN_POINT('',(-20.3595705973858,-18.5623677629781,113.846355374098));
#5655=CARTESIAN_POINT('',(-20.3595702055991,-20.0165344658671,92.9381610284647));
#5656=CARTESIAN_POINT('',(-20.3595706256164,-20.0165349512218,113.846355963398));
#5657=CARTESIAN_POINT('',(-20.3595706054953,-18.5623677636965,92.9381610284951));
#5658=CARTESIAN_POINT('',(-20.3595706057949,-20.016533494809,92.9381610284981));
#5659=CARTESIAN_POINT('',(-20.3595706057949,-18.5623677629779,92.9381610284981));
#5660=CARTESIAN_POINT('Origin',(-19.9250088957117,-18.9969294730558,90.727341580328));
#5661=CARTESIAN_POINT('',(-23.5051876148664,-15.416750753902,113.846355510199));
#5662=CARTESIAN_POINT('',(-23.5051876148664,-15.416750753902,113.846355510199));
#5663=CARTESIAN_POINT('',(-23.5051876148664,-15.416750753902,92.9381610284981));
#5664=CARTESIAN_POINT('',(-20.3595705974531,-18.5623677713144,92.9381610284981));
#5665=CARTESIAN_POINT('',(-23.5051876148664,-15.416750753902,92.9381610284981));
#5666=CARTESIAN_POINT('Origin',(-23.5051876148664,-15.6650348008946,90.727341580328));
#5667=CARTESIAN_POINT('',(-23.5051876148664,-14.1339120431594,113.846355510199));
#5668=CARTESIAN_POINT('',(-23.5051876148664,-14.133910595866,113.846355510199));
#5669=CARTESIAN_POINT('',(-23.5051876148664,-14.1339125260262,92.9381610284648));
#5670=CARTESIAN_POINT('',(-23.5051876148664,-15.416750753902,92.9381610284981));
#5671=CARTESIAN_POINT('',(-23.5051876148664,-14.133912526532,92.9381610284981));
#5672=CARTESIAN_POINT('Origin',(-28.3390773066747,-20.7247958158923,92.9381610283981));
#5673=CARTESIAN_POINT('',(-23.5051876148664,-14.133912526532,92.9381610284981));
#5674=CARTESIAN_POINT('',(-20.3595700053556,-20.016533494809,92.9381610283981));
#5675=CARTESIAN_POINT('Origin',(-43.0799992488088,-24.3002897237465,59.7453412958947));
#5676=CARTESIAN_POINT('',(-45.0000000000053,-20.0165327628777,59.74533871918));
#5677=CARTESIAN_POINT('',(-63.0000044264753,-20.0165379993329,59.745343104294));
#5678=CARTESIAN_POINT('',(16.3199994220272,-20.0165323291954,59.7453359033771));
#5679=CARTESIAN_POINT('',(-63.0000074024156,21.62097795805,59.7453431042977));
#5680=CARTESIAN_POINT('',(-63.0000044259897,-20.0165379993359,59.7453431042977));
#5681=CARTESIAN_POINT('',(-45.0000000000036,21.620979244769,59.7453414701977));
#5682=CARTESIAN_POINT('',(-63.0000074024156,21.62097795805,59.7453431042977));
#5683=CARTESIAN_POINT('',(-45.0000000000038,-3.86207201685704,59.7453389675742));
#5684=CARTESIAN_POINT('',(-45.0000000000036,21.620979244769,59.7453414701748));
#5685=CARTESIAN_POINT('',(-45.0000000000055,-18.1197954358465,59.7453414701951));
#5686=CARTESIAN_POINT('',(-54.131249591021,12.5417355329775,59.745342299137));
#5687=CARTESIAN_POINT('',(-54.5152656299014,12.5417355269993,59.7453423339979));
#5688=CARTESIAN_POINT('Origin',(-54.3232574658516,9.49403824503681,59.7453423165736));
#5689=CARTESIAN_POINT('',(-57.7902520790189,12.5417356574758,59.745342630811));
#5690=CARTESIAN_POINT('',(-54.5152593174625,12.5417356574761,59.7453423340041));
#5691=CARTESIAN_POINT('',(-57.7902520790189,1.21747926717494,59.7453426308168));
#5692=CARTESIAN_POINT('Ctrl Pts',(-57.7902520790189,12.5417356574753,59.745342631318));
#5693=CARTESIAN_POINT('Ctrl Pts',(-57.9073924623148,12.5417356575231,59.7453426419524));
#5694=CARTESIAN_POINT('Ctrl Pts',(-58.0214830264315,12.5201088616622,59.7453426523099));
#5695=CARTESIAN_POINT('Ctrl Pts',(-58.2580820996293,12.4342661772351,59.7453426737891));
#5696=CARTESIAN_POINT('Ctrl Pts',(-58.3752872575348,12.3657087246476,59.7453426844294));
#5697=CARTESIAN_POINT('Ctrl Pts',(-58.7127099473675,12.1085149229326,59.7453427150619));
#5698=CARTESIAN_POINT('Ctrl Pts',(-58.930541996697,11.8462450803533,59.7453427348374));
#5699=CARTESIAN_POINT('Ctrl Pts',(-59.541516378305,10.7948626764628,59.7453427903041));
#5700=CARTESIAN_POINT('Ctrl Pts',(-59.8475655855388,9.77435872564927,59.7453428180887));
#5701=CARTESIAN_POINT('Ctrl Pts',(-60.2047200533003,7.04672112530085,59.7453428505137));
#5702=CARTESIAN_POINT('Ctrl Pts',(-60.1230976694553,5.35003846327201,59.7453428431047));
#5703=CARTESIAN_POINT('Ctrl Pts',(-59.5686701125194,3.11204293271872,59.7453427927732));
#5704=CARTESIAN_POINT('Ctrl Pts',(-59.2744841635063,2.41600706568109,59.7453427660664));
#5705=CARTESIAN_POINT('Ctrl Pts',(-58.7415547082779,1.69081152192983,59.7453427176858));
#5706=CARTESIAN_POINT('Ctrl Pts',(-58.5513340009482,1.50769047250662,59.7453427004171));
#5707=CARTESIAN_POINT('Ctrl Pts',(-58.2646394961031,1.3324445052655,59.7453426743901));
#5708=CARTESIAN_POINT('Ctrl Pts',(-58.1691722902566,1.28797332958691,59.7453426657233));
#5709=CARTESIAN_POINT('Ctrl Pts',(-57.9776951776538,1.23157529831498,59.7453426483405));
#5710=CARTESIAN_POINT('Ctrl Pts',(-57.8848148165049,1.21747926713589,59.7453426399085));
#5711=CARTESIAN_POINT('Ctrl Pts',(-57.7902520790127,1.21747926717481,59.7453426313238));
#5712=CARTESIAN_POINT('',(-51.037419978898,1.21747926717516,59.7453420177943));
#5713=CARTESIAN_POINT('',(-57.7902520787524,1.21747926717501,59.7453426313238));
#5714=CARTESIAN_POINT('',(-51.037419978898,12.5417356574758,59.7453420177885));
#5715=CARTESIAN_POINT('Ctrl Pts',(-51.037419978898,1.21747926717545,59.7453420182809));
#5716=CARTESIAN_POINT('Ctrl Pts',(-50.9639881949867,1.21747926725701,59.7453420116145));
#5717=CARTESIAN_POINT('Ctrl Pts',(-50.8913679691136,1.22598148811769,59.7453420050218));
#5718=CARTESIAN_POINT('Ctrl Pts',(-50.7426678589192,1.26015070910316,59.7453419915224));
#5719=CARTESIAN_POINT('Ctrl Pts',(-50.6681831572628,1.28677041327875,59.7453419847604));
#5720=CARTESIAN_POINT('Ctrl Pts',(-50.4280313195026,1.40012097810127,59.7453419629586));
#5721=CARTESIAN_POINT('Ctrl Pts',(-50.2774690494176,1.51844865645754,59.74534194929));
#5722=CARTESIAN_POINT('Ctrl Pts',(-49.8660567807595,1.93578692383968,59.7453419119405));
#5723=CARTESIAN_POINT('Ctrl Pts',(-49.6111941660135,2.35174950868836,59.7453418888031));
#5724=CARTESIAN_POINT('Ctrl Pts',(-48.9612936906647,3.93732874695563,59.7453418298023));
#5725=CARTESIAN_POINT('Ctrl Pts',(-48.7166152439293,5.37848791536574,59.7453418075889));
#5726=CARTESIAN_POINT('Ctrl Pts',(-48.7166152439301,8.38072700926742,59.7453418075874));
#5727=CARTESIAN_POINT('Ctrl Pts',(-48.9612936906608,9.82188617768308,59.7453418297993));
#5728=CARTESIAN_POINT('Ctrl Pts',(-49.6111941660154,11.4074654159635,59.7453418887985));
#5729=CARTESIAN_POINT('Ctrl Pts',(-49.8660567807619,11.8234280008117,59.7453419119355));
#5730=CARTESIAN_POINT('Ctrl Pts',(-50.2774690494195,12.2407662681932,59.7453419492845));
#5731=CARTESIAN_POINT('Ctrl Pts',(-50.4280313195046,12.3590939465494,59.745341962953));
#5732=CARTESIAN_POINT('Ctrl Pts',(-50.6681831572648,12.4724445113719,59.7453419847547));
#5733=CARTESIAN_POINT('Ctrl Pts',(-50.7426678589211,12.4990642155475,59.7453419915166));
#5734=CARTESIAN_POINT('Ctrl Pts',(-50.8913679691156,12.533233436533,59.745342005016));
#5735=CARTESIAN_POINT('Ctrl Pts',(-50.9639881949868,12.5417356573936,59.7453420116087));
#5736=CARTESIAN_POINT('Ctrl Pts',(-51.037419978898,12.5417356574753,59.7453420182751));
#5737=CARTESIAN_POINT('',(-51.0374199780679,12.5417356574761,59.7453420182751));
#5738=CARTESIAN_POINT('Origin',(64.9199989584371,-24.3002820034459,59.7453314912944));
#5739=CARTESIAN_POINT('',(45.0000000000036,21.6209856783571,59.7453332996993));
#5740=CARTESIAN_POINT('',(45.0000000000037,-3.86207201685704,59.7453332996824));
#5741=CARTESIAN_POINT('',(62.999997023544,21.620986965073,59.7453316655992));
#5742=CARTESIAN_POINT('',(45.0000000000036,21.6209856783571,59.7453332996993));
#5743=CARTESIAN_POINT('',(62.9999999994895,-20.0165289923098,59.7453316655968));
#5744=CARTESIAN_POINT('',(62.9999970235448,21.620986965073,59.7453316655992));
#5745=CARTESIAN_POINT('',(62.9999990431734,-20.016528992311,59.7453316655957));
#5746=CARTESIAN_POINT('',(57.7902588583243,1.2174792671749,59.7453321380729));
#5747=CARTESIAN_POINT('',(57.7902588583243,12.5417356574759,59.7453321380671));
#5748=CARTESIAN_POINT('Ctrl Pts',(57.7902488583243,1.21747926722726,59.7453321385419));
#5749=CARTESIAN_POINT('Ctrl Pts',(57.9038039572948,1.21747926718451,59.745332128233));
#5750=CARTESIAN_POINT('Ctrl Pts',(58.0145690168333,1.23780321537483,59.7453321181774));
#5751=CARTESIAN_POINT('Ctrl Pts',(58.2440583852837,1.31859319702123,59.7453320973436));
#5752=CARTESIAN_POINT('Ctrl Pts',(58.3578677870266,1.38298663993491,59.7453320870116));
#5753=CARTESIAN_POINT('Ctrl Pts',(58.6885016499692,1.62702399933103,59.7453320569955));
#5754=CARTESIAN_POINT('Ctrl Pts',(58.9026530826203,1.87701513957519,59.7453320375541));
#5755=CARTESIAN_POINT('Ctrl Pts',(59.5065372146743,2.88158809540464,59.7453319827311));
#5756=CARTESIAN_POINT('Ctrl Pts',(59.8145376431044,3.86077896715761,59.7453319547694));
#5757=CARTESIAN_POINT('Ctrl Pts',(60.195513939028,6.49242956495648,59.7453319201818));
#5758=CARTESIAN_POINT('Ctrl Pts',(60.144236533933,8.14637526803413,59.7453319248362));
#5759=CARTESIAN_POINT('Ctrl Pts',(59.6369254777382,10.4621254596651,59.7453319708902));
#5760=CARTESIAN_POINT('Ctrl Pts',(59.3372723760632,11.2274203238225,59.7453319980932));
#5761=CARTESIAN_POINT('Ctrl Pts',(58.7845057235545,12.0223785945323,59.7453320482747));
#5762=CARTESIAN_POINT('Ctrl Pts',(58.5864022302024,12.2236480023326,59.745332066259));
#5763=CARTESIAN_POINT('Ctrl Pts',(58.286473621405,12.4157938821633,59.7453320934873));
#5764=CARTESIAN_POINT('Ctrl Pts',(58.1866870382507,12.4645785335117,59.7453321025463));
#5765=CARTESIAN_POINT('Ctrl Pts',(57.9863147299196,12.5262910696215,59.7453321207366));
#5766=CARTESIAN_POINT('Ctrl Pts',(57.8892429457423,12.5417356575128,59.7453321295491));
#5767=CARTESIAN_POINT('Ctrl Pts',(57.7902588583179,12.5417356574754,59.7453321385352));
#5768=CARTESIAN_POINT('',(54.5152724091848,12.541735527001,59.7453324358419));
#5769=CARTESIAN_POINT('',(57.7902588580952,12.5417356574761,59.7453321385352));
#5770=CARTESIAN_POINT('',(54.1312563703052,12.5417355329758,59.7453324707053));
#5771=CARTESIAN_POINT('Origin',(54.3232642452183,9.49403824508124,59.7453324532796));
#5772=CARTESIAN_POINT('',(51.0374267582234,12.5417356574757,59.7453327511029));
#5773=CARTESIAN_POINT('',(54.1312623936087,12.5417356574761,59.7453324707101));
#5774=CARTESIAN_POINT('',(51.0374267582234,1.217479267175,59.7453327511087));
#5775=CARTESIAN_POINT('Ctrl Pts',(51.0374267582234,12.5417356574749,59.745332751578));
#5776=CARTESIAN_POINT('Ctrl Pts',(50.9639949743116,12.5417356573966,59.7453327582443));
#5777=CARTESIAN_POINT('Ctrl Pts',(50.8913747483992,12.5332334365331,59.745332764837));
#5778=CARTESIAN_POINT('Ctrl Pts',(50.7426746382037,12.4990642155478,59.7453327783365));
#5779=CARTESIAN_POINT('Ctrl Pts',(50.6681899365468,12.4724445113722,59.7453327850984));
#5780=CARTESIAN_POINT('Ctrl Pts',(50.4280380987848,12.3590939465493,59.7453328069002));
#5781=CARTESIAN_POINT('Ctrl Pts',(50.2774758286987,12.2407662681923,59.7453328205688));
#5782=CARTESIAN_POINT('Ctrl Pts',(49.8660635600412,11.8234280008101,59.7453328579183));
#5783=CARTESIAN_POINT('Ctrl Pts',(49.6112009452961,11.4074654159634,59.7453328810557));
#5784=CARTESIAN_POINT('Ctrl Pts',(48.961300469943,9.82188617768611,59.7453329400565));
#5785=CARTESIAN_POINT('Ctrl Pts',(48.7166220232137,8.38072700926904,59.7453329622699));
#5786=CARTESIAN_POINT('Ctrl Pts',(48.7166220232174,5.37848791553567,59.7453329622714));
#5787=CARTESIAN_POINT('Ctrl Pts',(48.9613004698998,3.93732874706646,59.7453329400595));
#5788=CARTESIAN_POINT('Ctrl Pts',(49.6112009452952,2.35174950868624,59.7453328810603));
#5789=CARTESIAN_POINT('Ctrl Pts',(49.8660635600398,1.93578692383993,59.7453328579233));
#5790=CARTESIAN_POINT('Ctrl Pts',(50.2774758286974,1.51844865645751,59.7453328205743));
#5791=CARTESIAN_POINT('Ctrl Pts',(50.4280380987838,1.40012097810029,59.7453328069058));
#5792=CARTESIAN_POINT('Ctrl Pts',(50.6681899365463,1.28677041327734,59.7453327851042));
#5793=CARTESIAN_POINT('Ctrl Pts',(50.7426746382033,1.26015070910174,59.7453327783422));
#5794=CARTESIAN_POINT('Ctrl Pts',(50.8913747483992,1.22598148811656,59.7453327648428));
#5795=CARTESIAN_POINT('Ctrl Pts',(50.9639949743114,1.2174792672532,59.7453327582501));
#5796=CARTESIAN_POINT('Ctrl Pts',(51.0374267582233,1.21747926717499,59.7453327515837));
#5797=CARTESIAN_POINT('',(51.0374267574683,1.21747926717501,59.7453327515837));
#5798=CARTESIAN_POINT('Origin',(16.1862078651338,-21.7519761052542,33.6779489624198));
#5799=CARTESIAN_POINT('',(16.1862078651448,-3.86207201685386,37.5042009772005));
#5800=CARTESIAN_POINT('',(16.1862078651357,-9.86207201685102,37.5042009772005));
#5801=CARTESIAN_POINT('',(16.1862078651448,-3.86207201685386,37.5042009772005));
#5802=CARTESIAN_POINT('',(16.1862078651357,-9.86207201685102,51.2499129551979));
#5803=CARTESIAN_POINT('',(16.1862078651357,-9.86207201685102,37.5042009772005));
#5804=CARTESIAN_POINT('',(16.1862078651448,-3.86207201685386,51.2499129551979));
#5805=CARTESIAN_POINT('',(16.1862078651357,-9.86207201685102,51.2499129551979));
#5806=CARTESIAN_POINT('',(16.1862078651448,-3.86207201685386,51.2499129551979));
#5807=CARTESIAN_POINT('',(16.1862078651357,-20.016530279036,35.9146073377997));
#5808=CARTESIAN_POINT('',(16.1862078651357,-20.016530279036,57.0811910915982));
#5809=CARTESIAN_POINT('',(16.1862078651357,-3.86207201685704,35.9146073377997));
#5810=CARTESIAN_POINT('',(16.1862078651357,-20.016530279036,35.9146073377997));
#5811=CARTESIAN_POINT('',(16.1862078651357,-3.86207201685704,35.9146073377997));
#5812=CARTESIAN_POINT('Ctrl Pts',(16.1862078651338,14004.2089970769,35.9146073377997));
#5813=CARTESIAN_POINT('Ctrl Pts',(16.1862078651382,-3180.48958799952,35.9146073377997));
#5814=CARTESIAN_POINT('Ctrl Pts',(16.1862078651311,14004.2089970769,34.2537170695976));
#5815=CARTESIAN_POINT('Ctrl Pts',(16.1862078651355,-3180.48958799952,34.2537170695976));
#5816=CARTESIAN_POINT('Ctrl Pts',(18.7094823434727,14004.2089970769,34.2537170695978));
#5817=CARTESIAN_POINT('Ctrl Pts',(18.7094823434771,-3180.48958799952,34.2537170695978));
#5818=CARTESIAN_POINT('',(18.7094823434745,-3.86207201685704,34.2537170695978));
#5819=CARTESIAN_POINT('Origin',(18.7094823434634,-3.862072016855,35.9146073377971));
#5820=CARTESIAN_POINT('',(18.7094823434745,-20.016530279036,34.2537170695978));
#5821=CARTESIAN_POINT('Origin',(18.7094823434634,-20.0165302790359,35.9146073377971));
#5822=CARTESIAN_POINT('',(18.7094823434745,-20.016530279036,34.2537170695978));
#5823=CARTESIAN_POINT('Origin',(28.8435268077524,-10.133912526532,30.7924830035121));
#5824=CARTESIAN_POINT('',(36.5213822776641,-10.1339125265329,16.8164146420167));
#5825=CARTESIAN_POINT('Origin',(36.521382277665,-10.133912526533,23.1146275335859));
#5826=CARTESIAN_POINT('Origin',(36.5213822765616,-6.99799227169569,23.114627533394));
#5827=CARTESIAN_POINT('',(36.5213822765673,-3.86207201685454,26.1146275333958));
#5828=CARTESIAN_POINT('',(36.5213822765616,-6.99799227169569,26.1146275333958));
#5829=CARTESIAN_POINT('Origin',(36.5213822765673,-3.86207201685852,23.114627533394));
#5830=CARTESIAN_POINT('Origin',(36.5213822776641,-15.0752214027845,23.1146275335977));
#5831=CARTESIAN_POINT('',(36.5213822776641,-20.016530279036,16.8164146420167));
#5832=CARTESIAN_POINT('',(36.5213822776641,-15.0752214027845,16.8164146420167));
#5833=CARTESIAN_POINT('Origin',(36.521382277665,-20.016530279036,23.1146275335859));
#5834=CARTESIAN_POINT('Origin',(45.0000000000036,-21.7519761052539,-3.54537170695978));
#5835=CARTESIAN_POINT('',(45.0000000000036,-3.86207201685704,34.2537170695978));
#5836=CARTESIAN_POINT('',(45.0000000000036,-20.016530279036,34.2537170695978));
#5837=CARTESIAN_POINT('',(45.0000000000036,-3.86207201685704,34.2537170695978));
#5838=CARTESIAN_POINT('',(45.0000000000036,-20.016530279036,0.));
#5839=CARTESIAN_POINT('',(45.0000000000036,-20.016530279036,34.2537170695978));
#5840=CARTESIAN_POINT('',(45.0000000000036,-3.86207201685704,0.));
#5841=CARTESIAN_POINT('',(45.0000000000036,-20.016530279036,0.));
#5842=CARTESIAN_POINT('',(45.0000000000036,-3.86207201685704,0.));
#5843=CARTESIAN_POINT('Origin',(-45.0000000000055,-11.9393011479465,59.7453316655992));
#5844=CARTESIAN_POINT('',(-45.0000000000042,-3.86207201685704,-6.06329801181953E-13));
#5845=CARTESIAN_POINT('',(-45.0000000000055,-3.86207201685704,59.7453316655992));
#5846=CARTESIAN_POINT('',(-45.0000000000042,-20.016530279036,-6.06329801181953E-13));
#5847=CARTESIAN_POINT('',(-45.0000000000042,-3.86207201685704,-6.06329801181953E-13));
#5848=CARTESIAN_POINT('',(-45.0000000000055,-20.016530279036,-6.03961325396085E-13));
#5849=CARTESIAN_POINT('Origin',(54.1200000000043,-21.7519761052539,-1.81898940354586E-12));
#5850=CARTESIAN_POINT('',(45.0000000000036,-20.016530279036,0.));
#5851=CARTESIAN_POINT('',(-45.0000000000042,-3.86207201685704,-6.06329801181953E-13));
#5852=CARTESIAN_POINT('Origin',(54.0677608571532,12.541735657475,87.707518116148));
#5853=CARTESIAN_POINT('Ctrl Pts',(54.5153914761838,12.541735657475,85.0563251294977));
#5854=CARTESIAN_POINT('Ctrl Pts',(54.5153716618124,12.541735657475,80.8377844942032));
#5855=CARTESIAN_POINT('Ctrl Pts',(54.5153518475047,12.541735657471,76.6192438589088));
#5856=CARTESIAN_POINT('Ctrl Pts',(54.515312219155,12.541735657471,68.1822462943565));
#5857=CARTESIAN_POINT('Ctrl Pts',(54.5152924051131,12.541735657475,63.9637893650988));
#5858=CARTESIAN_POINT('Ctrl Pts',(54.5152725911349,12.541735657475,59.7453324358411));
#5859=CARTESIAN_POINT('',(57.7902588580837,12.5417356574761,59.7452060543001));
#5860=CARTESIAN_POINT('Ctrl Pts',(57.7904347360936,1.21747926901996,109.804831202798));
#5861=CARTESIAN_POINT('Ctrl Pts',(57.7863604858036,1.21747926901996,-757.615590058601));
#5862=CARTESIAN_POINT('Ctrl Pts',(60.1112987232423,1.21733470983291,109.804919599099));
#5863=CARTESIAN_POINT('Ctrl Pts',(60.1072244729607,1.21733470983291,-757.615501662303));
#5864=CARTESIAN_POINT('Ctrl Pts',(60.1112987232336,6.87960746232488,109.804919599099));
#5865=CARTESIAN_POINT('Ctrl Pts',(60.1072244729639,6.879607462325,-757.615501662303));
#5866=CARTESIAN_POINT('Ctrl Pts',(60.1112987232334,12.5418802148016,109.804919599096));
#5867=CARTESIAN_POINT('Ctrl Pts',(60.1072244729634,12.541880214802,-757.615501662302));
#5868=CARTESIAN_POINT('Ctrl Pts',(57.7904347360948,12.5417356556301,109.804831202801));
#5869=CARTESIAN_POINT('Ctrl Pts',(57.786360485812,12.5417356556301,-757.615590058604));
#5870=CARTESIAN_POINT('',(57.7902588580837,1.21747926717501,59.7452060543001));
#5871=CARTESIAN_POINT('Origin',(50.2421375838443,1.21747926717501,57.0938049905792));
#5872=CARTESIAN_POINT('',(51.0374267574334,1.21747926717501,59.7449488548991));
#5873=CARTESIAN_POINT('Ctrl Pts',(51.037661886145,12.5417356574749,109.804574005698));
#5874=CARTESIAN_POINT('Ctrl Pts',(51.0335876358644,12.5417356574749,-757.615847255602));
#5875=CARTESIAN_POINT('Ctrl Pts',(48.7168571496959,12.5417356574839,109.804485611697));
#5876=CARTESIAN_POINT('Ctrl Pts',(48.7127828994161,12.5417356574839,-757.615935649601));
#5877=CARTESIAN_POINT('Ctrl Pts',(48.7168571497041,6.87960746232488,109.804485611796));
#5878=CARTESIAN_POINT('Ctrl Pts',(48.7127828994035,6.879607462325,-757.615935649601));
#5879=CARTESIAN_POINT('Ctrl Pts',(48.7168571496951,1.21747926716203,109.804485611698));
#5880=CARTESIAN_POINT('Ctrl Pts',(48.7127828994038,1.21747926716203,-757.615935649602));
#5881=CARTESIAN_POINT('Ctrl Pts',(51.0376618861453,1.21747926717499,109.804574005702));
#5882=CARTESIAN_POINT('Ctrl Pts',(51.0335876358647,1.21747926717499,-757.615847255601));
#5883=CARTESIAN_POINT('',(51.0374267574334,12.5417356574761,59.7449488548991));
#5884=CARTESIAN_POINT('Origin',(50.6080373869584,12.541735657475,87.7074547130976));
#5885=CARTESIAN_POINT('Ctrl Pts',(54.1312561966872,12.541735657475,59.7453324707061));
#5886=CARTESIAN_POINT('Ctrl Pts',(54.1312760106482,12.541735657475,63.963785731902));
#5887=CARTESIAN_POINT('Ctrl Pts',(54.1312958245792,12.5417356574731,68.182238993098));
#5888=CARTESIAN_POINT('Ctrl Pts',(54.1313354529173,12.5417356574731,76.6192341084097));
#5889=CARTESIAN_POINT('Ctrl Pts',(54.1313552673244,12.541735657475,80.8377759625256));
#5890=CARTESIAN_POINT('Ctrl Pts',(54.1313750817015,12.541735657475,85.0563178166414));
#5891=CARTESIAN_POINT('Ctrl Pts',(58.4212403548336,6.93352157315496,-8842.7693410386));
#5892=CARTESIAN_POINT('Ctrl Pts',(58.4632903539841,6.93352157315496,109.804856830298));
#5893=CARTESIAN_POINT('Ctrl Pts',(58.4212403548333,1.31926551671295,-8842.7693410386));
#5894=CARTESIAN_POINT('Ctrl Pts',(58.4632903539842,1.31926551671295,109.804856830599));
#5895=CARTESIAN_POINT('Ctrl Pts',(54.2814495222538,1.31926551671404,-8842.7694987135));
#5896=CARTESIAN_POINT('Ctrl Pts',(54.3234995214043,1.31926551671404,109.804699155498));
#5897=CARTESIAN_POINT('Ctrl Pts',(50.1416586896848,1.31926551671295,-8842.7696563883));
#5898=CARTESIAN_POINT('Ctrl Pts',(50.1837086888139,1.31926551671295,109.804541480898));
#5899=CARTESIAN_POINT('Ctrl Pts',(50.1416586896739,6.93352157315496,-8842.7696563883));
#5900=CARTESIAN_POINT('Ctrl Pts',(50.1837086888136,6.93352157315496,109.804541480698));
#5901=CARTESIAN_POINT('Ctrl Pts',(50.1416586896848,12.547777629597,-8842.7696563883));
#5902=CARTESIAN_POINT('Ctrl Pts',(50.1837086888139,12.547777629597,109.804541480898));
#5903=CARTESIAN_POINT('Ctrl Pts',(54.2814495222538,12.547777629596,-8842.7694987135));
#5904=CARTESIAN_POINT('Ctrl Pts',(54.3234995214043,12.547777629596,109.804699155498));
#5905=CARTESIAN_POINT('Ctrl Pts',(58.4212403548333,12.547777629597,-8842.7693410386));
#5906=CARTESIAN_POINT('Ctrl Pts',(58.4632903539842,12.547777629597,109.804856830599));
#5907=CARTESIAN_POINT('Ctrl Pts',(58.4212403548336,6.93352157315496,-8842.7693410386));
#5908=CARTESIAN_POINT('Ctrl Pts',(58.4632903539841,6.93352157315496,109.804856830298));
#5909=CARTESIAN_POINT('Origin',(-58.2378165310152,12.541735657475,87.707518116148));
#5910=CARTESIAN_POINT('',(-57.7903113297853,12.541735657476,85.056387498098));
#5911=CARTESIAN_POINT('Ctrl Pts',(-54.5152658118538,12.541735657475,59.745342333997));
#5912=CARTESIAN_POINT('Ctrl Pts',(-54.5152856258166,12.541735657475,63.9637959638685));
#5913=CARTESIAN_POINT('Ctrl Pts',(-54.5153054398437,12.5417356574709,68.1822495937399));
#5914=CARTESIAN_POINT('Ctrl Pts',(-54.5153450681778,12.5417356574709,76.6192438589064));
#5915=CARTESIAN_POINT('Ctrl Pts',(-54.5153648824848,12.541735657475,80.8377844942014));
#5916=CARTESIAN_POINT('Ctrl Pts',(-54.5153846968562,12.541735657475,85.0563251294964));
#5917=CARTESIAN_POINT('Ctrl Pts',(-57.7904275725551,1.2174792690441,109.804831202798));
#5918=CARTESIAN_POINT('Ctrl Pts',(-60.1112919439056,1.21733377244015,109.804919599099));
#5919=CARTESIAN_POINT('Ctrl Pts',(-60.1112919439165,6.879607462325,109.804919599097));
#5920=CARTESIAN_POINT('Ctrl Pts',(-60.1112919439082,12.5418811522142,109.804919599098));
#5921=CARTESIAN_POINT('Ctrl Pts',(-57.7904275725573,12.541735655606,109.804831202799));
#5922=CARTESIAN_POINT('Ctrl Pts',(-57.7863533222698,1.21747926904387,-757.615590058606));
#5923=CARTESIAN_POINT('Ctrl Pts',(-60.1072176936168,1.21733377244015,-757.615501662303));
#5924=CARTESIAN_POINT('Ctrl Pts',(-60.1072176936232,6.879607462325,-757.615501662302));
#5925=CARTESIAN_POINT('Ctrl Pts',(-60.1072176936259,12.541881152215,-757.615501662302));
#5926=CARTESIAN_POINT('Ctrl Pts',(-57.7863533222574,12.5417356556058,-757.6155900586));
#5927=CARTESIAN_POINT('',(-57.7903113297853,1.21747926717501,85.056387498098));
#5928=CARTESIAN_POINT('Origin',(-58.5856004649535,1.21747926717501,57.0938049905792));
#5929=CARTESIAN_POINT('',(-51.0374792297262,1.21747926717501,85.0562588983994));
#5930=CARTESIAN_POINT('Ctrl Pts',(-51.0376551068166,12.5417356574753,109.8045740057));
#5931=CARTESIAN_POINT('Ctrl Pts',(-48.7168503703777,12.5417356574749,109.804485611697));
#5932=CARTESIAN_POINT('Ctrl Pts',(-48.7168503703761,6.879607462325,109.804485611696));
#5933=CARTESIAN_POINT('Ctrl Pts',(-48.7168503703764,1.21747926717489,109.804485611698));
#5934=CARTESIAN_POINT('Ctrl Pts',(-51.0376551068148,1.21747926717546,109.804574005699));
#5935=CARTESIAN_POINT('Ctrl Pts',(-51.0335808565378,12.5417356574753,-757.615847255598));
#5936=CARTESIAN_POINT('Ctrl Pts',(-48.7127761200863,12.5417356574749,-757.615935649599));
#5937=CARTESIAN_POINT('Ctrl Pts',(-48.7127761200863,6.879607462325,-757.615935649599));
#5938=CARTESIAN_POINT('Ctrl Pts',(-48.7127761200863,1.21747926717489,-757.615935649599));
#5939=CARTESIAN_POINT('Ctrl Pts',(-51.0335808565342,1.21747926717535,-757.6158472556));
#5940=CARTESIAN_POINT('',(-51.0374792297262,12.541735657476,85.0562588983994));
#5941=CARTESIAN_POINT('Origin',(-54.5607026306994,12.541735657475,87.7074547130976));
#5942=CARTESIAN_POINT('Ctrl Pts',(-54.1313683023736,12.541735657475,85.0563178166397));
#5943=CARTESIAN_POINT('Ctrl Pts',(-54.1313484879965,12.541735657475,80.8377759625246));
#5944=CARTESIAN_POINT('Ctrl Pts',(-54.1313286735889,12.5417356574731,76.6192341084095));
#5945=CARTESIAN_POINT('Ctrl Pts',(-54.1312890452662,12.5417356574731,68.1822422692422));
#5946=CARTESIAN_POINT('Ctrl Pts',(-54.131269231351,12.541735657475,63.96379228419));
#5947=CARTESIAN_POINT('Ctrl Pts',(-54.1312494174054,12.541735657475,59.7453422991378));
#5948=CARTESIAN_POINT('Ctrl Pts',(-58.4212335755165,6.93352157315496,-8842.7693410386));
#5949=CARTESIAN_POINT('Ctrl Pts',(-58.4212335755162,1.31926551671295,-8842.7693410386));
#5950=CARTESIAN_POINT('Ctrl Pts',(-54.2814427429366,1.31926551671404,-8842.7694987135));
#5951=CARTESIAN_POINT('Ctrl Pts',(-50.1416519103458,1.31926551671295,-8842.7696563883));
#5952=CARTESIAN_POINT('Ctrl Pts',(-50.141651910355,6.93352157315496,-8842.7696563883));
#5953=CARTESIAN_POINT('Ctrl Pts',(-50.1416519103458,12.547777629597,-8842.7696563883));
#5954=CARTESIAN_POINT('Ctrl Pts',(-54.2814427429366,12.547777629596,-8842.7694987135));
#5955=CARTESIAN_POINT('Ctrl Pts',(-58.4212335755162,12.547777629597,-8842.7693410386));
#5956=CARTESIAN_POINT('Ctrl Pts',(-58.4212335755165,6.93352157315496,-8842.7693410386));
#5957=CARTESIAN_POINT('Ctrl Pts',(-58.4632835746652,6.93352157315496,109.804856830298));
#5958=CARTESIAN_POINT('Ctrl Pts',(-58.4632835746658,1.31926551671295,109.804856830599));
#5959=CARTESIAN_POINT('Ctrl Pts',(-54.3234927420763,1.31926551671404,109.804699155498));
#5960=CARTESIAN_POINT('Ctrl Pts',(-50.1837019094852,1.31926551671295,109.804541480898));
#5961=CARTESIAN_POINT('Ctrl Pts',(-50.1837019094964,6.93352157315496,109.804541480598));
#5962=CARTESIAN_POINT('Ctrl Pts',(-50.1837019094852,12.547777629597,109.804541480898));
#5963=CARTESIAN_POINT('Ctrl Pts',(-54.3234927420763,12.547777629596,109.804699155498));
#5964=CARTESIAN_POINT('Ctrl Pts',(-58.4632835746658,12.547777629597,109.804856830599));
#5965=CARTESIAN_POINT('Ctrl Pts',(-58.4632835746652,6.93352157315496,109.804856830298));
#5966=CARTESIAN_POINT('Origin',(-64.9200081704456,21.6209778208006,87.7075674783878));
#5967=CARTESIAN_POINT('',(-45.0000000000055,21.62097924477,85.0564552060987));
#5968=CARTESIAN_POINT('',(-63.0000074024181,21.62097795805,59.7453431042977));
#5969=CARTESIAN_POINT('Origin',(-63.0000051701412,25.9047295623682,87.707567325874));
#5970=CARTESIAN_POINT('',(-63.0000044259897,-20.0165379993359,59.7453431042977));
#5971=CARTESIAN_POINT('Origin',(45.0000000000036,24.2892914478795,57.0942207746476));
#5972=CARTESIAN_POINT('',(45.0000000000036,21.620985678358,85.0564511207976));
#5973=CARTESIAN_POINT('',(45.0000000000036,-3.86207201685704,59.7453326242976));
#5974=CARTESIAN_POINT('Origin',(-45.0000000000055,-6.53037714301975,57.0942224669641));
#5975=CARTESIAN_POINT('',(-45.0000000000055,-3.86207201685704,85.056452544799));
#5976=CARTESIAN_POINT('Origin',(43.0800001549694,21.6209855411067,87.7075630663174));
#5977=CARTESIAN_POINT('',(62.9999978621545,21.6209869650751,85.0564503037986));
#5978=CARTESIAN_POINT('Origin',(-40.8950449104664,-10.133912526532,34.7672446924279));
#5979=CARTESIAN_POINT('',(-33.2171894405365,-10.133912526533,20.7911763309203));
#5980=CARTESIAN_POINT('Origin',(-33.2171894405364,-10.133912526533,27.0893892224848));
#5981=CARTESIAN_POINT('Origin',(-33.2171894403054,-6.99799227169507,27.0893915222987));
#5982=CARTESIAN_POINT('',(-33.2171894403054,-3.86207201685692,30.0893915223005));
#5983=CARTESIAN_POINT('',(-33.2171894403054,-6.99799227169507,30.0893915223005));
#5984=CARTESIAN_POINT('Origin',(-33.2171894403036,-3.86207201685704,27.0893915224005));
#5985=CARTESIAN_POINT('Origin',(-33.2171894405365,-15.0752214027845,27.0893892224976));
#5986=CARTESIAN_POINT('',(-33.2171894405365,-20.016530279036,20.7911763309203));
#5987=CARTESIAN_POINT('',(-33.2171894405365,-15.0752214027845,20.7911763309203));
#5988=CARTESIAN_POINT('Origin',(-33.2171894405364,-20.016530279036,27.0893892224848));
#5989=CARTESIAN_POINT('Origin',(-40.8950449101979,-10.133912526532,90.3703445184027));
#5990=CARTESIAN_POINT('',(-33.2171894402854,-10.1339125265329,76.3942761569196));
#5991=CARTESIAN_POINT('Origin',(-33.2171894402855,-10.133912526533,82.6924890485699));
#5992=CARTESIAN_POINT('Origin',(-33.2171894400562,-6.99799227169461,82.6924913483981));
#5993=CARTESIAN_POINT('',(-33.2171894400562,-3.86207201685539,85.6924913483999));
#5994=CARTESIAN_POINT('',(-33.2171894400562,-6.99799227169461,85.6924913483999));
#5995=CARTESIAN_POINT('',(-31.3701136974352,-3.86207201685602,85.0564522619989));
#5996=CARTESIAN_POINT('Origin',(-33.2171894400562,-3.86207201685602,82.6924913483981));
#5997=CARTESIAN_POINT('',(-35.0642650845118,-3.8620720168558,85.0564523387002));
#5998=CARTESIAN_POINT('Origin',(-33.2171894400562,-3.86207201685653,82.6924913483981));
#5999=CARTESIAN_POINT('Origin',(-33.2171894400562,-3.86207201685602,82.6924913483981));
#6000=CARTESIAN_POINT('Origin',(-33.2171894402854,-15.0752214027845,82.6924890484988));
#6001=CARTESIAN_POINT('',(-33.2171894402854,-20.0165363205563,76.3942761569196));
#6002=CARTESIAN_POINT('',(-33.2171894402854,-15.0752214027845,76.3942761569196));
#6003=CARTESIAN_POINT('Origin',(-33.217189440285,-20.0165358703322,82.6924890485698));
#6004=CARTESIAN_POINT('Origin',(28.8696131799478,-10.133912526532,94.3178036068173));
#6005=CARTESIAN_POINT('',(36.5474686498746,-10.1339125265329,80.3417352453235));
#6006=CARTESIAN_POINT('Origin',(36.5474686498646,-10.133912526533,86.6399481368872));
#6007=CARTESIAN_POINT('Origin',(36.5474686500947,-6.99799227169502,86.6399504366982));
#6008=CARTESIAN_POINT('',(36.5474686500947,-3.86207201685704,89.6399504367));
#6009=CARTESIAN_POINT('',(36.5474686500947,-6.99799227169502,89.6399504367));
#6010=CARTESIAN_POINT('',(39.0955127823542,-3.86207201685704,85.0564507997989));
#6011=CARTESIAN_POINT('Origin',(36.5474686500947,-3.86207201685704,86.6399504367));
#6012=CARTESIAN_POINT('',(33.9994244520852,-3.86207201685704,85.0564509055985));
#6013=CARTESIAN_POINT('Origin',(36.5474686500947,-3.86207201685704,86.6399504366982));
#6014=CARTESIAN_POINT('Origin',(36.5474686500947,-3.86207201685704,86.6399504367));
#6015=CARTESIAN_POINT('Origin',(36.5474686498746,-15.0752214027846,86.639948136899));
#6016=CARTESIAN_POINT('',(36.5474686498746,-20.0165313336088,80.3417352453235));
#6017=CARTESIAN_POINT('',(36.5474686498746,-15.0752214027846,80.3417352453235));
#6018=CARTESIAN_POINT('',(36.5544371002543,-20.0165308819056,92.9381571734713));
#6019=CARTESIAN_POINT('Origin',(36.5474686498647,-20.0165308832543,86.6399481368725));
#6020=CARTESIAN_POINT('',(36.5404984025645,-20.0165308828999,92.9381571714813));
#6021=CARTESIAN_POINT('Origin',(36.5474686498746,-20.0165308832576,86.639948136899));
#6022=CARTESIAN_POINT('Origin',(36.5474686498647,-20.0165308832543,86.6399481368725));
#6023=CARTESIAN_POINT('Origin',(75.7200017246607,-20.0165280830347,96.377443964788));
#6024=CARTESIAN_POINT('',(36.5404984025645,-20.0165308837539,92.9381571714985));
#6025=CARTESIAN_POINT('',(-20.3595700053555,-20.0165349512162,92.9381610284981));
#6026=CARTESIAN_POINT('',(-45.0000000000055,-20.0165312968494,59.745333216692));
#6027=CARTESIAN_POINT('',(63.0000010997246,-20.016528992316,92.9381610284981));
#6028=CARTESIAN_POINT('',(62.999999999975,-20.0165289923109,59.7453316655992));
#6029=CARTESIAN_POINT('',(63.0000010997246,-20.0165289923145,92.9381610284981));
#6030=CARTESIAN_POINT('Origin',(63.0000001922456,-24.3002805966333,56.3060487253333));
#6031=CARTESIAN_POINT('',(62.9999981232941,21.620986965075,92.9381610284981));
#6032=CARTESIAN_POINT('Origin',(-14.7739179424484,-14.6810965774999,97.1092173503985));
#6033=CARTESIAN_POINT('',(-13.2793467446463,-9.86207201685102,97.1092173503985));
#6034=CARTESIAN_POINT('',(-13.2793467446463,-14.1339125265318,97.1092173504003));
#6035=CARTESIAN_POINT('',(-13.2793467446463,-9.86207201685102,97.1092173503985));
#6036=CARTESIAN_POINT('',(0.46636523336565,-14.1339125265318,97.1092173504003));
#6037=CARTESIAN_POINT('',(0.46636523336565,-14.1339125265318,97.1092173504003));
#6038=CARTESIAN_POINT('',(0.466365233374745,-9.86207201685102,97.1092173503985));
#6039=CARTESIAN_POINT('',(0.46636523336565,-14.1339125265318,97.1092173504003));
#6040=CARTESIAN_POINT('',(0.466365233374745,-9.86207201685102,97.1092173503985));
#6041=CARTESIAN_POINT('Origin',(0.466365233374745,-2.71488796588732,96.2029645754485));
#6042=CARTESIAN_POINT('',(0.466365233374745,-3.862072016855,97.1092173504003));
#6043=CARTESIAN_POINT('',(0.466365233374745,-3.862072016855,97.1092173504003));
#6044=CARTESIAN_POINT('',(0.46636523336565,-14.1339125265318,104.971745099898));
#6045=CARTESIAN_POINT('',(0.46636523336565,-14.1339125265318,104.971745099898));
#6046=CARTESIAN_POINT('',(0.466365233374745,-3.86207201685704,104.971745099898));
#6047=CARTESIAN_POINT('',(0.46636523336565,-14.1339125265318,104.971745099898));
#6048=CARTESIAN_POINT('',(0.466365233374745,-3.86207201685704,104.971745099898));
#6049=CARTESIAN_POINT('Origin',(1.96093643117685,-15.2810965774993,104.971745099898));
#6050=CARTESIAN_POINT('',(-6.8793467446463,-10.6339125265318,104.971745099898));
#6051=CARTESIAN_POINT('',(-11.2793467446463,-10.6339125265318,104.971745099898));
#6052=CARTESIAN_POINT('',(-6.8793467446463,-10.6339125265318,104.971745099898));
#6053=CARTESIAN_POINT('',(-11.2793467446463,-14.1339125265318,104.971745099898));
#6054=CARTESIAN_POINT('',(-11.2793467446463,-10.6339125265318,104.971745099898));
#6055=CARTESIAN_POINT('',(-13.2793467446463,-14.1339125265318,104.971745099898));
#6056=CARTESIAN_POINT('',(-13.2793467446463,-14.1339125265318,104.971745099898));
#6057=CARTESIAN_POINT('',(-13.2793467446463,-3.86207201685704,104.971745099898));
#6058=CARTESIAN_POINT('',(-13.2793467446463,-14.1339125265318,104.971745099898));
#6059=CARTESIAN_POINT('',(-13.2793467446463,-3.86207201685704,104.971745099898));
#6060=CARTESIAN_POINT('',(-6.8793467446463,-14.1339125265318,104.971745099898));
#6061=CARTESIAN_POINT('',(-6.8793467446463,-14.1339125265318,104.971745099898));
#6062=CARTESIAN_POINT('',(-6.8793467446463,-14.1339125265318,104.971745099898));
#6063=CARTESIAN_POINT('Origin',(-13.2793467446463,-15.2810965774995,96.2029645754485));
#6064=CARTESIAN_POINT('',(-13.2793467446463,-3.862072016855,97.1092173504003));
#6065=CARTESIAN_POINT('',(-13.2793467446463,-9.86207201685102,97.1092173503985));
#6066=CARTESIAN_POINT('',(-13.2793467446463,-3.862072016855,97.1092173504003));
#6067=CARTESIAN_POINT('',(-13.2793467446463,-14.1339125265318,97.1092173504003));
#6068=CARTESIAN_POINT('Origin',(62.9999976163701,25.9047385693947,90.7273410606841));
#6069=CARTESIAN_POINT('',(63.000003751338,-20.0165289923172,113.846349925998));
#6070=CARTESIAN_POINT('',(63.0000029978378,-20.0165289923171,113.846349925998));
#6071=CARTESIAN_POINT('',(63.0000025280933,-3.332278252847,113.846355261798));
#6072=CARTESIAN_POINT('Origin',(-15.9755266646883,-20.0165346378317,116.057181732019));
#6073=CARTESIAN_POINT('',(-20.3595706256164,-20.0165349512218,113.846355963398));
#6074=CARTESIAN_POINT('Origin',(67.3711953194625,-20.0165286798457,116.057173249559));
#6075=CARTESIAN_POINT('',(63.0000041275434,-20.0165289923173,113.846349925998));
#6076=CARTESIAN_POINT('Origin',(-8.65437115074262,-1.49960694411232,155.887717106498));
#6077=CARTESIAN_POINT('',(2.07363126041673,13.79606944111,155.887717106598));
#6078=CARTESIAN_POINT('',(-2.02119390957523,13.79606944111,155.887717106598));
#6079=CARTESIAN_POINT('',(2.07363126041673,13.79606944111,155.887717106598));
#6080=CARTESIAN_POINT('',(-2.02119390957523,0.,155.887717106598));
#6081=CARTESIAN_POINT('Origin',(-2.02119390957711,6.898034720555,155.887717106598));
#6082=CARTESIAN_POINT('',(2.07363126041673,0.,155.887717106598));
#6083=CARTESIAN_POINT('',(-2.02119390957523,0.,155.887717106598));
#6084=CARTESIAN_POINT('Origin',(2.0736312604171,6.898034720555,155.887717106598));
#6085=CARTESIAN_POINT('',(2.07363126041673,8.91386098549503,155.887717106598));
#6086=CARTESIAN_POINT('',(2.07363126041673,4.882208455615,155.887717106598));
#6087=CARTESIAN_POINT('Origin',(2.07363126041721,6.89803472055502,155.887717106598));
#6088=CARTESIAN_POINT('',(-2.02119390957523,4.882208455615,155.887717106598));
#6089=CARTESIAN_POINT('',(2.07363126041673,4.882208455615,155.887717106598));
#6090=CARTESIAN_POINT('',(-2.02119390957523,8.91386098549503,155.887717106598));
#6091=CARTESIAN_POINT('Origin',(-2.02119390957342,6.89803472055502,155.887717106598));
#6092=CARTESIAN_POINT('',(-2.02119390957523,8.91386098549503,155.887717106598));
#6093=CARTESIAN_POINT('Ctrl Pts',(2.07363126475502,8.91386098549606,5679.2437108494));
#6094=CARTESIAN_POINT('Ctrl Pts',(2.07363125953161,8.91386098549606,-955.304769449524));
#6095=CARTESIAN_POINT('Ctrl Pts',(3.56004353489361,8.91386098549603,5679.2437108494));
#6096=CARTESIAN_POINT('Ctrl Pts',(3.5600435296702,8.91386098549603,-955.304769449524));
#6097=CARTESIAN_POINT('Ctrl Pts',(3.56004353489334,6.89803472055598,5679.2437108494));
#6098=CARTESIAN_POINT('Ctrl Pts',(3.56004352966993,6.89803472055598,-955.304769449524));
#6099=CARTESIAN_POINT('Ctrl Pts',(3.56004353489232,4.88220845561496,5679.2437108494));
#6100=CARTESIAN_POINT('Ctrl Pts',(3.56004352966891,4.88220845561496,-955.304769449524));
#6101=CARTESIAN_POINT('Ctrl Pts',(2.07363126475502,4.88220845561511,5679.2437108494));
#6102=CARTESIAN_POINT('Ctrl Pts',(2.07363125953161,4.88220845561511,-955.304769449524));
#6103=CARTESIAN_POINT('',(2.07363126041491,8.91386098549697,155.499189756098));
#6104=CARTESIAN_POINT('',(2.07363126041272,8.9138609854981,154.246355200589));
#6105=CARTESIAN_POINT('',(2.07363126041491,8.91386098549697,155.499189756098));
#6106=CARTESIAN_POINT('',(2.07363126041271,4.88220845561716,154.246355200589));
#6107=CARTESIAN_POINT('Origin',(2.07363126041717,6.89803472055763,154.246355200048));
#6108=CARTESIAN_POINT('',(2.07363126041491,4.88220845561602,155.499196059398));
#6109=CARTESIAN_POINT('',(2.07363126041673,4.88220845561716,154.246360597699));
#6110=CARTESIAN_POINT('Ctrl Pts',(2.07363126041491,4.88220845561511,155.499196059398));
#6111=CARTESIAN_POINT('Ctrl Pts',(2.12598270566381,4.88220845561552,155.499196059398));
#6112=CARTESIAN_POINT('Ctrl Pts',(2.17817607579094,4.88595921147062,155.499195842598));
#6113=CARTESIAN_POINT('Ctrl Pts',(2.22999576415854,4.893393234283,155.499195419771));
#6114=CARTESIAN_POINT('Ctrl Pts',(2.27816187903393,4.90030311753484,155.499195026756));
#6115=CARTESIAN_POINT('Ctrl Pts',(2.32575282562124,4.9103589562183,155.499194458033));
#6116=CARTESIAN_POINT('Ctrl Pts',(2.37260966631551,4.92340729717754,155.499193737755));
#6117=CARTESIAN_POINT('Ctrl Pts',(2.37615755065085,4.92439528535185,155.499193683217));
#6118=CARTESIAN_POINT('Ctrl Pts',(2.37970125017563,4.92540043586857,155.499193627811));
#6119=CARTESIAN_POINT('Ctrl Pts',(2.38324070731298,4.92642268567281,155.499193571546));
#6120=CARTESIAN_POINT('Ctrl Pts',(2.42787593506166,4.9393140277791,155.499192862002));
#6121=CARTESIAN_POINT('Ctrl Pts',(2.4715911749386,4.95485448698597,155.499192019493));
#6122=CARTESIAN_POINT('Ctrl Pts',(2.51425924539434,4.97281515347437,155.499191076885));
#6123=CARTESIAN_POINT('Ctrl Pts',(2.55775234473823,4.9911231070218,155.49919011605));
#6124=CARTESIAN_POINT('Ctrl Pts',(2.60015795964249,5.01194454896583,155.499189051207));
#6125=CARTESIAN_POINT('Ctrl Pts',(2.64139134815706,5.03505634559352,155.499187917158));
#6126=CARTESIAN_POINT('Ctrl Pts',(2.6509539315135,5.04041628543187,155.499187654156));
#6127=CARTESIAN_POINT('Ctrl Pts',(2.66045365336336,5.04589953196216,155.499187387435));
#6128=CARTESIAN_POINT('Ctrl Pts',(2.66988977256524,5.0515035432489,155.499187117423));
#6129=CARTESIAN_POINT('Ctrl Pts',(2.71090024164339,5.07585922662591,155.499185943923));
#6130=CARTESIAN_POINT('Ctrl Pts',(2.75055042902826,5.10240301900259,155.49918472015));
#6131=CARTESIAN_POINT('Ctrl Pts',(2.78875264336908,5.13083521174051,155.499183478167));
#6132=CARTESIAN_POINT('Ctrl Pts',(2.82777520600638,5.15987795287937,155.499182209513));
#6133=CARTESIAN_POINT('Ctrl Pts',(2.86528746876373,5.19089010093627,155.499180921857));
#6134=CARTESIAN_POINT('Ctrl Pts',(2.90124457306092,5.22357637861925,155.499179649369));
#6135=CARTESIAN_POINT('Ctrl Pts',(2.93762595270339,5.25664833757498,155.499178361865));
#6136=CARTESIAN_POINT('Ctrl Pts',(2.9724159953347,5.2914335538897,155.499177089889));
#6137=CARTESIAN_POINT('Ctrl Pts',(3.00560760643087,5.3276627180774,155.499175868833));
#6138=CARTESIAN_POINT('Ctrl Pts',(3.03958567680404,5.36475031490313,155.499174618845));
#6139=CARTESIAN_POINT('Ctrl Pts',(3.07188942798493,5.40335072277751,155.49917342222));
#6140=CARTESIAN_POINT('Ctrl Pts',(3.10254081991885,5.44322084854956,155.499172316927));
#6141=CARTESIAN_POINT('Ctrl Pts',(3.11006797207046,5.45301187218846,155.499172045497));
#6142=CARTESIAN_POINT('Ctrl Pts',(3.11749558290475,5.46287969178944,155.499171779574));
#6143=CARTESIAN_POINT('Ctrl Pts',(3.12482416085381,5.47282114368195,155.499171519722));
#6144=CARTESIAN_POINT('Ctrl Pts',(3.15872737147177,5.51881194021879,155.499170317604));
#6145=CARTESIAN_POINT('Ctrl Pts',(3.19056639413712,5.56645448113786,155.499169525026));
#6146=CARTESIAN_POINT('Ctrl Pts',(3.22033771261583,5.61540726896659,155.499168923358));
#6147=CARTESIAN_POINT('Ctrl Pts',(3.25081268836858,5.6655170759332,155.499168307468));
#6148=CARTESIAN_POINT('Ctrl Pts',(3.27912182104164,5.71699954737144,155.499167891619));
#6149=CARTESIAN_POINT('Ctrl Pts',(3.30529327421318,5.76953412283361,155.499167441307));
#6150=CARTESIAN_POINT('Ctrl Pts',(3.33275212088353,5.82465291364178,155.499166968843));
#6151=CARTESIAN_POINT('Ctrl Pts',(3.3578585198624,5.88092974612877,155.499166458443));
#6152=CARTESIAN_POINT('Ctrl Pts',(3.38066826403664,5.93804741059913,155.499165639266));
#6153=CARTESIAN_POINT('Ctrl Pts',(3.38963646638697,5.96050460121186,155.499165317187));
#6154=CARTESIAN_POINT('Ctrl Pts',(3.39824982331919,5.98309233572041,155.499164947376));
#6155=CARTESIAN_POINT('Ctrl Pts',(3.406512290208,6.00579341095125,155.49916451337));
#6156=CARTESIAN_POINT('Ctrl Pts',(3.43359550891519,6.08020438211017,155.499163090757));
#6157=CARTESIAN_POINT('Ctrl Pts',(3.45703117055913,6.15617504921751,155.499160550499));
#6158=CARTESIAN_POINT('Ctrl Pts',(3.47685325888092,6.23311145585773,155.49915805567));
#6159=CARTESIAN_POINT('Ctrl Pts',(3.49488496074966,6.30309875108451,155.499155786181));
#6160=CARTESIAN_POINT('Ctrl Pts',(3.50992716763794,6.37388645948259,155.499153554282));
#6161=CARTESIAN_POINT('Ctrl Pts',(3.52202915336487,6.44505603763477,155.499152235508));
#6162=CARTESIAN_POINT('Ctrl Pts',(3.53597920079394,6.52709373071524,155.499150715347));
#6163=CARTESIAN_POINT('Ctrl Pts',(3.54606872924743,6.60989368917118,155.499149605413));
#6164=CARTESIAN_POINT('Ctrl Pts',(3.55233336690272,6.69298161983057,155.499148896328));
#6165=CARTESIAN_POINT('Ctrl Pts',(3.55747950040447,6.76123482250313,155.499148313844));
#6166=CARTESIAN_POINT('Ctrl Pts',(3.56004353054242,6.82968256261488,155.499148001851));
#6167=CARTESIAN_POINT('Ctrl Pts',(3.56004353054447,6.89803472047545,155.499147955152));
#6168=CARTESIAN_POINT('Ctrl Pts',(3.56004353054679,6.97627641663377,155.499147901695));
#6169=CARTESIAN_POINT('Ctrl Pts',(3.55668375586679,7.05464234254208,155.499148194894));
#6170=CARTESIAN_POINT('Ctrl Pts',(3.54993747105134,7.13270059394735,155.499148805124));
#6171=CARTESIAN_POINT('Ctrl Pts',(3.5436156503569,7.20584756040431,155.499149376959));
#6172=CARTESIAN_POINT('Ctrl Pts',(3.53432119717075,7.27872613516798,155.499150227182));
#6173=CARTESIAN_POINT('Ctrl Pts',(3.52202914642928,7.35101344426543,155.499151331422));
#6174=CARTESIAN_POINT('Ctrl Pts',(3.50872554215748,7.42924951522963,155.499152526533));
#6175=CARTESIAN_POINT('Ctrl Pts',(3.49186842083007,7.50702460584616,155.499154022895));
#6176=CARTESIAN_POINT('Ctrl Pts',(3.47139369110218,7.58378118312768,155.499155755765));
#6177=CARTESIAN_POINT('Ctrl Pts',(3.45276828843926,7.65360492087152,155.499157332119));
#6178=CARTESIAN_POINT('Ctrl Pts',(3.4311492584587,7.72258612394198,155.499159104185));
#6179=CARTESIAN_POINT('Ctrl Pts',(3.40651226178722,7.79027610824743,155.499161023229));
#6180=CARTESIAN_POINT('Ctrl Pts',(3.3856250642085,7.84766354451414,155.499162650189));
#6181=CARTESIAN_POINT('Ctrl Pts',(3.36249466490555,7.90432995725988,155.499164228556));
#6182=CARTESIAN_POINT('Ctrl Pts',(3.3370605543511,7.95998334742283,155.499165753826));
#6183=CARTESIAN_POINT('Ctrl Pts',(3.3124838562102,8.01376059933911,155.499167227677));
#6184=CARTESIAN_POINT('Ctrl Pts',(3.28575549971373,8.0665921020874,155.499168651951));
#6185=CARTESIAN_POINT('Ctrl Pts',(3.25683683435858,8.11816936934061,155.499170022584));
#6186=CARTESIAN_POINT('Ctrl Pts',(3.22894516940026,8.16791495199547,155.499171344541));
#6187=CARTESIAN_POINT('Ctrl Pts',(3.1990153710215,8.21649361057253,155.499172616596));
#6188=CARTESIAN_POINT('Ctrl Pts',(3.16703712220477,8.26358652101007,155.499173835111));
#6189=CARTESIAN_POINT('Ctrl Pts',(3.15334115877327,8.28375594251066,155.499174356989));
#6190=CARTESIAN_POINT('Ctrl Pts',(3.13926980978256,8.30365230965316,155.499174869047));
#6191=CARTESIAN_POINT('Ctrl Pts',(3.1248241609687,8.32324829727425,155.499175370996));
#6192=CARTESIAN_POINT('Ctrl Pts',(3.09398870663094,8.36507758367598,155.499176442447));
#6193=CARTESIAN_POINT('Ctrl Pts',(3.06139828035665,8.40560755535385,155.499177470523));
#6194=CARTESIAN_POINT('Ctrl Pts',(3.0270231572374,8.44458201902831,155.49917844958));
#6195=CARTESIAN_POINT('Ctrl Pts',(2.99458986608965,8.48135483648981,155.49917937333));
#6196=CARTESIAN_POINT('Ctrl Pts',(2.96056721442901,8.51674236938699,155.499180253442));
#6197=CARTESIAN_POINT('Ctrl Pts',(2.92495529283819,8.55048580702178,155.499181085178));
#6198=CARTESIAN_POINT('Ctrl Pts',(2.88979676693102,8.58379963770777,155.499181906325));
#6199=CARTESIAN_POINT('Ctrl Pts',(2.85308847046591,8.61551045169558,155.499182680317));
#6200=CARTESIAN_POINT('Ctrl Pts',(2.81486546474719,8.64533273821776,155.499183402595));
#6201=CARTESIAN_POINT('Ctrl Pts',(2.77727846443296,8.6746588017181,155.499184112855));
#6202=CARTESIAN_POINT('Ctrl Pts',(2.73822617541884,8.70215782888069,155.499184773106));
#6203=CARTESIAN_POINT('Ctrl Pts',(2.69778540687256,8.72753287961268,155.499185379012));
#6204=CARTESIAN_POINT('Ctrl Pts',(2.68855851343778,8.73332240581168,155.499185517254));
#6205=CARTESIAN_POINT('Ctrl Pts',(2.67925954171257,8.73900129117225,155.499185652668));
#6206=CARTESIAN_POINT('Ctrl Pts',(2.66988977242433,8.74456589794621,155.499185785201));
#6207=CARTESIAN_POINT('Ctrl Pts',(2.6291734873701,8.7687468685393,155.499186361122));
#6208=CARTESIAN_POINT('Ctrl Pts',(2.58726979778121,8.79068188842646,155.499186880073));
#6209=CARTESIAN_POINT('Ctrl Pts',(2.5442536142647,8.8101541790345,155.499187338418));
#6210=CARTESIAN_POINT('Ctrl Pts',(2.50202447477849,8.82927019558877,155.499187788377));
#6211=CARTESIAN_POINT('Ctrl Pts',(2.45872256667948,8.84601168695347,155.499188179925));
#6212=CARTESIAN_POINT('Ctrl Pts',(2.41446366032477,8.86015152156967,155.499188509623));
#6213=CARTESIAN_POINT('Ctrl Pts',(2.40410755602382,8.86346008958782,155.499188586769));
#6214=CARTESIAN_POINT('Ctrl Pts',(2.39369927298826,8.86662616038903,155.499188660528));
#6215=CARTESIAN_POINT('Ctrl Pts',(2.38324070710436,8.86964675549867,155.499188730857));
#6216=CARTESIAN_POINT('Ctrl Pts',(2.33649516544598,8.88314758879629,155.499189045198));
#6217=CARTESIAN_POINT('Ctrl Pts',(2.2890055468725,8.89366706339791,155.499189288986));
#6218=CARTESIAN_POINT('Ctrl Pts',(2.24092692819706,8.90105255647768,155.499189459955));
#6219=CARTESIAN_POINT('Ctrl Pts',(2.23728653253745,8.90161176798775,155.499189472901));
#6220=CARTESIAN_POINT('Ctrl Pts',(2.23364278459102,8.90215300736629,155.499189485428));
#6221=CARTESIAN_POINT('Ctrl Pts',(2.22999576402716,8.90267620684703,155.499189497537));
#6222=CARTESIAN_POINT('Ctrl Pts',(2.17817607569091,8.91011022964858,155.499189669599));
#6223=CARTESIAN_POINT('Ctrl Pts',(2.12598270562372,8.91386098549564,155.499189756099));
#6224=CARTESIAN_POINT('Ctrl Pts',(2.07363126041491,8.91386098549606,155.499189756099));
#6225=CARTESIAN_POINT('Origin',(-2.55067642657443,4.882208455615,154.001077051529));
#6226=CARTESIAN_POINT('',(-2.02119390957378,4.88220845561716,154.246355555022));
#6227=CARTESIAN_POINT('',(2.07363126041624,4.88220845561716,154.246355200048));
#6228=CARTESIAN_POINT('',(-2.02119390957523,4.88220845561602,155.499196059398));
#6229=CARTESIAN_POINT('',(-2.02119390957523,4.88220845561716,154.246360597699));
#6230=CARTESIAN_POINT('',(-2.02119390957523,4.88220845561602,155.499196059398));
#6231=CARTESIAN_POINT('Ctrl Pts',(-2.02119390522421,4.88220845561511,5679.2437108494));
#6232=CARTESIAN_POINT('Ctrl Pts',(-2.02119391044325,4.88220845561511,-955.304769449524));
#6233=CARTESIAN_POINT('Ctrl Pts',(-3.50760617536755,4.88220845561496,5679.2437108494));
#6234=CARTESIAN_POINT('Ctrl Pts',(-3.50760618058659,4.88220845561496,-955.304769449524));
#6235=CARTESIAN_POINT('Ctrl Pts',(-3.50760617536434,6.89803472055598,5679.2437108494));
#6236=CARTESIAN_POINT('Ctrl Pts',(-3.50760618058338,6.89803472055598,-955.304769449524));
#6237=CARTESIAN_POINT('Ctrl Pts',(-3.50760617536627,8.91386098549587,5679.2437108494));
#6238=CARTESIAN_POINT('Ctrl Pts',(-3.50760618058531,8.91386098549587,-955.304769449524));
#6239=CARTESIAN_POINT('Ctrl Pts',(-2.02119390522785,8.91386098549572,5679.2437108494));
#6240=CARTESIAN_POINT('Ctrl Pts',(-2.02119391044689,8.91386098549572,-955.304769449524));
#6241=CARTESIAN_POINT('',(-2.02119391019045,8.9138609854981,154.246355554685));
#6242=CARTESIAN_POINT('Origin',(-2.02119390957002,6.89803472055763,154.246355554517));
#6243=CARTESIAN_POINT('',(-2.02119390957523,8.91386098549697,155.499189756098));
#6244=CARTESIAN_POINT('',(-2.02119390957523,8.9138609854981,154.246360597699));
#6245=CARTESIAN_POINT('Ctrl Pts',(-2.02119390957523,8.91386098549572,155.499189756097));
#6246=CARTESIAN_POINT('Ctrl Pts',(-2.07354535478583,8.91386098549562,155.499189756097));
#6247=CARTESIAN_POINT('Ctrl Pts',(-2.12573872485309,8.91011022964883,155.499189669598));
#6248=CARTESIAN_POINT('Ctrl Pts',(-2.17755841319202,8.902676206847,155.499189497537));
#6249=CARTESIAN_POINT('Ctrl Pts',(-2.22572452376699,8.89576632421807,155.499189337607));
#6250=CARTESIAN_POINT('Ctrl Pts',(-2.27331546610602,8.88571048673128,155.499189104688));
#6251=CARTESIAN_POINT('Ctrl Pts',(-2.32017230275149,8.87266214747858,155.499188801045));
#6252=CARTESIAN_POINT('Ctrl Pts',(-2.32372019126947,8.87167415818336,155.499188778054));
#6253=CARTESIAN_POINT('Ctrl Pts',(-2.32726389496745,8.8706690065052,155.499188754656));
#6254=CARTESIAN_POINT('Ctrl Pts',(-2.33080335626839,8.86964675549918,155.499188730855));
#6255=CARTESIAN_POINT('Ctrl Pts',(-2.37543858415132,8.85675541336335,155.499188430705));
#6256=CARTESIAN_POINT('Ctrl Pts',(-2.4191538241646,8.84121495410883,155.499188068072));
#6257=CARTESIAN_POINT('Ctrl Pts',(-2.46182189475643,8.82325428755445,155.499187646381));
#6258=CARTESIAN_POINT('Ctrl Pts',(-2.50531499426775,8.80494633392767,155.499187216536));
#6259=CARTESIAN_POINT('Ctrl Pts',(-2.54772060933773,8.78412489188193,155.499186725328));
#6260=CARTESIAN_POINT('Ctrl Pts',(-2.58895399801372,8.76101309513091,155.499186176389));
#6261=CARTESIAN_POINT('Ctrl Pts',(-2.59851658108753,8.75565315544336,155.499186049083));
#6262=CARTESIAN_POINT('Ctrl Pts',(-2.60801630265875,8.75016990907095,155.499185918671));
#6263=CARTESIAN_POINT('Ctrl Pts',(-2.617452421586,8.74456589794895,155.4991857852));
#6264=CARTESIAN_POINT('Ctrl Pts',(-2.658462890635,8.72021021459639,155.499185205117));
#6265=CARTESIAN_POINT('Ctrl Pts',(-2.69811307799104,8.69366642224844,155.499184569854));
#6266=CARTESIAN_POINT('Ctrl Pts',(-2.73631529230397,8.66523422954329,155.499183883725));
#6267=CARTESIAN_POINT('Ctrl Pts',(-2.77533785490985,8.63619148844009,155.499183182863));
#6268=CARTESIAN_POINT('Ctrl Pts',(-2.81285011763699,8.60517934042338,155.499182428929));
#6269=CARTESIAN_POINT('Ctrl Pts',(-2.84880722190572,8.57249306278472,155.499181626527));
#6270=CARTESIAN_POINT('Ctrl Pts',(-2.88518860152011,8.53942110387318,155.499180814658));
#6271=CARTESIAN_POINT('Ctrl Pts',(-2.91997864412508,8.50463588760679,155.499179953171));
#6272=CARTESIAN_POINT('Ctrl Pts',(-2.95317025519716,8.46840672347103,155.499179046834));
#6273=CARTESIAN_POINT('Ctrl Pts',(-2.98714832554325,8.43131912670113,155.499178119022));
#6274=CARTESIAN_POINT('Ctrl Pts',(-3.01945207669965,8.39271871888658,155.499177144212));
#6275=CARTESIAN_POINT('Ctrl Pts',(-3.05010346861211,8.35284859317766,155.499176127517));
#6276=CARTESIAN_POINT('Ctrl Pts',(-3.05763062096464,8.34305756928607,155.499175877844));
#6277=CARTESIAN_POINT('Ctrl Pts',(-3.06505823199455,8.33318974942839,155.499175625644));
#6278=CARTESIAN_POINT('Ctrl Pts',(-3.07238681013404,8.32324829727543,155.499175370996));
#6279=CARTESIAN_POINT('Ctrl Pts',(-3.1062900207091,8.27725750078682,155.499174192948));
#6280=CARTESIAN_POINT('Ctrl Pts',(-3.1381290433407,8.22961495991347,155.499172959226));
#6281=CARTESIAN_POINT('Ctrl Pts',(-3.16790036178879,8.18066217213439,155.499171673528));
#6282=CARTESIAN_POINT('Ctrl Pts',(-3.1983753374116,8.13055236538072,155.499170357442));
#6283=CARTESIAN_POINT('Ctrl Pts',(-3.22668446997196,8.07906989416848,155.499168986894));
#6284=CARTESIAN_POINT('Ctrl Pts',(-3.25285592304385,8.02653531895194,155.499167565859));
#6285=CARTESIAN_POINT('Ctrl Pts',(-3.28031476924538,7.97141652913273,155.499166074921));
#6286=CARTESIAN_POINT('Ctrl Pts',(-3.30542116783219,7.91513969768707,155.499164528406));
#6287=CARTESIAN_POINT('Ctrl Pts',(-3.32823091168726,7.85802203430786,155.499162930896));
#6288=CARTESIAN_POINT('Ctrl Pts',(-3.33719910430047,7.83556486819254,155.499162302797));
#6289=CARTESIAN_POINT('Ctrl Pts',(-3.34581245226752,7.81297715846875,155.499161666816));
#6290=CARTESIAN_POINT('Ctrl Pts',(-3.35407491095017,7.7902761082553,155.49916102323));
#6291=CARTESIAN_POINT('Ctrl Pts',(-3.38115812957042,7.71586514543485,155.499158913643));
#6292=CARTESIAN_POINT('Ctrl Pts',(-3.40459379181679,7.63989448679398,155.499156981669));
#6293=CARTESIAN_POINT('Ctrl Pts',(-3.42441588141132,7.56295808863591,155.499155292051));
#6294=CARTESIAN_POINT('Ctrl Pts',(-3.44244759167534,7.4929707730339,155.499153755043));
#6295=CARTESIAN_POINT('Ctrl Pts',(-3.45748980511262,7.42218304363323,155.499152418587));
#6296=CARTESIAN_POINT('Ctrl Pts',(-3.46959179559466,7.3510134442659,155.49915133142));
#6297=CARTESIAN_POINT('Ctrl Pts',(-3.4835418445139,7.2689757502015,155.499150078237));
#6298=CARTESIAN_POINT('Ctrl Pts',(-3.49363137433649,7.18617579064629,155.499149152213));
#6299=CARTESIAN_POINT('Ctrl Pts',(-3.49989601323951,7.10308785879702,155.499148588981));
#6300=CARTESIAN_POINT('Ctrl Pts',(-3.5050421486341,7.03483464363637,155.49914812631));
#6301=CARTESIAN_POINT('Ctrl Pts',(-3.50760617971187,6.96638689090868,155.499147908451));
#6302=CARTESIAN_POINT('Ctrl Pts',(-3.50760617970957,6.89803472046657,155.499147955151));
#6303=CARTESIAN_POINT('Ctrl Pts',(-3.50760617970714,6.81979302437289,155.499148008607));
#6304=CARTESIAN_POINT('Ctrl Pts',(-3.50424640502809,6.74142709852897,155.499148409677));
#6305=CARTESIAN_POINT('Ctrl Pts',(-3.49750012021821,6.6633688471814,155.499149166159));
#6306=CARTESIAN_POINT('Ctrl Pts',(-3.49117830071343,6.59022189448303,155.499149875043));
#6307=CARTESIAN_POINT('Ctrl Pts',(-3.48188384983449,6.51734333337089,155.499150896022));
#6308=CARTESIAN_POINT('Ctrl Pts',(-3.46959180253046,6.44505603763302,155.499152235508));
#6309=CARTESIAN_POINT('Ctrl Pts',(-3.4562881983043,6.36681995951763,155.499153685224));
#6310=CARTESIAN_POINT('Ctrl Pts',(-3.43943107641847,6.28904486183873,155.499156238397));
#6311=CARTESIAN_POINT('Ctrl Pts',(-3.41895634552747,6.21228827770091,155.499158731945));
#6312=CARTESIAN_POINT('Ctrl Pts',(-3.40033094882166,6.14246456001884,155.499161000268));
#6313=CARTESIAN_POINT('Ctrl Pts',(-3.37871192655461,6.07348337654758,155.499163219253));
#6314=CARTESIAN_POINT('Ctrl Pts',(-3.35407493937598,6.00579341095574,155.49916451337));
#6315=CARTESIAN_POINT('Ctrl Pts',(-3.33318774335386,5.94840597271919,155.49916561052));
#6316=CARTESIAN_POINT('Ctrl Pts',(-3.31005734554467,5.8917395579407,155.499166297433));
#6317=CARTESIAN_POINT('Ctrl Pts',(-3.28462323641299,5.8360861656696,155.499166840045));
#6318=CARTESIAN_POINT('Ctrl Pts',(-3.26004653982308,5.78230891210175,155.499167364366));
#6319=CARTESIAN_POINT('Ctrl Pts',(-3.23331818484215,5.72947740761776,155.499167753951));
#6320=CARTESIAN_POINT('Ctrl Pts',(-3.20439952095443,5.67790013852817,155.499168248739));
#6321=CARTESIAN_POINT('Ctrl Pts',(-3.17650785768428,5.62815455458882,155.499168725955));
#6322=CARTESIAN_POINT('Ctrl Pts',(-3.1465780609888,5.57957589461067,155.499169301035));
#6323=CARTESIAN_POINT('Ctrl Pts',(-3.11459981383344,5.53248298263437,155.499170189251));
#6324=CARTESIAN_POINT('Ctrl Pts',(-3.10090383698563,5.5123135396693,155.499170569665));
#6325=CARTESIAN_POINT('Ctrl Pts',(-3.08683247379984,5.4924171516002,155.499171007518));
#6326=CARTESIAN_POINT('Ctrl Pts',(-3.07238681001444,5.47282114367423,155.499171519723));
#6327=CARTESIAN_POINT('Ctrl Pts',(-3.04155135568906,5.43099185729888,155.499172613067));
#6328=CARTESIAN_POINT('Ctrl Pts',(-3.00896092942642,5.3904618856429,155.499173813876));
#6329=CARTESIAN_POINT('Ctrl Pts',(-2.97458580632003,5.35148742198885,155.499175080262));
#6330=CARTESIAN_POINT('Ctrl Pts',(-2.94215251507462,5.31471460442211,155.499176275111));
#6331=CARTESIAN_POINT('Ctrl Pts',(-2.90812986330667,5.27932707142774,155.49917752834));
#6332=CARTESIAN_POINT('Ctrl Pts',(-2.87251794160106,5.24558363370799,155.499178804764));
#6333=CARTESIAN_POINT('Ctrl Pts',(-2.83735941557601,5.21226980293378,155.499180064937));
#6334=CARTESIAN_POINT('Ctrl Pts',(-2.80065111898533,5.18055898887012,155.49918134772));
#6335=CARTESIAN_POINT('Ctrl Pts',(-2.76242811313631,5.15073670228788,155.49918261926));
#6336=CARTESIAN_POINT('Ctrl Pts',(-2.72484111270791,5.12141063873939,155.499183869642));
#6337=CARTESIAN_POINT('Ctrl Pts',(-2.68578882357612,5.09391161154258,155.49918510915));
#6338=CARTESIAN_POINT('Ctrl Pts',(-2.645348054912,5.06853656079225,155.499186305594));
#6339=CARTESIAN_POINT('Ctrl Pts',(-2.63612116189206,5.06274703486624,155.499186578572));
#6340=CARTESIAN_POINT('Ctrl Pts',(-2.62682219058859,5.05706814976888,155.499186849312));
#6341=CARTESIAN_POINT('Ctrl Pts',(-2.61745242172882,5.05150354324785,155.499187117424));
#6342=CARTESIAN_POINT('Ctrl Pts',(-2.57673613711674,5.02732257291065,155.499188282506));
#6343=CARTESIAN_POINT('Ctrl Pts',(-2.53483244799497,5.00538755322997,155.49918938637));
#6344=CARTESIAN_POINT('Ctrl Pts',(-2.49181626496041,4.98591526276974,155.499190394139));
#6345=CARTESIAN_POINT('Ctrl Pts',(-2.44958712583615,4.96679924631024,155.499191383469));
#6346=CARTESIAN_POINT('Ctrl Pts',(-2.40628521810767,4.9500577549962,155.49919228019));
#6347=CARTESIAN_POINT('Ctrl Pts',(-2.36202631212179,4.93591792038258,155.499193051302));
#6348=CARTESIAN_POINT('Ctrl Pts',(-2.35167020702075,4.93260935208185,155.499193231733));
#6349=CARTESIAN_POINT('Ctrl Pts',(-2.34126192317608,4.92944328101985,155.499193405288));
#6350=CARTESIAN_POINT('Ctrl Pts',(-2.33080335647438,4.92642268567193,155.499193571542));
#6351=CARTESIAN_POINT('Ctrl Pts',(-2.284057814576,4.91292185229564,155.499194314633));
#6352=CARTESIAN_POINT('Ctrl Pts',(-2.23656819573854,4.90240237764191,155.499194908));
#6353=CARTESIAN_POINT('Ctrl Pts',(-2.18848957678892,4.89501688454562,155.499195327485));
#6354=CARTESIAN_POINT('Ctrl Pts',(-2.184849181364,4.89445767307354,155.499195359247));
#6355=CARTESIAN_POINT('Ctrl Pts',(-2.18120543365268,4.89391643373067,155.499195390013));
#6356=CARTESIAN_POINT('Ctrl Pts',(-2.17755841332432,4.89339323428327,155.499195419771));
#6357=CARTESIAN_POINT('Ctrl Pts',(-2.12573872495311,4.88595921147031,155.499195842598));
#6358=CARTESIAN_POINT('Ctrl Pts',(-2.07354535482596,4.88220845561538,155.499196059398));
#6359=CARTESIAN_POINT('Ctrl Pts',(-2.02119390957523,4.88220845561511,155.499196059398));
#6360=CARTESIAN_POINT('Origin',(-2.55067642657443,8.91386098549594,155.744472671938));
#6361=CARTESIAN_POINT('',(-2.02119390957567,8.9138609854981,154.246355554517));
#6362=CARTESIAN_POINT('',(2.07363126041491,8.91386098549697,155.499189756098));
#6363=CARTESIAN_POINT('Ctrl Pts',(2.07363126475502,8.91386098549606,5679.2437108494));
#6364=CARTESIAN_POINT('Ctrl Pts',(2.07363125953161,8.91386098549606,-955.304769449524));
#6365=CARTESIAN_POINT('Ctrl Pts',(3.56004353489361,8.91386098549603,5679.2437108494));
#6366=CARTESIAN_POINT('Ctrl Pts',(3.5600435296702,8.91386098549603,-955.304769449524));
#6367=CARTESIAN_POINT('Ctrl Pts',(3.56004353489334,6.89803472055598,5679.2437108494));
#6368=CARTESIAN_POINT('Ctrl Pts',(3.56004352966993,6.89803472055598,-955.304769449524));
#6369=CARTESIAN_POINT('Ctrl Pts',(3.56004353489232,4.88220845561496,5679.2437108494));
#6370=CARTESIAN_POINT('Ctrl Pts',(3.56004352966891,4.88220845561496,-955.304769449524));
#6371=CARTESIAN_POINT('Ctrl Pts',(2.07363126475502,4.88220845561511,5679.2437108494));
#6372=CARTESIAN_POINT('Ctrl Pts',(2.07363125953161,4.88220845561511,-955.304769449524));
#6373=CARTESIAN_POINT('',(2.07363126041491,4.88220845561602,155.499196059398));
#6374=CARTESIAN_POINT('',(2.07363126041673,8.91386098549503,155.887717106598));
#6375=CARTESIAN_POINT('Origin',(-2.55067642657443,4.882208455615,154.740343954678));
#6376=CARTESIAN_POINT('',(-2.02119390957523,4.88220845561602,155.499196059398));
#6377=CARTESIAN_POINT('Ctrl Pts',(-2.02119390522421,4.88220845561511,5679.2437108494));
#6378=CARTESIAN_POINT('Ctrl Pts',(-2.02119391044325,4.88220845561511,-955.304769449524));
#6379=CARTESIAN_POINT('Ctrl Pts',(-3.50760617536755,4.88220845561496,5679.2437108494));
#6380=CARTESIAN_POINT('Ctrl Pts',(-3.50760618058659,4.88220845561496,-955.304769449524));
#6381=CARTESIAN_POINT('Ctrl Pts',(-3.50760617536434,6.89803472055598,5679.2437108494));
#6382=CARTESIAN_POINT('Ctrl Pts',(-3.50760618058338,6.89803472055598,-955.304769449524));
#6383=CARTESIAN_POINT('Ctrl Pts',(-3.50760617536627,8.91386098549587,5679.2437108494));
#6384=CARTESIAN_POINT('Ctrl Pts',(-3.50760618058531,8.91386098549587,-955.304769449524));
#6385=CARTESIAN_POINT('Ctrl Pts',(-2.02119390522785,8.91386098549572,5679.2437108494));
#6386=CARTESIAN_POINT('Ctrl Pts',(-2.02119391044689,8.91386098549572,-955.304769449524));
#6387=CARTESIAN_POINT('',(-2.02119390957523,8.91386098549697,155.499189756098));
#6388=CARTESIAN_POINT('Origin',(-2.55067642657443,8.91386098549594,156.646569841648));
#6389=CARTESIAN_POINT('Origin',(-2.55067642657443,13.796069441092,157.50245417757));
#6390=CARTESIAN_POINT('',(2.07363126041673,13.7960694411104,157.246355200935));
#6391=CARTESIAN_POINT('',(-2.02119390957516,13.7960694411107,157.246355555402));
#6392=CARTESIAN_POINT('',(2.07363126039824,13.79606944111,157.246355200141));
#6393=CARTESIAN_POINT('',(-2.02119390957523,13.79606944111,157.2465689893));
#6394=CARTESIAN_POINT('',(2.07363126041673,13.79606944111,155.887717106598));
#6395=CARTESIAN_POINT('Ctrl Pts',(2.07363126508319,13.7960694410921,6098.30943559118));
#6396=CARTESIAN_POINT('Ctrl Pts',(2.07363125948215,13.796069441115,-1032.59662659044));
#6397=CARTESIAN_POINT('Ctrl Pts',(7.16004353522408,13.7960694410951,6098.30943559118));
#6398=CARTESIAN_POINT('Ctrl Pts',(7.16004352962304,13.796069441118,-1032.59662659044));
#6399=CARTESIAN_POINT('Ctrl Pts',(7.16004353522476,6.89803472053597,6098.30943559118));
#6400=CARTESIAN_POINT('Ctrl Pts',(7.16004352962372,6.89803472055889,-1032.59662659044));
#6401=CARTESIAN_POINT('Ctrl Pts',(7.16004353522403,-2.86187032814221E-11,
6098.30943559118));
#6402=CARTESIAN_POINT('Ctrl Pts',(7.16004352962299,-5.70103551789938E-12,
-1032.59662659044));
#6403=CARTESIAN_POINT('Ctrl Pts',(2.07363126508331,-2.00088834389952E-11,
6098.30943559118));
#6404=CARTESIAN_POINT('Ctrl Pts',(2.07363125948227,2.90878432452752E-12,
-1032.59662659044));
#6405=CARTESIAN_POINT('',(2.07363126041673,0.,157.246355200099));
#6406=CARTESIAN_POINT('',(2.07363126041673,0.,155.887717106598));
#6407=CARTESIAN_POINT('Ctrl Pts',(2.07363126041685,-9.14823772291129E-13,
157.246355200114));
#6408=CARTESIAN_POINT('Ctrl Pts',(2.17761383539813,-1.09083947367012E-12,
157.246355200114));
#6409=CARTESIAN_POINT('Ctrl Pts',(2.28292067494643,0.00432660997394808,
157.246355200114));
#6410=CARTESIAN_POINT('Ctrl Pts',(2.3892877444559,0.0132959828786448,157.246355200114));
#6411=CARTESIAN_POINT('Ctrl Pts',(2.49289632191084,0.0220327467248624,157.246355200114));
#6412=CARTESIAN_POINT('Ctrl Pts',(2.5975105921922,0.0351751087743912,157.246355200114));
#6413=CARTESIAN_POINT('Ctrl Pts',(2.70284883837857,0.0529840416787899,157.246355200114));
#6414=CARTESIAN_POINT('Ctrl Pts',(2.80562281773009,0.0703594487019043,157.246355200114));
#6415=CARTESIAN_POINT('Ctrl Pts',(2.90908565058724,0.0921774290005908,157.246355200114));
#6416=CARTESIAN_POINT('Ctrl Pts',(3.01294343404151,0.118643283805982,157.246355200114));
#6417=CARTESIAN_POINT('Ctrl Pts',(3.11453732526333,0.14453223583985,157.246355200114));
#6418=CARTESIAN_POINT('Ctrl Pts',(3.21650880386319,0.174868996222783,157.246355200114));
#6419=CARTESIAN_POINT('Ctrl Pts',(3.31855615284084,0.209804038201151,157.246355200114));
#6420=CARTESIAN_POINT('Ctrl Pts',(3.4187000936938,0.244087464597099,157.246355200114));
#6421=CARTESIAN_POINT('Ctrl Pts',(3.5189167492061,0.282799515477,157.246355200113));
#6422=CARTESIAN_POINT('Ctrl Pts',(3.61890005832529,0.326037135658435,157.246355200113));
#6423=CARTESIAN_POINT('Ctrl Pts',(3.71736774414015,0.368619326995315,157.246355200113));
#6424=CARTESIAN_POINT('Ctrl Pts',(3.81560873882193,0.415591133537815,157.246355200114));
#6425=CARTESIAN_POINT('Ctrl Pts',(3.91331548204425,0.466997204760242,157.246355200114));
#6426=CARTESIAN_POINT('Ctrl Pts',(4.0099007920198,0.517813260642333,157.246355200114));
#6427=CARTESIAN_POINT('Ctrl Pts',(4.10596366730193,0.572962520922455,157.246355200114));
#6428=CARTESIAN_POINT('Ctrl Pts',(4.20119752147991,0.632438235544369,157.246355200114));
#6429=CARTESIAN_POINT('Ctrl Pts',(4.29569771622173,0.691455763110514,157.246355200114));
#6430=CARTESIAN_POINT('Ctrl Pts',(4.38938122743861,0.754733422168823,157.246355200114));
#6431=CARTESIAN_POINT('Ctrl Pts',(4.4819447605766,0.822213502789025,157.246355200114));
#6432=CARTESIAN_POINT('Ctrl Pts',(4.57414756611992,0.889430608063049,157.246355200114));
#6433=CARTESIAN_POINT('Ctrl Pts',(4.66523871039005,0.960817459653706,157.246355200114));
#6434=CARTESIAN_POINT('Ctrl Pts',(4.75492054327528,1.03626534218252,157.246355200114));
#6435=CARTESIAN_POINT('Ctrl Pts',(4.84459275522062,1.11170513076947,157.246355200114));
#6436=CARTESIAN_POINT('Ctrl Pts',(4.93285555432458,1.1912050256925,157.246355200114));
#6437=CARTESIAN_POINT('Ctrl Pts',(5.01941950348925,1.27460481144466,157.246355200114));
#6438=CARTESIAN_POINT('Ctrl Pts',(5.10629514477634,1.35830489606814,157.246355200114));
#6439=CARTESIAN_POINT('Ctrl Pts',(5.19145926938789,1.44593287870307,157.246355200114));
#6440=CARTESIAN_POINT('Ctrl Pts',(5.27463362782728,1.53727621010865,157.246355200114));
#6441=CARTESIAN_POINT('Ctrl Pts',(5.35840004944452,1.62926975420097,157.246355200114));
#6442=CARTESIAN_POINT('Ctrl Pts',(5.4401478626687,1.72503151747037,157.246355200114));
#6443=CARTESIAN_POINT('Ctrl Pts',(5.51961359586243,1.82429567255874,157.246355200114));
#6444=CARTESIAN_POINT('Ctrl Pts',(5.59989453203314,1.92457813367013,157.246355200114));
#6445=CARTESIAN_POINT('Ctrl Pts',(5.67784591666493,2.02843490656513,157.246355200113));
#6446=CARTESIAN_POINT('Ctrl Pts',(5.75322348471635,2.13554626152869,157.246355200113));
#6447=CARTESIAN_POINT('Ctrl Pts',(5.82955981809457,2.24402001986901,157.246355200113));
#6448=CARTESIAN_POINT('Ctrl Pts',(5.90325605087735,2.35583126460154,157.246355200114));
#6449=CARTESIAN_POINT('Ctrl Pts',(5.97409257929659,2.47060681439176,157.246355200114));
#6450=CARTESIAN_POINT('Ctrl Pts',(6.04592600268208,2.58699762075073,157.246355200114));
#6451=CARTESIAN_POINT('Ctrl Pts',(6.11481831268448,2.7064362204195,157.246355200114));
#6452=CARTESIAN_POINT('Ctrl Pts',(6.18058106762209,2.82849868385411,157.246355200114));
#6453=CARTESIAN_POINT('Ctrl Pts',(6.24725425079462,2.95225099609814,157.246355200114));
#6454=CARTESIAN_POINT('Ctrl Pts',(6.31071034746721,3.07869967557939,157.246355200114));
#6455=CARTESIAN_POINT('Ctrl Pts',(6.37079923456706,3.2073764887802,157.246355200114));
#6456=CARTESIAN_POINT('Ctrl Pts',(6.43418582339985,3.34311513604654,157.246355200114));
#6457=CARTESIAN_POINT('Ctrl Pts',(6.4938248875521,3.48133245332386,157.246355200114));
#6458=CARTESIAN_POINT('Ctrl Pts',(6.54959860292339,3.621460177284,157.246355200114));
#6459=CARTESIAN_POINT('Ctrl Pts',(6.60370600092144,3.75740139045938,157.246355200114));
#6460=CARTESIAN_POINT('Ctrl Pts',(6.6541758954802,3.89513968548554,157.246355200114));
#6461=CARTESIAN_POINT('Ctrl Pts',(6.70095480809921,4.03415170444148,157.246355200114));
#6462=CARTESIAN_POINT('Ctrl Pts',(6.74782380108408,4.17343141353442,157.246355200114));
#6463=CARTESIAN_POINT('Ctrl Pts',(6.79098773248795,4.31398898865595,157.246355200115));
#6464=CARTESIAN_POINT('Ctrl Pts',(6.83044480118827,4.45530561969329,157.246355200115));
#6465=CARTESIAN_POINT('Ctrl Pts',(6.86988085826739,4.59654699700252,157.246355200115));
#6466=CARTESIAN_POINT('Ctrl Pts',(6.90561426741481,4.7385459436324,157.246355200114));
#6467=CARTESIAN_POINT('Ctrl Pts',(6.93769193225049,4.88080291462731,157.246355200114));
#6468=CARTESIAN_POINT('Ctrl Pts',(6.96972857666424,5.02287796960677,157.246355200114));
#6469=CARTESIAN_POINT('Ctrl Pts',(6.99811916834821,5.16520982716545,157.246355200114));
#6470=CARTESIAN_POINT('Ctrl Pts',(7.02295437825664,5.3073285559592,157.246355200114));
#6471=CARTESIAN_POINT('Ctrl Pts',(7.04777752400783,5.44937824798223,157.246355200114));
#6472=CARTESIAN_POINT('Ctrl Pts',(7.06904913463932,5.59121457604649,157.246355200114));
#6473=CARTESIAN_POINT('Ctrl Pts',(7.08689811464613,5.73240352281437,157.246355200114));
#6474=CARTESIAN_POINT('Ctrl Pts',(7.10477234834014,5.87379223122107,157.246355200114));
#6475=CARTESIAN_POINT('Ctrl Pts',(7.11921467399751,6.01453139483737,157.246355200114));
#6476=CARTESIAN_POINT('Ctrl Pts',(7.13038696061915,6.15422630764334,157.246355200114));
#6477=CARTESIAN_POINT('Ctrl Pts',(7.14160396097729,6.29448030756659,157.246355200114));
#6478=CARTESIAN_POINT('Ctrl Pts',(7.14952511556971,6.43368145076588,157.246355200114));
#6479=CARTESIAN_POINT('Ctrl Pts',(7.15434061460711,6.57147597977241,157.246355200114));
#6480=CARTESIAN_POINT('Ctrl Pts',(7.15807568055337,6.6783541348456,157.246355200114));
#6481=CARTESIAN_POINT('Ctrl Pts',(7.15994294528977,6.78438697586994,157.246355200114));
#6482=CARTESIAN_POINT('Ctrl Pts',(7.16003957252446,6.88942925715955,157.246355200114));
#6483=CARTESIAN_POINT('Ctrl Pts',(7.16004689515526,6.89738959926332,157.246355200114));
#6484=CARTESIAN_POINT('Ctrl Pts',(7.16004406488066,6.90534366793808,157.246355200114));
#6485=CARTESIAN_POINT('Ctrl Pts',(7.16003106392745,6.91330717640537,157.246355200114));
#6486=CARTESIAN_POINT('Ctrl Pts',(7.15980962702398,7.04894451219787,157.246355200114));
#6487=CARTESIAN_POINT('Ctrl Pts',(7.15663409271964,7.18622895601418,157.246355200114));
#6488=CARTESIAN_POINT('Ctrl Pts',(7.1502978870735,7.32484190991107,157.246355200114));
#6489=CARTESIAN_POINT('Ctrl Pts',(7.14399127996851,7.46280735622239,157.246355200114));
#6490=CARTESIAN_POINT('Ctrl Pts',(7.13455304853923,7.60208878283694,157.246355200114));
#6491=CARTESIAN_POINT('Ctrl Pts',(7.12180069063257,7.74232502044304,157.246355200114));
#6492=CARTESIAN_POINT('Ctrl Pts',(7.10907364680854,7.88228288194549,157.246355200114));
#6493=CARTESIAN_POINT('Ctrl Pts',(7.09304520043112,8.02319152743625,157.246355200114));
#6494=CARTESIAN_POINT('Ctrl Pts',(7.07356135014035,8.16464785068728,157.246355200114));
#6495=CARTESIAN_POINT('Ctrl Pts',(7.05407586445272,8.30611604721914,157.246355200114));
#6496=CARTESIAN_POINT('Ctrl Pts',(7.03113397952741,8.4481316650946,157.246355200114));
#6497=CARTESIAN_POINT('Ctrl Pts',(7.00461539971192,8.59025174507512,157.246355200114));
#6498=CARTESIAN_POINT('Ctrl Pts',(6.97806656847571,8.73253395041689,157.246355200114));
#6499=CARTESIAN_POINT('Ctrl Pts',(6.94793248893785,8.87492038660904,157.246355200114));
#6500=CARTESIAN_POINT('Ctrl Pts',(6.91413233799237,9.01693286777114,157.246355200114));
#6501=CARTESIAN_POINT('Ctrl Pts',(6.88030699560812,9.15905119161811,157.246355200114));
#6502=CARTESIAN_POINT('Ctrl Pts',(6.84280978598845,9.30079440818233,157.246355200114));
#6503=CARTESIAN_POINT('Ctrl Pts',(6.80160503346881,9.44165752526067,157.246355200114));
#6504=CARTESIAN_POINT('Ctrl Pts',(6.76045642514323,9.58232870704763,157.246355200114));
#6505=CARTESIAN_POINT('Ctrl Pts',(6.71561014090848,9.72212148312357,157.246355200115));
#6506=CARTESIAN_POINT('Ctrl Pts',(6.66708002225677,9.86051702490438,157.246355200115));
#6507=CARTESIAN_POINT('Ctrl Pts',(6.61878844020387,9.99823232104093,157.246355200115));
#6508=CARTESIAN_POINT('Ctrl Pts',(6.5668490537136,10.1345633168194,157.246355200114));
#6509=CARTESIAN_POINT('Ctrl Pts',(6.5113268100623,10.2689940699544,157.246355200114));
#6510=CARTESIAN_POINT('Ctrl Pts',(6.45517938592469,10.4049385134249,157.246355200114));
#6511=CARTESIAN_POINT('Ctrl Pts',(6.39536784005928,10.5389388295035,157.246355200115));
#6512=CARTESIAN_POINT('Ctrl Pts',(6.33201382045739,10.6704688299969,157.246355200115));
#6513=CARTESIAN_POINT('Ctrl Pts',(6.2710884390231,10.7969567071746,157.246355200115));
#6514=CARTESIAN_POINT('Ctrl Pts',(6.2068873804622,10.9211594000397,157.246355200114));
#6515=CARTESIAN_POINT('Ctrl Pts',(6.13956610960808,11.0426264817042,157.246355200114));
#6516=CARTESIAN_POINT('Ctrl Pts',(6.07316147101654,11.162439693136,157.246355200114));
#6517=CARTESIAN_POINT('Ctrl Pts',(6.00372128892666,11.2795906912177,157.246355200114));
#6518=CARTESIAN_POINT('Ctrl Pts',(5.93143695550638,11.3936736413898,157.246355200114));
#6519=CARTESIAN_POINT('Ctrl Pts',(5.86007412714989,11.5063022236332,157.246355200114));
#6520=CARTESIAN_POINT('Ctrl Pts',(5.78593953823733,11.6159399984165,157.246355200114));
#6521=CARTESIAN_POINT('Ctrl Pts',(5.70925420352774,11.7222303581417,157.246355200114));
#6522=CARTESIAN_POINT('Ctrl Pts',(5.63339467905667,11.8273760965694,157.246355200114));
#6523=CARTESIAN_POINT('Ctrl Pts',(5.55503942114939,11.9292457430248,157.246355200114));
#6524=CARTESIAN_POINT('Ctrl Pts',(5.47443343711219,12.0275339296304,157.246355200114));
#6525=CARTESIAN_POINT('Ctrl Pts',(5.39447838220717,12.1250283954623,157.246355200114));
#6526=CARTESIAN_POINT('Ctrl Pts',(5.31230919587118,12.218998722056,157.246355200114));
#6527=CARTESIAN_POINT('Ctrl Pts',(5.22819007482266,12.3091913182168,157.246355200114));
#6528=CARTESIAN_POINT('Ctrl Pts',(5.14448900794136,12.3989356763289,157.246355200114));
#6529=CARTESIAN_POINT('Ctrl Pts',(5.0588577394068,12.4849395566141,157.246355200114));
#6530=CARTESIAN_POINT('Ctrl Pts',(4.97157559747332,12.5670010084122,157.246355200114));
#6531=CARTESIAN_POINT('Ctrl Pts',(4.88443732426778,12.6489271968399,157.246355200114));
#6532=CARTESIAN_POINT('Ctrl Pts',(4.79565401869687,12.7269238193087,157.246355200113));
#6533=CARTESIAN_POINT('Ctrl Pts',(4.70551666413064,12.8008402426319,157.246355200113));
#6534=CARTESIAN_POINT('Ctrl Pts',(4.61521965142305,12.8748875923487,157.246355200113));
#6535=CARTESIAN_POINT('Ctrl Pts',(4.52356419154299,12.9448402269095,157.246355200114));
#6536=CARTESIAN_POINT('Ctrl Pts',(4.43084985341128,13.0105985887987,157.246355200114));
#6537=CARTESIAN_POINT('Ctrl Pts',(4.33495848259027,13.0786102857117,157.246355200114));
#6538=CARTESIAN_POINT('Ctrl Pts',(4.23793485778301,13.1421350910213,157.246355200114));
#6539=CARTESIAN_POINT('Ctrl Pts',(4.14011150814577,13.20112098593,157.246355200114));
#6540=CARTESIAN_POINT('Ctrl Pts',(4.04363235564309,13.2592963517451,157.246355200114));
#6541=CARTESIAN_POINT('Ctrl Pts',(3.94637570504532,13.3130569968056,157.246355200115));
#6542=CARTESIAN_POINT('Ctrl Pts',(3.84865528955399,13.3624074096639,157.246355200115));
#6543=CARTESIAN_POINT('Ctrl Pts',(3.74970695670152,13.4123779409327,157.246355200115));
#6544=CARTESIAN_POINT('Ctrl Pts',(3.65028352870802,13.4578268777208,157.246355200114));
#6545=CARTESIAN_POINT('Ctrl Pts',(3.5506992150167,13.4988117872827,157.246355200114));
#6546=CARTESIAN_POINT('Ctrl Pts',(3.44958360322023,13.54042691773,157.246355200114));
#6547=CARTESIAN_POINT('Ctrl Pts',(3.34830250425358,13.5774399283736,157.246355200114));
#6548=CARTESIAN_POINT('Ctrl Pts',(3.24716706430763,13.6099621418441,157.246355200114));
#6549=CARTESIAN_POINT('Ctrl Pts',(3.14304226285735,13.6434456469551,157.246355200114));
#6550=CARTESIAN_POINT('Ctrl Pts',(3.03907228243515,13.672169206096,157.246355200114));
#6551=CARTESIAN_POINT('Ctrl Pts',(2.93557164935874,13.6963043275861,157.246355200114));
#6552=CARTESIAN_POINT('Ctrl Pts',(2.83020749919201,13.7208739991851,157.246355200114));
#6553=CARTESIAN_POINT('Ctrl Pts',(2.72533008545257,13.74068897159,157.246355200113));
#6554=CARTESIAN_POINT('Ctrl Pts',(2.62123985047816,13.7559756853744,157.246355200113));
#6555=CARTESIAN_POINT('Ctrl Pts',(2.51389333769972,13.7717406168014,157.246355200113));
#6556=CARTESIAN_POINT('Ctrl Pts',(2.40738439008458,13.7826900220431,157.246355200114));
#6557=CARTESIAN_POINT('Ctrl Pts',(2.3020039036861,13.7891131226107,157.246355200114));
#6558=CARTESIAN_POINT('Ctrl Pts',(2.22524895004357,13.7937914535158,157.246355200114));
#6559=CARTESIAN_POINT('Ctrl Pts',(2.14909183127385,13.7960694411112,157.246355200114));
#6560=CARTESIAN_POINT('Ctrl Pts',(2.07363126041673,13.7960694411112,157.246355200114));
#6561=CARTESIAN_POINT('Origin',(-2.55067642657443,-2.00088834390044E-11,
155.631853261798));
#6562=CARTESIAN_POINT('',(-2.02119390957523,0.,157.246355554598));
#6563=CARTESIAN_POINT('',(-2.02119390957523,0.,155.887717106598));
#6564=CARTESIAN_POINT('',(-2.02119390957523,0.,157.246355554598));
#6565=CARTESIAN_POINT('Ctrl Pts',(-2.02119390489613,-2.0918469142658E-11,
6098.30943559118));
#6566=CARTESIAN_POINT('Ctrl Pts',(-2.02119391050807,2.81934257360811E-12,
-1032.59662659045));
#6567=CARTESIAN_POINT('Ctrl Pts',(-7.10760617503487,-2.62073552833721E-11,
6098.30943559118));
#6568=CARTESIAN_POINT('Ctrl Pts',(-7.10760618064682,-2.46954356710599E-12,
-1032.59662659045));
#6569=CARTESIAN_POINT('Ctrl Pts',(-7.10760617503547,6.89803472053597,6098.30943559118));
#6570=CARTESIAN_POINT('Ctrl Pts',(-7.10760618064741,6.89803472055971,-1032.59662659045));
#6571=CARTESIAN_POINT('Ctrl Pts',(-7.10760617503606,13.796069441092,6098.30943559118));
#6572=CARTESIAN_POINT('Ctrl Pts',(-7.10760618064801,13.7960694411157,-1032.59662659045));
#6573=CARTESIAN_POINT('Ctrl Pts',(-2.02119390489305,13.7960694410922,6098.30943559118));
#6574=CARTESIAN_POINT('Ctrl Pts',(-2.02119391050499,13.7960694411159,-1032.59662659045));
#6575=CARTESIAN_POINT('Ctrl Pts',(-2.02119390957523,13.796069441112,157.246355554609));
#6576=CARTESIAN_POINT('Ctrl Pts',(-2.12517648455654,13.7960694411118,157.246355554609));
#6577=CARTESIAN_POINT('Ctrl Pts',(-2.23048332410486,13.7917428311364,157.246355554609));
#6578=CARTESIAN_POINT('Ctrl Pts',(-2.33685039361434,13.7827734582313,157.246355554609));
#6579=CARTESIAN_POINT('Ctrl Pts',(-2.4404589710693,13.7740366943848,157.246355554609));
#6580=CARTESIAN_POINT('Ctrl Pts',(-2.54507324135068,13.7608943323349,157.246355554609));
#6581=CARTESIAN_POINT('Ctrl Pts',(-2.65041148753706,13.7430853994302,157.246355554609));
#6582=CARTESIAN_POINT('Ctrl Pts',(-2.75318546688863,13.7257099924067,157.246355554609));
#6583=CARTESIAN_POINT('Ctrl Pts',(-2.85664829974583,13.7038920121077,157.246355554609));
#6584=CARTESIAN_POINT('Ctrl Pts',(-2.96050608320013,13.677426157302,157.246355554609));
#6585=CARTESIAN_POINT('Ctrl Pts',(-3.06209997442201,13.6515372052678,157.246355554609));
#6586=CARTESIAN_POINT('Ctrl Pts',(-3.16407145302194,13.6212004448846,157.246355554609));
#6587=CARTESIAN_POINT('Ctrl Pts',(-3.26611880199964,13.5862654029059,157.246355554609));
#6588=CARTESIAN_POINT('Ctrl Pts',(-3.36626274285279,13.5519819765096,157.246355554609));
#6589=CARTESIAN_POINT('Ctrl Pts',(-3.46647939836527,13.5132699256293,157.246355554609));
#6590=CARTESIAN_POINT('Ctrl Pts',(-3.56646270748463,13.4700323054475,157.246355554609));
#6591=CARTESIAN_POINT('Ctrl Pts',(-3.66493039329953,13.4274501141103,157.246355554609));
#6592=CARTESIAN_POINT('Ctrl Pts',(-3.76317138798134,13.3804783075675,157.246355554609));
#6593=CARTESIAN_POINT('Ctrl Pts',(-3.86087813120369,13.3290722363447,157.246355554609));
#6594=CARTESIAN_POINT('Ctrl Pts',(-3.95746344117933,13.2782561804623,157.246355554609));
#6595=CARTESIAN_POINT('Ctrl Pts',(-4.05352631646157,13.2231069201818,157.246355554609));
#6596=CARTESIAN_POINT('Ctrl Pts',(-4.14876017063963,13.1636312055596,157.246355554609));
#6597=CARTESIAN_POINT('Ctrl Pts',(-4.24326036538163,13.104613677993,157.246355554609));
#6598=CARTESIAN_POINT('Ctrl Pts',(-4.33694387659867,13.0413360189343,157.246355554609));
#6599=CARTESIAN_POINT('Ctrl Pts',(-4.42950740973682,12.9738559383137,157.246355554609));
#6600=CARTESIAN_POINT('Ctrl Pts',(-4.52171021528015,12.9066388330393,157.246355554609));
#6601=CARTESIAN_POINT('Ctrl Pts',(-4.61280135955028,12.8352519814484,157.246355554609));
#6602=CARTESIAN_POINT('Ctrl Pts',(-4.70248319243549,12.7598040989193,157.246355554609));
#6603=CARTESIAN_POINT('Ctrl Pts',(-4.79215540438097,12.6843643103319,157.246355554609));
#6604=CARTESIAN_POINT('Ctrl Pts',(-4.88041820348506,12.6048644154084,157.246355554609));
#6605=CARTESIAN_POINT('Ctrl Pts',(-4.96698215264982,12.5214646296558,157.246355554609));
#6606=CARTESIAN_POINT('Ctrl Pts',(-5.05385779393687,12.437764545032,157.246355554609));
#6607=CARTESIAN_POINT('Ctrl Pts',(-5.13902191854837,12.3501365623968,157.246355554609));
#6608=CARTESIAN_POINT('Ctrl Pts',(-5.22219627698769,12.258793230991,157.246355554609));
#6609=CARTESIAN_POINT('Ctrl Pts',(-5.3059626986049,12.1667996868983,157.246355554609));
#6610=CARTESIAN_POINT('Ctrl Pts',(-5.38771051182903,12.0710379236286,157.246355554609));
#6611=CARTESIAN_POINT('Ctrl Pts',(-5.4671762450227,11.97177376854,157.246355554609));
#6612=CARTESIAN_POINT('Ctrl Pts',(-5.54745718119348,11.8714913074281,157.246355554609));
#6613=CARTESIAN_POINT('Ctrl Pts',(-5.62540856582533,11.7676345345326,157.246355554609));
#6614=CARTESIAN_POINT('Ctrl Pts',(-5.70078613387678,11.6605231795686,157.246355554609));
#6615=CARTESIAN_POINT('Ctrl Pts',(-5.77712246725483,11.5520494212281,157.246355554609));
#6616=CARTESIAN_POINT('Ctrl Pts',(-5.85081870003744,11.4402381764954,157.246355554609));
#6617=CARTESIAN_POINT('Ctrl Pts',(-5.9216552284565,11.325462626705,157.246355554609));
#6618=CARTESIAN_POINT('Ctrl Pts',(-5.99348865184181,11.2090718203459,157.246355554609));
#6619=CARTESIAN_POINT('Ctrl Pts',(-6.06238096184404,11.0896332206769,157.246355554609));
#6620=CARTESIAN_POINT('Ctrl Pts',(-6.12814371678145,10.9675707572422,157.246355554609));
#6621=CARTESIAN_POINT('Ctrl Pts',(-6.19481689995402,10.8438184449976,157.246355554609));
#6622=CARTESIAN_POINT('Ctrl Pts',(-6.25827299662662,10.7173697655158,157.246355554609));
#6623=CARTESIAN_POINT('Ctrl Pts',(-6.31836188372645,10.5886929523144,157.246355554609));
#6624=CARTESIAN_POINT('Ctrl Pts',(-6.38174847255894,10.4529543050481,157.246355554609));
#6625=CARTESIAN_POINT('Ctrl Pts',(-6.44138753671089,10.3147369877708,157.246355554609));
#6626=CARTESIAN_POINT('Ctrl Pts',(-6.49716125208188,10.1746092638107,157.246355554609));
#6627=CARTESIAN_POINT('Ctrl Pts',(-6.55126865007973,10.0386680506352,157.246355554609));
#6628=CARTESIAN_POINT('Ctrl Pts',(-6.60173854463826,9.90092975560894,157.246355554609));
#6629=CARTESIAN_POINT('Ctrl Pts',(-6.64851745725705,9.76191773665289,157.246355554609));
#6630=CARTESIAN_POINT('Ctrl Pts',(-6.69538645024168,9.6226380275599,157.246355554609));
#6631=CARTESIAN_POINT('Ctrl Pts',(-6.73855038164531,9.48208045243834,157.246355554609));
#6632=CARTESIAN_POINT('Ctrl Pts',(-6.77800745034538,9.34076382140098,157.246355554609));
#6633=CARTESIAN_POINT('Ctrl Pts',(-6.81744350742425,9.19952244409173,157.246355554609));
#6634=CARTESIAN_POINT('Ctrl Pts',(-6.85317691657142,9.05752349746184,157.246355554609));
#6635=CARTESIAN_POINT('Ctrl Pts',(-6.88525458140685,8.91526652646695,157.246355554609));
#6636=CARTESIAN_POINT('Ctrl Pts',(-6.91729122582032,8.77319147148764,157.246355554609));
#6637=CARTESIAN_POINT('Ctrl Pts',(-6.94568181750401,8.63085961392914,157.246355554609));
#6638=CARTESIAN_POINT('Ctrl Pts',(-6.97051702741217,8.48874088513558,157.246355554609));
#6639=CARTESIAN_POINT('Ctrl Pts',(-6.9953401731631,8.34669119311264,157.246355554609));
#6640=CARTESIAN_POINT('Ctrl Pts',(-7.01661178379434,8.20485486504847,157.246355554609));
#6641=CARTESIAN_POINT('Ctrl Pts',(-7.0344607638009,8.06366591828071,157.246355554609));
#6642=CARTESIAN_POINT('Ctrl Pts',(-7.05233499749469,7.92227720987389,157.246355554609));
#6643=CARTESIAN_POINT('Ctrl Pts',(-7.06677732315183,7.78153804625749,157.246355554609));
#6644=CARTESIAN_POINT('Ctrl Pts',(-7.07794960977323,7.64184313345143,157.246355554609));
#6645=CARTESIAN_POINT('Ctrl Pts',(-7.08916661013112,7.50158913352819,157.246355554609));
#6646=CARTESIAN_POINT('Ctrl Pts',(-7.09708776472329,7.36238799032893,157.246355554609));
#6647=CARTESIAN_POINT('Ctrl Pts',(-7.10190326376043,7.22459346132246,157.246355554609));
#6648=CARTESIAN_POINT('Ctrl Pts',(-7.10563832970649,7.11771530624957,157.246355554609));
#6649=CARTESIAN_POINT('Ctrl Pts',(-7.1075055944427,7.01168246522557,157.246355554609));
#6650=CARTESIAN_POINT('Ctrl Pts',(-7.1076022216772,6.90664018393627,157.246355554609));
#6651=CARTESIAN_POINT('Ctrl Pts',(-7.10760954430799,6.89867984183336,157.246355554609));
#6652=CARTESIAN_POINT('Ctrl Pts',(-7.10760671403337,6.89072577315944,157.246355554609));
#6653=CARTESIAN_POINT('Ctrl Pts',(-7.10759371308016,6.882762264693,157.246355554609));
#6654=CARTESIAN_POINT('Ctrl Pts',(-7.1073722761765,6.74712492890006,157.246355554609));
#6655=CARTESIAN_POINT('Ctrl Pts',(-7.10419674187197,6.60984048508332,157.246355554609));
#6656=CARTESIAN_POINT('Ctrl Pts',(-7.09786053622561,6.47122753118601,157.246355554609));
#6657=CARTESIAN_POINT('Ctrl Pts',(-7.09155392912043,6.33326208487462,157.246355554609));
#6658=CARTESIAN_POINT('Ctrl Pts',(-7.08211569769095,6.19398065826002,157.246355554609));
#6659=CARTESIAN_POINT('Ctrl Pts',(-7.06936333978409,6.05374442065387,157.246355554609));
#6660=CARTESIAN_POINT('Ctrl Pts',(-7.05663629595981,5.91378655915083,157.246355554609));
#6661=CARTESIAN_POINT('Ctrl Pts',(-7.0406078495821,5.77287791365949,157.246355554609));
#6662=CARTESIAN_POINT('Ctrl Pts',(-7.02112399929103,5.6314215904079,157.246355554609));
#6663=CARTESIAN_POINT('Ctrl Pts',(-7.00163851360318,5.48995339387598,157.246355554609));
#6664=CARTESIAN_POINT('Ctrl Pts',(-6.97869662867764,5.3479377760005,157.246355554609));
#6665=CARTESIAN_POINT('Ctrl Pts',(-6.95217804886191,5.20581769601996,157.246355554609));
#6666=CARTESIAN_POINT('Ctrl Pts',(-6.92562921762554,5.0635354906786,157.246355554609));
#6667=CARTESIAN_POINT('Ctrl Pts',(-6.89549513808755,4.92114905448687,157.246355554609));
#6668=CARTESIAN_POINT('Ctrl Pts',(-6.86169498714196,4.77913657332521,157.246355554609));
#6669=CARTESIAN_POINT('Ctrl Pts',(-6.82786964475759,4.63701824947865,157.246355554609));
#6670=CARTESIAN_POINT('Ctrl Pts',(-6.79037243513783,4.49527503291487,157.246355554609));
#6671=CARTESIAN_POINT('Ctrl Pts',(-6.74916768261812,4.35441191583698,157.246355554609));
#6672=CARTESIAN_POINT('Ctrl Pts',(-6.7080190742923,4.21374073404985,157.246355554609));
#6673=CARTESIAN_POINT('Ctrl Pts',(-6.66317279005729,4.07394795797375,157.246355554609));
#6674=CARTESIAN_POINT('Ctrl Pts',(-6.61464267140532,3.93555241619282,157.246355554609));
#6675=CARTESIAN_POINT('Ctrl Pts',(-6.56635108935234,3.79783712005664,157.246355554609));
#6676=CARTESIAN_POINT('Ctrl Pts',(-6.51441170286199,3.66150612427856,157.246355554609));
#6677=CARTESIAN_POINT('Ctrl Pts',(-6.45888945921066,3.52707537114397,157.246355554609));
#6678=CARTESIAN_POINT('Ctrl Pts',(-6.402742035073,3.39113092767388,157.246355554609));
#6679=CARTESIAN_POINT('Ctrl Pts',(-6.34293048920757,3.25713061159565,157.246355554609));
#6680=CARTESIAN_POINT('Ctrl Pts',(-6.27957646960569,3.12560061110265,157.246355554609));
#6681=CARTESIAN_POINT('Ctrl Pts',(-6.21865108817124,2.99911273392506,157.246355554609));
#6682=CARTESIAN_POINT('Ctrl Pts',(-6.15445002961019,2.87491004106003,157.246355554609));
#6683=CARTESIAN_POINT('Ctrl Pts',(-6.08712875875592,2.75344295939563,157.246355554609));
#6684=CARTESIAN_POINT('Ctrl Pts',(-6.02072412016424,2.63362974796398,157.246355554609));
#6685=CARTESIAN_POINT('Ctrl Pts',(-5.95128393807423,2.5164787498824,157.246355554609));
#6686=CARTESIAN_POINT('Ctrl Pts',(-5.87899960465381,2.40239579971039,157.246355554609));
#6687=CARTESIAN_POINT('Ctrl Pts',(-5.80763677629726,2.28976721746721,157.246355554609));
#6688=CARTESIAN_POINT('Ctrl Pts',(-5.73350218738465,2.18012944268417,157.246355554609));
#6689=CARTESIAN_POINT('Ctrl Pts',(-5.65681685267501,2.07383908295919,157.246355554609));
#6690=CARTESIAN_POINT('Ctrl Pts',(-5.58095732820391,1.96869334453177,157.246355554609));
#6691=CARTESIAN_POINT('Ctrl Pts',(-5.5026020702966,1.86682369807665,157.246355554609));
#6692=CARTESIAN_POINT('Ctrl Pts',(-5.42199608625939,1.76853551147134,157.246355554609));
#6693=CARTESIAN_POINT('Ctrl Pts',(-5.34204103135407,1.67104104563933,157.246355554609));
#6694=CARTESIAN_POINT('Ctrl Pts',(-5.25987184501777,1.57707071904551,157.246355554609));
#6695=CARTESIAN_POINT('Ctrl Pts',(-5.17575272396894,1.48687812288467,157.246355554609));
#6696=CARTESIAN_POINT('Ctrl Pts',(-5.09205165708743,1.39713376477264,157.246355554609));
#6697=CARTESIAN_POINT('Ctrl Pts',(-5.00642038855265,1.31112988448753,157.246355554609));
#6698=CARTESIAN_POINT('Ctrl Pts',(-4.91913824661895,1.22906843268958,157.246355554609));
#6699=CARTESIAN_POINT('Ctrl Pts',(-4.83199997341352,1.14714224426222,157.246355554609));
#6700=CARTESIAN_POINT('Ctrl Pts',(-4.74321666784274,1.06914562179381,157.246355554609));
#6701=CARTESIAN_POINT('Ctrl Pts',(-4.65307931327666,0.995229198471042,157.246355554609));
#6702=CARTESIAN_POINT('Ctrl Pts',(-4.5627823005694,0.921181848754814,157.246355554609));
#6703=CARTESIAN_POINT('Ctrl Pts',(-4.47112684068969,0.851229214194462,157.246355554609));
#6704=CARTESIAN_POINT('Ctrl Pts',(-4.37841250255835,0.78547085230576,157.246355554609));
#6705=CARTESIAN_POINT('Ctrl Pts',(-4.28252113173776,0.717459155393337,157.246355554609));
#6706=CARTESIAN_POINT('Ctrl Pts',(-4.18549750693095,0.653934350084191,157.246355554609));
#6707=CARTESIAN_POINT('Ctrl Pts',(-4.08767415729416,0.594948455175949,157.246355554609));
#6708=CARTESIAN_POINT('Ctrl Pts',(-3.99119500479152,0.536773089361074,157.246355554609));
#6709=CARTESIAN_POINT('Ctrl Pts',(-3.8939383541938,0.483012444300812,157.246355554609));
#6710=CARTESIAN_POINT('Ctrl Pts',(-3.79621793870252,0.433662031442735,157.246355554609));
#6711=CARTESIAN_POINT('Ctrl Pts',(-3.69726960585014,0.383691500174179,157.246355554609));
#6712=CARTESIAN_POINT('Ctrl Pts',(-3.5978461778567,0.338242563386206,157.246355554609));
#6713=CARTESIAN_POINT('Ctrl Pts',(-3.49826186416548,0.29725765382457,157.246355554609));
#6714=CARTESIAN_POINT('Ctrl Pts',(-3.39714625236883,0.255642523377372,157.246355554609));
#6715=CARTESIAN_POINT('Ctrl Pts',(-3.29586515340202,0.218629512733934,157.246355554609));
#6716=CARTESIAN_POINT('Ctrl Pts',(-3.19472971345591,0.186107299263563,157.246355554609));
#6717=CARTESIAN_POINT('Ctrl Pts',(-3.09060491200569,0.15262379415271,157.246355554609));
#6718=CARTESIAN_POINT('Ctrl Pts',(-2.98663493158356,0.123900235012101,157.246355554609));
#6719=CARTESIAN_POINT('Ctrl Pts',(-2.88313429850722,0.0997651135221913,
157.246355554609));
#6720=CARTESIAN_POINT('Ctrl Pts',(-2.77777014834056,0.0751954419233932,
157.246355554609));
#6721=CARTESIAN_POINT('Ctrl Pts',(-2.67289273460118,0.0553804695187422,
157.246355554609));
#6722=CARTESIAN_POINT('Ctrl Pts',(-2.56880249962685,0.0400937557345909,
157.246355554609));
#6723=CARTESIAN_POINT('Ctrl Pts',(-2.46145598684843,0.0243288243077844,
157.246355554609));
#6724=CARTESIAN_POINT('Ctrl Pts',(-2.35494703923333,0.0133794190663152,
157.246355554609));
#6725=CARTESIAN_POINT('Ctrl Pts',(-2.24956655283488,0.00695631849889683,
157.246355554609));
#6726=CARTESIAN_POINT('Ctrl Pts',(-2.17281159919564,0.00227798759417624,
157.246355554609));
#6727=CARTESIAN_POINT('Ctrl Pts',(-2.09665448042917,-1.14848624668749E-12,
157.246355554609));
#6728=CARTESIAN_POINT('Ctrl Pts',(-2.02119390957523,-1.14148210081667E-12,
157.246355554609));
#6729=CARTESIAN_POINT('Origin',(-75.7200021500167,-3.33228866546169,158.406361390338));
#6730=CARTESIAN_POINT('',(-62.9999965477564,-3.33228771067104,154.246360833198));
#6731=CARTESIAN_POINT('',(-63.0000000449835,-3.33228748526984,113.846366434798));
#6732=CARTESIAN_POINT('',(63.0000067482433,-3.33227825284803,154.246349925999));
#6733=CARTESIAN_POINT('',(-62.9999965477564,-3.33228771067104,154.246360833198));
#6734=CARTESIAN_POINT('',(63.0000067482383,-3.33227825284803,154.246349925999));
#6735=CARTESIAN_POINT('Origin',(-15.9755277186859,-20.0165349203873,134.496217987169));
#6736=CARTESIAN_POINT('',(-20.3595706256163,-20.0165352492037,132.509863203918));
#6737=CARTESIAN_POINT('',(-20.3595706256164,-20.0165352494607,113.846355963398));
#6738=CARTESIAN_POINT('',(-62.9999971770267,-20.016538450142,132.509866894099));
#6739=CARTESIAN_POINT('',(-20.3595706256164,-20.0165352494625,132.509863202898));
#6740=CARTESIAN_POINT('',(-62.9999971770218,-20.016538450142,132.509866894099));
#6741=CARTESIAN_POINT('Origin',(75.7200072755361,-5.94761517824556,154.246348824849));
#6742=CARTESIAN_POINT('',(-34.2390511065141,21.6209800137176,154.246358343477));
#6743=CARTESIAN_POINT('',(34.9292682583898,21.6209854806747,154.246352356));
#6744=CARTESIAN_POINT('Ctrl Pts',(-34.2390511065132,21.620979975518,154.246358343498));
#6745=CARTESIAN_POINT('Ctrl Pts',(-33.5716039427534,21.341865199821,154.246358285798));
#6746=CARTESIAN_POINT('Ctrl Pts',(-32.8830596780244,21.112604712626,154.246358226099));
#6747=CARTESIAN_POINT('Ctrl Pts',(-31.4775921096534,20.768725459209,154.246358104498));
#6748=CARTESIAN_POINT('Ctrl Pts',(-30.7608273604947,20.65427955046,154.246358042499));
#6749=CARTESIAN_POINT('Ctrl Pts',(-29.8588238243046,20.588746254937,154.246357964399));
#6750=CARTESIAN_POINT('Ctrl Pts',(-29.6780551175943,20.579449469206,154.246357948699));
#6751=CARTESIAN_POINT('Ctrl Pts',(-29.4520423037648,20.57270522532,154.246357929198));
#6752=CARTESIAN_POINT('Ctrl Pts',(-29.4071164733141,20.5716021693401,154.246357925298));
#6753=CARTESIAN_POINT('Ctrl Pts',(-29.3163541369431,20.56986283788,154.246357917398));
#6754=CARTESIAN_POINT('Ctrl Pts',(-29.2714664962041,20.569245869264,154.246357913498));
#6755=CARTESIAN_POINT('Ctrl Pts',(-29.1355718210343,20.568085666583,154.246357901699));
#6756=CARTESIAN_POINT('Ctrl Pts',(-29.0451717882534,20.568494264292,154.246357893899));
#6757=CARTESIAN_POINT('Ctrl Pts',(-28.5932436961739,20.568362608243,154.246357854798));
#6758=CARTESIAN_POINT('Ctrl Pts',(-28.2313444264946,20.568422774144,154.246357823498));
#6759=CARTESIAN_POINT('Ctrl Pts',(-27.146105500784,20.568403538632,154.246357729498));
#6760=CARTESIAN_POINT('Ctrl Pts',(-26.4227226448347,20.568410697015,154.246357666898));
#6761=CARTESIAN_POINT('Ctrl Pts',(-22.8055324307843,20.568408344699,154.246357353799));
#6762=CARTESIAN_POINT('Ctrl Pts',(-19.9115291887047,20.568409419421,154.246357103299));
#6763=CARTESIAN_POINT('Ctrl Pts',(-11.230251582554,20.568409077246,154.246356351798));
#6764=CARTESIAN_POINT('Ctrl Pts',(-5.44259562264415,20.56840920013,154.246355850799));
#6765=CARTESIAN_POINT('Ctrl Pts',(6.13273195213515,20.5684091999381,154.246354848699));
#6766=CARTESIAN_POINT('Ctrl Pts',(11.9204565147156,20.5684090777241,154.246354347701));
#6767=CARTESIAN_POINT('Ctrl Pts',(20.6018119386354,20.5684094183171,154.2463535962));
#6768=CARTESIAN_POINT('Ctrl Pts',(23.4956703087664,20.5684083484562,154.246353345701));
#6769=CARTESIAN_POINT('Ctrl Pts',(27.1128549508467,20.5684106901471,154.2463530326));
#6770=CARTESIAN_POINT('Ctrl Pts',(27.8363570778456,20.5684035640941,154.24635297));
#6771=CARTESIAN_POINT('Ctrl Pts',(28.9216188579267,20.5684227127351,154.246352876));
#6772=CARTESIAN_POINT('Ctrl Pts',(29.2833715599063,20.5683628185432,154.246352844701));
#6773=CARTESIAN_POINT('Ctrl Pts',(29.7355097858253,20.5684938800351,154.2463528056));
#6774=CARTESIAN_POINT('Ctrl Pts',(29.8258878107063,20.5680870043841,154.2463527978));
#6775=CARTESIAN_POINT('Ctrl Pts',(30.0068875492452,20.5696286796681,154.2463527821));
#6776=CARTESIAN_POINT('Ctrl Pts',(30.0971437591961,20.5713569657651,154.2463527743));
#6777=CARTESIAN_POINT('Ctrl Pts',(30.3683235067565,20.5794535483521,154.246352750801));
#6778=CARTESIAN_POINT('Ctrl Pts',(30.5489991636859,20.5887461720231,154.246352735201));
#6779=CARTESIAN_POINT('Ctrl Pts',(31.4509165680356,20.6542574008611,154.246352657101));
#6780=CARTESIAN_POINT('Ctrl Pts',(32.1680100033464,20.7687660615411,154.246352595001));
#6781=CARTESIAN_POINT('Ctrl Pts',(33.5732128186095,21.1125954174182,154.246352473401));
#6782=CARTESIAN_POINT('Ctrl Pts',(34.2618885419898,21.3418917499462,154.2463524138));
#6783=CARTESIAN_POINT('Ctrl Pts',(34.929268157238,21.6209857225525,154.246352356));
#6784=CARTESIAN_POINT('',(63.0000048752045,21.6209869650742,154.246349925999));
#6785=CARTESIAN_POINT('',(34.9292686091759,21.6209848580264,154.246352356));
#6786=CARTESIAN_POINT('',(63.0000048752045,21.6209869650742,154.246349925999));
#6787=CARTESIAN_POINT('',(-62.9999984208045,21.620977430345,154.246360833181));
#6788=CARTESIAN_POINT('',(-62.9999965477564,-3.33228771067104,154.246360833198));
#6789=CARTESIAN_POINT('',(-62.9999984208062,21.6209774298979,154.246360833198));
#6790=CARTESIAN_POINT('Origin',(-65.9960931631794,21.6209772762956,156.566361088356));
#6791=CARTESIAN_POINT('',(-34.239051599905,21.620980181791,156.246358235798));
#6792=CARTESIAN_POINT('',(-62.9999984208062,21.6209774298979,154.246360833198));
#6793=CARTESIAN_POINT('Origin',(-75.7199986107438,-7.72196875516221,157.246361934348));
#6794=CARTESIAN_POINT('',(-62.9999961599642,-5.03624550786799,157.246360833198));
#6795=CARTESIAN_POINT('',(63.0000071358445,-5.03623605004486,157.246349925999));
#6796=CARTESIAN_POINT('',(-62.9999961599642,-5.03624550786799,157.246360833198));
#6797=CARTESIAN_POINT('',(63.0000071358445,-5.03623605004486,157.246349925999));
#6798=CARTESIAN_POINT('Ctrl Pts',(30.9628733956479,20.6209845633202,157.2463526993));
#6799=CARTESIAN_POINT('Ctrl Pts',(30.885102051726,20.613885844414,157.246352706027));
#6800=CARTESIAN_POINT('Ctrl Pts',(30.8072667069357,20.6075049814635,157.24635271276));
#6801=CARTESIAN_POINT('Ctrl Pts',(30.7293801999353,20.6018479483288,157.246352719496));
#6802=CARTESIAN_POINT('Ctrl Pts',(30.5489991244449,20.588746555543,157.246352735096));
#6803=CARTESIAN_POINT('Ctrl Pts',(30.3683216845948,20.5794534111081,157.246352750794));
#6804=CARTESIAN_POINT('Ctrl Pts',(30.1875361046957,20.5740558035374,157.246352766461));
#6805=CARTESIAN_POINT('Ctrl Pts',(30.0971433147461,20.571356999752,157.246352774295));
#6806=CARTESIAN_POINT('Ctrl Pts',(30.006884696335,20.569628644596,157.246352782095));
#6807=CARTESIAN_POINT('Ctrl Pts',(29.9163857180047,20.568857829331,157.246352789945));
#6808=CARTESIAN_POINT('Ctrl Pts',(29.8258867396744,20.568087014066,157.246352797795));
#6809=CARTESIAN_POINT('Ctrl Pts',(29.7355093088645,20.5684938774439,157.24635280559));
#6810=CARTESIAN_POINT('Ctrl Pts',(29.6450799715705,20.5684676659469,157.24635281341));
#6811=CARTESIAN_POINT('Ctrl Pts',(29.2833626223946,20.5683628199589,157.246352844691));
#6812=CARTESIAN_POINT('Ctrl Pts',(28.9216389178146,20.5684227123211,157.246352875995));
#6813=CARTESIAN_POINT('Ctrl Pts',(28.5598379326675,20.5684163296358,157.246352907328));
#6814=CARTESIAN_POINT('Ctrl Pts',(27.8362359623734,20.5684035642652,157.246352969995));
#6815=CARTESIAN_POINT('Ctrl Pts',(27.113099950564,20.5684106901,157.246353032598));
#6816=CARTESIAN_POINT('Ctrl Pts',(26.3895868678759,20.5684102217764,157.246353095218));
#6817=CARTESIAN_POINT('Ctrl Pts',(23.4955345371236,20.568408348482,157.246353345698));
#6818=CARTESIAN_POINT('Ctrl Pts',(20.6018503273262,20.56840941831,157.246353596197));
#6819=CARTESIAN_POINT('Ctrl Pts',(17.708046565823,20.5684093047827,157.246353846698));
#6820=CARTESIAN_POINT('Ctrl Pts',(11.9204390428167,20.568409077728,157.2463543477));
#6821=CARTESIAN_POINT('Ctrl Pts',(6.13273654360637,20.568409199936,157.246354848703));
#6822=CARTESIAN_POINT('Ctrl Pts',(0.345069428425628,20.5684092000335,157.246355349755));
#6823=CARTESIAN_POINT('Ctrl Pts',(-5.44259768675511,20.568409200131,157.246355850808));
#6824=CARTESIAN_POINT('Ctrl Pts',(-11.2302514666553,20.568409077247,157.24635635181));
#6825=CARTESIAN_POINT('Ctrl Pts',(-17.0177701849219,20.5684093053616,157.246356852813));
#6826=CARTESIAN_POINT('Ctrl Pts',(-19.9115295440552,20.5684094194189,157.246357103314));
#6827=CARTESIAN_POINT('Ctrl Pts',(-22.8055326051362,20.568408344706,157.246357353812));
#6828=CARTESIAN_POINT('Ctrl Pts',(-25.6992847521375,20.5684102265419,157.246357604292));
#6829=CARTESIAN_POINT('Ctrl Pts',(-26.4227227888878,20.5684106970009,157.246357666912));
#6830=CARTESIAN_POINT('Ctrl Pts',(-27.1461056353655,20.568403538683,157.246357729513));
#6831=CARTESIAN_POINT('Ctrl Pts',(-27.8695982253388,20.5684163622417,157.24635779218));
#6832=CARTESIAN_POINT('Ctrl Pts',(-28.2313445203254,20.568422774021,157.246357823513));
#6833=CARTESIAN_POINT('Ctrl Pts',(-28.5932438531054,20.5683626086651,157.246357854812));
#6834=CARTESIAN_POINT('Ctrl Pts',(-28.9547861977852,20.5684679325426,157.246357886093));
#6835=CARTESIAN_POINT('Ctrl Pts',(-29.0451717839551,20.568494263512,157.246357893913));
#6836=CARTESIAN_POINT('Ctrl Pts',(-29.1355722235367,20.568085669404,157.246357901813));
#6837=CARTESIAN_POINT('Ctrl Pts',(-29.2261682386955,20.5688591317887,157.246357909613));
#6838=CARTESIAN_POINT('Ctrl Pts',(-29.2714662462749,20.569245862981,157.246357913513));
#6839=CARTESIAN_POINT('Ctrl Pts',(-29.3163558439064,20.5698628637122,157.246357917409));
#6840=CARTESIAN_POINT('Ctrl Pts',(-29.3617359740065,20.5707325126065,157.246357921309));
#6841=CARTESIAN_POINT('Ctrl Pts',(-29.4071161041065,20.5716021615009,157.246357925209));
#6842=CARTESIAN_POINT('Ctrl Pts',(-29.4520425190258,20.5727052291669,157.246357929112));
#6843=CARTESIAN_POINT('Ctrl Pts',(-29.4972450312613,20.5740540730809,157.246357933032));
#6844=CARTESIAN_POINT('Ctrl Pts',(-29.6780550802032,20.579449448737,157.246357948714));
#6845=CARTESIAN_POINT('Ctrl Pts',(-29.8588240681765,20.588746307883,157.246357964414));
#6846=CARTESIAN_POINT('Ctrl Pts',(-30.0392244425024,20.601852850098,157.246357980014));
#6847=CARTESIAN_POINT('Ctrl Pts',(-30.117073538331,20.6075087832672,157.246357986746));
#6848=CARTESIAN_POINT('Ctrl Pts',(-30.1948664033587,20.6138865815349,157.246357993474));
#6849=CARTESIAN_POINT('Ctrl Pts',(-30.2725914679845,20.6209805528393,157.246358000198));
#6850=CARTESIAN_POINT('',(-62.9999980860438,20.6209775072512,157.246360833198));
#6851=CARTESIAN_POINT('Origin',(32.0021949562506,21.6209846383143,156.566352598998));
#6852=CARTESIAN_POINT('',(63.0000050483341,21.6209869650742,156.246349925999));
#6853=CARTESIAN_POINT('',(34.9292686091758,21.6209859115501,154.246352356));
#6854=CARTESIAN_POINT('Origin',(-62.9999980965732,25.9047291119983,161.706360843586));
#6855=CARTESIAN_POINT('',(-62.9999961178255,-6.78264953956295,156.221077693699));
#6856=CARTESIAN_POINT('',(-62.9999961178235,-6.78264953956295,156.221077693699));
#6857=CARTESIAN_POINT('',(-62.9999971770267,-20.016538450142,132.509866894099));
#6858=CARTESIAN_POINT('Ctrl Pts',(34.9292686091791,21.6209869650743,157.246352356011));
#6859=CARTESIAN_POINT('Ctrl Pts',(34.2621363245476,21.3419809202399,157.246352413711));
#6860=CARTESIAN_POINT('Ctrl Pts',(33.5731108379253,21.1125592955343,157.246352473412));
#6861=CARTESIAN_POINT('Ctrl Pts',(32.1680381745846,20.7687765865732,157.246352595013));
#6862=CARTESIAN_POINT('Ctrl Pts',(31.4509045018967,20.654253519472,157.246352657114));
#6863=CARTESIAN_POINT('Ctrl Pts',(30.5489991244449,20.588746555543,157.246352735114));
#6864=CARTESIAN_POINT('Ctrl Pts',(30.3683216845948,20.5794534111081,157.246352750812));
#6865=CARTESIAN_POINT('Ctrl Pts',(30.0971433147461,20.571356999752,157.246352774313));
#6866=CARTESIAN_POINT('Ctrl Pts',(30.006884696335,20.569628644596,157.246352782113));
#6867=CARTESIAN_POINT('Ctrl Pts',(29.8258867396744,20.568087014066,157.246352797813));
#6868=CARTESIAN_POINT('Ctrl Pts',(29.7355093088645,20.5684938774439,157.246352805612));
#6869=CARTESIAN_POINT('Ctrl Pts',(29.2833626223946,20.5683628199589,157.246352844713));
#6870=CARTESIAN_POINT('Ctrl Pts',(28.9216389178146,20.5684227123211,157.246352876013));
#6871=CARTESIAN_POINT('Ctrl Pts',(27.8362359623734,20.5684035642652,157.246352970013));
#6872=CARTESIAN_POINT('Ctrl Pts',(27.113099950564,20.5684106901,157.246353032613));
#6873=CARTESIAN_POINT('Ctrl Pts',(23.4955345371236,20.568408348482,157.246353345712));
#6874=CARTESIAN_POINT('Ctrl Pts',(20.6018503273262,20.56840941831,157.246353596212));
#6875=CARTESIAN_POINT('Ctrl Pts',(11.9204390428167,20.568409077728,157.246354347713));
#6876=CARTESIAN_POINT('Ctrl Pts',(6.13273654360637,20.568409199936,157.246354848712));
#6877=CARTESIAN_POINT('Ctrl Pts',(-5.44259768675511,20.568409200131,157.246355850813));
#6878=CARTESIAN_POINT('Ctrl Pts',(-11.2302514666553,20.568409077247,157.246356351812));
#6879=CARTESIAN_POINT('Ctrl Pts',(-19.9115295440552,20.5684094194189,157.246357103313));
#6880=CARTESIAN_POINT('Ctrl Pts',(-22.8055326051362,20.568408344706,157.246357353813));
#6881=CARTESIAN_POINT('Ctrl Pts',(-26.4227227888878,20.5684106970009,157.246357666912));
#6882=CARTESIAN_POINT('Ctrl Pts',(-27.1461056353655,20.568403538683,157.246357729513));
#6883=CARTESIAN_POINT('Ctrl Pts',(-28.2313445203254,20.568422774021,157.246357823513));
#6884=CARTESIAN_POINT('Ctrl Pts',(-28.5932438531054,20.5683626086651,157.246357854812));
#6885=CARTESIAN_POINT('Ctrl Pts',(-29.0451717839551,20.568494263512,157.246357893913));
#6886=CARTESIAN_POINT('Ctrl Pts',(-29.1355722235367,20.568085669404,157.246357901813));
#6887=CARTESIAN_POINT('Ctrl Pts',(-29.2714662462749,20.569245862981,157.246357913513));
#6888=CARTESIAN_POINT('Ctrl Pts',(-29.3163558439064,20.5698628637122,157.246357917413));
#6889=CARTESIAN_POINT('Ctrl Pts',(-29.4071161041065,20.5716021615009,157.246357925213));
#6890=CARTESIAN_POINT('Ctrl Pts',(-29.4520425190258,20.5727052291669,157.246357929112));
#6891=CARTESIAN_POINT('Ctrl Pts',(-29.6780550802032,20.579449448737,157.246357948714));
#6892=CARTESIAN_POINT('Ctrl Pts',(-29.8588240681765,20.588746307883,157.246357964414));
#6893=CARTESIAN_POINT('Ctrl Pts',(-30.7608259398057,20.6542790189582,157.246358042414));
#6894=CARTESIAN_POINT('Ctrl Pts',(-31.4775961596952,20.768726899852,157.246358104512));
#6895=CARTESIAN_POINT('Ctrl Pts',(-32.8830459712954,21.1125997633047,157.246358226113));
#6896=CARTESIAN_POINT('Ctrl Pts',(-33.5716383451236,21.3418775561389,157.246358285811));
#6897=CARTESIAN_POINT('Ctrl Pts',(-34.2390518466127,21.6209802849306,157.246358343511));
#6898=CARTESIAN_POINT('Ctrl Pts',(34.9292686091754,21.620985911551,154.246352355998));
#6899=CARTESIAN_POINT('Ctrl Pts',(34.2618888528946,21.3418918534637,154.246352413797));
#6900=CARTESIAN_POINT('Ctrl Pts',(33.5732129772053,21.1125954562242,154.246352473399));
#6901=CARTESIAN_POINT('Ctrl Pts',(32.1680100033445,20.768766061541,154.246352594999));
#6902=CARTESIAN_POINT('Ctrl Pts',(31.450916568032,20.6542574008611,154.246352657099));
#6903=CARTESIAN_POINT('Ctrl Pts',(30.5489991636859,20.5887461720229,154.246352735201));
#6904=CARTESIAN_POINT('Ctrl Pts',(30.3683235067529,20.5794535483521,154.246352750799));
#6905=CARTESIAN_POINT('Ctrl Pts',(30.0971437591943,20.5713569657649,154.246352774298));
#6906=CARTESIAN_POINT('Ctrl Pts',(30.0068875492434,20.569628679668,154.246352782098));
#6907=CARTESIAN_POINT('Ctrl Pts',(29.8258878107044,20.568087004384,154.246352797798));
#6908=CARTESIAN_POINT('Ctrl Pts',(29.7355097858235,20.5684938800349,154.246352805598));
#6909=CARTESIAN_POINT('Ctrl Pts',(29.2833715599045,20.5683628185431,154.246352844699));
#6910=CARTESIAN_POINT('Ctrl Pts',(28.9216188579267,20.5684227127351,154.246352875998));
#6911=CARTESIAN_POINT('Ctrl Pts',(27.8363570778438,20.568403564094,154.246352969998));
#6912=CARTESIAN_POINT('Ctrl Pts',(27.112854950843,20.5684106901469,154.246353032599));
#6913=CARTESIAN_POINT('Ctrl Pts',(23.4956703087646,20.568408348456,154.246353345699));
#6914=CARTESIAN_POINT('Ctrl Pts',(20.6018119386354,20.5684094183169,154.246353596198));
#6915=CARTESIAN_POINT('Ctrl Pts',(11.9204565147138,20.568409077724,154.246354347699));
#6916=CARTESIAN_POINT('Ctrl Pts',(6.13273195213333,20.5684091999379,154.246354848698));
#6917=CARTESIAN_POINT('Ctrl Pts',(-5.44259562264597,20.5684092001298,154.246355850799));
#6918=CARTESIAN_POINT('Ctrl Pts',(-11.2302515825559,20.568409077246,154.246356351798));
#6919=CARTESIAN_POINT('Ctrl Pts',(-19.9115291887065,20.568409419421,154.246357103299));
#6920=CARTESIAN_POINT('Ctrl Pts',(-22.8055324307861,20.5684083446992,154.246357353799));
#6921=CARTESIAN_POINT('Ctrl Pts',(-26.4227226448365,20.568410697015,154.246357666898));
#6922=CARTESIAN_POINT('Ctrl Pts',(-27.1461055007858,20.568403538632,154.246357729498));
#6923=CARTESIAN_POINT('Ctrl Pts',(-28.2313444264964,20.568422774144,154.246357823498));
#6924=CARTESIAN_POINT('Ctrl Pts',(-28.5932436961757,20.5683626082431,154.246357854798));
#6925=CARTESIAN_POINT('Ctrl Pts',(-29.0451717882552,20.568494264292,154.246357893899));
#6926=CARTESIAN_POINT('Ctrl Pts',(-29.135571821038,20.568085666583,154.246357901699));
#6927=CARTESIAN_POINT('Ctrl Pts',(-29.2714664962059,20.569245869264,154.246357913498));
#6928=CARTESIAN_POINT('Ctrl Pts',(-29.3163541369449,20.5698628378801,154.246357917398));
#6929=CARTESIAN_POINT('Ctrl Pts',(-29.4071164733159,20.5716021693401,154.246357925298));
#6930=CARTESIAN_POINT('Ctrl Pts',(-29.4520423037648,20.5727052253199,154.246357929198));
#6931=CARTESIAN_POINT('Ctrl Pts',(-29.678055117598,20.579449469206,154.246357948699));
#6932=CARTESIAN_POINT('Ctrl Pts',(-29.8588238243065,20.588746254937,154.246357964399));
#6933=CARTESIAN_POINT('Ctrl Pts',(-30.7608273604965,20.65427955046,154.246358042501));
#6934=CARTESIAN_POINT('Ctrl Pts',(-31.4775921096552,20.768725459209,154.246358104498));
#6935=CARTESIAN_POINT('Ctrl Pts',(-32.8830596780244,21.112604712626,154.246358226099));
#6936=CARTESIAN_POINT('Ctrl Pts',(-33.5716039427534,21.3418651998219,154.246358285798));
#6937=CARTESIAN_POINT('Ctrl Pts',(-34.239051106515,21.6209799755198,154.246358343498));
#6938=CARTESIAN_POINT('Ctrl Pts',(30.9628733959235,20.6209845603011,157.246352699298));
#6939=CARTESIAN_POINT('Ctrl Pts',(31.2876380322541,20.65062805602,157.216709216998));
#6940=CARTESIAN_POINT('Ctrl Pts',(31.6097660620544,20.692650629808,157.174686649198));
#6941=CARTESIAN_POINT('Ctrl Pts',(32.2468121944949,20.7998690118681,157.067468286998));
#6942=CARTESIAN_POINT('Ctrl Pts',(32.5611925600733,20.864970699971,157.002366608898));
#6943=CARTESIAN_POINT('Ctrl Pts',(32.8705784428439,20.940669388199,156.926667930698));
#6944=CARTESIAN_POINT('Ctrl Pts',(33.5876406548979,21.1161158835046,156.751221458831));
#6945=CARTESIAN_POINT('Ctrl Pts',(34.2766374815839,21.3480496971367,156.519288546838));
#6946=CARTESIAN_POINT('Ctrl Pts',(34.9292684224487,21.6209858334598,156.246352434088));
#6947=CARTESIAN_POINT('Ctrl Pts',(-34.239051599905,21.620980181791,156.246358235798));
#6948=CARTESIAN_POINT('Ctrl Pts',(-33.586218268385,21.347975332783,156.519363115698));
#6949=CARTESIAN_POINT('Ctrl Pts',(-32.897598683765,21.116160596903,156.751177880398));
#6950=CARTESIAN_POINT('Ctrl Pts',(-32.1803215767559,20.940663518522,156.926674982798));
#6951=CARTESIAN_POINT('Ctrl Pts',(-31.8709188780158,20.864961576916,157.002376934799));
#6952=CARTESIAN_POINT('Ctrl Pts',(-31.5565626430453,20.799858529656,157.067479991598));
#6953=CARTESIAN_POINT('Ctrl Pts',(-30.9194786774551,20.6926350438019,157.174703494098));
#6954=CARTESIAN_POINT('Ctrl Pts',(-30.5973767693158,20.6506237265251,157.216714821299));
#6955=CARTESIAN_POINT('Ctrl Pts',(-30.2725914681851,20.620980550641,157.246358000199));
#6956=CARTESIAN_POINT('Origin',(-75.7199991240675,-5.37968923750137,158.734769995456));
#6957=CARTESIAN_POINT('',(-11.2793467446463,-14.1339119013243,143.049780774362));
#6958=CARTESIAN_POINT('',(-11.2793467446463,-10.6339125265318,149.320743222891));
#6959=CARTESIAN_POINT('',(-11.2793467446463,-14.1339118166584,143.049780732018));
#6960=CARTESIAN_POINT('',(-6.8793467446463,-10.6339125265318,149.320742250253));
#6961=CARTESIAN_POINT('',(-11.2793467446463,-10.6339125265318,149.320743222891));
#6962=CARTESIAN_POINT('',(-6.87934674464628,-14.1339120583425,143.049779397221));
#6963=CARTESIAN_POINT('',(-6.87934674464629,-10.6339125265321,149.320742250253));
#6964=CARTESIAN_POINT('',(23.6337093032162,-14.1339129162737,143.049771535814));
#6965=CARTESIAN_POINT('',(-6.87934674464628,-14.133912071907,143.049779425705));
#6966=CARTESIAN_POINT('',(23.6337093032162,-15.416755239006,140.751297410099));
#6967=CARTESIAN_POINT('',(23.6337093032162,-14.1339125265249,143.049771742499));
#6968=CARTESIAN_POINT('',(20.4880922941447,-18.5623722480819,135.115283740999));
#6969=CARTESIAN_POINT('',(23.6337093032162,-15.416755239006,140.751297410099));
#6970=CARTESIAN_POINT('',(20.4880922941339,-20.0165321829995,132.509859668291));
#6971=CARTESIAN_POINT('',(20.4880922941447,-18.5623722481045,135.115283741012));
#6972=CARTESIAN_POINT('',(63.0000061189839,-20.0165289923189,132.5098559869));
#6973=CARTESIAN_POINT('',(20.4880922941339,-20.0165321833518,132.509859666898));
#6974=CARTESIAN_POINT('',(63.0000071781833,-6.78264008174085,156.2210667865));
#6975=CARTESIAN_POINT('',(63.0000061189839,-20.0165289923189,132.5098559869));
#6976=CARTESIAN_POINT('',(63.0000071781833,-6.78264008174085,156.2210667865));
#6977=CARTESIAN_POINT('',(-20.3595705973858,-18.5623677629779,135.115300806598));
#6978=CARTESIAN_POINT('',(-20.3595706256163,-20.0165348327169,132.509863949621));
#6979=CARTESIAN_POINT('',(-23.5051876148664,-15.416750753902,140.751315866299));
#6980=CARTESIAN_POINT('',(-20.3595705973858,-18.5623677629779,135.115300806598));
#6981=CARTESIAN_POINT('',(-23.5051876148751,-14.133911375358,143.049785208538));
#6982=CARTESIAN_POINT('',(-23.5051876148664,-15.416750753902,140.751315866299));
#6983=CARTESIAN_POINT('',(-23.5051876148755,-14.1339115612009,143.049785621901));
#6984=CARTESIAN_POINT('Origin',(63.0000006703387,25.9047385698212,109.38634991561));
#6985=CARTESIAN_POINT('',(63.0000071358445,-5.03623605004486,157.246349925999));
#6986=CARTESIAN_POINT('',(63.0000061189729,-20.0165289923189,132.5098559869));
#6987=CARTESIAN_POINT('Origin',(67.3711975104763,-20.0165286642083,134.496210640988));
#6988=CARTESIAN_POINT('',(20.4880922941339,-20.0165321833518,132.509859666898));
#6989=CARTESIAN_POINT('Origin',(20.4880922941338,-18.2969563479197,111.599460592609));
#6990=CARTESIAN_POINT('',(20.4880922941447,-18.5623722480819,135.115283740999));
#6991=CARTESIAN_POINT('Origin',(24.0682710041237,-14.9821935380987,111.035859075879));
#6992=CARTESIAN_POINT('',(23.6337093032162,-15.416755239006,140.751297410099));
#6993=CARTESIAN_POINT('Origin',(23.6337093032143,-13.8856282552768,110.806011642639));
#6994=CARTESIAN_POINT('',(23.6337093032162,-14.1339130091951,143.049771742499));
#6995=CARTESIAN_POINT('Origin',(28.4675989987115,-14.1339131576806,146.090128837101));
#6996=CARTESIAN_POINT('',(-11.2793467446462,-14.1339122313997,113.846354981031));
#6997=CARTESIAN_POINT('',(-11.2793467446452,-14.1339119367495,113.846354981031));
#6998=CARTESIAN_POINT('',(-23.5051876148755,-14.1339115612009,143.049785621901));
#6999=CARTESIAN_POINT('',(-11.2793467446452,-14.1339119367495,113.846354981031));
#7000=CARTESIAN_POINT('Origin',(-23.5051876148664,-15.6650347697056,110.806012499029));
#7001=CARTESIAN_POINT('',(-23.5051876148664,-15.416750753902,140.751315866299));
#7002=CARTESIAN_POINT('Origin',(-23.9397493167719,-14.9821890531518,143.561811915519));
#7003=CARTESIAN_POINT('',(-20.3595705973858,-18.5623677629779,135.115300806598));
#7004=CARTESIAN_POINT('Origin',(-20.3595706307726,-20.2819500703228,111.599460830848));
#7005=CARTESIAN_POINT('Origin',(-32.3286748665488,20.9778649514762,156.889473544794));
#7006=CARTESIAN_POINT('Origin',(30.9628733959235,20.6209845603011,157.246352699298));
#7007=CARTESIAN_POINT('Origin',(-54.1200000000064,-20.016530279036,65.8398671070952));
#7008=CARTESIAN_POINT('',(45.0000000000036,-20.016530279036,34.2537170695978));
#7009=CARTESIAN_POINT('Origin',(15.9604305778216,-21.7519761052539,34.2537170695978));
#7010=CARTESIAN_POINT('',(45.0000000000036,-3.86207201685704,34.2537170695978));
#7011=CARTESIAN_POINT('Origin',(-54.1200020284981,-3.86207201685704,91.021680251738));
#7012=CARTESIAN_POINT('',(-13.2793467446463,-3.86207201685102,92.9381610283981));
#7013=CARTESIAN_POINT('',(-13.2793467446463,-3.862072016855,97.1092173504003));
#7014=CARTESIAN_POINT('',(-13.2793467446463,-3.86207201685102,92.9381610283981));
#7015=CARTESIAN_POINT('',(0.46636523336565,-3.86207201685102,92.9381610284981));
#7016=CARTESIAN_POINT('',(44.999999235315,-3.86207201685704,92.9381610284981));
#7017=CARTESIAN_POINT('',(0.46636523336565,-3.86207201685102,92.9381610284981));
#7018=CARTESIAN_POINT('Origin',(-4.10699826250923,-3.86207201685704,57.0942207265875));
#7019=CARTESIAN_POINT('',(0.46636523336565,-3.86207201685102,85.0564516013983));
#7020=CARTESIAN_POINT('',(0.46636523336565,-3.86207201685102,85.0564516013983));
#7021=CARTESIAN_POINT('',(39.0955134970136,-3.86207201685704,85.0564507997988));
#7022=CARTESIAN_POINT('',(0.46636523336565,-3.86207201685102,59.7453354188983));
#7023=CARTESIAN_POINT('',(18.7094823434745,-3.86207201685704,59.7453333989979));
#7024=CARTESIAN_POINT('',(0.46636523336565,-3.86207201685102,59.7453354188983));
#7025=CARTESIAN_POINT('Origin',(-48.2920653255334,-3.86207201685704,57.0942227330941));
#7026=CARTESIAN_POINT('',(-13.2793467446463,-3.86207201685102,59.7453357747981));
#7027=CARTESIAN_POINT('',(-13.2793467446463,-3.86207201685102,59.7453357747981));
#7028=CARTESIAN_POINT('',(-44.9999998078856,-3.86207201685704,85.056452544799));
#7029=CARTESIAN_POINT('',(-13.2793467446463,-3.86207201685102,85.0564518865976));
#7030=CARTESIAN_POINT('',(-31.3701151693458,-3.86207201685602,85.0564522619989));
#7031=CARTESIAN_POINT('',(-13.2793467446463,-3.86207201685102,85.0564518865976));
#7032=CARTESIAN_POINT('Origin',(-4.10699826250923,-3.86207201685602,84.148279642179));
#7033=CARTESIAN_POINT('',(0.46636523336565,-3.86207201685102,85.0564516013983));
#7034=CARTESIAN_POINT('Origin',(-48.2920661667009,-3.86207201685602,84.1482809724076));
#7035=CARTESIAN_POINT('',(-13.2793467446463,-3.86207201685102,92.9381610283981));
#7036=CARTESIAN_POINT('Origin',(-1.47794647764524,-3.86207201685704,50.2803707088188));
#7037=CARTESIAN_POINT('',(2.46636523337475,-3.86207201685102,51.2499129551979));
#7038=CARTESIAN_POINT('',(16.1862078651448,-3.86207201685386,51.2499129551979));
#7039=CARTESIAN_POINT('',(0.466365233365649,-3.86207201685102,53.2499129551979));
#7040=CARTESIAN_POINT('Origin',(2.46636523336648,-3.86207201685073,53.2499129551987));
#7041=CARTESIAN_POINT('',(0.466365233365649,-3.86207201685102,53.2499129551979));
#7042=CARTESIAN_POINT('Origin',(-54.1200000000043,-3.86207201685704,-6.09453357747981));
#7043=CARTESIAN_POINT('',(-1.27934674464632,-3.86207201685102,37.5042009772005));
#7044=CARTESIAN_POINT('',(-1.27934674464632,-3.86207201685102,37.5042009772005));
#7045=CARTESIAN_POINT('',(-13.2793467446463,-3.86207201685102,49.5042009772005));
#7046=CARTESIAN_POINT('',(-13.2793467446463,-3.86207201685102,59.7453357747981));
#7047=CARTESIAN_POINT('Origin',(-1.279346744646,-3.86207201685148,49.5042009772008));
#7048=CARTESIAN_POINT('Origin',(-13.2793467446463,-10.582072016851,44.6236993398805));
#7049=CARTESIAN_POINT('',(-13.2793467446463,-9.86207201685102,49.5042009772005));
#7050=CARTESIAN_POINT('',(-13.2793467446463,-9.86207201685102,49.5042009772005));
#7051=CARTESIAN_POINT('',(-13.2793467446463,-9.86207201685102,97.1092173503985));
#7052=CARTESIAN_POINT('Origin',(0.466365233363831,-3.14207201685102,48.7439825156777));
#7053=CARTESIAN_POINT('',(0.466365233365649,-9.86207201685102,53.2499129551979));
#7054=CARTESIAN_POINT('',(0.466365233365649,-3.86207201685102,53.2499129551979));
#7055=CARTESIAN_POINT('',(0.466365233365649,-9.86207201685102,53.2499129551979));
#7056=CARTESIAN_POINT('Origin',(2.46636523337474,-6.86207201685118,53.2499129551979));
#7057=CARTESIAN_POINT('',(2.46636523337475,-9.86207201685102,51.2499129551979));
#7058=CARTESIAN_POINT('',(2.46636523337475,-3.86207201685102,51.2499129551979));
#7059=CARTESIAN_POINT('Origin',(2.46636523335635,-9.86207201685071,53.2499129551886));
#7060=CARTESIAN_POINT('Origin',(17.6781921283218,-10.582072016851,51.2499129551979));
#7061=CARTESIAN_POINT('',(16.1862078651357,-9.86207201685102,51.2499129551979));
#7062=CARTESIAN_POINT('Origin',(-3.14590220562543,-10.582072016851,37.5042009771987));
#7063=CARTESIAN_POINT('',(-1.27934674464632,-9.86207201685102,37.5042009772005));
#7064=CARTESIAN_POINT('',(-1.27934674464632,-3.86207201685102,37.5042009772005));
#7065=CARTESIAN_POINT('',(-1.27934674464632,-9.86207201685102,37.5042009772005));
#7066=CARTESIAN_POINT('Origin',(-1.27934674465541,-6.86207201685079,49.5042009771987));
#7067=CARTESIAN_POINT('Origin',(-1.279346744646,-9.86207201685143,49.5042009772008));
#7068=CARTESIAN_POINT('Origin',(-16.3459022056245,-9.86207201685102,31.4236993398807));
#7069=CARTESIAN_POINT('Origin',(75.7200076500261,-7.09892159933516,156.035381799855));
#7070=CARTESIAN_POINT('Origin',(-28.3390773066747,-14.133912526532,116.057174958369));
#7071=CARTESIAN_POINT('',(-11.2793467446463,-14.133912526532,104.971745099898));
#7072=CARTESIAN_POINT('',(-6.87934674464629,-14.133912298862,113.846354790587));
#7073=CARTESIAN_POINT('',(23.6337093032143,-14.133912526525,113.846353469899));
#7074=CARTESIAN_POINT('',(-6.8793467446463,-14.133912526532,104.971745099898));
#7075=CARTESIAN_POINT('Origin',(28.4675989987115,-14.1339131576806,146.090128837101));
#7076=CARTESIAN_POINT('',(-6.87934674464628,-14.1339120719069,113.846354790587));
#7077=CARTESIAN_POINT('Origin',(-6.8793467446463,-14.1339125265318,104.971745099898));
#7078=CARTESIAN_POINT('',(-6.8793467446463,-10.6339125265318,104.971745099898));
#7079=CARTESIAN_POINT('Origin',(-6.8793467446463,-10.6339125265318,104.971745099898));
#7080=CARTESIAN_POINT('',(-11.2793467446463,-10.6339125265318,104.971745099898));
#7081=CARTESIAN_POINT('Origin',(-11.2793467446463,-10.6339125265318,104.971745099898));
#7082=UNCERTAINTY_MEASURE_WITH_UNIT(LENGTH_MEASURE(0.01),#7086,
'DISTANCE_ACCURACY_VALUE',
'Maximum model space distance between geometric entities at asserted c
onnectivities');
#7083=UNCERTAINTY_MEASURE_WITH_UNIT(LENGTH_MEASURE(0.01),#7086,
'DISTANCE_ACCURACY_VALUE',
'Maximum model space distance between geometric entities at asserted c
onnectivities');
#7084=(
GEOMETRIC_REPRESENTATION_CONTEXT(3)
GLOBAL_UNCERTAINTY_ASSIGNED_CONTEXT((#7082))
GLOBAL_UNIT_ASSIGNED_CONTEXT((#7086,#7088,#7089))
REPRESENTATION_CONTEXT('','3D')
);
#7085=(
GEOMETRIC_REPRESENTATION_CONTEXT(3)
GLOBAL_UNCERTAINTY_ASSIGNED_CONTEXT((#7083))
GLOBAL_UNIT_ASSIGNED_CONTEXT((#7086,#7088,#7089))
REPRESENTATION_CONTEXT('','3D')
);
#7086=(
LENGTH_UNIT()
NAMED_UNIT(*)
SI_UNIT(.MILLI.,.METRE.)
);
#7087=(
LENGTH_UNIT()
NAMED_UNIT(*)
SI_UNIT($,.METRE.)
);
#7088=(
NAMED_UNIT(*)
PLANE_ANGLE_UNIT()
SI_UNIT($,.RADIAN.)
);
#7089=(
NAMED_UNIT(*)
SI_UNIT($,.STERADIAN.)
SOLID_ANGLE_UNIT()
);
#7090=SHAPE_DEFINITION_REPRESENTATION(#7091,#7092);
#7091=PRODUCT_DEFINITION_SHAPE('',$,#7094);
#7092=SHAPE_REPRESENTATION('',(#3237),#7084);
#7093=PRODUCT_DEFINITION_CONTEXT('part definition',#7098,'design');
#7094=PRODUCT_DEFINITION('Document',
'OB_T_Connector_Middle_smallhole v0',#7095,#7093);
#7095=PRODUCT_DEFINITION_FORMATION('',$,#7100);
#7096=PRODUCT_RELATED_PRODUCT_CATEGORY(
'OB_T_Connector_Middle_smallhole v0',
'OB_T_Connector_Middle_smallhole v0',(#7100));
#7097=APPLICATION_PROTOCOL_DEFINITION('international standard',
'automotive_design',2009,#7098);
#7098=APPLICATION_CONTEXT(
'Core Data for Automotive Mechanical Design Process');
#7099=PRODUCT_CONTEXT('part definition',#7098,'mechanical');
#7100=PRODUCT('Document','OB_T_Connector_Middle_smallhole v0',$,(#7099));
#7101=PRESENTATION_STYLE_ASSIGNMENT((#7102));
#7102=SURFACE_STYLE_USAGE(.BOTH.,#7103);
#7103=SURFACE_SIDE_STYLE('',(#7104));
#7104=SURFACE_STYLE_FILL_AREA(#7105);
#7105=FILL_AREA_STYLE('Steel - Satin',(#7106));
#7106=FILL_AREA_STYLE_COLOUR('Steel - Satin',#7107);
#7107=COLOUR_RGB('Steel - Satin',0.627450980392157,0.627450980392157,0.627450980392157);
ENDSEC;
END-ISO-10303-21;
