ISO-10303-21;
HEADER;
/* Generated by software containing ST-Developer
 * from STEP Tools, Inc. (www.steptools.com) 
 */

FILE_DESCRIPTION(
/* description */ (''),
/* implementation_level */ '2;1');

FILE_NAME(
/* name */ 'omni_wheel_mount_outside.step',
/* time_stamp */ '2026-01-24T12:44:40+09:00',
/* author */ (''),
/* organization */ (''),
/* preprocessor_version */ 'ST-DEVELOPER v20.1',
/* originating_system */ 'Autodesk Translation Framework v14.24.0.0',
/* authorisation */ '');

FILE_SCHEMA (('AUTOMOTIVE_DESIGN { 1 0 10303 214 3 1 1 }'));
ENDSEC;

DATA;
#10=MECHANICAL_DESIGN_GEOMETRIC_PRESENTATION_REPRESENTATION('',(#13),#5058);
#11=SHAPE_REPRESENTATION_RELATIONSHIP('SRR','None',#5065,#12);
#12=ADVANCED_BREP_SHAPE_REPRESENTATION('',(#14),#5057);
#13=STYLED_ITEM('',(#5074),#14);
#14=MANIFOLD_SOLID_BREP('MeshBody1',#2090);
#15=B_SPLINE_SURFACE_WITH_KNOTS('',3,3,((#5013,#5014,#5015,#5016),(#5017,
#5018,#5019,#5020),(#5021,#5022,#5023,#5024),(#5025,#5026,#5027,#5028)),
 .UNSPECIFIED.,.F.,.F.,.F.,(4,4),(4,4),(0.,1.),(0.,1.),.UNSPECIFIED.);
#16=B_SPLINE_SURFACE_WITH_KNOTS('',3,3,((#5030,#5031,#5032,#5033),(#5034,
#5035,#5036,#5037),(#5038,#5039,#5040,#5041),(#5042,#5043,#5044,#5045),
(#5046,#5047,#5048,#5049)),.UNSPECIFIED.,.F.,.F.,.F.,(4,1,4),(4,4),(0.,
0.571428571428571,1.),(0.,1.),.UNSPECIFIED.);
#17=CONICAL_SURFACE('',#2146,23.4839163248992,0.365206222541138);
#18=CONICAL_SURFACE('',#2218,27.9033916340056,0.0168842244915069);
#19=CONICAL_SURFACE('',#2221,27.9209136088891,0.0174964384728426);
#20=CONICAL_SURFACE('',#2222,27.8975374510041,0.0174366162222322);
#21=CONICAL_SURFACE('',#2223,27.9423192839541,0.0174253394679644);
#22=CONICAL_SURFACE('',#2248,14.3011703113476,0.0494224163058112);
#23=TOROIDAL_SURFACE('',#2118,19.1997137168608,0.299999818797111);
#24=TOROIDAL_SURFACE('',#2123,0.700092699676865,0.300025870519402);
#25=TOROIDAL_SURFACE('',#2126,27.589738881128,0.300000021775923);
#26=TOROIDAL_SURFACE('',#2130,0.700092194397109,0.300018031513365);
#27=TOROIDAL_SURFACE('',#2132,0.700110371603276,0.300020889116361);
#28=TOROIDAL_SURFACE('',#2135,27.5897794483286,0.300000561853491);
#29=TOROIDAL_SURFACE('',#2138,1.30000037581671,0.299994616820015);
#30=TOROIDAL_SURFACE('',#2142,0.700103230532439,0.30002657711718);
#31=TOROIDAL_SURFACE('',#2144,19.2000892606862,0.29999588841372);
#32=TOROIDAL_SURFACE('',#2147,1.30000143148812,0.300003146220751);
#33=TOROIDAL_SURFACE('',#2151,1.30001804432171,0.299995910286812);
#34=TOROIDAL_SURFACE('',#2156,19.1994154621315,0.299997015820795);
#35=TOROIDAL_SURFACE('',#2160,0.700245131253731,0.300014414913589);
#36=TOROIDAL_SURFACE('',#2163,0.706022767973177,0.300002178680699);
#37=TOROIDAL_SURFACE('',#2165,1.30002863405199,0.30000834598679);
#38=TOROIDAL_SURFACE('',#2168,0.700104608405438,0.300013750691492);
#39=TOROIDAL_SURFACE('',#2171,19.1995869383471,0.299999655704649);
#40=TOROIDAL_SURFACE('',#2176,0.700118091857716,0.300016451801643);
#41=TOROIDAL_SURFACE('',#2179,27.6347069675937,0.300001396719179);
#42=TOROIDAL_SURFACE('',#2183,0.700099289119936,0.300023381994987);
#43=TOROIDAL_SURFACE('',#2186,0.700086673676434,0.300033302621078);
#44=TOROIDAL_SURFACE('',#2188,27.634721403531,0.299999291304818);
#45=TOROIDAL_SURFACE('',#2192,0.700141022801861,0.300009888297631);
#46=TOROIDAL_SURFACE('',#2194,1.30000013668901,0.29999444258105);
#47=TOROIDAL_SURFACE('',#2198,19.2000989050009,0.300004485297788);
#48=TOROIDAL_SURFACE('',#2200,1.30001781435201,0.299995735607296);
#49=TOROIDAL_SURFACE('',#2204,1.30000119338864,0.300002971820261);
#50=TOROIDAL_SURFACE('',#2207,19.2002215744956,0.299996838986269);
#51=TOROIDAL_SURFACE('',#2210,1.30002839524516,0.300008172476172);
#52=TOROIDAL_SURFACE('',#2212,0.700118159888203,0.30002119358398);
#53=TOROIDAL_SURFACE('',#2215,0.700098416277014,0.300029996833508);
#54=TOROIDAL_SURFACE('',#2226,27.634735873465,0.299998577730575);
#55=TOROIDAL_SURFACE('',#2227,1.30000833319192,0.300007720033117);
#56=TOROIDAL_SURFACE('',#2230,1.30000963836199,0.30000068069537);
#57=TOROIDAL_SURFACE('',#2233,27.5897670852956,0.300004727901826);
#58=TOROIDAL_SURFACE('',#2234,1.30000857058395,0.300007894152865);
#59=TOROIDAL_SURFACE('',#2237,1.3000098584003,0.300000854805558);
#60=TOROIDAL_SURFACE('',#2241,14.5501979385676,0.249999963194088);
#61=TOROIDAL_SURFACE('',#2246,13.9970977121345,0.299998463196885);
#62=B_SPLINE_CURVE_WITH_KNOTS('',3,(#3046,#3047,#3048,#3049,#3050,#3051),
 .UNSPECIFIED.,.F.,.F.,(4,2,4),(3.21126264844007,3.51607902235919,3.61451014790288),
 .UNSPECIFIED.);
#63=B_SPLINE_CURVE_WITH_KNOTS('',3,(#3055,#3056,#3057,#3058,#3059,#3060,
#3061),.UNSPECIFIED.,.F.,.F.,(4,1,1,1,4),(0.,0.401833092293168,0.602782661895467,
0.803252395813125,1.20447446649577),.UNSPECIFIED.);
#64=B_SPLINE_CURVE_WITH_KNOTS('',3,(#3064,#3065,#3066,#3067,#3068,#3069,
#3070,#3071,#3072,#3073,#3074,#3075,#3076,#3077,#3078,#3079,#3080,#3081,
#3082,#3083,#3084,#3085,#3086,#3087,#3088,#3089,#3090,#3091,#3092,#3093,
#3094,#3095,#3096,#3097,#3098,#3099,#3100),.UNSPECIFIED.,.F.,.F.,(4,3,3,
3,3,3,3,3,3,3,3,3,4),(9.93065889904426E-6,0.133023593919138,0.266027134460437,
0.400716174857913,0.533731845463927,0.669257570757135,0.804783296050344,
0.937851350579023,1.07091065551374,1.20557310066188,1.3386449864258,1.47410271126604,
1.60956043610627),.UNSPECIFIED.);
#65=B_SPLINE_CURVE_WITH_KNOTS('',3,(#3106,#3107,#3108,#3109,#3110,#3111,
#3112),.UNSPECIFIED.,.F.,.F.,(4,1,1,1,4),(0.616445468445455,0.8170608073307,
1.01754009026069,1.21844311386369,1.62030786214519),.UNSPECIFIED.);
#66=B_SPLINE_CURVE_WITH_KNOTS('',3,(#3114,#3115,#3116,#3117,#3118),
 .UNSPECIFIED.,.F.,.F.,(4,1,4),(1.51421802979686E-5,0.408900923693616,0.616445468445455),
 .UNSPECIFIED.);
#67=B_SPLINE_CURVE_WITH_KNOTS('',3,(#3121,#3122,#3123,#3124,#3125,#3126,
#3127,#3128,#3129,#3130,#3131,#3132,#3133,#3134,#3135,#3136,#3137,#3138,
#3139,#3140,#3141,#3142,#3143,#3144,#3145,#3146,#3147,#3148,#3149,#3150,
#3151,#3152,#3153,#3154,#3155,#3156,#3157),.UNSPECIFIED.,.F.,.F.,(4,3,3,
3,3,3,3,3,3,3,3,3,4),(8.31362569054341E-7,0.133039481672393,0.266069028853055,
0.400774848654078,0.533822923271508,0.669357615664327,0.804892308057147,
0.937894168786346,1.07088477270685,1.20560973355871,1.33860792660673,1.47419627136051,
1.60978461611429),.UNSPECIFIED.);
#68=B_SPLINE_CURVE_WITH_KNOTS('',3,(#3172,#3173,#3174,#3175,#3176,#3177,
#3178,#3179,#3180,#3181,#3182,#3183,#3184,#3185,#3186,#3187,#3188,#3189,
#3190,#3191,#3192,#3193,#3194,#3195,#3196),.UNSPECIFIED.,.F.,.F.,(4,3,3,
3,3,3,3,3,4),(0.,0.0635321300086657,0.127064306122234,0.190600724584761,
0.214863664522528,0.278408061342573,0.341948489687701,0.405487262426751,
0.429727197063386),.UNSPECIFIED.);
#69=B_SPLINE_CURVE_WITH_KNOTS('',3,(#3207,#3208,#3209,#3210,#3211,#3212,
#3213,#3214,#3215),.UNSPECIFIED.,.F.,.F.,(4,1,1,1,1,1,4),(0.,0.281315155136929,
0.42198425896935,0.562321235832788,0.702330256896719,0.842701689506553,
1.12481202663408),.UNSPECIFIED.);
#70=B_SPLINE_CURVE_WITH_KNOTS('',3,(#3218,#3219,#3220,#3221,#3222,#3223,
#3224,#3225,#3226,#3227,#3228,#3229,#3230,#3231,#3232,#3233,#3234,#3235,
#3236,#3237,#3238,#3239,#3240,#3241,#3242,#3243,#3244,#3245,#3246,#3247,
#3248,#3249,#3250,#3251,#3252,#3253,#3254),.UNSPECIFIED.,.F.,.F.,(4,3,3,
3,3,3,3,3,3,3,3,3,4),(9.12466076055703E-6,0.133005650583603,0.265993019775243,
0.400720781128751,0.533721565270397,0.669312815229838,0.804904065189278,
0.93796136237794,1.07100280049826,1.2057028758568,1.33874485616746,1.47427397904994,
1.60980310193243),.UNSPECIFIED.);
#71=B_SPLINE_CURVE_WITH_KNOTS('',3,(#3261,#3262,#3263,#3264,#3265,#3266,
#3267,#3268,#3269,#3270,#3271,#3272,#3273,#3274,#3275,#3276,#3277,#3278,
#3279,#3280,#3281,#3282,#3283,#3284,#3285,#3286),.UNSPECIFIED.,.F.,.F.,
(4,1,1,1,1,1,1,1,1,1,1,1,1,1,1,1,1,1,1,1,1,1,1,4),(1.42487950573616E-5,
3.2960833152007,4.94412053419453,6.59216798638326,8.24020777994632,9.88825205962327,
11.5362935028101,13.1843136409077,14.8323761805273,16.4804175634594,18.1284282847193,
19.7764807157727,21.424521487257,23.0725739183104,24.7206149395729,26.368656322505,
28.0166892118311,29.6647385161558,31.3127656704363,32.9608099501133,34.6088497436763,
36.2568971958651,37.9049298639499,41.2010153193328),.UNSPECIFIED.);
#72=B_SPLINE_CURVE_WITH_KNOTS('',3,(#3290,#3291,#3292,#3293,#3294,#3295,
#3296,#3297,#3298,#3299,#3300,#3301,#3302,#3303,#3304,#3305,#3306,#3307,
#3308,#3309,#3310,#3311,#3312,#3313,#3314,#3315,#3316,#3317,#3318,#3319,
#3320,#3321,#3322,#3323,#3324,#3325,#3326),.UNSPECIFIED.,.F.,.F.,(4,3,3,
3,3,3,3,3,3,3,3,3,4),(1.86239350147196E-15,0.13302293623415,0.266036304727678,
0.400637549660183,0.533669219970725,0.669055252214212,0.804441284457699,
0.937460083089305,1.0704680977982,1.20507170540756,1.33808746043054,1.4734849943331,
1.60888252823566),.UNSPECIFIED.);
#73=B_SPLINE_CURVE_WITH_KNOTS('',3,(#3329,#3330,#3331,#3332,#3333,#3334,
#3335,#3336,#3337),.UNSPECIFIED.,.F.,.F.,(4,1,1,1,1,1,4),(0.,0.281152673506065,
0.421702743750505,0.561973358208023,0.701919997390111,0.842178816332743,
1.12414001525922),.UNSPECIFIED.);
#74=B_SPLINE_CURVE_WITH_KNOTS('',3,(#3343,#3344,#3345,#3346,#3347,#3348,
#3349,#3350,#3351),.UNSPECIFIED.,.F.,.F.,(4,1,1,1,1,1,4),(4.01849339175438E-6,
0.281151105681328,0.421723726623254,0.561982545565886,0.701923834985742,
0.842192932316099,1.12415472116438),.UNSPECIFIED.);
#75=B_SPLINE_CURVE_WITH_KNOTS('',3,(#3354,#3355,#3356,#3357,#3358,#3359,
#3360,#3361,#3362,#3363,#3364,#3365,#3366,#3367,#3368,#3369,#3370,#3371,
#3372,#3373,#3374,#3375,#3376,#3377,#3378,#3379,#3380,#3381,#3382,#3383,
#3384,#3385,#3386,#3387,#3388,#3389,#3390),.UNSPECIFIED.,.F.,.F.,(4,3,3,
3,3,3,3,3,3,3,3,3,4),(6.07717563132957E-6,0.133028422083324,0.266041175482387,
0.400637783799501,0.533668737999989,0.669048173375416,0.804427608750843,
0.937445814838038,1.07045327380886,1.20505375973206,1.33806905235539,1.47346213492854,
1.60885521750169),.UNSPECIFIED.);
#76=B_SPLINE_CURVE_WITH_KNOTS('',3,(#3397,#3398,#3399,#3400,#3401,#3402,
#3403,#3404,#3405,#3406,#3407,#3408,#3409,#3410,#3411,#3412,#3413,#3414,
#3415,#3416,#3417,#3418,#3419,#3420,#3421,#3422,#3423,#3424,#3425,#3426,
#3427,#3428,#3429,#3430,#3431,#3432,#3433,#3434,#3435,#3436,#3437,#3438,
#3439,#3440,#3441,#3442,#3443,#3444,#3445,#3446,#3447,#3448,#3449,#3450,
#3451,#3452,#3453,#3454,#3455,#3456,#3457,#3458,#3459,#3460,#3461,#3462,
#3463,#3464,#3465,#3466,#3467,#3468,#3469),.UNSPECIFIED.,.F.,.F.,(4,3,3,
3,3,3,3,3,3,3,3,3,3,3,3,3,3,3,3,3,3,3,3,3,4),(0.,0.0578728931516063,0.115740369486754,
0.173603772712837,0.231461371073448,0.289315000207979,0.343536601542589,
0.401274647323191,0.459008643026351,0.516741343170089,0.574469931941158,
0.632197929584092,0.687073203085178,0.74476772010654,0.802460753194677,
0.860156677955204,0.917850828975091,0.975548409473138,1.03060980462777,
1.08835260213713,1.14609703642975,1.20384898270533,1.26160162099818,1.31936151129913,
1.37414640617035),.UNSPECIFIED.);
#77=B_SPLINE_CURVE_WITH_KNOTS('',2,(#3472,#3473,#3474),.UNSPECIFIED.,.F.,
 .F.,(3,3),(1.20787083560042E-6,3.33191002211723),.UNSPECIFIED.);
#78=B_SPLINE_CURVE_WITH_KNOTS('',3,(#3483,#3484,#3485,#3486,#3487,#3488,
#3489,#3490,#3491,#3492,#3493,#3494,#3495,#3496,#3497,#3498,#3499,#3500,
#3501,#3502,#3503,#3504,#3505,#3506,#3507,#3508,#3509,#3510,#3511,#3512,
#3513,#3514,#3515,#3516,#3517,#3518,#3519),.UNSPECIFIED.,.F.,.F.,(4,3,3,
3,3,3,3,3,3,3,3,3,4),(2.70207116641271E-6,0.124528066444177,0.249054299344217,
0.377195938137237,0.501754676411823,0.631687765464061,0.761620854516299,
0.886205207666954,1.01077817694597,1.13889260451646,1.2634672620524,1.39335157464017,
1.52323588722795),.UNSPECIFIED.);
#79=B_SPLINE_CURVE_WITH_KNOTS('',3,(#3524,#3525,#3526,#3527,#3528,#3529,
#3530,#3531,#3532),.UNSPECIFIED.,.F.,.F.,(4,1,1,1,1,1,4),(0.,0.281297946132552,
0.421959674354269,0.562306976968253,0.702325469982472,0.842663047432545,
1.12481384294255),.UNSPECIFIED.);
#80=B_SPLINE_CURVE_WITH_KNOTS('',3,(#3536,#3537,#3538,#3539,#3540,#3541,
#3542,#3543,#3544,#3545,#3546,#3547,#3548,#3549,#3550,#3551,#3552,#3553,
#3554,#3555,#3556,#3557,#3558,#3559,#3560,#3561,#3562,#3563,#3564,#3565,
#3566,#3567,#3568,#3569,#3570,#3571,#3572,#3573,#3574,#3575,#3576,#3577,
#3578,#3579,#3580,#3581,#3582,#3583,#3584),.UNSPECIFIED.,.F.,.F.,(4,3,3,
3,3,3,3,3,3,3,3,3,3,3,3,3,4),(7.99995716213122E-6,0.011257895106995,0.0258634617850244,
0.0414199716816918,0.0538934369847649,0.0655251153767986,0.0767178263854295,
0.0878651418424794,0.0992144566199164,0.103067366784801,0.116791355145963,
0.130953453092371,0.145441586016345,0.160043681564376,0.174506525407395,
0.188487299780902,0.197057732406842),.UNSPECIFIED.);
#81=B_SPLINE_CURVE_WITH_KNOTS('',3,(#3591,#3592,#3593,#3594,#3595,#3596,
#3597,#3598,#3599,#3600,#3601,#3602,#3603,#3604,#3605,#3606,#3607,#3608,
#3609,#3610,#3611,#3612,#3613,#3614,#3615),.UNSPECIFIED.,.F.,.F.,(4,3,3,
3,3,3,3,3,4),(0.,0.0635252948699798,0.127051870864073,0.190584501793298,
0.214858938501704,0.278396341802377,0.341926266818735,0.405449427869627,
0.429717821454689),.UNSPECIFIED.);
#82=B_SPLINE_CURVE_WITH_KNOTS('',3,(#3616,#3617,#3618,#3619,#3620,#3621,
#3622,#3623,#3624,#3625,#3626,#3627,#3628,#3629,#3630,#3631,#3632,#3633,
#3634,#3635,#3636,#3637,#3638,#3639,#3640,#3641,#3642,#3643,#3644,#3645,
#3646,#3647,#3648,#3649,#3650,#3651,#3652,#3653,#3654,#3655,#3656,#3657,
#3658,#3659,#3660,#3661,#3662,#3663,#3664,#3665,#3666,#3667,#3668,#3669,
#3670,#3671,#3672,#3673,#3674,#3675,#3676),.UNSPECIFIED.,.F.,.F.,(4,3,3,
3,3,3,3,3,3,3,3,3,3,3,3,3,3,3,3,3,4),(0.197057732406842,0.211342774160185,
0.22523343135745,0.238923148159438,0.252646102337634,0.266689438962613,
0.277050814977255,0.292362816781373,0.308109227547281,0.324292810902208,
0.340555256946314,0.356601709601888,0.371948601928159,0.385551148572419,
0.399125537541957,0.412956712630442,0.427357570792004,0.442993738065302,
0.468042506213114,0.482501744399198,0.493091274360927),.UNSPECIFIED.);
#83=B_SPLINE_CURVE_WITH_KNOTS('',3,(#3682,#3683,#3684,#3685,#3686,#3687,
#3688),.UNSPECIFIED.,.F.,.F.,(4,1,1,1,4),(9.18176642657468E-7,2.79112950884705,
4.18668588715069,5.58224869968089,8.37335603673239),.UNSPECIFIED.);
#84=B_SPLINE_CURVE_WITH_KNOTS('',3,(#3715,#3716,#3717,#3718,#3719,#3720,
#3721,#3722,#3723,#3724,#3725,#3726,#3727,#3728,#3729,#3730,#3731,#3732,
#3733,#3734,#3735,#3736,#3737,#3738,#3739,#3740,#3741,#3742,#3743,#3744,
#3745,#3746,#3747,#3748,#3749,#3750,#3751,#3752,#3753,#3754,#3755,#3756,
#3757,#3758,#3759,#3760,#3761,#3762,#3763,#3764,#3765,#3766,#3767,#3768,
#3769,#3770,#3771,#3772,#3773,#3774,#3775,#3776,#3777,#3778,#3779,#3780,
#3781,#3782,#3783,#3784,#3785,#3786,#3787,#3788,#3789,#3790,#3791,#3792,
#3793,#3794,#3795,#3796,#3797,#3798,#3799,#3800,#3801,#3802,#3803,#3804,
#3805),.UNSPECIFIED.,.F.,.F.,(4,3,3,3,3,3,3,3,3,3,3,3,3,3,3,3,3,3,3,3,3,
3,3,3,3,3,3,3,3,3,4),(0.,0.0477452707498153,0.103091433017025,0.148512619907514,
0.19125297096694,0.232530342055582,0.269129919818654,0.319268407184206,
0.371407917531638,0.431501403774576,0.492103315712117,0.547192169374299,
0.596787750925997,0.651227375485583,0.703072182558142,0.747262943159768,
0.817797548362498,0.893117489037779,0.952970999844091,1.02862058945478,
1.10509016351393,1.15585254469859,1.21405650471568,1.27122604647911,1.32443803413917,
1.35606429373592,1.39445028409107,1.43408235317753,1.4762342923622,1.52921892433371,
1.54840467726829),.UNSPECIFIED.);
#85=B_SPLINE_CURVE_WITH_KNOTS('',3,(#3814,#3815,#3816,#3817,#3818,#3819,
#3820,#3821,#3822,#3823,#3824,#3825,#3826,#3827,#3828,#3829,#3830,#3831,
#3832),.UNSPECIFIED.,.F.,.F.,(4,3,3,3,3,3,4),(9.03671253209133E-8,0.147320862831801,
0.29659014828098,0.399302800903252,0.541442888432562,0.682259623780713,
0.798605601806504),.UNSPECIFIED.);
#86=B_SPLINE_CURVE_WITH_KNOTS('',3,(#3840,#3841,#3842,#3843,#3844,#3845,
#3846,#3847,#3848),.UNSPECIFIED.,.F.,.F.,(4,1,1,1,1,1,4),(0.,0.281122112569751,
0.421705783920983,0.561964480023032,0.701891103340665,0.84216539269684,
1.12412717542638),.UNSPECIFIED.);
#87=B_SPLINE_CURVE_WITH_KNOTS('',3,(#3852,#3853,#3854,#3855,#3856,#3857,
#3858,#3859,#3860,#3861,#3862,#3863,#3864,#3865,#3866,#3867,#3868,#3869,
#3870,#3871,#3872,#3873,#3874,#3875,#3876,#3877,#3878,#3879,#3880,#3881,
#3882,#3883,#3884,#3885,#3886,#3887,#3888),.UNSPECIFIED.,.F.,.F.,(4,3,3,
3,3,3,3,3,3,3,3,3,4),(1.05498015131238E-5,0.133033245450411,0.266046357605143,
0.400644765856806,0.533676130654491,0.669058060633143,0.804439990611795,
0.937458575831014,1.07046639713859,1.20506979315984,1.33808540279378,1.47348269200868,
1.60887998122359),.UNSPECIFIED.);
#88=B_SPLINE_CURVE_WITH_KNOTS('',3,(#3899,#3900,#3901,#3902,#3903,#3904),
 .UNSPECIFIED.,.F.,.F.,(4,2,4),(12.5432201127714,15.000945593743,20.8203094559871),
 .UNSPECIFIED.);
#89=B_SPLINE_CURVE_WITH_KNOTS('',3,(#3909,#3910,#3911,#3912,#3913,#3914,
#3915,#3916,#3917,#3918,#3919,#3920,#3921,#3922,#3923,#3924,#3925,#3926,
#3927,#3928,#3929,#3930,#3931,#3932,#3933,#3934,#3935,#3936,#3937,#3938,
#3939,#3940,#3941,#3942,#3943,#3944,#3945),.UNSPECIFIED.,.F.,.F.,(4,3,3,
3,3,3,3,3,3,3,3,3,4),(2.5395839672107E-6,0.133041816334132,0.266072039633068,
0.400770009595209,0.533818941879884,0.669341430680757,0.804863919481631,
0.937864347903135,1.07085343694837,1.20556876104447,1.33856527318423,1.47414000325851,
1.60971473333279),.UNSPECIFIED.);
#90=B_SPLINE_CURVE_WITH_KNOTS('',3,(#3949,#3950,#3951,#3952,#3953,#3954,
#3955,#3956,#3957),.UNSPECIFIED.,.F.,.F.,(4,1,1,1,1,1,4),(0.,0.282129274585359,
0.422471753688546,0.562478926350376,0.702814649771273,0.84345869630464,
1.12476675480272),.UNSPECIFIED.);
#91=B_SPLINE_CURVE_WITH_KNOTS('',3,(#3963,#3964,#3965,#3966,#3967,#3968,
#3969,#3970,#3971,#3972,#3973,#3974,#3975,#3976,#3977,#3978,#3979,#3980,
#3981,#3982,#3983,#3984,#3985,#3986,#3987,#3988),.UNSPECIFIED.,.F.,.F.,
(4,1,1,1,1,1,1,1,1,1,1,1,1,1,1,1,1,1,1,1,1,1,1,4),(1.55184817894792E-5,
3.30175705034276,4.95262624888742,6.60348404328758,8.25435041492056,9.90522060917332,
11.5560694804736,13.206945855155,14.8578061935634,16.508678118598,18.1595503919889,
19.8104145417483,21.4612934479983,23.1121594202189,24.7630316936098,26.4138981777891,
28.0647657403247,29.7156421150061,31.3664909863064,33.0173611805592,34.6682275521921,
36.3190853465923,37.969954545137,41.2716748257821),.UNSPECIFIED.);
#92=B_SPLINE_CURVE_WITH_KNOTS('',3,(#3997,#3998,#3999,#4000,#4001,#4002,
#4003,#4004,#4005),.UNSPECIFIED.,.F.,.F.,(4,1,1,1,1,1,4),(0.,0.281946719403096,
0.422215816733453,0.562144091509863,0.702390709699219,0.842973467669005,
1.1240956420592),.UNSPECIFIED.);
#93=B_SPLINE_CURVE_WITH_KNOTS('',3,(#4008,#4009,#4010,#4011,#4012,#4013,
#4014,#4015,#4016,#4017,#4018,#4019,#4020,#4021,#4022,#4023,#4024,#4025,
#4026,#4027,#4028,#4029,#4030,#4031,#4032,#4033,#4034,#4035,#4036,#4037,
#4038,#4039,#4040,#4041,#4042,#4043,#4044),.UNSPECIFIED.,.F.,.F.,(4,3,3,
3,3,3,3,3,3,3,3,3,4),(0.,0.133011711368077,0.266014846052834,0.400610471533685,
0.533627461027129,0.669012404501684,0.804397347976238,0.937438416768723,
1.07046299711892,1.20504433090039,1.33806894277506,1.47342863750992,1.60878833224479),
 .UNSPECIFIED.);
#94=B_SPLINE_CURVE_WITH_KNOTS('',3,(#4047,#4048,#4049,#4050,#4051,#4052,
#4053,#4054,#4055),.UNSPECIFIED.,.F.,.F.,(4,1,1,1,1,1,4),(6.20878980538044E-7,
0.281961198926475,0.422249320574561,0.562165547158013,0.702405865760747,
0.842984899755817,1.12411878230381),.UNSPECIFIED.);
#95=B_SPLINE_CURVE_WITH_KNOTS('',3,(#4058,#4059,#4060,#4061,#4062,#4063,
#4064,#4065,#4066,#4067,#4068,#4069,#4070,#4071,#4072,#4073,#4074,#4075,
#4076,#4077,#4078,#4079,#4080,#4081,#4082,#4083,#4084,#4085,#4086,#4087,
#4088,#4089,#4090,#4091,#4092,#4093,#4094),.UNSPECIFIED.,.F.,.F.,(4,3,3,
3,3,3,3,3,3,3,3,3,4),(1.47800430617371E-5,0.133027100623577,0.26603080739827,
0.400625257142122,0.53364270120364,0.669025653788659,0.804408606373678,
0.937449311687957,1.07047360494184,1.20505950689322,1.33808398519115,1.47345059896925,
1.60881721274736),.UNSPECIFIED.);
#96=B_SPLINE_CURVE_WITH_KNOTS('',3,(#4102,#4103,#4104,#4105,#4106,#4107,
#4108,#4109,#4110),.UNSPECIFIED.,.F.,.F.,(4,1,1,1,1,1,4),(0.,0.282114312960158,
0.42245189041023,0.56247038342445,0.702809974977788,0.84344968331038,1.12475311685581),
 .UNSPECIFIED.);
#97=B_SPLINE_CURVE_WITH_KNOTS('',3,(#4115,#4116,#4117,#4118,#4119,#4120,
#4121,#4122,#4123,#4124,#4125,#4126,#4127),.UNSPECIFIED.,.F.,.F.,(4,2,2,
2,3,4),(-1.89395858175617,-1.52352472125098,-1.01568282310681,-0.507841227483858,
0.,0.0924036383588815),.UNSPECIFIED.);
#98=B_SPLINE_CURVE_WITH_KNOTS('',3,(#4134,#4135,#4136,#4137,#4138,#4139),
 .UNSPECIFIED.,.F.,.F.,(4,2,4),(20.9998107827954,22.5009042572359,29.2758242312864),
 .UNSPECIFIED.);
#99=B_SPLINE_CURVE_WITH_KNOTS('',3,(#4149,#4150,#4151,#4152,#4153,#4154,
#4155,#4156,#4157,#4158,#4159,#4160),.UNSPECIFIED.,.F.,.F.,(4,2,2,2,2,4),
(-5.87199600685846,-5.58626685361108,-5.0784258803709,-4.57058454308367,
-4.06274274050295,-3.88398790942007),.UNSPECIFIED.);
#100=B_SPLINE_CURVE_WITH_KNOTS('',3,(#4163,#4164,#4165,#4166,#4167,#4168,
#4169,#4170,#4171,#4172,#4173,#4174,#4175),.UNSPECIFIED.,.F.,.F.,(4,3,2,
2,2,4),(-0.481654970333667,0.,0.287533137676352,0.575066091014379,1.08290359599669,
1.50541161165598),.UNSPECIFIED.);
#101=B_SPLINE_CURVE_WITH_KNOTS('',3,(#4183,#4184,#4185,#4186,#4187,#4188),
 .UNSPECIFIED.,.F.,.F.,(4,2,4),(15.4046660053953,22.5008101353881,23.6802056317637),
 .UNSPECIFIED.);
#102=B_SPLINE_CURVE_WITH_KNOTS('',3,(#4192,#4193,#4194,#4195,#4196,#4197,
#4198,#4199,#4200,#4201,#4202,#4203),.UNSPECIFIED.,.F.,.F.,(4,2,2,2,2,4),
(-5.26391504504885,-5.07833232803372,-4.5705027225198,-4.06267168905242,
-3.55483916252797,-3.27753127125722),.UNSPECIFIED.);
#103=B_SPLINE_CURVE_WITH_KNOTS('',3,(#4208,#4209,#4210,#4211,#4212,#4213,
#4214,#4215,#4216),.UNSPECIFIED.,.F.,.F.,(4,1,1,1,1,1,4),(0.,0.282132581969423,
0.422474638851994,0.562495582895057,0.702830857529371,0.84346963877251,
1.12477429013028),.UNSPECIFIED.);
#104=B_SPLINE_CURVE_WITH_KNOTS('',3,(#4223,#4224,#4225,#4226,#4227,#4228,
#4229,#4230,#4231,#4232,#4233,#4234,#4235,#4236,#4237,#4238,#4239,#4240,
#4241,#4242,#4243,#4244,#4245,#4246,#4247,#4248,#4249,#4250,#4251,#4252,
#4253,#4254,#4255,#4256,#4257,#4258,#4259),.UNSPECIFIED.,.F.,.F.,(4,3,3,
3,3,3,3,3,3,3,3,3,4),(0.,0.133011204747986,0.266013800456294,0.400609269071239,
0.533625663644029,0.669010669280051,0.804395674916073,0.937436907426983,
1.07046170846327,1.20504367429026,1.33806860315354,1.47342908746238,1.60878957177123),
 .UNSPECIFIED.);
#105=B_SPLINE_CURVE_WITH_KNOTS('',3,(#4262,#4263,#4264,#4265,#4266,#4267,
#4268,#4269,#4270),.UNSPECIFIED.,.F.,.F.,(4,1,1,1,1,1,4),(0.,0.281961782729545,
0.422214954214123,0.562166650983668,0.702409244077778,0.84299291542901,
1.12411502799876),.UNSPECIFIED.);
#106=B_SPLINE_CURVE_WITH_KNOTS('',3,(#4276,#4277,#4278,#4279,#4280,#4281,
#4282,#4283,#4284,#4285,#4286,#4287,#4288,#4289,#4290,#4291,#4292,#4293,
#4294,#4295,#4296,#4297,#4298,#4299,#4300,#4301,#4302,#4303,#4304,#4305,
#4306,#4307,#4308,#4309,#4310,#4311,#4312,#4313,#4314,#4315,#4316,#4317,
#4318,#4319,#4320,#4321,#4322,#4323,#4324,#4325,#4326,#4327,#4328,#4329,
#4330,#4331,#4332,#4333,#4334,#4335,#4336,#4337,#4338,#4339,#4340,#4341,
#4342,#4343,#4344,#4345,#4346,#4347,#4348,#4349,#4350,#4351,#4352,#4353,
#4354,#4355,#4356,#4357,#4358,#4359,#4360,#4361,#4362,#4363,#4364,#4365,
#4366,#4367,#4368,#4369,#4370,#4371,#4372,#4373,#4374,#4375,#4376,#4377,
#4378,#4379,#4380,#4381,#4382,#4383,#4384,#4385,#4386,#4387,#4388,#4389,
#4390,#4391,#4392,#4393,#4394,#4395,#4396,#4397,#4398,#4399,#4400,#4401,
#4402,#4403,#4404,#4405,#4406,#4407,#4408,#4409,#4410,#4411,#4412,#4413,
#4414,#4415,#4416,#4417,#4418,#4419,#4420,#4421,#4422,#4423,#4424,#4425,
#4426,#4427,#4428,#4429,#4430,#4431,#4432,#4433,#4434,#4435,#4436,#4437,
#4438,#4439,#4440,#4441,#4442,#4443,#4444,#4445,#4446,#4447,#4448,#4449,
#4450,#4451,#4452,#4453,#4454,#4455,#4456,#4457,#4458,#4459),
 .UNSPECIFIED.,.F.,.F.,(4,3,3,3,3,3,3,3,3,3,3,3,3,3,3,3,3,3,3,3,3,3,3,3,
3,3,3,3,3,3,3,3,3,3,3,3,3,3,3,3,3,3,3,3,3,3,3,3,3,3,3,3,3,3,3,3,3,3,3,3,
3,4),(5.8935989514318E-8,0.00780420596054362,0.0158749829008975,0.0240014019426045,
0.031971404090454,0.0394811079787828,0.0460518221082797,0.0518479122334342,
0.0576047696468042,0.0636180984990668,0.0690777331624196,0.0759715401247349,
0.0833064868808929,0.0913347865180743,0.0921036442165594,0.102928054045525,
0.114582112110782,0.12636878921781,0.138155466324839,0.148143845060333,
0.157263837898301,0.161181377378979,0.171822825975116,0.181272240857565,
0.184207288433119,0.194733994866313,0.204983221489144,0.215192330851418,
0.225505304844467,0.230259110541399,0.242165503581934,0.254241103198286,
0.266421278249437,0.276310932649678,0.293435161313313,0.310411620688731,
0.322362754757958,0.368414576866238,0.410424832284395,0.452495042121467,
0.460518221082797,0.506570043191077,0.552621865299357,0.618257632623439,
0.644725509515916,0.701290862484791,0.736829153732475,0.794902539149752,
0.852974172284838,0.911045013709206,0.921036442165594,0.97873932589833,
1.03643966436897,1.09413952801248,1.10524373059871,1.16312871701603,1.22101264690315,
1.27889557869556,1.33677991287863,1.39466210868985,1.45254413185841,1.47365830746495),
 .UNSPECIFIED.);
#107=B_SPLINE_CURVE_WITH_KNOTS('',3,(#4465,#4466,#4467,#4468,#4469,#4470,
#4471,#4472,#4473,#4474,#4475,#4476,#4477,#4478,#4479,#4480,#4481,#4482,
#4483,#4484,#4485,#4486,#4487,#4488,#4489,#4490,#4491,#4492,#4493,#4494,
#4495,#4496,#4497,#4498,#4499,#4500,#4501,#4502,#4503,#4504,#4505,#4506,
#4507,#4508,#4509,#4510,#4511,#4512,#4513,#4514,#4515,#4516,#4517,#4518,
#4519,#4520,#4521,#4522,#4523,#4524,#4525,#4526,#4527,#4528,#4529,#4530,
#4531,#4532,#4533,#4534,#4535,#4536,#4537),.UNSPECIFIED.,.F.,.F.,(4,3,3,
3,3,3,3,3,3,3,3,3,3,3,3,3,3,3,3,3,3,3,3,3,4),(0.,0.0576322804175858,0.115262907556975,
0.172895520013728,0.23052671676068,0.288160121081163,0.313580449504987,
0.371545259298777,0.429511288922875,0.48748177429781,0.545451703684283,
0.603423664755404,0.627160899009974,0.685146004320802,0.743130781810657,
0.801117641789385,0.859102555305884,0.9170874004089,0.94074134851496,0.99843942481518,
1.05613643112304,1.11383599942719,1.17153439590063,1.22923512221413,1.25432177926667),
 .UNSPECIFIED.);
#108=B_SPLINE_CURVE_WITH_KNOTS('',3,(#4542,#4543,#4544,#4545),
 .UNSPECIFIED.,.F.,.F.,(4,4),(0.,2.57530294367367),.UNSPECIFIED.);
#109=B_SPLINE_CURVE_WITH_KNOTS('',3,(#4554,#4555,#4556,#4557,#4558,#4559,
#4560,#4561,#4562,#4563,#4564,#4565,#4566,#4567,#4568,#4569,#4570,#4571,
#4572,#4573,#4574,#4575,#4576,#4577,#4578,#4579),.UNSPECIFIED.,.F.,.F.,
(4,1,1,1,1,1,1,1,1,1,1,1,1,1,1,1,1,1,1,1,1,1,1,4),(3.01149930417417E-6,
3.30173766114614,4.95260842377026,6.60348184349262,8.2543481908675,9.90519986541528,
11.5560804471526,13.2069567575222,14.857827185047,16.5086890254875,18.1595497678229,
19.810430505544,21.4612959265979,23.1121703163575,24.7630222363091,26.41389263196,
28.0647757424388,29.7156219049817,31.3664901673346,33.0173682615086,34.6682252773889,
36.3191162451351,37.9699820455745,41.271680935241),.UNSPECIFIED.);
#110=B_SPLINE_CURVE_WITH_KNOTS('',3,(#4585,#4586,#4587,#4588,#4589,#4590,
#4591,#4592,#4593,#4594,#4595,#4596),.UNSPECIFIED.,.F.,.F.,(4,2,2,2,2,4),
(-5.5219286008889,-5.07837141301505,-4.57053389293798,-4.06269654647725,
-3.55485937212476,-3.53542358912477),.UNSPECIFIED.);
#111=B_SPLINE_CURVE_WITH_KNOTS('',3,(#4602,#4603,#4604,#4605,#4606,#4607,
#4608,#4609,#4610,#4611,#4612,#4613),.UNSPECIFIED.,.F.,.F.,(4,2,2,2,2,4),
(-4.80628252093522,-4.57047655954965,-4.06264743933162,-3.55481738443847,
-3.04698649777181,-2.81829991563294),.UNSPECIFIED.);
#112=B_SPLINE_CURVE_WITH_KNOTS('',3,(#4615,#4616,#4617,#4618,#4619,#4620,
#4621,#4622,#4623,#4624,#4625,#4626,#4627,#4628,#4629,#4630,#4631,#4632,
#4633,#4634,#4635,#4636,#4637,#4638,#4639,#4640),.UNSPECIFIED.,.F.,.F.,
(4,1,1,1,1,1,1,1,1,1,1,1,1,1,1,1,1,1,1,1,1,1,1,4),(2.97899914395933E-7,
3.29607680027942,4.94412011927293,6.59217194312091,8.24022148083441,9.88825150419424,
11.5362851267525,13.1843245671222,14.8323866566384,16.4804097898481,18.1284446717566,
19.7764939540422,21.4245431509967,23.0725798794042,24.7206085959406,26.3686801870482,
28.0167019187722,29.6647477064384,31.3127833704603,32.960832674785,34.6088530601208,
36.2569018355062,37.9049456743991,41.201031526262),.UNSPECIFIED.);
#113=B_SPLINE_CURVE_WITH_KNOTS('',3,(#4643,#4644,#4645,#4646,#4647,#4648,
#4649,#4650,#4651,#4652,#4653,#4654,#4655,#4656,#4657,#4658,#4659,#4660,
#4661,#4662,#4663,#4664,#4665,#4666,#4667,#4668,#4669,#4670,#4671,#4672,
#4673,#4674,#4675,#4676,#4677,#4678,#4679),.UNSPECIFIED.,.F.,.F.,(4,3,3,
3,3,3,3,3,3,3,3,3,4),(1.31273922698108E-6,0.124594809597431,0.249172994052272,
0.377284214812483,0.501854437547106,0.631736157320109,0.761617877093113,
0.886174202204806,1.01072739638483,1.13885443502296,1.26342992454216,1.39333273773974,
1.52323555093732),.UNSPECIFIED.);
#114=B_SPLINE_CURVE_WITH_KNOTS('',3,(#4700,#4701,#4702,#4703,#4704,#4705,
#4706,#4707,#4708,#4709,#4710,#4711,#4712,#4713,#4714,#4715,#4716,#4717,
#4718,#4719,#4720,#4721,#4722),.UNSPECIFIED.,.F.,.F.,(4,2,2,2,2,2,2,3,2,
2,4),(-35.7807267569855,-33.4928465246395,-27.9107055640952,-22.3285645607058,
-16.7464235021432,-11.1642823844593,-5.58214121268251,0.,3.16056095804821,
6.32112182111744,9.83310828169287),.UNSPECIFIED.);
#115=B_SPLINE_CURVE_WITH_KNOTS('',3,(#4723,#4724,#4725,#4726,#4727,#4728,
#4729,#4730,#4731,#4732,#4733,#4734,#4735,#4736,#4737,#4738,#4739,#4740,
#4741,#4742),.UNSPECIFIED.,.F.,.F.,(4,2,2,2,2,2,2,2,2,4),(9.83310828169287,
11.9032630528322,17.4854042588455,23.0675454211893,28.6496865283835,34.2318275770855,
39.813968572589,45.3961095281016,50.9782504628667,54.2725111670079),
 .UNSPECIFIED.);
#116=LINE('',#3034,#226);
#117=LINE('',#3044,#227);
#118=LINE('',#3063,#228);
#119=LINE('',#3104,#229);
#120=LINE('',#3120,#230);
#121=LINE('',#3161,#231);
#122=LINE('',#3165,#232);
#123=LINE('',#3471,#233);
#124=LINE('',#3523,#234);
#125=LINE('',#3586,#235);
#126=LINE('',#3588,#236);
#127=LINE('',#3680,#237);
#128=LINE('',#3690,#238);
#129=LINE('',#3691,#239);
#130=LINE('',#3692,#240);
#131=LINE('',#3811,#241);
#132=LINE('',#4273,#242);
#133=LINE('',#4275,#243);
#134=LINE('',#4460,#244);
#135=LINE('',#4539,#245);
#136=LINE('',#4541,#246);
#137=LINE('',#4547,#247);
#138=LINE('',#4549,#248);
#139=LINE('',#4550,#249);
#140=LINE('',#4552,#250);
#141=LINE('',#4746,#251);
#142=LINE('',#4753,#252);
#143=LINE('',#4754,#253);
#144=LINE('',#4756,#254);
#145=LINE('',#4757,#255);
#146=LINE('',#4759,#256);
#147=LINE('',#4760,#257);
#148=LINE('',#4762,#258);
#149=LINE('',#4763,#259);
#150=LINE('',#4765,#260);
#151=LINE('',#4766,#261);
#152=LINE('',#4768,#262);
#153=LINE('',#4769,#263);
#154=LINE('',#4771,#264);
#155=LINE('',#4773,#265);
#156=LINE('',#4774,#266);
#157=LINE('',#4777,#267);
#158=LINE('',#4778,#268);
#159=LINE('',#4779,#269);
#160=LINE('',#4782,#270);
#161=LINE('',#4783,#271);
#162=LINE('',#4784,#272);
#163=LINE('',#4787,#273);
#164=LINE('',#4788,#274);
#165=LINE('',#4789,#275);
#166=LINE('',#4791,#276);
#167=LINE('',#4793,#277);
#168=LINE('',#4794,#278);
#169=LINE('',#4796,#279);
#170=LINE('',#4798,#280);
#171=LINE('',#4799,#281);
#172=LINE('',#4801,#282);
#173=LINE('',#4803,#283);
#174=LINE('',#4805,#284);
#175=LINE('',#4807,#285);
#176=LINE('',#4809,#286);
#177=LINE('',#4811,#287);
#178=LINE('',#4813,#288);
#179=LINE('',#4815,#289);
#180=LINE('',#4820,#290);
#181=LINE('',#4826,#291);
#182=LINE('',#4832,#292);
#183=LINE('',#4838,#293);
#184=LINE('',#4844,#294);
#185=LINE('',#4850,#295);
#186=LINE('',#4853,#296);
#187=LINE('',#4858,#297);
#188=LINE('',#4859,#298);
#189=LINE('',#4863,#299);
#190=LINE('',#4867,#300);
#191=LINE('',#4870,#301);
#192=LINE('',#4872,#302);
#193=LINE('',#4876,#303);
#194=LINE('',#4880,#304);
#195=LINE('',#4884,#305);
#196=LINE('',#4886,#306);
#197=LINE('',#4890,#307);
#198=LINE('',#4894,#308);
#199=LINE('',#4899,#309);
#200=LINE('',#4903,#310);
#201=LINE('',#4908,#311);
#202=LINE('',#4912,#312);
#203=LINE('',#4919,#313);
#204=LINE('',#4922,#314);
#205=LINE('',#4926,#315);
#206=LINE('',#4930,#316);
#207=LINE('',#4937,#317);
#208=LINE('',#4940,#318);
#209=LINE('',#4944,#319);
#210=LINE('',#4948,#320);
#211=LINE('',#4954,#321);
#212=LINE('',#4958,#322);
#213=LINE('',#4966,#323);
#214=LINE('',#4971,#324);
#215=LINE('',#4978,#325);
#216=LINE('',#4987,#326);
#217=LINE('',#4990,#327);
#218=LINE('',#4998,#328);
#219=LINE('',#5000,#329);
#220=LINE('',#5002,#330);
#221=LINE('',#5004,#331);
#222=LINE('',#5006,#332);
#223=LINE('',#5008,#333);
#224=LINE('',#5029,#334);
#225=LINE('',#5054,#335);
#226=VECTOR('',#2384,6.5);
#227=VECTOR('',#2395,1.);
#228=VECTOR('',#2398,1.);
#229=VECTOR('',#2401,1.);
#230=VECTOR('',#2402,1.);
#231=VECTOR('',#2405,1.);
#232=VECTOR('',#2408,1.);
#233=VECTOR('',#2451,1.);
#234=VECTOR('',#2464,1.);
#235=VECTOR('',#2467,1.);
#236=VECTOR('',#2468,1.);
#237=VECTOR('',#2473,1.);
#238=VECTOR('',#2474,1.);
#239=VECTOR('',#2475,1.);
#240=VECTOR('',#2476,1.);
#241=VECTOR('',#2511,1.);
#242=VECTOR('',#2622,1.);
#243=VECTOR('',#2623,1.);
#244=VECTOR('',#2624,1.);
#245=VECTOR('',#2631,1.);
#246=VECTOR('',#2634,1.);
#247=VECTOR('',#2637,1.);
#248=VECTOR('',#2640,1.);
#249=VECTOR('',#2641,1.);
#250=VECTOR('',#2644,1.);
#251=VECTOR('',#2691,1.);
#252=VECTOR('',#2700,1.);
#253=VECTOR('',#2701,1.);
#254=VECTOR('',#2704,1.);
#255=VECTOR('',#2705,1.);
#256=VECTOR('',#2708,1.);
#257=VECTOR('',#2709,1.);
#258=VECTOR('',#2712,1.);
#259=VECTOR('',#2713,1.);
#260=VECTOR('',#2716,1.);
#261=VECTOR('',#2717,1.);
#262=VECTOR('',#2720,1.);
#263=VECTOR('',#2721,1.);
#264=VECTOR('',#2724,1.);
#265=VECTOR('',#2725,1.);
#266=VECTOR('',#2726,1.);
#267=VECTOR('',#2729,1.);
#268=VECTOR('',#2730,1.);
#269=VECTOR('',#2731,1.);
#270=VECTOR('',#2734,1.);
#271=VECTOR('',#2735,1.);
#272=VECTOR('',#2736,1.);
#273=VECTOR('',#2739,1.);
#274=VECTOR('',#2740,1.);
#275=VECTOR('',#2741,1.);
#276=VECTOR('',#2744,1.);
#277=VECTOR('',#2745,1.);
#278=VECTOR('',#2746,1.);
#279=VECTOR('',#2749,1.);
#280=VECTOR('',#2750,1.);
#281=VECTOR('',#2751,1.);
#282=VECTOR('',#2754,1.);
#283=VECTOR('',#2757,1.);
#284=VECTOR('',#2760,1.);
#285=VECTOR('',#2763,1.);
#286=VECTOR('',#2766,1.);
#287=VECTOR('',#2769,1.);
#288=VECTOR('',#2772,1.);
#289=VECTOR('',#2775,1.);
#290=VECTOR('',#2780,1.);
#291=VECTOR('',#2787,1.);
#292=VECTOR('',#2794,1.);
#293=VECTOR('',#2801,1.);
#294=VECTOR('',#2808,1.);
#295=VECTOR('',#2815,1.);
#296=VECTOR('',#2820,1.);
#297=VECTOR('',#2825,1.);
#298=VECTOR('',#2826,1.);
#299=VECTOR('',#2831,1.);
#300=VECTOR('',#2836,1.);
#301=VECTOR('',#2839,1.);
#302=VECTOR('',#2840,1.);
#303=VECTOR('',#2845,1.);
#304=VECTOR('',#2850,1.);
#305=VECTOR('',#2855,1.);
#306=VECTOR('',#2856,1.);
#307=VECTOR('',#2861,1.);
#308=VECTOR('',#2866,1.);
#309=VECTOR('',#2871,1.);
#310=VECTOR('',#2874,1.);
#311=VECTOR('',#2879,1.);
#312=VECTOR('',#2882,1.);
#313=VECTOR('',#2889,1.);
#314=VECTOR('',#2892,1.);
#315=VECTOR('',#2895,1.);
#316=VECTOR('',#2898,1.);
#317=VECTOR('',#2905,1.);
#318=VECTOR('',#2908,1.);
#319=VECTOR('',#2911,1.);
#320=VECTOR('',#2914,1.);
#321=VECTOR('',#2923,1.);
#322=VECTOR('',#2928,1.);
#323=VECTOR('',#2941,1.);
#324=VECTOR('',#2948,1.);
#325=VECTOR('',#2959,1.);
#326=VECTOR('',#2974,1.);
#327=VECTOR('',#2979,1.);
#328=VECTOR('',#2994,1.);
#329=VECTOR('',#2997,1.);
#330=VECTOR('',#3000,1.);
#331=VECTOR('',#3003,1.);
#332=VECTOR('',#3006,1.);
#333=VECTOR('',#3009,1.);
#334=VECTOR('',#3018,2.57500314003857);
#335=VECTOR('',#3025,5.99499999999999);
#336=CYLINDRICAL_SURFACE('',#2107,6.5);
#337=CYLINDRICAL_SURFACE('',#2112,0.999480795503692);
#338=CYLINDRICAL_SURFACE('',#2114,1.00015698852435);
#339=CYLINDRICAL_SURFACE('',#2115,0.999985201494309);
#340=CYLINDRICAL_SURFACE('',#2224,19.4992190354736);
#341=CYLINDRICAL_SURFACE('',#2225,19.4998543842378);
#342=CYLINDRICAL_SURFACE('',#2252,0.299993799764319);
#343=CYLINDRICAL_SURFACE('',#2253,0.300013353131195);
#344=CYLINDRICAL_SURFACE('',#2254,0.300009990074061);
#345=CYLINDRICAL_SURFACE('',#2255,0.299985878059707);
#346=CYLINDRICAL_SURFACE('',#2256,0.300024367236316);
#347=CYLINDRICAL_SURFACE('',#2257,0.299988997475737);
#348=CYLINDRICAL_SURFACE('',#2258,0.299993800308742);
#349=CYLINDRICAL_SURFACE('',#2259,0.29999197187253);
#350=CYLINDRICAL_SURFACE('',#2260,0.300004395507126);
#351=CYLINDRICAL_SURFACE('',#2261,0.299977971166777);
#352=CYLINDRICAL_SURFACE('',#2262,0.299994892827626);
#353=CYLINDRICAL_SURFACE('',#2263,0.299997604837419);
#354=CYLINDRICAL_SURFACE('',#2264,1.00000759374812);
#355=CYLINDRICAL_SURFACE('',#2265,0.999994742428571);
#356=CYLINDRICAL_SURFACE('',#2266,1.00001251287241);
#357=CYLINDRICAL_SURFACE('',#2267,1.00001073199764);
#358=CYLINDRICAL_SURFACE('',#2268,0.999986687617414);
#359=CYLINDRICAL_SURFACE('',#2269,1.00000399966719);
#360=CYLINDRICAL_SURFACE('',#2270,1.00001751450292);
#361=CYLINDRICAL_SURFACE('',#2271,0.999992757111246);
#362=CYLINDRICAL_SURFACE('',#2272,2.15264786878854);
#363=CYLINDRICAL_SURFACE('',#2275,2.15264969051489);
#364=CYLINDRICAL_SURFACE('',#2278,2.15265027074914);
#365=CYLINDRICAL_SURFACE('',#2281,2.15265006981903);
#366=CYLINDRICAL_SURFACE('',#2284,2.15264697698088);
#367=CYLINDRICAL_SURFACE('',#2287,2.15265050280888);
#368=CYLINDRICAL_SURFACE('',#2290,14.3001978870814);
#369=CYLINDRICAL_SURFACE('',#2291,1.29999723990205);
#370=CYLINDRICAL_SURFACE('',#2293,19.1997704850615);
#371=CYLINDRICAL_SURFACE('',#2295,1.30000855464137);
#372=CYLINDRICAL_SURFACE('',#2297,1.29997837661024);
#373=CYLINDRICAL_SURFACE('',#2299,19.200330627312);
#374=CYLINDRICAL_SURFACE('',#2301,1.29999882520335);
#375=CYLINDRICAL_SURFACE('',#2303,1.30001074546566);
#376=CYLINDRICAL_SURFACE('',#2305,19.19967985274);
#377=CYLINDRICAL_SURFACE('',#2307,1.29998375020093);
#378=CYLINDRICAL_SURFACE('',#2309,3.74999847134967);
#379=CYLINDRICAL_SURFACE('',#2312,3.7499890588472);
#380=CYLINDRICAL_SURFACE('',#2315,3.75000321483441);
#381=CYLINDRICAL_SURFACE('',#2318,3.749993984082);
#382=CYLINDRICAL_SURFACE('',#2321,3.74999683315675);
#383=CYLINDRICAL_SURFACE('',#2324,3.74999731206323);
#384=CYLINDRICAL_SURFACE('',#2327,23.8084380065651);
#385=CYLINDRICAL_SURFACE('',#2330,23.8186369342869);
#386=CYLINDRICAL_SURFACE('',#2333,23.8125032553444);
#387=CYLINDRICAL_SURFACE('',#2336,23.8081442543801);
#388=CYLINDRICAL_SURFACE('',#2339,23.8139549916508);
#389=CYLINDRICAL_SURFACE('',#2342,23.8122944743633);
#390=CYLINDRICAL_SURFACE('',#2345,23.8160659398233);
#391=CYLINDRICAL_SURFACE('',#2348,23.8126379147111);
#392=CYLINDRICAL_SURFACE('',#2351,23.8067345914053);
#393=CYLINDRICAL_SURFACE('',#2373,5.99499999999999);
#394=FACE_BOUND('',#535,.T.);
#395=FACE_BOUND('',#646,.T.);
#396=FACE_BOUND('',#647,.T.);
#397=FACE_BOUND('',#648,.T.);
#398=FACE_BOUND('',#649,.T.);
#399=FACE_BOUND('',#650,.T.);
#400=FACE_BOUND('',#651,.T.);
#401=FACE_BOUND('',#652,.T.);
#402=FACE_BOUND('',#660,.T.);
#403=FACE_BOUND('',#662,.T.);
#404=FACE_BOUND('',#663,.T.);
#405=FACE_BOUND('',#665,.T.);
#406=FACE_BOUND('',#666,.T.);
#407=FACE_BOUND('',#668,.T.);
#408=FACE_BOUND('',#669,.T.);
#409=FACE_OUTER_BOUND('',#534,.T.);
#410=FACE_OUTER_BOUND('',#536,.T.);
#411=FACE_OUTER_BOUND('',#537,.T.);
#412=FACE_OUTER_BOUND('',#538,.T.);
#413=FACE_OUTER_BOUND('',#539,.T.);
#414=FACE_OUTER_BOUND('',#540,.T.);
#415=FACE_OUTER_BOUND('',#541,.T.);
#416=FACE_OUTER_BOUND('',#542,.T.);
#417=FACE_OUTER_BOUND('',#543,.T.);
#418=FACE_OUTER_BOUND('',#544,.T.);
#419=FACE_OUTER_BOUND('',#545,.T.);
#420=FACE_OUTER_BOUND('',#546,.T.);
#421=FACE_OUTER_BOUND('',#547,.T.);
#422=FACE_OUTER_BOUND('',#548,.T.);
#423=FACE_OUTER_BOUND('',#549,.T.);
#424=FACE_OUTER_BOUND('',#550,.T.);
#425=FACE_OUTER_BOUND('',#551,.T.);
#426=FACE_OUTER_BOUND('',#552,.T.);
#427=FACE_OUTER_BOUND('',#553,.T.);
#428=FACE_OUTER_BOUND('',#554,.T.);
#429=FACE_OUTER_BOUND('',#555,.T.);
#430=FACE_OUTER_BOUND('',#556,.T.);
#431=FACE_OUTER_BOUND('',#557,.T.);
#432=FACE_OUTER_BOUND('',#558,.T.);
#433=FACE_OUTER_BOUND('',#559,.T.);
#434=FACE_OUTER_BOUND('',#560,.T.);
#435=FACE_OUTER_BOUND('',#561,.T.);
#436=FACE_OUTER_BOUND('',#562,.T.);
#437=FACE_OUTER_BOUND('',#563,.T.);
#438=FACE_OUTER_BOUND('',#564,.T.);
#439=FACE_OUTER_BOUND('',#565,.T.);
#440=FACE_OUTER_BOUND('',#566,.T.);
#441=FACE_OUTER_BOUND('',#567,.T.);
#442=FACE_OUTER_BOUND('',#568,.T.);
#443=FACE_OUTER_BOUND('',#569,.T.);
#444=FACE_OUTER_BOUND('',#570,.T.);
#445=FACE_OUTER_BOUND('',#571,.T.);
#446=FACE_OUTER_BOUND('',#572,.T.);
#447=FACE_OUTER_BOUND('',#573,.T.);
#448=FACE_OUTER_BOUND('',#574,.T.);
#449=FACE_OUTER_BOUND('',#575,.T.);
#450=FACE_OUTER_BOUND('',#576,.T.);
#451=FACE_OUTER_BOUND('',#577,.T.);
#452=FACE_OUTER_BOUND('',#578,.T.);
#453=FACE_OUTER_BOUND('',#579,.T.);
#454=FACE_OUTER_BOUND('',#580,.T.);
#455=FACE_OUTER_BOUND('',#581,.T.);
#456=FACE_OUTER_BOUND('',#582,.T.);
#457=FACE_OUTER_BOUND('',#583,.T.);
#458=FACE_OUTER_BOUND('',#584,.T.);
#459=FACE_OUTER_BOUND('',#585,.T.);
#460=FACE_OUTER_BOUND('',#586,.T.);
#461=FACE_OUTER_BOUND('',#587,.T.);
#462=FACE_OUTER_BOUND('',#588,.T.);
#463=FACE_OUTER_BOUND('',#589,.T.);
#464=FACE_OUTER_BOUND('',#590,.T.);
#465=FACE_OUTER_BOUND('',#591,.T.);
#466=FACE_OUTER_BOUND('',#592,.T.);
#467=FACE_OUTER_BOUND('',#593,.T.);
#468=FACE_OUTER_BOUND('',#594,.T.);
#469=FACE_OUTER_BOUND('',#595,.T.);
#470=FACE_OUTER_BOUND('',#596,.T.);
#471=FACE_OUTER_BOUND('',#597,.T.);
#472=FACE_OUTER_BOUND('',#598,.T.);
#473=FACE_OUTER_BOUND('',#599,.T.);
#474=FACE_OUTER_BOUND('',#600,.T.);
#475=FACE_OUTER_BOUND('',#601,.T.);
#476=FACE_OUTER_BOUND('',#602,.T.);
#477=FACE_OUTER_BOUND('',#603,.T.);
#478=FACE_OUTER_BOUND('',#604,.T.);
#479=FACE_OUTER_BOUND('',#605,.T.);
#480=FACE_OUTER_BOUND('',#606,.T.);
#481=FACE_OUTER_BOUND('',#607,.T.);
#482=FACE_OUTER_BOUND('',#608,.T.);
#483=FACE_OUTER_BOUND('',#609,.T.);
#484=FACE_OUTER_BOUND('',#610,.T.);
#485=FACE_OUTER_BOUND('',#611,.T.);
#486=FACE_OUTER_BOUND('',#612,.T.);
#487=FACE_OUTER_BOUND('',#613,.T.);
#488=FACE_OUTER_BOUND('',#614,.T.);
#489=FACE_OUTER_BOUND('',#615,.T.);
#490=FACE_OUTER_BOUND('',#616,.T.);
#491=FACE_OUTER_BOUND('',#617,.T.);
#492=FACE_OUTER_BOUND('',#618,.T.);
#493=FACE_OUTER_BOUND('',#619,.T.);
#494=FACE_OUTER_BOUND('',#620,.T.);
#495=FACE_OUTER_BOUND('',#621,.T.);
#496=FACE_OUTER_BOUND('',#622,.T.);
#497=FACE_OUTER_BOUND('',#623,.T.);
#498=FACE_OUTER_BOUND('',#624,.T.);
#499=FACE_OUTER_BOUND('',#625,.T.);
#500=FACE_OUTER_BOUND('',#626,.T.);
#501=FACE_OUTER_BOUND('',#627,.T.);
#502=FACE_OUTER_BOUND('',#628,.T.);
#503=FACE_OUTER_BOUND('',#629,.T.);
#504=FACE_OUTER_BOUND('',#630,.T.);
#505=FACE_OUTER_BOUND('',#631,.T.);
#506=FACE_OUTER_BOUND('',#632,.T.);
#507=FACE_OUTER_BOUND('',#633,.T.);
#508=FACE_OUTER_BOUND('',#634,.T.);
#509=FACE_OUTER_BOUND('',#635,.T.);
#510=FACE_OUTER_BOUND('',#636,.T.);
#511=FACE_OUTER_BOUND('',#637,.T.);
#512=FACE_OUTER_BOUND('',#638,.T.);
#513=FACE_OUTER_BOUND('',#639,.T.);
#514=FACE_OUTER_BOUND('',#640,.T.);
#515=FACE_OUTER_BOUND('',#641,.T.);
#516=FACE_OUTER_BOUND('',#642,.T.);
#517=FACE_OUTER_BOUND('',#643,.T.);
#518=FACE_OUTER_BOUND('',#644,.T.);
#519=FACE_OUTER_BOUND('',#645,.T.);
#520=FACE_OUTER_BOUND('',#653,.T.);
#521=FACE_OUTER_BOUND('',#654,.T.);
#522=FACE_OUTER_BOUND('',#655,.T.);
#523=FACE_OUTER_BOUND('',#656,.T.);
#524=FACE_OUTER_BOUND('',#657,.T.);
#525=FACE_OUTER_BOUND('',#658,.T.);
#526=FACE_OUTER_BOUND('',#659,.T.);
#527=FACE_OUTER_BOUND('',#661,.T.);
#528=FACE_OUTER_BOUND('',#664,.T.);
#529=FACE_OUTER_BOUND('',#667,.T.);
#530=FACE_OUTER_BOUND('',#670,.T.);
#531=FACE_OUTER_BOUND('',#671,.T.);
#532=FACE_OUTER_BOUND('',#672,.T.);
#533=FACE_OUTER_BOUND('',#673,.T.);
#534=EDGE_LOOP('',(#1323));
#535=EDGE_LOOP('',(#1324));
#536=EDGE_LOOP('',(#1325,#1326,#1327,#1328));
#537=EDGE_LOOP('',(#1329,#1330));
#538=EDGE_LOOP('',(#1331,#1332,#1333,#1334,#1335,#1336));
#539=EDGE_LOOP('',(#1337,#1338,#1339,#1340,#1341));
#540=EDGE_LOOP('',(#1342,#1343,#1344,#1345));
#541=EDGE_LOOP('',(#1346,#1347,#1348,#1349,#1350));
#542=EDGE_LOOP('',(#1351,#1352,#1353,#1354));
#543=EDGE_LOOP('',(#1355,#1356,#1357,#1358,#1359));
#544=EDGE_LOOP('',(#1360,#1361,#1362,#1363));
#545=EDGE_LOOP('',(#1364,#1365,#1366,#1367));
#546=EDGE_LOOP('',(#1368,#1369,#1370,#1371,#1372,#1373));
#547=EDGE_LOOP('',(#1374,#1375,#1376,#1377));
#548=EDGE_LOOP('',(#1378,#1379,#1380,#1381,#1382));
#549=EDGE_LOOP('',(#1383,#1384,#1385,#1386,#1387,#1388,#1389));
#550=EDGE_LOOP('',(#1390,#1391,#1392,#1393,#1394,#1395,#1396,#1397,#1398));
#551=EDGE_LOOP('',(#1399,#1400,#1401,#1402));
#552=EDGE_LOOP('',(#1403,#1404,#1405,#1406));
#553=EDGE_LOOP('',(#1407,#1408,#1409,#1410));
#554=EDGE_LOOP('',(#1411,#1412,#1413,#1414,#1415));
#555=EDGE_LOOP('',(#1416,#1417,#1418,#1419,#1420));
#556=EDGE_LOOP('',(#1421,#1422,#1423,#1424));
#557=EDGE_LOOP('',(#1425,#1426,#1427,#1428));
#558=EDGE_LOOP('',(#1429,#1430,#1431,#1432,#1433));
#559=EDGE_LOOP('',(#1434,#1435,#1436,#1437));
#560=EDGE_LOOP('',(#1438,#1439,#1440,#1441,#1442));
#561=EDGE_LOOP('',(#1443,#1444,#1445,#1446));
#562=EDGE_LOOP('',(#1447,#1448,#1449,#1450));
#563=EDGE_LOOP('',(#1451,#1452,#1453,#1454));
#564=EDGE_LOOP('',(#1455,#1456,#1457,#1458,#1459));
#565=EDGE_LOOP('',(#1460,#1461,#1462,#1463,#1464));
#566=EDGE_LOOP('',(#1465,#1466,#1467,#1468));
#567=EDGE_LOOP('',(#1469,#1470,#1471,#1472));
#568=EDGE_LOOP('',(#1473,#1474,#1475,#1476,#1477));
#569=EDGE_LOOP('',(#1478,#1479,#1480,#1481));
#570=EDGE_LOOP('',(#1482,#1483,#1484,#1485));
#571=EDGE_LOOP('',(#1486,#1487,#1488,#1489));
#572=EDGE_LOOP('',(#1490,#1491,#1492,#1493));
#573=EDGE_LOOP('',(#1494,#1495,#1496,#1497,#1498,#1499,#1500,#1501,#1502));
#574=EDGE_LOOP('',(#1503,#1504,#1505,#1506,#1507,#1508,#1509));
#575=EDGE_LOOP('',(#1510,#1511,#1512,#1513));
#576=EDGE_LOOP('',(#1514,#1515,#1516,#1517));
#577=EDGE_LOOP('',(#1518,#1519,#1520,#1521));
#578=EDGE_LOOP('',(#1522,#1523,#1524,#1525));
#579=EDGE_LOOP('',(#1526,#1527,#1528,#1529,#1530,#1531));
#580=EDGE_LOOP('',(#1532,#1533,#1534,#1535));
#581=EDGE_LOOP('',(#1536,#1537,#1538,#1539));
#582=EDGE_LOOP('',(#1540,#1541,#1542,#1543,#1544,#1545));
#583=EDGE_LOOP('',(#1546,#1547,#1548,#1549));
#584=EDGE_LOOP('',(#1550,#1551,#1552,#1553));
#585=EDGE_LOOP('',(#1554,#1555,#1556,#1557,#1558));
#586=EDGE_LOOP('',(#1559,#1560,#1561,#1562,#1563,#1564));
#587=EDGE_LOOP('',(#1565,#1566,#1567,#1568,#1569,#1570,#1571));
#588=EDGE_LOOP('',(#1572,#1573,#1574,#1575));
#589=EDGE_LOOP('',(#1576,#1577,#1578,#1579));
#590=EDGE_LOOP('',(#1580,#1581,#1582,#1583));
#591=EDGE_LOOP('',(#1584,#1585,#1586,#1587));
#592=EDGE_LOOP('',(#1588,#1589,#1590,#1591));
#593=EDGE_LOOP('',(#1592,#1593,#1594,#1595));
#594=EDGE_LOOP('',(#1596,#1597,#1598,#1599,#1600));
#595=EDGE_LOOP('',(#1601,#1602,#1603,#1604,#1605));
#596=EDGE_LOOP('',(#1606,#1607,#1608,#1609,#1610));
#597=EDGE_LOOP('',(#1611,#1612,#1613,#1614,#1615));
#598=EDGE_LOOP('',(#1616,#1617,#1618,#1619,#1620));
#599=EDGE_LOOP('',(#1621,#1622,#1623,#1624,#1625));
#600=EDGE_LOOP('',(#1626,#1627,#1628,#1629));
#601=EDGE_LOOP('',(#1630,#1631,#1632,#1633));
#602=EDGE_LOOP('',(#1634,#1635,#1636,#1637));
#603=EDGE_LOOP('',(#1638,#1639,#1640,#1641));
#604=EDGE_LOOP('',(#1642,#1643,#1644,#1645));
#605=EDGE_LOOP('',(#1646,#1647,#1648,#1649));
#606=EDGE_LOOP('',(#1650,#1651,#1652,#1653));
#607=EDGE_LOOP('',(#1654,#1655,#1656,#1657));
#608=EDGE_LOOP('',(#1658,#1659,#1660,#1661));
#609=EDGE_LOOP('',(#1662,#1663,#1664,#1665));
#610=EDGE_LOOP('',(#1666,#1667,#1668,#1669));
#611=EDGE_LOOP('',(#1670,#1671,#1672,#1673));
#612=EDGE_LOOP('',(#1674,#1675,#1676,#1677));
#613=EDGE_LOOP('',(#1678,#1679,#1680,#1681));
#614=EDGE_LOOP('',(#1682,#1683,#1684,#1685,#1686,#1687,#1688));
#615=EDGE_LOOP('',(#1689,#1690,#1691,#1692));
#616=EDGE_LOOP('',(#1693,#1694,#1695,#1696));
#617=EDGE_LOOP('',(#1697,#1698,#1699,#1700));
#618=EDGE_LOOP('',(#1701,#1702,#1703,#1704));
#619=EDGE_LOOP('',(#1705,#1706,#1707,#1708));
#620=EDGE_LOOP('',(#1709,#1710,#1711,#1712));
#621=EDGE_LOOP('',(#1713,#1714,#1715,#1716));
#622=EDGE_LOOP('',(#1717,#1718,#1719,#1720));
#623=EDGE_LOOP('',(#1721,#1722,#1723,#1724));
#624=EDGE_LOOP('',(#1725,#1726,#1727,#1728));
#625=EDGE_LOOP('',(#1729,#1730,#1731,#1732));
#626=EDGE_LOOP('',(#1733,#1734,#1735,#1736));
#627=EDGE_LOOP('',(#1737,#1738,#1739,#1740));
#628=EDGE_LOOP('',(#1741,#1742,#1743,#1744));
#629=EDGE_LOOP('',(#1745,#1746,#1747,#1748));
#630=EDGE_LOOP('',(#1749,#1750,#1751,#1752));
#631=EDGE_LOOP('',(#1753,#1754,#1755,#1756));
#632=EDGE_LOOP('',(#1757,#1758,#1759,#1760));
#633=EDGE_LOOP('',(#1761,#1762,#1763,#1764));
#634=EDGE_LOOP('',(#1765,#1766,#1767,#1768));
#635=EDGE_LOOP('',(#1769,#1770,#1771,#1772));
#636=EDGE_LOOP('',(#1773,#1774,#1775,#1776));
#637=EDGE_LOOP('',(#1777,#1778,#1779,#1780));
#638=EDGE_LOOP('',(#1781,#1782,#1783,#1784));
#639=EDGE_LOOP('',(#1785,#1786,#1787,#1788));
#640=EDGE_LOOP('',(#1789,#1790,#1791,#1792));
#641=EDGE_LOOP('',(#1793,#1794,#1795,#1796));
#642=EDGE_LOOP('',(#1797,#1798,#1799,#1800));
#643=EDGE_LOOP('',(#1801,#1802,#1803,#1804));
#644=EDGE_LOOP('',(#1805,#1806,#1807,#1808));
#645=EDGE_LOOP('',(#1809,#1810,#1811,#1812,#1813,#1814,#1815,#1816,#1817,
#1818,#1819,#1820,#1821,#1822,#1823,#1824,#1825,#1826,#1827,#1828,#1829,
#1830,#1831,#1832,#1833));
#646=EDGE_LOOP('',(#1834));
#647=EDGE_LOOP('',(#1835));
#648=EDGE_LOOP('',(#1836));
#649=EDGE_LOOP('',(#1837));
#650=EDGE_LOOP('',(#1838));
#651=EDGE_LOOP('',(#1839));
#652=EDGE_LOOP('',(#1840));
#653=EDGE_LOOP('',(#1841,#1842,#1843,#1844));
#654=EDGE_LOOP('',(#1845,#1846,#1847,#1848));
#655=EDGE_LOOP('',(#1849,#1850,#1851,#1852));
#656=EDGE_LOOP('',(#1853,#1854,#1855,#1856));
#657=EDGE_LOOP('',(#1857,#1858,#1859,#1860));
#658=EDGE_LOOP('',(#1861,#1862,#1863,#1864));
#659=EDGE_LOOP('',(#1865,#1866,#1867,#1868,#1869,#1870,#1871,#1872,#1873,
#1874,#1875,#1876,#1877,#1878,#1879,#1880,#1881,#1882,#1883,#1884,#1885,
#1886,#1887,#1888,#1889,#1890,#1891,#1892,#1893,#1894));
#660=EDGE_LOOP('',(#1895));
#661=EDGE_LOOP('',(#1896,#1897,#1898,#1899,#1900,#1901,#1902,#1903,#1904,
#1905));
#662=EDGE_LOOP('',(#1906));
#663=EDGE_LOOP('',(#1907));
#664=EDGE_LOOP('',(#1908,#1909,#1910,#1911,#1912,#1913,#1914,#1915,#1916,
#1917));
#665=EDGE_LOOP('',(#1918));
#666=EDGE_LOOP('',(#1919));
#667=EDGE_LOOP('',(#1920,#1921,#1922,#1923,#1924,#1925,#1926,#1927,#1928,
#1929));
#668=EDGE_LOOP('',(#1930));
#669=EDGE_LOOP('',(#1931));
#670=EDGE_LOOP('',(#1932,#1933,#1934,#1935));
#671=EDGE_LOOP('',(#1936,#1937,#1938,#1939));
#672=EDGE_LOOP('',(#1940));
#673=EDGE_LOOP('',(#1941,#1942,#1943,#1944));
#674=CIRCLE('',#2105,6.5);
#675=CIRCLE('',#2106,5.99499999999999);
#676=CIRCLE('',#2108,6.5);
#677=CIRCLE('',#2110,13.9970951541643);
#678=CIRCLE('',#2111,13.9970951541643);
#679=CIRCLE('',#2113,0.300014414913589);
#680=CIRCLE('',#2116,1.00002028813484);
#681=CIRCLE('',#2117,1.00002022283589);
#682=CIRCLE('',#2119,0.299999818797111);
#683=CIRCLE('',#2120,0.299999818797111);
#684=CIRCLE('',#2121,19.499713535657);
#685=CIRCLE('',#2122,19.4997135356543);
#686=CIRCLE('',#2124,0.300025870519402);
#687=CIRCLE('',#2125,0.300025870519402);
#688=CIRCLE('',#2127,27.8896431022672);
#689=CIRCLE('',#2128,0.300000021775923);
#690=CIRCLE('',#2129,27.8896987392365);
#691=CIRCLE('',#2131,0.300018031513365);
#692=CIRCLE('',#2133,0.300020889116361);
#693=CIRCLE('',#2134,0.300000561853491);
#694=CIRCLE('',#2136,27.5897776910599);
#695=CIRCLE('',#2137,0.30002657711718);
#696=CIRCLE('',#2139,0.299994616820015);
#697=CIRCLE('',#2140,1.00000575903933);
#698=CIRCLE('',#2141,0.29999588841372);
#699=CIRCLE('',#2143,0.30002657711718);
#700=CIRCLE('',#2145,0.29999588841372);
#701=CIRCLE('',#2148,1.00000399966719);
#702=CIRCLE('',#2149,0.300003146220751);
#703=CIRCLE('',#2150,1.2999999640021);
#704=CIRCLE('',#2152,0.299997015820795);
#705=CIRCLE('',#2153,1.00002213408405);
#706=CIRCLE('',#2154,0.299985878059707);
#707=CIRCLE('',#2155,1.30002036898012);
#708=CIRCLE('',#2157,19.1994069898509);
#709=CIRCLE('',#2158,0.30000834598679);
#710=CIRCLE('',#2159,19.4998543842378);
#711=CIRCLE('',#2161,0.700285969499841);
#712=CIRCLE('',#2162,0.300024367236316);
#713=CIRCLE('',#2164,0.300004727901826);
#714=CIRCLE('',#2166,0.299988997475737);
#715=CIRCLE('',#2167,1.30002173301818);
#716=CIRCLE('',#2169,0.300004727901826);
#717=CIRCLE('',#2170,0.300013750691492);
#718=CIRCLE('',#2172,19.4995865940513);
#719=CIRCLE('',#2173,19.4995865940374);
#720=CIRCLE('',#2174,0.300007720033117);
#721=CIRCLE('',#2175,0.300000680695369);
#722=CIRCLE('',#2177,0.300016451801643);
#723=CIRCLE('',#2178,0.300016451801643);
#724=CIRCLE('',#2180,27.9345735490659);
#725=CIRCLE('',#2181,0.300033302621078);
#726=CIRCLE('',#2182,27.9346626927475);
#727=CIRCLE('',#2184,0.299999291304818);
#728=CIRCLE('',#2185,0.300023381994987);
#729=CIRCLE('',#2187,0.300033302621079);
#730=CIRCLE('',#2189,27.9346749875569);
#731=CIRCLE('',#2190,0.300009888297631);
#732=CIRCLE('',#2191,27.6347211856082);
#733=CIRCLE('',#2193,0.299977971166777);
#734=CIRCLE('',#2195,0.29999444258105);
#735=CIRCLE('',#2196,1.00000569415283);
#736=CIRCLE('',#2197,0.300004395507126);
#737=CIRCLE('',#2199,0.300002971820261);
#738=CIRCLE('',#2201,0.299977971166777);
#739=CIRCLE('',#2202,1.0000220787963);
#740=CIRCLE('',#2203,0.299995735607296);
#741=CIRCLE('',#2205,0.300002971820261);
#742=CIRCLE('',#2206,1.00000399966719);
#743=CIRCLE('',#2208,19.4998543842378);
#744=CIRCLE('',#2209,0.300008172476172);
#745=CIRCLE('',#2211,0.299997604837419);
#746=CIRCLE('',#2213,0.30002119358398);
#747=CIRCLE('',#2214,0.30002119358398);
#748=CIRCLE('',#2216,0.300029996833508);
#749=CIRCLE('',#2217,0.299998577730575);
#750=CIRCLE('',#2219,27.8941256246813);
#751=CIRCLE('',#2220,0.300004727901826);
#752=CIRCLE('',#2228,1.00000061319349);
#753=CIRCLE('',#2229,0.29999197187253);
#754=CIRCLE('',#2231,0.299993800308742);
#755=CIRCLE('',#2232,1.00000895767433);
#756=CIRCLE('',#2235,0.300013353131195);
#757=CIRCLE('',#2236,1.00000067646779);
#758=CIRCLE('',#2238,1.30000298394679);
#759=CIRCLE('',#2239,1.00000900360151);
#760=CIRCLE('',#2240,0.299993799764319);
#761=CIRCLE('',#2242,14.3001978870814);
#762=CIRCLE('',#2243,14.3001978870814);
#763=CIRCLE('',#2244,0.249999963194088);
#764=CIRCLE('',#2245,14.8001979017617);
#765=CIRCLE('',#2247,0.299998463196885);
#766=CIRCLE('',#2249,14.3001978870814);
#767=CIRCLE('',#2250,14.3001978870814);
#768=CIRCLE('',#2251,14.3001978870814);
#769=CIRCLE('',#2273,2.15264786878854);
#770=CIRCLE('',#2274,2.15264786878854);
#771=CIRCLE('',#2276,2.15264969051489);
#772=CIRCLE('',#2277,2.15264969051489);
#773=CIRCLE('',#2279,2.15265027074914);
#774=CIRCLE('',#2280,2.15265027074914);
#775=CIRCLE('',#2282,2.15265006981903);
#776=CIRCLE('',#2283,2.15265006981903);
#777=CIRCLE('',#2285,2.15264697698088);
#778=CIRCLE('',#2286,2.15264697698088);
#779=CIRCLE('',#2288,2.15265050280888);
#780=CIRCLE('',#2289,2.15265050280888);
#781=CIRCLE('',#2292,1.29999723990205);
#782=CIRCLE('',#2294,19.1997704850615);
#783=CIRCLE('',#2296,1.30000855464137);
#784=CIRCLE('',#2298,1.29997837661024);
#785=CIRCLE('',#2300,19.200330627312);
#786=CIRCLE('',#2302,1.29999882520335);
#787=CIRCLE('',#2304,1.30001074546566);
#788=CIRCLE('',#2306,19.19967985274);
#789=CIRCLE('',#2308,1.29998375020093);
#790=CIRCLE('',#2310,3.74999847134967);
#791=CIRCLE('',#2311,3.74999847134967);
#792=CIRCLE('',#2313,3.7499890588472);
#793=CIRCLE('',#2314,3.7499890588472);
#794=CIRCLE('',#2316,3.75000321483441);
#795=CIRCLE('',#2317,3.75000321483441);
#796=CIRCLE('',#2319,3.749993984082);
#797=CIRCLE('',#2320,3.749993984082);
#798=CIRCLE('',#2322,3.74999683315675);
#799=CIRCLE('',#2323,3.74999683315675);
#800=CIRCLE('',#2325,3.74999731206323);
#801=CIRCLE('',#2326,3.74999731206323);
#802=CIRCLE('',#2328,23.8084380065651);
#803=CIRCLE('',#2329,23.8084380065651);
#804=CIRCLE('',#2331,23.8186369342869);
#805=CIRCLE('',#2332,23.8186369342869);
#806=CIRCLE('',#2334,23.8125032553444);
#807=CIRCLE('',#2335,23.8125032553444);
#808=CIRCLE('',#2337,23.8081442543801);
#809=CIRCLE('',#2338,23.8081442543801);
#810=CIRCLE('',#2340,23.8139549916508);
#811=CIRCLE('',#2341,23.8139549916508);
#812=CIRCLE('',#2343,23.8122944743633);
#813=CIRCLE('',#2344,23.8122944743633);
#814=CIRCLE('',#2346,23.8160659398233);
#815=CIRCLE('',#2347,23.8160659398233);
#816=CIRCLE('',#2349,23.8126379147111);
#817=CIRCLE('',#2350,23.8126379147111);
#818=CIRCLE('',#2352,23.8067345914053);
#819=CIRCLE('',#2353,23.8067345914053);
#820=CIRCLE('',#2372,5.99499999999999);
#821=VERTEX_POINT('',#3028);
#822=VERTEX_POINT('',#3030);
#823=VERTEX_POINT('',#3033);
#824=VERTEX_POINT('',#3037);
#825=VERTEX_POINT('',#3038);
#826=VERTEX_POINT('',#3042);
#827=VERTEX_POINT('',#3043);
#828=VERTEX_POINT('',#3045);
#829=VERTEX_POINT('',#3052);
#830=VERTEX_POINT('',#3054);
#831=VERTEX_POINT('',#3062);
#832=VERTEX_POINT('',#3102);
#833=VERTEX_POINT('',#3103);
#834=VERTEX_POINT('',#3105);
#835=VERTEX_POINT('',#3113);
#836=VERTEX_POINT('',#3119);
#837=VERTEX_POINT('',#3159);
#838=VERTEX_POINT('',#3160);
#839=VERTEX_POINT('',#3162);
#840=VERTEX_POINT('',#3164);
#841=VERTEX_POINT('',#3168);
#842=VERTEX_POINT('',#3169);
#843=VERTEX_POINT('',#3171);
#844=VERTEX_POINT('',#3197);
#845=VERTEX_POINT('',#3199);
#846=VERTEX_POINT('',#3203);
#847=VERTEX_POINT('',#3204);
#848=VERTEX_POINT('',#3206);
#849=VERTEX_POINT('',#3216);
#850=VERTEX_POINT('',#3256);
#851=VERTEX_POINT('',#3257);
#852=VERTEX_POINT('',#3259);
#853=VERTEX_POINT('',#3289);
#854=VERTEX_POINT('',#3327);
#855=VERTEX_POINT('',#3339);
#856=VERTEX_POINT('',#3340);
#857=VERTEX_POINT('',#3342);
#858=VERTEX_POINT('',#3352);
#859=VERTEX_POINT('',#3392);
#860=VERTEX_POINT('',#3394);
#861=VERTEX_POINT('',#3396);
#862=VERTEX_POINT('',#3470);
#863=VERTEX_POINT('',#3476);
#864=VERTEX_POINT('',#3477);
#865=VERTEX_POINT('',#3479);
#866=VERTEX_POINT('',#3481);
#867=VERTEX_POINT('',#3521);
#868=VERTEX_POINT('',#3534);
#869=VERTEX_POINT('',#3535);
#870=VERTEX_POINT('',#3585);
#871=VERTEX_POINT('',#3587);
#872=VERTEX_POINT('',#3589);
#873=VERTEX_POINT('',#3678);
#874=VERTEX_POINT('',#3679);
#875=VERTEX_POINT('',#3681);
#876=VERTEX_POINT('',#3689);
#877=VERTEX_POINT('',#3694);
#878=VERTEX_POINT('',#3696);
#879=VERTEX_POINT('',#3700);
#880=VERTEX_POINT('',#3701);
#881=VERTEX_POINT('',#3703);
#882=VERTEX_POINT('',#3705);
#883=VERTEX_POINT('',#3709);
#884=VERTEX_POINT('',#3714);
#885=VERTEX_POINT('',#3806);
#886=VERTEX_POINT('',#3810);
#887=VERTEX_POINT('',#3812);
#888=VERTEX_POINT('',#3834);
#889=VERTEX_POINT('',#3838);
#890=VERTEX_POINT('',#3839);
#891=VERTEX_POINT('',#3849);
#892=VERTEX_POINT('',#3851);
#893=VERTEX_POINT('',#3891);
#894=VERTEX_POINT('',#3892);
#895=VERTEX_POINT('',#3894);
#896=VERTEX_POINT('',#3896);
#897=VERTEX_POINT('',#3898);
#898=VERTEX_POINT('',#3907);
#899=VERTEX_POINT('',#3908);
#900=VERTEX_POINT('',#3946);
#901=VERTEX_POINT('',#3948);
#902=VERTEX_POINT('',#3960);
#903=VERTEX_POINT('',#3962);
#904=VERTEX_POINT('',#3989);
#905=VERTEX_POINT('',#3993);
#906=VERTEX_POINT('',#3994);
#907=VERTEX_POINT('',#3996);
#908=VERTEX_POINT('',#4006);
#909=VERTEX_POINT('',#4046);
#910=VERTEX_POINT('',#4056);
#911=VERTEX_POINT('',#4097);
#912=VERTEX_POINT('',#4101);
#913=VERTEX_POINT('',#4113);
#914=VERTEX_POINT('',#4114);
#915=VERTEX_POINT('',#4129);
#916=VERTEX_POINT('',#4133);
#917=VERTEX_POINT('',#4142);
#918=VERTEX_POINT('',#4143);
#919=VERTEX_POINT('',#4145);
#920=VERTEX_POINT('',#4147);
#921=VERTEX_POINT('',#4162);
#922=VERTEX_POINT('',#4176);
#923=VERTEX_POINT('',#4181);
#924=VERTEX_POINT('',#4190);
#925=VERTEX_POINT('',#4205);
#926=VERTEX_POINT('',#4207);
#927=VERTEX_POINT('',#4219);
#928=VERTEX_POINT('',#4220);
#929=VERTEX_POINT('',#4222);
#930=VERTEX_POINT('',#4260);
#931=VERTEX_POINT('',#4272);
#932=VERTEX_POINT('',#4274);
#933=VERTEX_POINT('',#4461);
#934=VERTEX_POINT('',#4463);
#935=VERTEX_POINT('',#4581);
#936=VERTEX_POINT('',#4583);
#937=VERTEX_POINT('',#4598);
#938=VERTEX_POINT('',#4599);
#939=VERTEX_POINT('',#4642);
#940=VERTEX_POINT('',#4680);
#941=VERTEX_POINT('',#4684);
#942=VERTEX_POINT('',#4686);
#943=VERTEX_POINT('',#4690);
#944=VERTEX_POINT('',#4691);
#945=VERTEX_POINT('',#4694);
#946=VERTEX_POINT('',#4698);
#947=VERTEX_POINT('',#4699);
#948=VERTEX_POINT('',#4745);
#949=VERTEX_POINT('',#4747);
#950=VERTEX_POINT('',#4749);
#951=VERTEX_POINT('',#4772);
#952=VERTEX_POINT('',#4776);
#953=VERTEX_POINT('',#4781);
#954=VERTEX_POINT('',#4786);
#955=VERTEX_POINT('',#4792);
#956=VERTEX_POINT('',#4797);
#957=VERTEX_POINT('',#4817);
#958=VERTEX_POINT('',#4819);
#959=VERTEX_POINT('',#4823);
#960=VERTEX_POINT('',#4825);
#961=VERTEX_POINT('',#4829);
#962=VERTEX_POINT('',#4831);
#963=VERTEX_POINT('',#4835);
#964=VERTEX_POINT('',#4837);
#965=VERTEX_POINT('',#4841);
#966=VERTEX_POINT('',#4843);
#967=VERTEX_POINT('',#4847);
#968=VERTEX_POINT('',#4849);
#969=VERTEX_POINT('',#4855);
#970=VERTEX_POINT('',#4856);
#971=VERTEX_POINT('',#4861);
#972=VERTEX_POINT('',#4865);
#973=VERTEX_POINT('',#4869);
#974=VERTEX_POINT('',#4871);
#975=VERTEX_POINT('',#4875);
#976=VERTEX_POINT('',#4879);
#977=VERTEX_POINT('',#4883);
#978=VERTEX_POINT('',#4885);
#979=VERTEX_POINT('',#4889);
#980=VERTEX_POINT('',#4893);
#981=VERTEX_POINT('',#4897);
#982=VERTEX_POINT('',#4898);
#983=VERTEX_POINT('',#4900);
#984=VERTEX_POINT('',#4902);
#985=VERTEX_POINT('',#4906);
#986=VERTEX_POINT('',#4907);
#987=VERTEX_POINT('',#4909);
#988=VERTEX_POINT('',#4911);
#989=VERTEX_POINT('',#4915);
#990=VERTEX_POINT('',#4916);
#991=VERTEX_POINT('',#4918);
#992=VERTEX_POINT('',#4920);
#993=VERTEX_POINT('',#4924);
#994=VERTEX_POINT('',#4925);
#995=VERTEX_POINT('',#4927);
#996=VERTEX_POINT('',#4929);
#997=VERTEX_POINT('',#4933);
#998=VERTEX_POINT('',#4934);
#999=VERTEX_POINT('',#4936);
#1000=VERTEX_POINT('',#4938);
#1001=VERTEX_POINT('',#4942);
#1002=VERTEX_POINT('',#4943);
#1003=VERTEX_POINT('',#4945);
#1004=VERTEX_POINT('',#4947);
#1005=VERTEX_POINT('',#4951);
#1006=VERTEX_POINT('',#4956);
#1007=VERTEX_POINT('',#4965);
#1008=VERTEX_POINT('',#4969);
#1009=VERTEX_POINT('',#4977);
#1010=VERTEX_POINT('',#4986);
#1011=VERTEX_POINT('',#5051);
#1012=EDGE_CURVE('',#821,#821,#674,.T.);
#1013=EDGE_CURVE('',#822,#822,#675,.T.);
#1014=EDGE_CURVE('',#821,#823,#116,.T.);
#1015=EDGE_CURVE('',#823,#823,#676,.T.);
#1016=EDGE_CURVE('',#824,#825,#677,.T.);
#1017=EDGE_CURVE('',#825,#824,#678,.T.);
#1018=EDGE_CURVE('',#826,#827,#117,.T.);
#1019=EDGE_CURVE('',#828,#826,#62,.T.);
#1020=EDGE_CURVE('',#829,#828,#679,.T.);
#1021=EDGE_CURVE('',#830,#829,#63,.T.);
#1022=EDGE_CURVE('',#831,#830,#118,.T.);
#1023=EDGE_CURVE('',#827,#831,#64,.T.);
#1024=EDGE_CURVE('',#832,#833,#119,.T.);
#1025=EDGE_CURVE('',#834,#832,#65,.T.);
#1026=EDGE_CURVE('',#835,#834,#66,.T.);
#1027=EDGE_CURVE('',#836,#835,#120,.T.);
#1028=EDGE_CURVE('',#833,#836,#67,.T.);
#1029=EDGE_CURVE('',#837,#838,#121,.T.);
#1030=EDGE_CURVE('',#839,#837,#680,.T.);
#1031=EDGE_CURVE('',#840,#839,#122,.T.);
#1032=EDGE_CURVE('',#838,#840,#681,.T.);
#1033=EDGE_CURVE('',#841,#842,#682,.T.);
#1034=EDGE_CURVE('',#843,#841,#68,.T.);
#1035=EDGE_CURVE('',#844,#843,#683,.T.);
#1036=EDGE_CURVE('',#845,#844,#684,.T.);
#1037=EDGE_CURVE('',#845,#842,#685,.T.);
#1038=EDGE_CURVE('',#846,#847,#686,.T.);
#1039=EDGE_CURVE('',#848,#846,#69,.T.);
#1040=EDGE_CURVE('',#849,#848,#687,.T.);
#1041=EDGE_CURVE('',#847,#849,#70,.T.);
#1042=EDGE_CURVE('',#850,#851,#688,.T.);
#1043=EDGE_CURVE('',#852,#850,#689,.T.);
#1044=EDGE_CURVE('',#846,#852,#71,.T.);
#1045=EDGE_CURVE('',#851,#847,#690,.T.);
#1046=EDGE_CURVE('',#853,#850,#72,.T.);
#1047=EDGE_CURVE('',#854,#853,#691,.T.);
#1048=EDGE_CURVE('',#852,#854,#73,.T.);
#1049=EDGE_CURVE('',#855,#856,#692,.T.);
#1050=EDGE_CURVE('',#857,#855,#74,.T.);
#1051=EDGE_CURVE('',#858,#857,#693,.T.);
#1052=EDGE_CURVE('',#856,#858,#75,.T.);
#1053=EDGE_CURVE('',#859,#857,#694,.T.);
#1054=EDGE_CURVE('',#860,#859,#695,.T.);
#1055=EDGE_CURVE('',#861,#860,#76,.T.);
#1056=EDGE_CURVE('',#862,#861,#123,.T.);
#1057=EDGE_CURVE('',#858,#862,#77,.T.);
#1058=EDGE_CURVE('',#863,#864,#696,.T.);
#1059=EDGE_CURVE('',#865,#863,#697,.T.);
#1060=EDGE_CURVE('',#866,#865,#698,.T.);
#1061=EDGE_CURVE('',#864,#866,#78,.T.);
#1062=EDGE_CURVE('',#833,#867,#699,.T.);
#1063=EDGE_CURVE('',#860,#836,#124,.T.);
#1064=EDGE_CURVE('',#867,#859,#79,.T.);
#1065=EDGE_CURVE('',#868,#869,#80,.T.);
#1066=EDGE_CURVE('',#870,#868,#125,.T.);
#1067=EDGE_CURVE('',#871,#870,#126,.T.);
#1068=EDGE_CURVE('',#872,#871,#700,.T.);
#1069=EDGE_CURVE('',#866,#872,#81,.T.);
#1070=EDGE_CURVE('',#869,#865,#82,.T.);
#1071=EDGE_CURVE('',#873,#874,#127,.T.);
#1072=EDGE_CURVE('',#875,#873,#83,.T.);
#1073=EDGE_CURVE('',#876,#875,#128,.T.);
#1074=EDGE_CURVE('',#871,#876,#129,.T.);
#1075=EDGE_CURVE('',#874,#865,#130,.T.);
#1076=EDGE_CURVE('',#877,#871,#701,.T.);
#1077=EDGE_CURVE('',#878,#877,#702,.T.);
#1078=EDGE_CURVE('',#872,#878,#703,.T.);
#1079=EDGE_CURVE('',#879,#880,#704,.T.);
#1080=EDGE_CURVE('',#881,#879,#705,.T.);
#1081=EDGE_CURVE('',#882,#881,#706,.T.);
#1082=EDGE_CURVE('',#880,#882,#707,.T.);
#1083=EDGE_CURVE('',#883,#880,#708,.T.);
#1084=EDGE_CURVE('',#837,#883,#709,.T.);
#1085=EDGE_CURVE('',#879,#837,#710,.T.);
#1086=EDGE_CURVE('',#884,#828,#84,.T.);
#1087=EDGE_CURVE('',#885,#884,#711,.T.);
#1088=EDGE_CURVE('',#830,#885,#712,.T.);
#1089=EDGE_CURVE('',#886,#826,#131,.T.);
#1090=EDGE_CURVE('',#887,#886,#713,.T.);
#1091=EDGE_CURVE('',#884,#887,#85,.T.);
#1092=EDGE_CURVE('',#839,#888,#714,.T.);
#1093=EDGE_CURVE('',#888,#883,#715,.T.);
#1094=EDGE_CURVE('',#889,#890,#86,.T.);
#1095=EDGE_CURVE('',#891,#889,#716,.T.);
#1096=EDGE_CURVE('',#892,#891,#87,.T.);
#1097=EDGE_CURVE('',#890,#892,#717,.T.);
#1098=EDGE_CURVE('',#893,#894,#718,.T.);
#1099=EDGE_CURVE('',#895,#894,#719,.T.);
#1100=EDGE_CURVE('',#896,#895,#720,.T.);
#1101=EDGE_CURVE('',#897,#896,#88,.T.);
#1102=EDGE_CURVE('',#893,#897,#721,.T.);
#1103=EDGE_CURVE('',#898,#899,#89,.T.);
#1104=EDGE_CURVE('',#900,#898,#722,.T.);
#1105=EDGE_CURVE('',#901,#900,#90,.T.);
#1106=EDGE_CURVE('',#899,#901,#723,.T.);
#1107=EDGE_CURVE('',#899,#902,#724,.T.);
#1108=EDGE_CURVE('',#903,#901,#91,.T.);
#1109=EDGE_CURVE('',#904,#903,#725,.T.);
#1110=EDGE_CURVE('',#902,#904,#726,.T.);
#1111=EDGE_CURVE('',#905,#906,#727,.T.);
#1112=EDGE_CURVE('',#907,#905,#92,.T.);
#1113=EDGE_CURVE('',#908,#907,#728,.T.);
#1114=EDGE_CURVE('',#906,#908,#93,.T.);
#1115=EDGE_CURVE('',#909,#903,#94,.T.);
#1116=EDGE_CURVE('',#910,#909,#729,.T.);
#1117=EDGE_CURVE('',#904,#910,#95,.T.);
#1118=EDGE_CURVE('',#835,#906,#730,.T.);
#1119=EDGE_CURVE('',#911,#835,#731,.T.);
#1120=EDGE_CURVE('',#905,#911,#732,.T.);
#1121=EDGE_CURVE('',#911,#912,#96,.T.);
#1122=EDGE_CURVE('',#912,#832,#733,.T.);
#1123=EDGE_CURVE('',#913,#914,#97,.T.);
#1124=EDGE_CURVE('',#873,#913,#734,.T.);
#1125=EDGE_CURVE('',#915,#874,#735,.T.);
#1126=EDGE_CURVE('',#914,#915,#736,.T.);
#1127=EDGE_CURVE('',#916,#913,#98,.T.);
#1128=EDGE_CURVE('',#875,#916,#737,.T.);
#1129=EDGE_CURVE('',#917,#918,#738,.T.);
#1130=EDGE_CURVE('',#919,#917,#739,.T.);
#1131=EDGE_CURVE('',#920,#919,#740,.T.);
#1132=EDGE_CURVE('',#918,#920,#99,.T.);
#1133=EDGE_CURVE('',#921,#916,#100,.T.);
#1134=EDGE_CURVE('',#922,#921,#741,.T.);
#1135=EDGE_CURVE('',#876,#922,#742,.T.);
#1136=EDGE_CURVE('',#838,#919,#743,.T.);
#1137=EDGE_CURVE('',#923,#838,#744,.T.);
#1138=EDGE_CURVE('',#920,#923,#101,.T.);
#1139=EDGE_CURVE('',#924,#840,#745,.T.);
#1140=EDGE_CURVE('',#923,#924,#102,.T.);
#1141=EDGE_CURVE('',#925,#831,#746,.T.);
#1142=EDGE_CURVE('',#926,#925,#103,.T.);
#1143=EDGE_CURVE('',#827,#926,#747,.T.);
#1144=EDGE_CURVE('',#927,#928,#748,.T.);
#1145=EDGE_CURVE('',#929,#927,#104,.T.);
#1146=EDGE_CURVE('',#930,#929,#749,.T.);
#1147=EDGE_CURVE('',#928,#930,#105,.T.);
#1148=EDGE_CURVE('',#931,#827,#132,.T.);
#1149=EDGE_CURVE('',#932,#931,#133,.T.);
#1150=EDGE_CURVE('',#929,#932,#106,.T.);
#1151=EDGE_CURVE('',#891,#929,#134,.T.);
#1152=EDGE_CURVE('',#933,#891,#750,.T.);
#1153=EDGE_CURVE('',#934,#933,#751,.T.);
#1154=EDGE_CURVE('',#886,#934,#107,.T.);
#1155=EDGE_CURVE('',#858,#906,#135,.T.);
#1156=EDGE_CURVE('',#850,#904,#136,.T.);
#1157=EDGE_CURVE('',#902,#851,#108,.T.);
#1158=EDGE_CURVE('',#899,#847,#137,.T.);
#1159=EDGE_CURVE('',#894,#845,#138,.T.);
#1160=EDGE_CURVE('',#895,#844,#139,.T.);
#1161=EDGE_CURVE('',#879,#919,#140,.T.);
#1162=EDGE_CURVE('',#930,#926,#109,.T.);
#1163=EDGE_CURVE('',#935,#895,#752,.T.);
#1164=EDGE_CURVE('',#936,#935,#753,.T.);
#1165=EDGE_CURVE('',#896,#936,#110,.T.);
#1166=EDGE_CURVE('',#937,#938,#754,.T.);
#1167=EDGE_CURVE('',#937,#893,#755,.T.);
#1168=EDGE_CURVE('',#938,#897,#111,.T.);
#1169=EDGE_CURVE('',#887,#889,#112,.T.);
#1170=EDGE_CURVE('',#939,#843,#113,.T.);
#1171=EDGE_CURVE('',#940,#939,#756,.T.);
#1172=EDGE_CURVE('',#844,#940,#757,.T.);
#1173=EDGE_CURVE('',#841,#941,#758,.T.);
#1174=EDGE_CURVE('',#842,#942,#759,.T.);
#1175=EDGE_CURVE('',#941,#942,#760,.T.);
#1176=EDGE_CURVE('',#943,#944,#761,.T.);
#1177=EDGE_CURVE('',#944,#943,#762,.T.);
#1178=EDGE_CURVE('',#944,#945,#763,.T.);
#1179=EDGE_CURVE('',#945,#945,#764,.T.);
#1180=EDGE_CURVE('',#946,#947,#114,.T.);
#1181=EDGE_CURVE('',#947,#946,#115,.T.);
#1182=EDGE_CURVE('',#947,#825,#765,.T.);
#1183=EDGE_CURVE('',#947,#948,#141,.T.);
#1184=EDGE_CURVE('',#949,#948,#766,.T.);
#1185=EDGE_CURVE('',#950,#949,#767,.T.);
#1186=EDGE_CURVE('',#948,#950,#768,.T.);
#1187=EDGE_CURVE('',#941,#848,#142,.T.);
#1188=EDGE_CURVE('',#849,#942,#143,.T.);
#1189=EDGE_CURVE('',#940,#856,#144,.T.);
#1190=EDGE_CURVE('',#855,#939,#145,.T.);
#1191=EDGE_CURVE('',#863,#853,#146,.T.);
#1192=EDGE_CURVE('',#854,#864,#147,.T.);
#1193=EDGE_CURVE('',#833,#881,#148,.T.);
#1194=EDGE_CURVE('',#882,#867,#149,.T.);
#1195=EDGE_CURVE('',#878,#885,#150,.T.);
#1196=EDGE_CURVE('',#830,#877,#151,.T.);
#1197=EDGE_CURVE('',#890,#888,#152,.T.);
#1198=EDGE_CURVE('',#839,#892,#153,.T.);
#1199=EDGE_CURVE('',#937,#898,#154,.T.);
#1200=EDGE_CURVE('',#951,#938,#155,.T.);
#1201=EDGE_CURVE('',#900,#951,#156,.T.);
#1202=EDGE_CURVE('',#952,#907,#157,.T.);
#1203=EDGE_CURVE('',#936,#952,#158,.T.);
#1204=EDGE_CURVE('',#908,#935,#159,.T.);
#1205=EDGE_CURVE('',#953,#909,#160,.T.);
#1206=EDGE_CURVE('',#914,#953,#161,.T.);
#1207=EDGE_CURVE('',#910,#915,#162,.T.);
#1208=EDGE_CURVE('',#954,#918,#163,.T.);
#1209=EDGE_CURVE('',#912,#954,#164,.T.);
#1210=EDGE_CURVE('',#917,#832,#165,.T.);
#1211=EDGE_CURVE('',#922,#831,#166,.T.);
#1212=EDGE_CURVE('',#955,#921,#167,.T.);
#1213=EDGE_CURVE('',#925,#955,#168,.T.);
#1214=EDGE_CURVE('',#927,#840,#169,.T.);
#1215=EDGE_CURVE('',#956,#928,#170,.T.);
#1216=EDGE_CURVE('',#924,#956,#171,.T.);
#1217=EDGE_CURVE('',#856,#908,#172,.T.);
#1218=EDGE_CURVE('',#898,#849,#173,.T.);
#1219=EDGE_CURVE('',#853,#910,#174,.T.);
#1220=EDGE_CURVE('',#892,#927,#175,.T.);
#1221=EDGE_CURVE('',#915,#863,#176,.T.);
#1222=EDGE_CURVE('',#877,#922,#177,.T.);
#1223=EDGE_CURVE('',#881,#917,#178,.T.);
#1224=EDGE_CURVE('',#935,#940,#179,.T.);
#1225=EDGE_CURVE('',#957,#957,#769,.T.);
#1226=EDGE_CURVE('',#957,#958,#180,.T.);
#1227=EDGE_CURVE('',#958,#958,#770,.T.);
#1228=EDGE_CURVE('',#959,#959,#771,.T.);
#1229=EDGE_CURVE('',#959,#960,#181,.T.);
#1230=EDGE_CURVE('',#960,#960,#772,.T.);
#1231=EDGE_CURVE('',#961,#961,#773,.T.);
#1232=EDGE_CURVE('',#961,#962,#182,.T.);
#1233=EDGE_CURVE('',#962,#962,#774,.T.);
#1234=EDGE_CURVE('',#963,#963,#775,.T.);
#1235=EDGE_CURVE('',#963,#964,#183,.T.);
#1236=EDGE_CURVE('',#964,#964,#776,.T.);
#1237=EDGE_CURVE('',#965,#965,#777,.T.);
#1238=EDGE_CURVE('',#965,#966,#184,.T.);
#1239=EDGE_CURVE('',#966,#966,#778,.T.);
#1240=EDGE_CURVE('',#967,#967,#779,.T.);
#1241=EDGE_CURVE('',#967,#968,#185,.T.);
#1242=EDGE_CURVE('',#968,#968,#780,.T.);
#1243=EDGE_CURVE('',#944,#950,#186,.T.);
#1244=EDGE_CURVE('',#969,#970,#781,.T.);
#1245=EDGE_CURVE('',#921,#969,#187,.T.);
#1246=EDGE_CURVE('',#970,#916,#188,.T.);
#1247=EDGE_CURVE('',#970,#971,#782,.T.);
#1248=EDGE_CURVE('',#971,#913,#189,.T.);
#1249=EDGE_CURVE('',#971,#972,#783,.T.);
#1250=EDGE_CURVE('',#972,#914,#190,.T.);
#1251=EDGE_CURVE('',#938,#973,#191,.T.);
#1252=EDGE_CURVE('',#974,#897,#192,.T.);
#1253=EDGE_CURVE('',#973,#974,#784,.T.);
#1254=EDGE_CURVE('',#975,#896,#193,.T.);
#1255=EDGE_CURVE('',#974,#975,#785,.T.);
#1256=EDGE_CURVE('',#976,#936,#194,.T.);
#1257=EDGE_CURVE('',#975,#976,#786,.T.);
#1258=EDGE_CURVE('',#918,#977,#195,.T.);
#1259=EDGE_CURVE('',#978,#920,#196,.T.);
#1260=EDGE_CURVE('',#977,#978,#787,.T.);
#1261=EDGE_CURVE('',#979,#923,#197,.T.);
#1262=EDGE_CURVE('',#978,#979,#788,.T.);
#1263=EDGE_CURVE('',#980,#924,#198,.T.);
#1264=EDGE_CURVE('',#979,#980,#789,.T.);
#1265=EDGE_CURVE('',#981,#982,#199,.T.);
#1266=EDGE_CURVE('',#983,#981,#790,.T.);
#1267=EDGE_CURVE('',#984,#983,#200,.T.);
#1268=EDGE_CURVE('',#982,#984,#791,.T.);
#1269=EDGE_CURVE('',#985,#986,#201,.T.);
#1270=EDGE_CURVE('',#987,#985,#792,.T.);
#1271=EDGE_CURVE('',#988,#987,#202,.T.);
#1272=EDGE_CURVE('',#986,#988,#793,.T.);
#1273=EDGE_CURVE('',#989,#990,#794,.T.);
#1274=EDGE_CURVE('',#991,#989,#203,.T.);
#1275=EDGE_CURVE('',#992,#991,#795,.T.);
#1276=EDGE_CURVE('',#990,#992,#204,.T.);
#1277=EDGE_CURVE('',#993,#994,#205,.T.);
#1278=EDGE_CURVE('',#995,#993,#796,.T.);
#1279=EDGE_CURVE('',#996,#995,#206,.T.);
#1280=EDGE_CURVE('',#994,#996,#797,.T.);
#1281=EDGE_CURVE('',#997,#998,#798,.T.);
#1282=EDGE_CURVE('',#999,#997,#207,.T.);
#1283=EDGE_CURVE('',#1000,#999,#799,.T.);
#1284=EDGE_CURVE('',#998,#1000,#208,.T.);
#1285=EDGE_CURVE('',#1001,#1002,#209,.T.);
#1286=EDGE_CURVE('',#1003,#1001,#800,.T.);
#1287=EDGE_CURVE('',#1004,#1003,#210,.T.);
#1288=EDGE_CURVE('',#1002,#1004,#801,.T.);
#1289=EDGE_CURVE('',#990,#1005,#802,.T.);
#1290=EDGE_CURVE('',#955,#992,#803,.T.);
#1291=EDGE_CURVE('',#1005,#955,#211,.T.);
#1292=EDGE_CURVE('',#1006,#982,#804,.T.);
#1293=EDGE_CURVE('',#956,#1006,#212,.T.);
#1294=EDGE_CURVE('',#981,#956,#805,.T.);
#1295=EDGE_CURVE('',#984,#989,#806,.T.);
#1296=EDGE_CURVE('',#991,#983,#807,.T.);
#1297=EDGE_CURVE('',#951,#987,#808,.T.);
#1298=EDGE_CURVE('',#1007,#951,#213,.T.);
#1299=EDGE_CURVE('',#988,#1007,#809,.T.);
#1300=EDGE_CURVE('',#1008,#997,#810,.T.);
#1301=EDGE_CURVE('',#953,#1008,#214,.T.);
#1302=EDGE_CURVE('',#999,#953,#811,.T.);
#1303=EDGE_CURVE('',#985,#1000,#812,.T.);
#1304=EDGE_CURVE('',#998,#986,#813,.T.);
#1305=EDGE_CURVE('',#952,#1009,#215,.T.);
#1306=EDGE_CURVE('',#1001,#952,#814,.T.);
#1307=EDGE_CURVE('',#1009,#1002,#815,.T.);
#1308=EDGE_CURVE('',#993,#1003,#816,.T.);
#1309=EDGE_CURVE('',#1004,#994,#817,.T.);
#1310=EDGE_CURVE('',#954,#995,#818,.T.);
#1311=EDGE_CURVE('',#1010,#954,#216,.T.);
#1312=EDGE_CURVE('',#996,#1010,#819,.T.);
#1313=EDGE_CURVE('',#942,#937,#217,.T.);
#1314=EDGE_CURVE('',#980,#1006,#218,.T.);
#1315=EDGE_CURVE('',#1005,#969,#219,.T.);
#1316=EDGE_CURVE('',#972,#1008,#220,.T.);
#1317=EDGE_CURVE('',#1007,#973,#221,.T.);
#1318=EDGE_CURVE('',#976,#1009,#222,.T.);
#1319=EDGE_CURVE('',#1010,#977,#223,.T.);
#1320=EDGE_CURVE('',#842,#893,#224,.T.);
#1321=EDGE_CURVE('',#1011,#1011,#820,.T.);
#1322=EDGE_CURVE('',#822,#1011,#225,.T.);
#1323=ORIENTED_EDGE('',*,*,#1012,.F.);
#1324=ORIENTED_EDGE('',*,*,#1013,.T.);
#1325=ORIENTED_EDGE('',*,*,#1012,.T.);
#1326=ORIENTED_EDGE('',*,*,#1014,.T.);
#1327=ORIENTED_EDGE('',*,*,#1015,.F.);
#1328=ORIENTED_EDGE('',*,*,#1014,.F.);
#1329=ORIENTED_EDGE('',*,*,#1016,.T.);
#1330=ORIENTED_EDGE('',*,*,#1017,.T.);
#1331=ORIENTED_EDGE('',*,*,#1018,.F.);
#1332=ORIENTED_EDGE('',*,*,#1019,.F.);
#1333=ORIENTED_EDGE('',*,*,#1020,.F.);
#1334=ORIENTED_EDGE('',*,*,#1021,.F.);
#1335=ORIENTED_EDGE('',*,*,#1022,.F.);
#1336=ORIENTED_EDGE('',*,*,#1023,.F.);
#1337=ORIENTED_EDGE('',*,*,#1024,.F.);
#1338=ORIENTED_EDGE('',*,*,#1025,.F.);
#1339=ORIENTED_EDGE('',*,*,#1026,.F.);
#1340=ORIENTED_EDGE('',*,*,#1027,.F.);
#1341=ORIENTED_EDGE('',*,*,#1028,.F.);
#1342=ORIENTED_EDGE('',*,*,#1029,.F.);
#1343=ORIENTED_EDGE('',*,*,#1030,.F.);
#1344=ORIENTED_EDGE('',*,*,#1031,.F.);
#1345=ORIENTED_EDGE('',*,*,#1032,.F.);
#1346=ORIENTED_EDGE('',*,*,#1033,.F.);
#1347=ORIENTED_EDGE('',*,*,#1034,.F.);
#1348=ORIENTED_EDGE('',*,*,#1035,.F.);
#1349=ORIENTED_EDGE('',*,*,#1036,.F.);
#1350=ORIENTED_EDGE('',*,*,#1037,.T.);
#1351=ORIENTED_EDGE('',*,*,#1038,.F.);
#1352=ORIENTED_EDGE('',*,*,#1039,.F.);
#1353=ORIENTED_EDGE('',*,*,#1040,.F.);
#1354=ORIENTED_EDGE('',*,*,#1041,.F.);
#1355=ORIENTED_EDGE('',*,*,#1042,.F.);
#1356=ORIENTED_EDGE('',*,*,#1043,.F.);
#1357=ORIENTED_EDGE('',*,*,#1044,.F.);
#1358=ORIENTED_EDGE('',*,*,#1038,.T.);
#1359=ORIENTED_EDGE('',*,*,#1045,.F.);
#1360=ORIENTED_EDGE('',*,*,#1046,.F.);
#1361=ORIENTED_EDGE('',*,*,#1047,.F.);
#1362=ORIENTED_EDGE('',*,*,#1048,.F.);
#1363=ORIENTED_EDGE('',*,*,#1043,.T.);
#1364=ORIENTED_EDGE('',*,*,#1049,.F.);
#1365=ORIENTED_EDGE('',*,*,#1050,.F.);
#1366=ORIENTED_EDGE('',*,*,#1051,.F.);
#1367=ORIENTED_EDGE('',*,*,#1052,.F.);
#1368=ORIENTED_EDGE('',*,*,#1051,.T.);
#1369=ORIENTED_EDGE('',*,*,#1053,.F.);
#1370=ORIENTED_EDGE('',*,*,#1054,.F.);
#1371=ORIENTED_EDGE('',*,*,#1055,.F.);
#1372=ORIENTED_EDGE('',*,*,#1056,.F.);
#1373=ORIENTED_EDGE('',*,*,#1057,.F.);
#1374=ORIENTED_EDGE('',*,*,#1058,.F.);
#1375=ORIENTED_EDGE('',*,*,#1059,.F.);
#1376=ORIENTED_EDGE('',*,*,#1060,.F.);
#1377=ORIENTED_EDGE('',*,*,#1061,.F.);
#1378=ORIENTED_EDGE('',*,*,#1062,.F.);
#1379=ORIENTED_EDGE('',*,*,#1028,.T.);
#1380=ORIENTED_EDGE('',*,*,#1063,.F.);
#1381=ORIENTED_EDGE('',*,*,#1054,.T.);
#1382=ORIENTED_EDGE('',*,*,#1064,.F.);
#1383=ORIENTED_EDGE('',*,*,#1065,.F.);
#1384=ORIENTED_EDGE('',*,*,#1066,.F.);
#1385=ORIENTED_EDGE('',*,*,#1067,.F.);
#1386=ORIENTED_EDGE('',*,*,#1068,.F.);
#1387=ORIENTED_EDGE('',*,*,#1069,.F.);
#1388=ORIENTED_EDGE('',*,*,#1060,.T.);
#1389=ORIENTED_EDGE('',*,*,#1070,.F.);
#1390=ORIENTED_EDGE('',*,*,#1071,.F.);
#1391=ORIENTED_EDGE('',*,*,#1072,.F.);
#1392=ORIENTED_EDGE('',*,*,#1073,.F.);
#1393=ORIENTED_EDGE('',*,*,#1074,.F.);
#1394=ORIENTED_EDGE('',*,*,#1067,.T.);
#1395=ORIENTED_EDGE('',*,*,#1066,.T.);
#1396=ORIENTED_EDGE('',*,*,#1065,.T.);
#1397=ORIENTED_EDGE('',*,*,#1070,.T.);
#1398=ORIENTED_EDGE('',*,*,#1075,.F.);
#1399=ORIENTED_EDGE('',*,*,#1076,.F.);
#1400=ORIENTED_EDGE('',*,*,#1077,.F.);
#1401=ORIENTED_EDGE('',*,*,#1078,.F.);
#1402=ORIENTED_EDGE('',*,*,#1068,.T.);
#1403=ORIENTED_EDGE('',*,*,#1079,.F.);
#1404=ORIENTED_EDGE('',*,*,#1080,.F.);
#1405=ORIENTED_EDGE('',*,*,#1081,.F.);
#1406=ORIENTED_EDGE('',*,*,#1082,.F.);
#1407=ORIENTED_EDGE('',*,*,#1083,.F.);
#1408=ORIENTED_EDGE('',*,*,#1084,.F.);
#1409=ORIENTED_EDGE('',*,*,#1085,.F.);
#1410=ORIENTED_EDGE('',*,*,#1079,.T.);
#1411=ORIENTED_EDGE('',*,*,#1020,.T.);
#1412=ORIENTED_EDGE('',*,*,#1086,.F.);
#1413=ORIENTED_EDGE('',*,*,#1087,.F.);
#1414=ORIENTED_EDGE('',*,*,#1088,.F.);
#1415=ORIENTED_EDGE('',*,*,#1021,.T.);
#1416=ORIENTED_EDGE('',*,*,#1086,.T.);
#1417=ORIENTED_EDGE('',*,*,#1019,.T.);
#1418=ORIENTED_EDGE('',*,*,#1089,.F.);
#1419=ORIENTED_EDGE('',*,*,#1090,.F.);
#1420=ORIENTED_EDGE('',*,*,#1091,.F.);
#1421=ORIENTED_EDGE('',*,*,#1092,.F.);
#1422=ORIENTED_EDGE('',*,*,#1030,.T.);
#1423=ORIENTED_EDGE('',*,*,#1084,.T.);
#1424=ORIENTED_EDGE('',*,*,#1093,.F.);
#1425=ORIENTED_EDGE('',*,*,#1094,.F.);
#1426=ORIENTED_EDGE('',*,*,#1095,.F.);
#1427=ORIENTED_EDGE('',*,*,#1096,.F.);
#1428=ORIENTED_EDGE('',*,*,#1097,.F.);
#1429=ORIENTED_EDGE('',*,*,#1098,.T.);
#1430=ORIENTED_EDGE('',*,*,#1099,.F.);
#1431=ORIENTED_EDGE('',*,*,#1100,.F.);
#1432=ORIENTED_EDGE('',*,*,#1101,.F.);
#1433=ORIENTED_EDGE('',*,*,#1102,.F.);
#1434=ORIENTED_EDGE('',*,*,#1103,.F.);
#1435=ORIENTED_EDGE('',*,*,#1104,.F.);
#1436=ORIENTED_EDGE('',*,*,#1105,.F.);
#1437=ORIENTED_EDGE('',*,*,#1106,.F.);
#1438=ORIENTED_EDGE('',*,*,#1107,.F.);
#1439=ORIENTED_EDGE('',*,*,#1106,.T.);
#1440=ORIENTED_EDGE('',*,*,#1108,.F.);
#1441=ORIENTED_EDGE('',*,*,#1109,.F.);
#1442=ORIENTED_EDGE('',*,*,#1110,.F.);
#1443=ORIENTED_EDGE('',*,*,#1111,.F.);
#1444=ORIENTED_EDGE('',*,*,#1112,.F.);
#1445=ORIENTED_EDGE('',*,*,#1113,.F.);
#1446=ORIENTED_EDGE('',*,*,#1114,.F.);
#1447=ORIENTED_EDGE('',*,*,#1109,.T.);
#1448=ORIENTED_EDGE('',*,*,#1115,.F.);
#1449=ORIENTED_EDGE('',*,*,#1116,.F.);
#1450=ORIENTED_EDGE('',*,*,#1117,.F.);
#1451=ORIENTED_EDGE('',*,*,#1118,.F.);
#1452=ORIENTED_EDGE('',*,*,#1119,.F.);
#1453=ORIENTED_EDGE('',*,*,#1120,.F.);
#1454=ORIENTED_EDGE('',*,*,#1111,.T.);
#1455=ORIENTED_EDGE('',*,*,#1121,.F.);
#1456=ORIENTED_EDGE('',*,*,#1119,.T.);
#1457=ORIENTED_EDGE('',*,*,#1026,.T.);
#1458=ORIENTED_EDGE('',*,*,#1025,.T.);
#1459=ORIENTED_EDGE('',*,*,#1122,.F.);
#1460=ORIENTED_EDGE('',*,*,#1123,.F.);
#1461=ORIENTED_EDGE('',*,*,#1124,.F.);
#1462=ORIENTED_EDGE('',*,*,#1071,.T.);
#1463=ORIENTED_EDGE('',*,*,#1125,.F.);
#1464=ORIENTED_EDGE('',*,*,#1126,.F.);
#1465=ORIENTED_EDGE('',*,*,#1124,.T.);
#1466=ORIENTED_EDGE('',*,*,#1127,.F.);
#1467=ORIENTED_EDGE('',*,*,#1128,.F.);
#1468=ORIENTED_EDGE('',*,*,#1072,.T.);
#1469=ORIENTED_EDGE('',*,*,#1129,.F.);
#1470=ORIENTED_EDGE('',*,*,#1130,.F.);
#1471=ORIENTED_EDGE('',*,*,#1131,.F.);
#1472=ORIENTED_EDGE('',*,*,#1132,.F.);
#1473=ORIENTED_EDGE('',*,*,#1073,.T.);
#1474=ORIENTED_EDGE('',*,*,#1128,.T.);
#1475=ORIENTED_EDGE('',*,*,#1133,.F.);
#1476=ORIENTED_EDGE('',*,*,#1134,.F.);
#1477=ORIENTED_EDGE('',*,*,#1135,.F.);
#1478=ORIENTED_EDGE('',*,*,#1131,.T.);
#1479=ORIENTED_EDGE('',*,*,#1136,.F.);
#1480=ORIENTED_EDGE('',*,*,#1137,.F.);
#1481=ORIENTED_EDGE('',*,*,#1138,.F.);
#1482=ORIENTED_EDGE('',*,*,#1137,.T.);
#1483=ORIENTED_EDGE('',*,*,#1032,.T.);
#1484=ORIENTED_EDGE('',*,*,#1139,.F.);
#1485=ORIENTED_EDGE('',*,*,#1140,.F.);
#1486=ORIENTED_EDGE('',*,*,#1141,.F.);
#1487=ORIENTED_EDGE('',*,*,#1142,.F.);
#1488=ORIENTED_EDGE('',*,*,#1143,.F.);
#1489=ORIENTED_EDGE('',*,*,#1023,.T.);
#1490=ORIENTED_EDGE('',*,*,#1144,.F.);
#1491=ORIENTED_EDGE('',*,*,#1145,.F.);
#1492=ORIENTED_EDGE('',*,*,#1146,.F.);
#1493=ORIENTED_EDGE('',*,*,#1147,.F.);
#1494=ORIENTED_EDGE('',*,*,#1148,.F.);
#1495=ORIENTED_EDGE('',*,*,#1149,.F.);
#1496=ORIENTED_EDGE('',*,*,#1150,.F.);
#1497=ORIENTED_EDGE('',*,*,#1151,.F.);
#1498=ORIENTED_EDGE('',*,*,#1152,.F.);
#1499=ORIENTED_EDGE('',*,*,#1153,.F.);
#1500=ORIENTED_EDGE('',*,*,#1154,.F.);
#1501=ORIENTED_EDGE('',*,*,#1089,.T.);
#1502=ORIENTED_EDGE('',*,*,#1018,.T.);
#1503=ORIENTED_EDGE('',*,*,#1155,.F.);
#1504=ORIENTED_EDGE('',*,*,#1057,.T.);
#1505=ORIENTED_EDGE('',*,*,#1056,.T.);
#1506=ORIENTED_EDGE('',*,*,#1055,.T.);
#1507=ORIENTED_EDGE('',*,*,#1063,.T.);
#1508=ORIENTED_EDGE('',*,*,#1027,.T.);
#1509=ORIENTED_EDGE('',*,*,#1118,.T.);
#1510=ORIENTED_EDGE('',*,*,#1110,.T.);
#1511=ORIENTED_EDGE('',*,*,#1156,.F.);
#1512=ORIENTED_EDGE('',*,*,#1042,.T.);
#1513=ORIENTED_EDGE('',*,*,#1157,.F.);
#1514=ORIENTED_EDGE('',*,*,#1157,.T.);
#1515=ORIENTED_EDGE('',*,*,#1045,.T.);
#1516=ORIENTED_EDGE('',*,*,#1158,.F.);
#1517=ORIENTED_EDGE('',*,*,#1107,.T.);
#1518=ORIENTED_EDGE('',*,*,#1159,.T.);
#1519=ORIENTED_EDGE('',*,*,#1036,.T.);
#1520=ORIENTED_EDGE('',*,*,#1160,.F.);
#1521=ORIENTED_EDGE('',*,*,#1099,.T.);
#1522=ORIENTED_EDGE('',*,*,#1161,.F.);
#1523=ORIENTED_EDGE('',*,*,#1085,.T.);
#1524=ORIENTED_EDGE('',*,*,#1029,.T.);
#1525=ORIENTED_EDGE('',*,*,#1136,.T.);
#1526=ORIENTED_EDGE('',*,*,#1143,.T.);
#1527=ORIENTED_EDGE('',*,*,#1162,.F.);
#1528=ORIENTED_EDGE('',*,*,#1146,.T.);
#1529=ORIENTED_EDGE('',*,*,#1150,.T.);
#1530=ORIENTED_EDGE('',*,*,#1149,.T.);
#1531=ORIENTED_EDGE('',*,*,#1148,.T.);
#1532=ORIENTED_EDGE('',*,*,#1163,.F.);
#1533=ORIENTED_EDGE('',*,*,#1164,.F.);
#1534=ORIENTED_EDGE('',*,*,#1165,.F.);
#1535=ORIENTED_EDGE('',*,*,#1100,.T.);
#1536=ORIENTED_EDGE('',*,*,#1166,.F.);
#1537=ORIENTED_EDGE('',*,*,#1167,.T.);
#1538=ORIENTED_EDGE('',*,*,#1102,.T.);
#1539=ORIENTED_EDGE('',*,*,#1168,.F.);
#1540=ORIENTED_EDGE('',*,*,#1154,.T.);
#1541=ORIENTED_EDGE('',*,*,#1153,.T.);
#1542=ORIENTED_EDGE('',*,*,#1152,.T.);
#1543=ORIENTED_EDGE('',*,*,#1095,.T.);
#1544=ORIENTED_EDGE('',*,*,#1169,.F.);
#1545=ORIENTED_EDGE('',*,*,#1090,.T.);
#1546=ORIENTED_EDGE('',*,*,#1035,.T.);
#1547=ORIENTED_EDGE('',*,*,#1170,.F.);
#1548=ORIENTED_EDGE('',*,*,#1171,.F.);
#1549=ORIENTED_EDGE('',*,*,#1172,.F.);
#1550=ORIENTED_EDGE('',*,*,#1173,.F.);
#1551=ORIENTED_EDGE('',*,*,#1033,.T.);
#1552=ORIENTED_EDGE('',*,*,#1174,.T.);
#1553=ORIENTED_EDGE('',*,*,#1175,.F.);
#1554=ORIENTED_EDGE('',*,*,#1176,.F.);
#1555=ORIENTED_EDGE('',*,*,#1177,.F.);
#1556=ORIENTED_EDGE('',*,*,#1178,.T.);
#1557=ORIENTED_EDGE('',*,*,#1179,.F.);
#1558=ORIENTED_EDGE('',*,*,#1178,.F.);
#1559=ORIENTED_EDGE('',*,*,#1180,.F.);
#1560=ORIENTED_EDGE('',*,*,#1181,.F.);
#1561=ORIENTED_EDGE('',*,*,#1182,.T.);
#1562=ORIENTED_EDGE('',*,*,#1016,.F.);
#1563=ORIENTED_EDGE('',*,*,#1017,.F.);
#1564=ORIENTED_EDGE('',*,*,#1182,.F.);
#1565=ORIENTED_EDGE('',*,*,#1180,.T.);
#1566=ORIENTED_EDGE('',*,*,#1183,.T.);
#1567=ORIENTED_EDGE('',*,*,#1184,.F.);
#1568=ORIENTED_EDGE('',*,*,#1185,.F.);
#1569=ORIENTED_EDGE('',*,*,#1186,.F.);
#1570=ORIENTED_EDGE('',*,*,#1183,.F.);
#1571=ORIENTED_EDGE('',*,*,#1181,.T.);
#1572=ORIENTED_EDGE('',*,*,#1187,.F.);
#1573=ORIENTED_EDGE('',*,*,#1175,.T.);
#1574=ORIENTED_EDGE('',*,*,#1188,.F.);
#1575=ORIENTED_EDGE('',*,*,#1040,.T.);
#1576=ORIENTED_EDGE('',*,*,#1189,.F.);
#1577=ORIENTED_EDGE('',*,*,#1171,.T.);
#1578=ORIENTED_EDGE('',*,*,#1190,.F.);
#1579=ORIENTED_EDGE('',*,*,#1049,.T.);
#1580=ORIENTED_EDGE('',*,*,#1047,.T.);
#1581=ORIENTED_EDGE('',*,*,#1191,.F.);
#1582=ORIENTED_EDGE('',*,*,#1058,.T.);
#1583=ORIENTED_EDGE('',*,*,#1192,.F.);
#1584=ORIENTED_EDGE('',*,*,#1081,.T.);
#1585=ORIENTED_EDGE('',*,*,#1193,.F.);
#1586=ORIENTED_EDGE('',*,*,#1062,.T.);
#1587=ORIENTED_EDGE('',*,*,#1194,.F.);
#1588=ORIENTED_EDGE('',*,*,#1088,.T.);
#1589=ORIENTED_EDGE('',*,*,#1195,.F.);
#1590=ORIENTED_EDGE('',*,*,#1077,.T.);
#1591=ORIENTED_EDGE('',*,*,#1196,.F.);
#1592=ORIENTED_EDGE('',*,*,#1197,.F.);
#1593=ORIENTED_EDGE('',*,*,#1097,.T.);
#1594=ORIENTED_EDGE('',*,*,#1198,.F.);
#1595=ORIENTED_EDGE('',*,*,#1092,.T.);
#1596=ORIENTED_EDGE('',*,*,#1104,.T.);
#1597=ORIENTED_EDGE('',*,*,#1199,.F.);
#1598=ORIENTED_EDGE('',*,*,#1166,.T.);
#1599=ORIENTED_EDGE('',*,*,#1200,.F.);
#1600=ORIENTED_EDGE('',*,*,#1201,.F.);
#1601=ORIENTED_EDGE('',*,*,#1113,.T.);
#1602=ORIENTED_EDGE('',*,*,#1202,.F.);
#1603=ORIENTED_EDGE('',*,*,#1203,.F.);
#1604=ORIENTED_EDGE('',*,*,#1164,.T.);
#1605=ORIENTED_EDGE('',*,*,#1204,.F.);
#1606=ORIENTED_EDGE('',*,*,#1205,.F.);
#1607=ORIENTED_EDGE('',*,*,#1206,.F.);
#1608=ORIENTED_EDGE('',*,*,#1126,.T.);
#1609=ORIENTED_EDGE('',*,*,#1207,.F.);
#1610=ORIENTED_EDGE('',*,*,#1116,.T.);
#1611=ORIENTED_EDGE('',*,*,#1208,.F.);
#1612=ORIENTED_EDGE('',*,*,#1209,.F.);
#1613=ORIENTED_EDGE('',*,*,#1122,.T.);
#1614=ORIENTED_EDGE('',*,*,#1210,.F.);
#1615=ORIENTED_EDGE('',*,*,#1129,.T.);
#1616=ORIENTED_EDGE('',*,*,#1211,.F.);
#1617=ORIENTED_EDGE('',*,*,#1134,.T.);
#1618=ORIENTED_EDGE('',*,*,#1212,.F.);
#1619=ORIENTED_EDGE('',*,*,#1213,.F.);
#1620=ORIENTED_EDGE('',*,*,#1141,.T.);
#1621=ORIENTED_EDGE('',*,*,#1139,.T.);
#1622=ORIENTED_EDGE('',*,*,#1214,.F.);
#1623=ORIENTED_EDGE('',*,*,#1144,.T.);
#1624=ORIENTED_EDGE('',*,*,#1215,.F.);
#1625=ORIENTED_EDGE('',*,*,#1216,.F.);
#1626=ORIENTED_EDGE('',*,*,#1217,.F.);
#1627=ORIENTED_EDGE('',*,*,#1052,.T.);
#1628=ORIENTED_EDGE('',*,*,#1155,.T.);
#1629=ORIENTED_EDGE('',*,*,#1114,.T.);
#1630=ORIENTED_EDGE('',*,*,#1158,.T.);
#1631=ORIENTED_EDGE('',*,*,#1041,.T.);
#1632=ORIENTED_EDGE('',*,*,#1218,.F.);
#1633=ORIENTED_EDGE('',*,*,#1103,.T.);
#1634=ORIENTED_EDGE('',*,*,#1117,.T.);
#1635=ORIENTED_EDGE('',*,*,#1219,.F.);
#1636=ORIENTED_EDGE('',*,*,#1046,.T.);
#1637=ORIENTED_EDGE('',*,*,#1156,.T.);
#1638=ORIENTED_EDGE('',*,*,#1096,.T.);
#1639=ORIENTED_EDGE('',*,*,#1151,.T.);
#1640=ORIENTED_EDGE('',*,*,#1145,.T.);
#1641=ORIENTED_EDGE('',*,*,#1220,.F.);
#1642=ORIENTED_EDGE('',*,*,#1125,.T.);
#1643=ORIENTED_EDGE('',*,*,#1075,.T.);
#1644=ORIENTED_EDGE('',*,*,#1059,.T.);
#1645=ORIENTED_EDGE('',*,*,#1221,.F.);
#1646=ORIENTED_EDGE('',*,*,#1135,.T.);
#1647=ORIENTED_EDGE('',*,*,#1222,.F.);
#1648=ORIENTED_EDGE('',*,*,#1076,.T.);
#1649=ORIENTED_EDGE('',*,*,#1074,.T.);
#1650=ORIENTED_EDGE('',*,*,#1223,.F.);
#1651=ORIENTED_EDGE('',*,*,#1080,.T.);
#1652=ORIENTED_EDGE('',*,*,#1161,.T.);
#1653=ORIENTED_EDGE('',*,*,#1130,.T.);
#1654=ORIENTED_EDGE('',*,*,#1160,.T.);
#1655=ORIENTED_EDGE('',*,*,#1172,.T.);
#1656=ORIENTED_EDGE('',*,*,#1224,.F.);
#1657=ORIENTED_EDGE('',*,*,#1163,.T.);
#1658=ORIENTED_EDGE('',*,*,#1225,.F.);
#1659=ORIENTED_EDGE('',*,*,#1226,.T.);
#1660=ORIENTED_EDGE('',*,*,#1227,.F.);
#1661=ORIENTED_EDGE('',*,*,#1226,.F.);
#1662=ORIENTED_EDGE('',*,*,#1228,.F.);
#1663=ORIENTED_EDGE('',*,*,#1229,.T.);
#1664=ORIENTED_EDGE('',*,*,#1230,.F.);
#1665=ORIENTED_EDGE('',*,*,#1229,.F.);
#1666=ORIENTED_EDGE('',*,*,#1231,.F.);
#1667=ORIENTED_EDGE('',*,*,#1232,.T.);
#1668=ORIENTED_EDGE('',*,*,#1233,.F.);
#1669=ORIENTED_EDGE('',*,*,#1232,.F.);
#1670=ORIENTED_EDGE('',*,*,#1234,.F.);
#1671=ORIENTED_EDGE('',*,*,#1235,.T.);
#1672=ORIENTED_EDGE('',*,*,#1236,.F.);
#1673=ORIENTED_EDGE('',*,*,#1235,.F.);
#1674=ORIENTED_EDGE('',*,*,#1237,.F.);
#1675=ORIENTED_EDGE('',*,*,#1238,.T.);
#1676=ORIENTED_EDGE('',*,*,#1239,.F.);
#1677=ORIENTED_EDGE('',*,*,#1238,.F.);
#1678=ORIENTED_EDGE('',*,*,#1240,.F.);
#1679=ORIENTED_EDGE('',*,*,#1241,.T.);
#1680=ORIENTED_EDGE('',*,*,#1242,.F.);
#1681=ORIENTED_EDGE('',*,*,#1241,.F.);
#1682=ORIENTED_EDGE('',*,*,#1176,.T.);
#1683=ORIENTED_EDGE('',*,*,#1243,.T.);
#1684=ORIENTED_EDGE('',*,*,#1185,.T.);
#1685=ORIENTED_EDGE('',*,*,#1184,.T.);
#1686=ORIENTED_EDGE('',*,*,#1186,.T.);
#1687=ORIENTED_EDGE('',*,*,#1243,.F.);
#1688=ORIENTED_EDGE('',*,*,#1177,.T.);
#1689=ORIENTED_EDGE('',*,*,#1244,.F.);
#1690=ORIENTED_EDGE('',*,*,#1245,.F.);
#1691=ORIENTED_EDGE('',*,*,#1133,.T.);
#1692=ORIENTED_EDGE('',*,*,#1246,.F.);
#1693=ORIENTED_EDGE('',*,*,#1247,.F.);
#1694=ORIENTED_EDGE('',*,*,#1246,.T.);
#1695=ORIENTED_EDGE('',*,*,#1127,.T.);
#1696=ORIENTED_EDGE('',*,*,#1248,.F.);
#1697=ORIENTED_EDGE('',*,*,#1249,.F.);
#1698=ORIENTED_EDGE('',*,*,#1248,.T.);
#1699=ORIENTED_EDGE('',*,*,#1123,.T.);
#1700=ORIENTED_EDGE('',*,*,#1250,.F.);
#1701=ORIENTED_EDGE('',*,*,#1251,.F.);
#1702=ORIENTED_EDGE('',*,*,#1168,.T.);
#1703=ORIENTED_EDGE('',*,*,#1252,.F.);
#1704=ORIENTED_EDGE('',*,*,#1253,.F.);
#1705=ORIENTED_EDGE('',*,*,#1252,.T.);
#1706=ORIENTED_EDGE('',*,*,#1101,.T.);
#1707=ORIENTED_EDGE('',*,*,#1254,.F.);
#1708=ORIENTED_EDGE('',*,*,#1255,.F.);
#1709=ORIENTED_EDGE('',*,*,#1254,.T.);
#1710=ORIENTED_EDGE('',*,*,#1165,.T.);
#1711=ORIENTED_EDGE('',*,*,#1256,.F.);
#1712=ORIENTED_EDGE('',*,*,#1257,.F.);
#1713=ORIENTED_EDGE('',*,*,#1258,.F.);
#1714=ORIENTED_EDGE('',*,*,#1132,.T.);
#1715=ORIENTED_EDGE('',*,*,#1259,.F.);
#1716=ORIENTED_EDGE('',*,*,#1260,.F.);
#1717=ORIENTED_EDGE('',*,*,#1259,.T.);
#1718=ORIENTED_EDGE('',*,*,#1138,.T.);
#1719=ORIENTED_EDGE('',*,*,#1261,.F.);
#1720=ORIENTED_EDGE('',*,*,#1262,.F.);
#1721=ORIENTED_EDGE('',*,*,#1261,.T.);
#1722=ORIENTED_EDGE('',*,*,#1140,.T.);
#1723=ORIENTED_EDGE('',*,*,#1263,.F.);
#1724=ORIENTED_EDGE('',*,*,#1264,.F.);
#1725=ORIENTED_EDGE('',*,*,#1265,.F.);
#1726=ORIENTED_EDGE('',*,*,#1266,.F.);
#1727=ORIENTED_EDGE('',*,*,#1267,.F.);
#1728=ORIENTED_EDGE('',*,*,#1268,.F.);
#1729=ORIENTED_EDGE('',*,*,#1269,.F.);
#1730=ORIENTED_EDGE('',*,*,#1270,.F.);
#1731=ORIENTED_EDGE('',*,*,#1271,.F.);
#1732=ORIENTED_EDGE('',*,*,#1272,.F.);
#1733=ORIENTED_EDGE('',*,*,#1273,.F.);
#1734=ORIENTED_EDGE('',*,*,#1274,.F.);
#1735=ORIENTED_EDGE('',*,*,#1275,.F.);
#1736=ORIENTED_EDGE('',*,*,#1276,.F.);
#1737=ORIENTED_EDGE('',*,*,#1277,.F.);
#1738=ORIENTED_EDGE('',*,*,#1278,.F.);
#1739=ORIENTED_EDGE('',*,*,#1279,.F.);
#1740=ORIENTED_EDGE('',*,*,#1280,.F.);
#1741=ORIENTED_EDGE('',*,*,#1281,.F.);
#1742=ORIENTED_EDGE('',*,*,#1282,.F.);
#1743=ORIENTED_EDGE('',*,*,#1283,.F.);
#1744=ORIENTED_EDGE('',*,*,#1284,.F.);
#1745=ORIENTED_EDGE('',*,*,#1285,.F.);
#1746=ORIENTED_EDGE('',*,*,#1286,.F.);
#1747=ORIENTED_EDGE('',*,*,#1287,.F.);
#1748=ORIENTED_EDGE('',*,*,#1288,.F.);
#1749=ORIENTED_EDGE('',*,*,#1289,.F.);
#1750=ORIENTED_EDGE('',*,*,#1276,.T.);
#1751=ORIENTED_EDGE('',*,*,#1290,.F.);
#1752=ORIENTED_EDGE('',*,*,#1291,.F.);
#1753=ORIENTED_EDGE('',*,*,#1292,.F.);
#1754=ORIENTED_EDGE('',*,*,#1293,.F.);
#1755=ORIENTED_EDGE('',*,*,#1294,.F.);
#1756=ORIENTED_EDGE('',*,*,#1265,.T.);
#1757=ORIENTED_EDGE('',*,*,#1295,.F.);
#1758=ORIENTED_EDGE('',*,*,#1267,.T.);
#1759=ORIENTED_EDGE('',*,*,#1296,.F.);
#1760=ORIENTED_EDGE('',*,*,#1274,.T.);
#1761=ORIENTED_EDGE('',*,*,#1271,.T.);
#1762=ORIENTED_EDGE('',*,*,#1297,.F.);
#1763=ORIENTED_EDGE('',*,*,#1298,.F.);
#1764=ORIENTED_EDGE('',*,*,#1299,.F.);
#1765=ORIENTED_EDGE('',*,*,#1300,.F.);
#1766=ORIENTED_EDGE('',*,*,#1301,.F.);
#1767=ORIENTED_EDGE('',*,*,#1302,.F.);
#1768=ORIENTED_EDGE('',*,*,#1282,.T.);
#1769=ORIENTED_EDGE('',*,*,#1284,.T.);
#1770=ORIENTED_EDGE('',*,*,#1303,.F.);
#1771=ORIENTED_EDGE('',*,*,#1269,.T.);
#1772=ORIENTED_EDGE('',*,*,#1304,.F.);
#1773=ORIENTED_EDGE('',*,*,#1305,.F.);
#1774=ORIENTED_EDGE('',*,*,#1306,.F.);
#1775=ORIENTED_EDGE('',*,*,#1285,.T.);
#1776=ORIENTED_EDGE('',*,*,#1307,.F.);
#1777=ORIENTED_EDGE('',*,*,#1287,.T.);
#1778=ORIENTED_EDGE('',*,*,#1308,.F.);
#1779=ORIENTED_EDGE('',*,*,#1277,.T.);
#1780=ORIENTED_EDGE('',*,*,#1309,.F.);
#1781=ORIENTED_EDGE('',*,*,#1279,.T.);
#1782=ORIENTED_EDGE('',*,*,#1310,.F.);
#1783=ORIENTED_EDGE('',*,*,#1311,.F.);
#1784=ORIENTED_EDGE('',*,*,#1312,.F.);
#1785=ORIENTED_EDGE('',*,*,#1218,.T.);
#1786=ORIENTED_EDGE('',*,*,#1188,.T.);
#1787=ORIENTED_EDGE('',*,*,#1313,.T.);
#1788=ORIENTED_EDGE('',*,*,#1199,.T.);
#1789=ORIENTED_EDGE('',*,*,#1204,.T.);
#1790=ORIENTED_EDGE('',*,*,#1224,.T.);
#1791=ORIENTED_EDGE('',*,*,#1189,.T.);
#1792=ORIENTED_EDGE('',*,*,#1217,.T.);
#1793=ORIENTED_EDGE('',*,*,#1022,.T.);
#1794=ORIENTED_EDGE('',*,*,#1196,.T.);
#1795=ORIENTED_EDGE('',*,*,#1222,.T.);
#1796=ORIENTED_EDGE('',*,*,#1211,.T.);
#1797=ORIENTED_EDGE('',*,*,#1207,.T.);
#1798=ORIENTED_EDGE('',*,*,#1221,.T.);
#1799=ORIENTED_EDGE('',*,*,#1191,.T.);
#1800=ORIENTED_EDGE('',*,*,#1219,.T.);
#1801=ORIENTED_EDGE('',*,*,#1210,.T.);
#1802=ORIENTED_EDGE('',*,*,#1024,.T.);
#1803=ORIENTED_EDGE('',*,*,#1193,.T.);
#1804=ORIENTED_EDGE('',*,*,#1223,.T.);
#1805=ORIENTED_EDGE('',*,*,#1031,.T.);
#1806=ORIENTED_EDGE('',*,*,#1198,.T.);
#1807=ORIENTED_EDGE('',*,*,#1220,.T.);
#1808=ORIENTED_EDGE('',*,*,#1214,.T.);
#1809=ORIENTED_EDGE('',*,*,#1048,.T.);
#1810=ORIENTED_EDGE('',*,*,#1192,.T.);
#1811=ORIENTED_EDGE('',*,*,#1061,.T.);
#1812=ORIENTED_EDGE('',*,*,#1069,.T.);
#1813=ORIENTED_EDGE('',*,*,#1078,.T.);
#1814=ORIENTED_EDGE('',*,*,#1195,.T.);
#1815=ORIENTED_EDGE('',*,*,#1087,.T.);
#1816=ORIENTED_EDGE('',*,*,#1091,.T.);
#1817=ORIENTED_EDGE('',*,*,#1169,.T.);
#1818=ORIENTED_EDGE('',*,*,#1094,.T.);
#1819=ORIENTED_EDGE('',*,*,#1197,.T.);
#1820=ORIENTED_EDGE('',*,*,#1093,.T.);
#1821=ORIENTED_EDGE('',*,*,#1083,.T.);
#1822=ORIENTED_EDGE('',*,*,#1082,.T.);
#1823=ORIENTED_EDGE('',*,*,#1194,.T.);
#1824=ORIENTED_EDGE('',*,*,#1064,.T.);
#1825=ORIENTED_EDGE('',*,*,#1053,.T.);
#1826=ORIENTED_EDGE('',*,*,#1050,.T.);
#1827=ORIENTED_EDGE('',*,*,#1190,.T.);
#1828=ORIENTED_EDGE('',*,*,#1170,.T.);
#1829=ORIENTED_EDGE('',*,*,#1034,.T.);
#1830=ORIENTED_EDGE('',*,*,#1173,.T.);
#1831=ORIENTED_EDGE('',*,*,#1187,.T.);
#1832=ORIENTED_EDGE('',*,*,#1039,.T.);
#1833=ORIENTED_EDGE('',*,*,#1044,.T.);
#1834=ORIENTED_EDGE('',*,*,#1236,.T.);
#1835=ORIENTED_EDGE('',*,*,#1239,.T.);
#1836=ORIENTED_EDGE('',*,*,#1179,.T.);
#1837=ORIENTED_EDGE('',*,*,#1233,.T.);
#1838=ORIENTED_EDGE('',*,*,#1242,.T.);
#1839=ORIENTED_EDGE('',*,*,#1230,.T.);
#1840=ORIENTED_EDGE('',*,*,#1227,.T.);
#1841=ORIENTED_EDGE('',*,*,#1263,.T.);
#1842=ORIENTED_EDGE('',*,*,#1216,.T.);
#1843=ORIENTED_EDGE('',*,*,#1293,.T.);
#1844=ORIENTED_EDGE('',*,*,#1314,.F.);
#1845=ORIENTED_EDGE('',*,*,#1291,.T.);
#1846=ORIENTED_EDGE('',*,*,#1212,.T.);
#1847=ORIENTED_EDGE('',*,*,#1245,.T.);
#1848=ORIENTED_EDGE('',*,*,#1315,.F.);
#1849=ORIENTED_EDGE('',*,*,#1316,.F.);
#1850=ORIENTED_EDGE('',*,*,#1250,.T.);
#1851=ORIENTED_EDGE('',*,*,#1206,.T.);
#1852=ORIENTED_EDGE('',*,*,#1301,.T.);
#1853=ORIENTED_EDGE('',*,*,#1298,.T.);
#1854=ORIENTED_EDGE('',*,*,#1200,.T.);
#1855=ORIENTED_EDGE('',*,*,#1251,.T.);
#1856=ORIENTED_EDGE('',*,*,#1317,.F.);
#1857=ORIENTED_EDGE('',*,*,#1318,.F.);
#1858=ORIENTED_EDGE('',*,*,#1256,.T.);
#1859=ORIENTED_EDGE('',*,*,#1203,.T.);
#1860=ORIENTED_EDGE('',*,*,#1305,.T.);
#1861=ORIENTED_EDGE('',*,*,#1319,.F.);
#1862=ORIENTED_EDGE('',*,*,#1311,.T.);
#1863=ORIENTED_EDGE('',*,*,#1208,.T.);
#1864=ORIENTED_EDGE('',*,*,#1258,.T.);
#1865=ORIENTED_EDGE('',*,*,#1272,.T.);
#1866=ORIENTED_EDGE('',*,*,#1299,.T.);
#1867=ORIENTED_EDGE('',*,*,#1317,.T.);
#1868=ORIENTED_EDGE('',*,*,#1253,.T.);
#1869=ORIENTED_EDGE('',*,*,#1255,.T.);
#1870=ORIENTED_EDGE('',*,*,#1257,.T.);
#1871=ORIENTED_EDGE('',*,*,#1318,.T.);
#1872=ORIENTED_EDGE('',*,*,#1307,.T.);
#1873=ORIENTED_EDGE('',*,*,#1288,.T.);
#1874=ORIENTED_EDGE('',*,*,#1309,.T.);
#1875=ORIENTED_EDGE('',*,*,#1280,.T.);
#1876=ORIENTED_EDGE('',*,*,#1312,.T.);
#1877=ORIENTED_EDGE('',*,*,#1319,.T.);
#1878=ORIENTED_EDGE('',*,*,#1260,.T.);
#1879=ORIENTED_EDGE('',*,*,#1262,.T.);
#1880=ORIENTED_EDGE('',*,*,#1264,.T.);
#1881=ORIENTED_EDGE('',*,*,#1314,.T.);
#1882=ORIENTED_EDGE('',*,*,#1292,.T.);
#1883=ORIENTED_EDGE('',*,*,#1268,.T.);
#1884=ORIENTED_EDGE('',*,*,#1295,.T.);
#1885=ORIENTED_EDGE('',*,*,#1273,.T.);
#1886=ORIENTED_EDGE('',*,*,#1289,.T.);
#1887=ORIENTED_EDGE('',*,*,#1315,.T.);
#1888=ORIENTED_EDGE('',*,*,#1244,.T.);
#1889=ORIENTED_EDGE('',*,*,#1247,.T.);
#1890=ORIENTED_EDGE('',*,*,#1249,.T.);
#1891=ORIENTED_EDGE('',*,*,#1316,.T.);
#1892=ORIENTED_EDGE('',*,*,#1300,.T.);
#1893=ORIENTED_EDGE('',*,*,#1281,.T.);
#1894=ORIENTED_EDGE('',*,*,#1304,.T.);
#1895=ORIENTED_EDGE('',*,*,#1015,.T.);
#1896=ORIENTED_EDGE('',*,*,#1213,.T.);
#1897=ORIENTED_EDGE('',*,*,#1290,.T.);
#1898=ORIENTED_EDGE('',*,*,#1275,.T.);
#1899=ORIENTED_EDGE('',*,*,#1296,.T.);
#1900=ORIENTED_EDGE('',*,*,#1266,.T.);
#1901=ORIENTED_EDGE('',*,*,#1294,.T.);
#1902=ORIENTED_EDGE('',*,*,#1215,.T.);
#1903=ORIENTED_EDGE('',*,*,#1147,.T.);
#1904=ORIENTED_EDGE('',*,*,#1162,.T.);
#1905=ORIENTED_EDGE('',*,*,#1142,.T.);
#1906=ORIENTED_EDGE('',*,*,#1231,.T.);
#1907=ORIENTED_EDGE('',*,*,#1228,.T.);
#1908=ORIENTED_EDGE('',*,*,#1120,.T.);
#1909=ORIENTED_EDGE('',*,*,#1121,.T.);
#1910=ORIENTED_EDGE('',*,*,#1209,.T.);
#1911=ORIENTED_EDGE('',*,*,#1310,.T.);
#1912=ORIENTED_EDGE('',*,*,#1278,.T.);
#1913=ORIENTED_EDGE('',*,*,#1308,.T.);
#1914=ORIENTED_EDGE('',*,*,#1286,.T.);
#1915=ORIENTED_EDGE('',*,*,#1306,.T.);
#1916=ORIENTED_EDGE('',*,*,#1202,.T.);
#1917=ORIENTED_EDGE('',*,*,#1112,.T.);
#1918=ORIENTED_EDGE('',*,*,#1240,.T.);
#1919=ORIENTED_EDGE('',*,*,#1225,.T.);
#1920=ORIENTED_EDGE('',*,*,#1105,.T.);
#1921=ORIENTED_EDGE('',*,*,#1201,.T.);
#1922=ORIENTED_EDGE('',*,*,#1297,.T.);
#1923=ORIENTED_EDGE('',*,*,#1270,.T.);
#1924=ORIENTED_EDGE('',*,*,#1303,.T.);
#1925=ORIENTED_EDGE('',*,*,#1283,.T.);
#1926=ORIENTED_EDGE('',*,*,#1302,.T.);
#1927=ORIENTED_EDGE('',*,*,#1205,.T.);
#1928=ORIENTED_EDGE('',*,*,#1115,.T.);
#1929=ORIENTED_EDGE('',*,*,#1108,.T.);
#1930=ORIENTED_EDGE('',*,*,#1234,.T.);
#1931=ORIENTED_EDGE('',*,*,#1237,.T.);
#1932=ORIENTED_EDGE('',*,*,#1037,.F.);
#1933=ORIENTED_EDGE('',*,*,#1159,.F.);
#1934=ORIENTED_EDGE('',*,*,#1098,.F.);
#1935=ORIENTED_EDGE('',*,*,#1320,.F.);
#1936=ORIENTED_EDGE('',*,*,#1174,.F.);
#1937=ORIENTED_EDGE('',*,*,#1320,.T.);
#1938=ORIENTED_EDGE('',*,*,#1167,.F.);
#1939=ORIENTED_EDGE('',*,*,#1313,.F.);
#1940=ORIENTED_EDGE('',*,*,#1321,.F.);
#1941=ORIENTED_EDGE('',*,*,#1013,.F.);
#1942=ORIENTED_EDGE('',*,*,#1322,.T.);
#1943=ORIENTED_EDGE('',*,*,#1321,.T.);
#1944=ORIENTED_EDGE('',*,*,#1322,.F.);
#1945=PLANE('',#2104);
#1946=PLANE('',#2109);
#1947=PLANE('',#2354);
#1948=PLANE('',#2355);
#1949=PLANE('',#2356);
#1950=PLANE('',#2357);
#1951=PLANE('',#2358);
#1952=PLANE('',#2359);
#1953=PLANE('',#2360);
#1954=PLANE('',#2361);
#1955=PLANE('',#2362);
#1956=PLANE('',#2363);
#1957=PLANE('',#2364);
#1958=PLANE('',#2365);
#1959=PLANE('',#2366);
#1960=PLANE('',#2367);
#1961=PLANE('',#2368);
#1962=PLANE('',#2369);
#1963=PLANE('',#2370);
#1964=PLANE('',#2371);
#1965=ADVANCED_FACE('',(#409,#394),#1945,.T.);
#1966=ADVANCED_FACE('',(#410),#336,.T.);
#1967=ADVANCED_FACE('',(#411),#1946,.T.);
#1968=ADVANCED_FACE('',(#412),#337,.T.);
#1969=ADVANCED_FACE('',(#413),#338,.T.);
#1970=ADVANCED_FACE('',(#414),#339,.F.);
#1971=ADVANCED_FACE('',(#415),#23,.T.);
#1972=ADVANCED_FACE('',(#416),#24,.T.);
#1973=ADVANCED_FACE('',(#417),#25,.T.);
#1974=ADVANCED_FACE('',(#418),#26,.T.);
#1975=ADVANCED_FACE('',(#419),#27,.T.);
#1976=ADVANCED_FACE('',(#420),#28,.T.);
#1977=ADVANCED_FACE('',(#421),#29,.T.);
#1978=ADVANCED_FACE('',(#422),#30,.T.);
#1979=ADVANCED_FACE('',(#423),#31,.T.);
#1980=ADVANCED_FACE('',(#424),#17,.T.);
#1981=ADVANCED_FACE('',(#425),#32,.T.);
#1982=ADVANCED_FACE('',(#426),#33,.T.);
#1983=ADVANCED_FACE('',(#427),#34,.T.);
#1984=ADVANCED_FACE('',(#428),#35,.T.);
#1985=ADVANCED_FACE('',(#429),#36,.T.);
#1986=ADVANCED_FACE('',(#430),#37,.T.);
#1987=ADVANCED_FACE('',(#431),#38,.T.);
#1988=ADVANCED_FACE('',(#432),#39,.T.);
#1989=ADVANCED_FACE('',(#433),#40,.T.);
#1990=ADVANCED_FACE('',(#434),#41,.T.);
#1991=ADVANCED_FACE('',(#435),#42,.T.);
#1992=ADVANCED_FACE('',(#436),#43,.T.);
#1993=ADVANCED_FACE('',(#437),#44,.T.);
#1994=ADVANCED_FACE('',(#438),#45,.T.);
#1995=ADVANCED_FACE('',(#439),#46,.T.);
#1996=ADVANCED_FACE('',(#440),#47,.T.);
#1997=ADVANCED_FACE('',(#441),#48,.T.);
#1998=ADVANCED_FACE('',(#442),#49,.T.);
#1999=ADVANCED_FACE('',(#443),#50,.T.);
#2000=ADVANCED_FACE('',(#444),#51,.T.);
#2001=ADVANCED_FACE('',(#445),#52,.T.);
#2002=ADVANCED_FACE('',(#446),#53,.T.);
#2003=ADVANCED_FACE('',(#447),#18,.T.);
#2004=ADVANCED_FACE('',(#448),#19,.T.);
#2005=ADVANCED_FACE('',(#449),#20,.T.);
#2006=ADVANCED_FACE('',(#450),#21,.T.);
#2007=ADVANCED_FACE('',(#451),#340,.T.);
#2008=ADVANCED_FACE('',(#452),#341,.T.);
#2009=ADVANCED_FACE('',(#453),#54,.T.);
#2010=ADVANCED_FACE('',(#454),#55,.T.);
#2011=ADVANCED_FACE('',(#455),#56,.T.);
#2012=ADVANCED_FACE('',(#456),#57,.T.);
#2013=ADVANCED_FACE('',(#457),#58,.T.);
#2014=ADVANCED_FACE('',(#458),#59,.T.);
#2015=ADVANCED_FACE('',(#459),#60,.F.);
#2016=ADVANCED_FACE('',(#460),#61,.T.);
#2017=ADVANCED_FACE('',(#461),#22,.T.);
#2018=ADVANCED_FACE('',(#462),#342,.T.);
#2019=ADVANCED_FACE('',(#463),#343,.T.);
#2020=ADVANCED_FACE('',(#464),#344,.T.);
#2021=ADVANCED_FACE('',(#465),#345,.T.);
#2022=ADVANCED_FACE('',(#466),#346,.T.);
#2023=ADVANCED_FACE('',(#467),#347,.T.);
#2024=ADVANCED_FACE('',(#468),#348,.T.);
#2025=ADVANCED_FACE('',(#469),#349,.T.);
#2026=ADVANCED_FACE('',(#470),#350,.T.);
#2027=ADVANCED_FACE('',(#471),#351,.T.);
#2028=ADVANCED_FACE('',(#472),#352,.T.);
#2029=ADVANCED_FACE('',(#473),#353,.T.);
#2030=ADVANCED_FACE('',(#474),#354,.T.);
#2031=ADVANCED_FACE('',(#475),#355,.T.);
#2032=ADVANCED_FACE('',(#476),#356,.T.);
#2033=ADVANCED_FACE('',(#477),#357,.T.);
#2034=ADVANCED_FACE('',(#478),#358,.F.);
#2035=ADVANCED_FACE('',(#479),#359,.F.);
#2036=ADVANCED_FACE('',(#480),#360,.F.);
#2037=ADVANCED_FACE('',(#481),#361,.F.);
#2038=ADVANCED_FACE('',(#482),#362,.F.);
#2039=ADVANCED_FACE('',(#483),#363,.F.);
#2040=ADVANCED_FACE('',(#484),#364,.F.);
#2041=ADVANCED_FACE('',(#485),#365,.F.);
#2042=ADVANCED_FACE('',(#486),#366,.F.);
#2043=ADVANCED_FACE('',(#487),#367,.F.);
#2044=ADVANCED_FACE('',(#488),#368,.T.);
#2045=ADVANCED_FACE('',(#489),#369,.F.);
#2046=ADVANCED_FACE('',(#490),#370,.T.);
#2047=ADVANCED_FACE('',(#491),#371,.F.);
#2048=ADVANCED_FACE('',(#492),#372,.F.);
#2049=ADVANCED_FACE('',(#493),#373,.T.);
#2050=ADVANCED_FACE('',(#494),#374,.F.);
#2051=ADVANCED_FACE('',(#495),#375,.F.);
#2052=ADVANCED_FACE('',(#496),#376,.T.);
#2053=ADVANCED_FACE('',(#497),#377,.F.);
#2054=ADVANCED_FACE('',(#498),#378,.F.);
#2055=ADVANCED_FACE('',(#499),#379,.F.);
#2056=ADVANCED_FACE('',(#500),#380,.F.);
#2057=ADVANCED_FACE('',(#501),#381,.F.);
#2058=ADVANCED_FACE('',(#502),#382,.F.);
#2059=ADVANCED_FACE('',(#503),#383,.F.);
#2060=ADVANCED_FACE('',(#504),#384,.T.);
#2061=ADVANCED_FACE('',(#505),#385,.T.);
#2062=ADVANCED_FACE('',(#506),#386,.T.);
#2063=ADVANCED_FACE('',(#507),#387,.T.);
#2064=ADVANCED_FACE('',(#508),#388,.T.);
#2065=ADVANCED_FACE('',(#509),#389,.T.);
#2066=ADVANCED_FACE('',(#510),#390,.T.);
#2067=ADVANCED_FACE('',(#511),#391,.T.);
#2068=ADVANCED_FACE('',(#512),#392,.T.);
#2069=ADVANCED_FACE('',(#513),#1947,.F.);
#2070=ADVANCED_FACE('',(#514),#1948,.T.);
#2071=ADVANCED_FACE('',(#515),#1949,.T.);
#2072=ADVANCED_FACE('',(#516),#1950,.T.);
#2073=ADVANCED_FACE('',(#517),#1951,.T.);
#2074=ADVANCED_FACE('',(#518),#1952,.F.);
#2075=ADVANCED_FACE('',(#519,#395,#396,#397,#398,#399,#400,#401),#1953,
 .T.);
#2076=ADVANCED_FACE('',(#520),#1954,.T.);
#2077=ADVANCED_FACE('',(#521),#1955,.T.);
#2078=ADVANCED_FACE('',(#522),#1956,.F.);
#2079=ADVANCED_FACE('',(#523),#1957,.F.);
#2080=ADVANCED_FACE('',(#524),#1958,.T.);
#2081=ADVANCED_FACE('',(#525),#1959,.F.);
#2082=ADVANCED_FACE('',(#526,#402),#1960,.F.);
#2083=ADVANCED_FACE('',(#527,#403,#404),#1961,.F.);
#2084=ADVANCED_FACE('',(#528,#405,#406),#1962,.F.);
#2085=ADVANCED_FACE('',(#529,#407,#408),#1963,.F.);
#2086=ADVANCED_FACE('',(#530),#15,.F.);
#2087=ADVANCED_FACE('',(#531),#16,.F.);
#2088=ADVANCED_FACE('',(#532),#1964,.T.);
#2089=ADVANCED_FACE('',(#533),#393,.T.);
#2090=CLOSED_SHELL('',(#1965,#1966,#1967,#1968,#1969,#1970,#1971,#1972,
#1973,#1974,#1975,#1976,#1977,#1978,#1979,#1980,#1981,#1982,#1983,#1984,
#1985,#1986,#1987,#1988,#1989,#1990,#1991,#1992,#1993,#1994,#1995,#1996,
#1997,#1998,#1999,#2000,#2001,#2002,#2003,#2004,#2005,#2006,#2007,#2008,
#2009,#2010,#2011,#2012,#2013,#2014,#2015,#2016,#2017,#2018,#2019,#2020,
#2021,#2022,#2023,#2024,#2025,#2026,#2027,#2028,#2029,#2030,#2031,#2032,
#2033,#2034,#2035,#2036,#2037,#2038,#2039,#2040,#2041,#2042,#2043,#2044,
#2045,#2046,#2047,#2048,#2049,#2050,#2051,#2052,#2053,#2054,#2055,#2056,
#2057,#2058,#2059,#2060,#2061,#2062,#2063,#2064,#2065,#2066,#2067,#2068,
#2069,#2070,#2071,#2072,#2073,#2074,#2075,#2076,#2077,#2078,#2079,#2080,
#2081,#2082,#2083,#2084,#2085,#2086,#2087,#2088,#2089));
#2091=DERIVED_UNIT_ELEMENT(#2093,1.);
#2092=DERIVED_UNIT_ELEMENT(#5060,-3.);
#2093=(
MASS_UNIT()
NAMED_UNIT(*)
SI_UNIT(.KILO.,.GRAM.)
);
#2094=DERIVED_UNIT((#2091,#2092));
#2095=MEASURE_REPRESENTATION_ITEM('density measure',
POSITIVE_RATIO_MEASURE(7850.),#2094);
#2096=PROPERTY_DEFINITION_REPRESENTATION(#2101,#2098);
#2097=PROPERTY_DEFINITION_REPRESENTATION(#2102,#2099);
#2098=REPRESENTATION('material name',(#2100),#5057);
#2099=REPRESENTATION('density',(#2095),#5057);
#2100=DESCRIPTIVE_REPRESENTATION_ITEM('Steel','Steel');
#2101=PROPERTY_DEFINITION('material property','material name',#5067);
#2102=PROPERTY_DEFINITION('material property','density of part',#5067);
#2103=AXIS2_PLACEMENT_3D('',#3026,#2374,#2375);
#2104=AXIS2_PLACEMENT_3D('',#3027,#2376,#2377);
#2105=AXIS2_PLACEMENT_3D('',#3029,#2378,#2379);
#2106=AXIS2_PLACEMENT_3D('',#3031,#2380,#2381);
#2107=AXIS2_PLACEMENT_3D('',#3032,#2382,#2383);
#2108=AXIS2_PLACEMENT_3D('',#3035,#2385,#2386);
#2109=AXIS2_PLACEMENT_3D('',#3036,#2387,#2388);
#2110=AXIS2_PLACEMENT_3D('',#3039,#2389,#2390);
#2111=AXIS2_PLACEMENT_3D('',#3040,#2391,#2392);
#2112=AXIS2_PLACEMENT_3D('',#3041,#2393,#2394);
#2113=AXIS2_PLACEMENT_3D('',#3053,#2396,#2397);
#2114=AXIS2_PLACEMENT_3D('',#3101,#2399,#2400);
#2115=AXIS2_PLACEMENT_3D('',#3158,#2403,#2404);
#2116=AXIS2_PLACEMENT_3D('',#3163,#2406,#2407);
#2117=AXIS2_PLACEMENT_3D('',#3166,#2409,#2410);
#2118=AXIS2_PLACEMENT_3D('',#3167,#2411,#2412);
#2119=AXIS2_PLACEMENT_3D('',#3170,#2413,#2414);
#2120=AXIS2_PLACEMENT_3D('',#3198,#2415,#2416);
#2121=AXIS2_PLACEMENT_3D('',#3200,#2417,#2418);
#2122=AXIS2_PLACEMENT_3D('',#3201,#2419,#2420);
#2123=AXIS2_PLACEMENT_3D('',#3202,#2421,#2422);
#2124=AXIS2_PLACEMENT_3D('',#3205,#2423,#2424);
#2125=AXIS2_PLACEMENT_3D('',#3217,#2425,#2426);
#2126=AXIS2_PLACEMENT_3D('',#3255,#2427,#2428);
#2127=AXIS2_PLACEMENT_3D('',#3258,#2429,#2430);
#2128=AXIS2_PLACEMENT_3D('',#3260,#2431,#2432);
#2129=AXIS2_PLACEMENT_3D('',#3287,#2433,#2434);
#2130=AXIS2_PLACEMENT_3D('',#3288,#2435,#2436);
#2131=AXIS2_PLACEMENT_3D('',#3328,#2437,#2438);
#2132=AXIS2_PLACEMENT_3D('',#3338,#2439,#2440);
#2133=AXIS2_PLACEMENT_3D('',#3341,#2441,#2442);
#2134=AXIS2_PLACEMENT_3D('',#3353,#2443,#2444);
#2135=AXIS2_PLACEMENT_3D('',#3391,#2445,#2446);
#2136=AXIS2_PLACEMENT_3D('',#3393,#2447,#2448);
#2137=AXIS2_PLACEMENT_3D('',#3395,#2449,#2450);
#2138=AXIS2_PLACEMENT_3D('',#3475,#2452,#2453);
#2139=AXIS2_PLACEMENT_3D('',#3478,#2454,#2455);
#2140=AXIS2_PLACEMENT_3D('',#3480,#2456,#2457);
#2141=AXIS2_PLACEMENT_3D('',#3482,#2458,#2459);
#2142=AXIS2_PLACEMENT_3D('',#3520,#2460,#2461);
#2143=AXIS2_PLACEMENT_3D('',#3522,#2462,#2463);
#2144=AXIS2_PLACEMENT_3D('',#3533,#2465,#2466);
#2145=AXIS2_PLACEMENT_3D('',#3590,#2469,#2470);
#2146=AXIS2_PLACEMENT_3D('',#3677,#2471,#2472);
#2147=AXIS2_PLACEMENT_3D('',#3693,#2477,#2478);
#2148=AXIS2_PLACEMENT_3D('',#3695,#2479,#2480);
#2149=AXIS2_PLACEMENT_3D('',#3697,#2481,#2482);
#2150=AXIS2_PLACEMENT_3D('',#3698,#2483,#2484);
#2151=AXIS2_PLACEMENT_3D('',#3699,#2485,#2486);
#2152=AXIS2_PLACEMENT_3D('',#3702,#2487,#2488);
#2153=AXIS2_PLACEMENT_3D('',#3704,#2489,#2490);
#2154=AXIS2_PLACEMENT_3D('',#3706,#2491,#2492);
#2155=AXIS2_PLACEMENT_3D('',#3707,#2493,#2494);
#2156=AXIS2_PLACEMENT_3D('',#3708,#2495,#2496);
#2157=AXIS2_PLACEMENT_3D('',#3710,#2497,#2498);
#2158=AXIS2_PLACEMENT_3D('',#3711,#2499,#2500);
#2159=AXIS2_PLACEMENT_3D('',#3712,#2501,#2502);
#2160=AXIS2_PLACEMENT_3D('',#3713,#2503,#2504);
#2161=AXIS2_PLACEMENT_3D('',#3807,#2505,#2506);
#2162=AXIS2_PLACEMENT_3D('',#3808,#2507,#2508);
#2163=AXIS2_PLACEMENT_3D('',#3809,#2509,#2510);
#2164=AXIS2_PLACEMENT_3D('',#3813,#2512,#2513);
#2165=AXIS2_PLACEMENT_3D('',#3833,#2514,#2515);
#2166=AXIS2_PLACEMENT_3D('',#3835,#2516,#2517);
#2167=AXIS2_PLACEMENT_3D('',#3836,#2518,#2519);
#2168=AXIS2_PLACEMENT_3D('',#3837,#2520,#2521);
#2169=AXIS2_PLACEMENT_3D('',#3850,#2522,#2523);
#2170=AXIS2_PLACEMENT_3D('',#3889,#2524,#2525);
#2171=AXIS2_PLACEMENT_3D('',#3890,#2526,#2527);
#2172=AXIS2_PLACEMENT_3D('',#3893,#2528,#2529);
#2173=AXIS2_PLACEMENT_3D('',#3895,#2530,#2531);
#2174=AXIS2_PLACEMENT_3D('',#3897,#2532,#2533);
#2175=AXIS2_PLACEMENT_3D('',#3905,#2534,#2535);
#2176=AXIS2_PLACEMENT_3D('',#3906,#2536,#2537);
#2177=AXIS2_PLACEMENT_3D('',#3947,#2538,#2539);
#2178=AXIS2_PLACEMENT_3D('',#3958,#2540,#2541);
#2179=AXIS2_PLACEMENT_3D('',#3959,#2542,#2543);
#2180=AXIS2_PLACEMENT_3D('',#3961,#2544,#2545);
#2181=AXIS2_PLACEMENT_3D('',#3990,#2546,#2547);
#2182=AXIS2_PLACEMENT_3D('',#3991,#2548,#2549);
#2183=AXIS2_PLACEMENT_3D('',#3992,#2550,#2551);
#2184=AXIS2_PLACEMENT_3D('',#3995,#2552,#2553);
#2185=AXIS2_PLACEMENT_3D('',#4007,#2554,#2555);
#2186=AXIS2_PLACEMENT_3D('',#4045,#2556,#2557);
#2187=AXIS2_PLACEMENT_3D('',#4057,#2558,#2559);
#2188=AXIS2_PLACEMENT_3D('',#4095,#2560,#2561);
#2189=AXIS2_PLACEMENT_3D('',#4096,#2562,#2563);
#2190=AXIS2_PLACEMENT_3D('',#4098,#2564,#2565);
#2191=AXIS2_PLACEMENT_3D('',#4099,#2566,#2567);
#2192=AXIS2_PLACEMENT_3D('',#4100,#2568,#2569);
#2193=AXIS2_PLACEMENT_3D('',#4111,#2570,#2571);
#2194=AXIS2_PLACEMENT_3D('',#4112,#2572,#2573);
#2195=AXIS2_PLACEMENT_3D('',#4128,#2574,#2575);
#2196=AXIS2_PLACEMENT_3D('',#4130,#2576,#2577);
#2197=AXIS2_PLACEMENT_3D('',#4131,#2578,#2579);
#2198=AXIS2_PLACEMENT_3D('',#4132,#2580,#2581);
#2199=AXIS2_PLACEMENT_3D('',#4140,#2582,#2583);
#2200=AXIS2_PLACEMENT_3D('',#4141,#2584,#2585);
#2201=AXIS2_PLACEMENT_3D('',#4144,#2586,#2587);
#2202=AXIS2_PLACEMENT_3D('',#4146,#2588,#2589);
#2203=AXIS2_PLACEMENT_3D('',#4148,#2590,#2591);
#2204=AXIS2_PLACEMENT_3D('',#4161,#2592,#2593);
#2205=AXIS2_PLACEMENT_3D('',#4177,#2594,#2595);
#2206=AXIS2_PLACEMENT_3D('',#4178,#2596,#2597);
#2207=AXIS2_PLACEMENT_3D('',#4179,#2598,#2599);
#2208=AXIS2_PLACEMENT_3D('',#4180,#2600,#2601);
#2209=AXIS2_PLACEMENT_3D('',#4182,#2602,#2603);
#2210=AXIS2_PLACEMENT_3D('',#4189,#2604,#2605);
#2211=AXIS2_PLACEMENT_3D('',#4191,#2606,#2607);
#2212=AXIS2_PLACEMENT_3D('',#4204,#2608,#2609);
#2213=AXIS2_PLACEMENT_3D('',#4206,#2610,#2611);
#2214=AXIS2_PLACEMENT_3D('',#4217,#2612,#2613);
#2215=AXIS2_PLACEMENT_3D('',#4218,#2614,#2615);
#2216=AXIS2_PLACEMENT_3D('',#4221,#2616,#2617);
#2217=AXIS2_PLACEMENT_3D('',#4261,#2618,#2619);
#2218=AXIS2_PLACEMENT_3D('',#4271,#2620,#2621);
#2219=AXIS2_PLACEMENT_3D('',#4462,#2625,#2626);
#2220=AXIS2_PLACEMENT_3D('',#4464,#2627,#2628);
#2221=AXIS2_PLACEMENT_3D('',#4538,#2629,#2630);
#2222=AXIS2_PLACEMENT_3D('',#4540,#2632,#2633);
#2223=AXIS2_PLACEMENT_3D('',#4546,#2635,#2636);
#2224=AXIS2_PLACEMENT_3D('',#4548,#2638,#2639);
#2225=AXIS2_PLACEMENT_3D('',#4551,#2642,#2643);
#2226=AXIS2_PLACEMENT_3D('',#4553,#2645,#2646);
#2227=AXIS2_PLACEMENT_3D('',#4580,#2647,#2648);
#2228=AXIS2_PLACEMENT_3D('',#4582,#2649,#2650);
#2229=AXIS2_PLACEMENT_3D('',#4584,#2651,#2652);
#2230=AXIS2_PLACEMENT_3D('',#4597,#2653,#2654);
#2231=AXIS2_PLACEMENT_3D('',#4600,#2655,#2656);
#2232=AXIS2_PLACEMENT_3D('',#4601,#2657,#2658);
#2233=AXIS2_PLACEMENT_3D('',#4614,#2659,#2660);
#2234=AXIS2_PLACEMENT_3D('',#4641,#2661,#2662);
#2235=AXIS2_PLACEMENT_3D('',#4681,#2663,#2664);
#2236=AXIS2_PLACEMENT_3D('',#4682,#2665,#2666);
#2237=AXIS2_PLACEMENT_3D('',#4683,#2667,#2668);
#2238=AXIS2_PLACEMENT_3D('',#4685,#2669,#2670);
#2239=AXIS2_PLACEMENT_3D('',#4687,#2671,#2672);
#2240=AXIS2_PLACEMENT_3D('',#4688,#2673,#2674);
#2241=AXIS2_PLACEMENT_3D('',#4689,#2675,#2676);
#2242=AXIS2_PLACEMENT_3D('',#4692,#2677,#2678);
#2243=AXIS2_PLACEMENT_3D('',#4693,#2679,#2680);
#2244=AXIS2_PLACEMENT_3D('',#4695,#2681,#2682);
#2245=AXIS2_PLACEMENT_3D('',#4696,#2683,#2684);
#2246=AXIS2_PLACEMENT_3D('',#4697,#2685,#2686);
#2247=AXIS2_PLACEMENT_3D('',#4743,#2687,#2688);
#2248=AXIS2_PLACEMENT_3D('',#4744,#2689,#2690);
#2249=AXIS2_PLACEMENT_3D('',#4748,#2692,#2693);
#2250=AXIS2_PLACEMENT_3D('',#4750,#2694,#2695);
#2251=AXIS2_PLACEMENT_3D('',#4751,#2696,#2697);
#2252=AXIS2_PLACEMENT_3D('',#4752,#2698,#2699);
#2253=AXIS2_PLACEMENT_3D('',#4755,#2702,#2703);
#2254=AXIS2_PLACEMENT_3D('',#4758,#2706,#2707);
#2255=AXIS2_PLACEMENT_3D('',#4761,#2710,#2711);
#2256=AXIS2_PLACEMENT_3D('',#4764,#2714,#2715);
#2257=AXIS2_PLACEMENT_3D('',#4767,#2718,#2719);
#2258=AXIS2_PLACEMENT_3D('',#4770,#2722,#2723);
#2259=AXIS2_PLACEMENT_3D('',#4775,#2727,#2728);
#2260=AXIS2_PLACEMENT_3D('',#4780,#2732,#2733);
#2261=AXIS2_PLACEMENT_3D('',#4785,#2737,#2738);
#2262=AXIS2_PLACEMENT_3D('',#4790,#2742,#2743);
#2263=AXIS2_PLACEMENT_3D('',#4795,#2747,#2748);
#2264=AXIS2_PLACEMENT_3D('',#4800,#2752,#2753);
#2265=AXIS2_PLACEMENT_3D('',#4802,#2755,#2756);
#2266=AXIS2_PLACEMENT_3D('',#4804,#2758,#2759);
#2267=AXIS2_PLACEMENT_3D('',#4806,#2761,#2762);
#2268=AXIS2_PLACEMENT_3D('',#4808,#2764,#2765);
#2269=AXIS2_PLACEMENT_3D('',#4810,#2767,#2768);
#2270=AXIS2_PLACEMENT_3D('',#4812,#2770,#2771);
#2271=AXIS2_PLACEMENT_3D('',#4814,#2773,#2774);
#2272=AXIS2_PLACEMENT_3D('',#4816,#2776,#2777);
#2273=AXIS2_PLACEMENT_3D('',#4818,#2778,#2779);
#2274=AXIS2_PLACEMENT_3D('',#4821,#2781,#2782);
#2275=AXIS2_PLACEMENT_3D('',#4822,#2783,#2784);
#2276=AXIS2_PLACEMENT_3D('',#4824,#2785,#2786);
#2277=AXIS2_PLACEMENT_3D('',#4827,#2788,#2789);
#2278=AXIS2_PLACEMENT_3D('',#4828,#2790,#2791);
#2279=AXIS2_PLACEMENT_3D('',#4830,#2792,#2793);
#2280=AXIS2_PLACEMENT_3D('',#4833,#2795,#2796);
#2281=AXIS2_PLACEMENT_3D('',#4834,#2797,#2798);
#2282=AXIS2_PLACEMENT_3D('',#4836,#2799,#2800);
#2283=AXIS2_PLACEMENT_3D('',#4839,#2802,#2803);
#2284=AXIS2_PLACEMENT_3D('',#4840,#2804,#2805);
#2285=AXIS2_PLACEMENT_3D('',#4842,#2806,#2807);
#2286=AXIS2_PLACEMENT_3D('',#4845,#2809,#2810);
#2287=AXIS2_PLACEMENT_3D('',#4846,#2811,#2812);
#2288=AXIS2_PLACEMENT_3D('',#4848,#2813,#2814);
#2289=AXIS2_PLACEMENT_3D('',#4851,#2816,#2817);
#2290=AXIS2_PLACEMENT_3D('',#4852,#2818,#2819);
#2291=AXIS2_PLACEMENT_3D('',#4854,#2821,#2822);
#2292=AXIS2_PLACEMENT_3D('',#4857,#2823,#2824);
#2293=AXIS2_PLACEMENT_3D('',#4860,#2827,#2828);
#2294=AXIS2_PLACEMENT_3D('',#4862,#2829,#2830);
#2295=AXIS2_PLACEMENT_3D('',#4864,#2832,#2833);
#2296=AXIS2_PLACEMENT_3D('',#4866,#2834,#2835);
#2297=AXIS2_PLACEMENT_3D('',#4868,#2837,#2838);
#2298=AXIS2_PLACEMENT_3D('',#4873,#2841,#2842);
#2299=AXIS2_PLACEMENT_3D('',#4874,#2843,#2844);
#2300=AXIS2_PLACEMENT_3D('',#4877,#2846,#2847);
#2301=AXIS2_PLACEMENT_3D('',#4878,#2848,#2849);
#2302=AXIS2_PLACEMENT_3D('',#4881,#2851,#2852);
#2303=AXIS2_PLACEMENT_3D('',#4882,#2853,#2854);
#2304=AXIS2_PLACEMENT_3D('',#4887,#2857,#2858);
#2305=AXIS2_PLACEMENT_3D('',#4888,#2859,#2860);
#2306=AXIS2_PLACEMENT_3D('',#4891,#2862,#2863);
#2307=AXIS2_PLACEMENT_3D('',#4892,#2864,#2865);
#2308=AXIS2_PLACEMENT_3D('',#4895,#2867,#2868);
#2309=AXIS2_PLACEMENT_3D('',#4896,#2869,#2870);
#2310=AXIS2_PLACEMENT_3D('',#4901,#2872,#2873);
#2311=AXIS2_PLACEMENT_3D('',#4904,#2875,#2876);
#2312=AXIS2_PLACEMENT_3D('',#4905,#2877,#2878);
#2313=AXIS2_PLACEMENT_3D('',#4910,#2880,#2881);
#2314=AXIS2_PLACEMENT_3D('',#4913,#2883,#2884);
#2315=AXIS2_PLACEMENT_3D('',#4914,#2885,#2886);
#2316=AXIS2_PLACEMENT_3D('',#4917,#2887,#2888);
#2317=AXIS2_PLACEMENT_3D('',#4921,#2890,#2891);
#2318=AXIS2_PLACEMENT_3D('',#4923,#2893,#2894);
#2319=AXIS2_PLACEMENT_3D('',#4928,#2896,#2897);
#2320=AXIS2_PLACEMENT_3D('',#4931,#2899,#2900);
#2321=AXIS2_PLACEMENT_3D('',#4932,#2901,#2902);
#2322=AXIS2_PLACEMENT_3D('',#4935,#2903,#2904);
#2323=AXIS2_PLACEMENT_3D('',#4939,#2906,#2907);
#2324=AXIS2_PLACEMENT_3D('',#4941,#2909,#2910);
#2325=AXIS2_PLACEMENT_3D('',#4946,#2912,#2913);
#2326=AXIS2_PLACEMENT_3D('',#4949,#2915,#2916);
#2327=AXIS2_PLACEMENT_3D('',#4950,#2917,#2918);
#2328=AXIS2_PLACEMENT_3D('',#4952,#2919,#2920);
#2329=AXIS2_PLACEMENT_3D('',#4953,#2921,#2922);
#2330=AXIS2_PLACEMENT_3D('',#4955,#2924,#2925);
#2331=AXIS2_PLACEMENT_3D('',#4957,#2926,#2927);
#2332=AXIS2_PLACEMENT_3D('',#4959,#2929,#2930);
#2333=AXIS2_PLACEMENT_3D('',#4960,#2931,#2932);
#2334=AXIS2_PLACEMENT_3D('',#4961,#2933,#2934);
#2335=AXIS2_PLACEMENT_3D('',#4962,#2935,#2936);
#2336=AXIS2_PLACEMENT_3D('',#4963,#2937,#2938);
#2337=AXIS2_PLACEMENT_3D('',#4964,#2939,#2940);
#2338=AXIS2_PLACEMENT_3D('',#4967,#2942,#2943);
#2339=AXIS2_PLACEMENT_3D('',#4968,#2944,#2945);
#2340=AXIS2_PLACEMENT_3D('',#4970,#2946,#2947);
#2341=AXIS2_PLACEMENT_3D('',#4972,#2949,#2950);
#2342=AXIS2_PLACEMENT_3D('',#4973,#2951,#2952);
#2343=AXIS2_PLACEMENT_3D('',#4974,#2953,#2954);
#2344=AXIS2_PLACEMENT_3D('',#4975,#2955,#2956);
#2345=AXIS2_PLACEMENT_3D('',#4976,#2957,#2958);
#2346=AXIS2_PLACEMENT_3D('',#4979,#2960,#2961);
#2347=AXIS2_PLACEMENT_3D('',#4980,#2962,#2963);
#2348=AXIS2_PLACEMENT_3D('',#4981,#2964,#2965);
#2349=AXIS2_PLACEMENT_3D('',#4982,#2966,#2967);
#2350=AXIS2_PLACEMENT_3D('',#4983,#2968,#2969);
#2351=AXIS2_PLACEMENT_3D('',#4984,#2970,#2971);
#2352=AXIS2_PLACEMENT_3D('',#4985,#2972,#2973);
#2353=AXIS2_PLACEMENT_3D('',#4988,#2975,#2976);
#2354=AXIS2_PLACEMENT_3D('',#4989,#2977,#2978);
#2355=AXIS2_PLACEMENT_3D('',#4991,#2980,#2981);
#2356=AXIS2_PLACEMENT_3D('',#4992,#2982,#2983);
#2357=AXIS2_PLACEMENT_3D('',#4993,#2984,#2985);
#2358=AXIS2_PLACEMENT_3D('',#4994,#2986,#2987);
#2359=AXIS2_PLACEMENT_3D('',#4995,#2988,#2989);
#2360=AXIS2_PLACEMENT_3D('',#4996,#2990,#2991);
#2361=AXIS2_PLACEMENT_3D('',#4997,#2992,#2993);
#2362=AXIS2_PLACEMENT_3D('',#4999,#2995,#2996);
#2363=AXIS2_PLACEMENT_3D('',#5001,#2998,#2999);
#2364=AXIS2_PLACEMENT_3D('',#5003,#3001,#3002);
#2365=AXIS2_PLACEMENT_3D('',#5005,#3004,#3005);
#2366=AXIS2_PLACEMENT_3D('',#5007,#3007,#3008);
#2367=AXIS2_PLACEMENT_3D('',#5009,#3010,#3011);
#2368=AXIS2_PLACEMENT_3D('',#5010,#3012,#3013);
#2369=AXIS2_PLACEMENT_3D('',#5011,#3014,#3015);
#2370=AXIS2_PLACEMENT_3D('',#5012,#3016,#3017);
#2371=AXIS2_PLACEMENT_3D('',#5050,#3019,#3020);
#2372=AXIS2_PLACEMENT_3D('',#5052,#3021,#3022);
#2373=AXIS2_PLACEMENT_3D('',#5053,#3023,#3024);
#2374=DIRECTION('axis',(0.,0.,1.));
#2375=DIRECTION('refdir',(1.,0.,0.));
#2376=DIRECTION('center_axis',(0.,0.,-1.));
#2377=DIRECTION('ref_axis',(1.,0.,0.));
#2378=DIRECTION('center_axis',(0.,0.,1.));
#2379=DIRECTION('ref_axis',(1.,0.,0.));
#2380=DIRECTION('center_axis',(0.,0.,1.));
#2381=DIRECTION('ref_axis',(1.,0.,0.));
#2382=DIRECTION('center_axis',(0.,0.,-1.));
#2383=DIRECTION('ref_axis',(1.,0.,0.));
#2384=DIRECTION('',(0.,0.,1.));
#2385=DIRECTION('center_axis',(0.,0.,1.));
#2386=DIRECTION('ref_axis',(1.,0.,0.));
#2387=DIRECTION('center_axis',(0.,0.,1.));
#2388=DIRECTION('ref_axis',(1.,0.,0.));
#2389=DIRECTION('center_axis',(1.59666216369218E-9,-1.99664659503734E-8,
1.));
#2390=DIRECTION('ref_axis',(-1.,-1.20684129398312E-16,1.59666216286055E-9));
#2391=DIRECTION('center_axis',(1.59666216369218E-9,-1.99664659503734E-8,
1.));
#2392=DIRECTION('ref_axis',(-1.,-1.20684129398312E-16,1.59666216286055E-9));
#2393=DIRECTION('center_axis',(0.00423706239047785,0.0174312981093192,0.999839085627544));
#2394=DIRECTION('ref_axis',(-0.999991020882543,0.,0.00423770625323937));
#2395=DIRECTION('',(-0.00455027705462774,-0.0168620943977481,-0.999847470743037));
#2396=DIRECTION('center_axis',(-0.809943411215438,0.586508031163221,-3.12126368078295E-6));
#2397=DIRECTION('ref_axis',(-0.586508030974674,-0.809943410794243,3.02191824760721E-5));
#2398=DIRECTION('',(0.00452657734386335,0.0168620930898365,0.999847578340909));
#2399=DIRECTION('center_axis',(0.0164955696397429,0.00397407380477582,-0.999856041097745));
#2400=DIRECTION('ref_axis',(0.99986393668578,0.,0.0164956999007175));
#2401=DIRECTION('',(-0.0168620939931099,-0.00451472790679894,0.999847631901029));
#2402=DIRECTION('',(0.0168857915274664,0.00449102806239281,-0.999847338702981));
#2403=DIRECTION('center_axis',(-4.16308144849631E-7,-1.5507531998513E-6,
0.999999999998711));
#2404=DIRECTION('ref_axis',(-0.25927520654267,-0.965803482738428,-1.60566122170911E-6));
#2405=DIRECTION('',(0.,0.,-1.));
#2406=DIRECTION('center_axis',(3.88523557919137E-6,1.21295031271462E-6,
-0.999999999991717));
#2407=DIRECTION('ref_axis',(0.999999999992452,3.42530763907824E-16,3.88523557919423E-6));
#2408=DIRECTION('',(-4.16308144849632E-7,-1.5507531998513E-6,0.999999999998711));
#2409=DIRECTION('center_axis',(3.88294900247373E-6,1.21157098491024E-6,
0.999999999991727));
#2410=DIRECTION('ref_axis',(0.999999999992461,-1.66143917313749E-15,-3.88294900247657E-6));
#2411=DIRECTION('center_axis',(1.81860082159873E-6,-4.08891258919237E-6,
-0.999999999989987));
#2412=DIRECTION('ref_axis',(-0.999999999998346,0.,-1.81860082164499E-6));
#2413=DIRECTION('center_axis',(-0.739404925656821,-0.673260986477346,1.40822291813975E-6));
#2414=DIRECTION('ref_axis',(-0.673260986476362,0.739404925646856,-4.24775509217867E-6));
#2415=DIRECTION('center_axis',(0.952673612276767,0.303995046787438,4.8952384014558E-7));
#2416=DIRECTION('ref_axis',(-0.303995046782392,0.952673612268118,-4.44824476845697E-6));
#2417=DIRECTION('center_axis',(1.81860082159873E-6,-4.08891258919237E-6,
-0.999999999989987));
#2418=DIRECTION('ref_axis',(-0.999999999998346,-7.83284661739494E-17,-1.81860082161393E-6));
#2419=DIRECTION('center_axis',(-1.81860082159873E-6,4.08891258919237E-6,
0.999999999989987));
#2420=DIRECTION('ref_axis',(-0.999999999998346,4.97957439349388E-17,-1.81860082161393E-6));
#2421=DIRECTION('center_axis',(4.54371416092547E-6,-3.33347343046755E-5,
0.999999999434075));
#2422=DIRECTION('ref_axis',(0.999999999989677,0.,-4.54371416088611E-6));
#2423=DIRECTION('center_axis',(-0.67940861588449,-0.733760132608151,-2.13726605269023E-5));
#2424=DIRECTION('ref_axis',(-0.73376013290535,0.679408615402884,2.59819020001416E-5));
#2425=DIRECTION('center_axis',(0.706814098282369,-0.707399342487284,-2.67925303717857E-5));
#2426=DIRECTION('ref_axis',(0.707399342980071,0.706814098004103,2.03472397594487E-5));
#2427=DIRECTION('center_axis',(-4.01990373980532E-7,2.42449126220245E-8,
0.999999999999919));
#2428=DIRECTION('ref_axis',(-0.999999999999711,6.44601988491101E-7,-4.0199038981561E-7));
#2429=DIRECTION('center_axis',(-1.34626675910554E-5,-1.98972626976668E-5,
-0.999999999711428));
#2430=DIRECTION('ref_axis',(0.999999999909378,5.7480713286711E-17,-1.34626675937229E-5));
#2431=DIRECTION('center_axis',(0.67928178422173,-0.7338775494757,2.90857535539784E-7));
#2432=DIRECTION('ref_axis',(-0.733877549475648,-0.679281784221792,-2.78542583076672E-7));
#2433=DIRECTION('center_axis',(-2.58193637740173E-5,1.2867153283375E-5,
-0.999999999583898));
#2434=DIRECTION('ref_axis',(-0.99999999966668,2.18791368421466E-17,2.58193637761642E-5));
#2435=DIRECTION('center_axis',(-5.42536221946797E-7,2.51362494844795E-5,
0.999999999683937));
#2436=DIRECTION('ref_axis',(0.999999999999853,0.,5.42536218121724E-7));
#2437=DIRECTION('center_axis',(0.707449765453221,0.706763630259837,-1.73815698192952E-5));
#2438=DIRECTION('ref_axis',(0.706763630473363,-0.707449765220192,1.81660786723722E-5));
#2439=DIRECTION('center_axis',(4.70248858735228E-5,-2.24755821525126E-5,
0.999999998641754));
#2440=DIRECTION('ref_axis',(-0.856129570278852,0.51676121778172,5.18739046071237E-5));
#2441=DIRECTION('center_axis',(0.258333986687233,-0.966055666188925,-3.38607897765401E-5));
#2442=DIRECTION('ref_axis',(-0.966055665637825,-0.258333987928652,3.96224507092155E-5));
#2443=DIRECTION('center_axis',(0.975197657715245,0.221335781984515,-5.91279001349655E-8));
#2444=DIRECTION('ref_axis',(-0.221335781984517,0.975197657715245,-4.04237584697307E-8));
#2445=DIRECTION('center_axis',(-4.87141655265598E-8,-5.25082745849231E-8,
-0.999999999999997));
#2446=DIRECTION('ref_axis',(-0.999999999999999,0.,4.8714165718829E-8));
#2447=DIRECTION('center_axis',(4.87141655265598E-8,5.25082745849231E-8,
0.999999999999997));
#2448=DIRECTION('ref_axis',(-0.999999999999999,1.11051740684006E-17,4.87141655265913E-8));
#2449=DIRECTION('center_axis',(0.295750529401553,-0.955265211339373,1.90642322535569E-5));
#2450=DIRECTION('ref_axis',(0.955265211271452,0.295750529726699,1.73460555374369E-5));
#2451=DIRECTION('',(0.015366989326213,-0.145592373231685,0.989225311289503));
#2452=DIRECTION('center_axis',(-3.1953938263798E-8,3.88485875681969E-6,
0.999999999992453));
#2453=DIRECTION('ref_axis',(1.,0.,3.19539395774427E-8));
#2454=DIRECTION('center_axis',(-0.707447961287254,-0.706765436381189,2.72307814608368E-6));
#2455=DIRECTION('ref_axis',(-0.706765436386435,0.707447961281828,-2.77091934667348E-6));
#2456=DIRECTION('center_axis',(-3.1953938263798E-8,3.88485875681969E-6,
0.999999999992453));
#2457=DIRECTION('ref_axis',(0.999999999999999,-2.95627263571179E-16,3.19539382640413E-8));
#2458=DIRECTION('center_axis',(0.739606915036876,-0.673039085958104,1.52146243333409E-6));
#2459=DIRECTION('ref_axis',(-0.673039085946442,-0.739606915006026,7.97790201835195E-6));
#2460=DIRECTION('center_axis',(-2.22083401966902E-5,1.30812927431983E-5,
0.999999999667835));
#2461=DIRECTION('ref_axis',(0.999999999753395,0.,2.22083401994932E-5));
#2462=DIRECTION('center_axis',(-0.966029540698055,-0.25843166634927,-1.80732924042508E-5));
#2463=DIRECTION('ref_axis',(0.258431666027006,-0.966029540778552,1.8376253584415E-5));
#2464=DIRECTION('',(0.139878204595802,0.0433425422691218,-0.989219647959291));
#2465=DIRECTION('center_axis',(4.24415574568641E-6,6.92451518570079E-6,
0.999999999967019));
#2466=DIRECTION('ref_axis',(0.999999999990994,0.,-4.24415574591223E-6));
#2467=DIRECTION('',(0.0483201743402928,0.121190114676057,0.991452528796275));
#2468=DIRECTION('',(-0.941277687963636,0.33763340199369,0.));
#2469=DIRECTION('center_axis',(0.952762242311991,-0.3037171539786,-1.94057730016286E-6));
#2470=DIRECTION('ref_axis',(-0.303717153955146,-0.952762242288804,7.88643951935075E-6));
#2471=DIRECTION('center_axis',(0.184589325237268,0.311237301529063,-0.932232869590725));
#2472=DIRECTION('ref_axis',(-0.980954704961526,0.,-0.194236625830054));
#2473=DIRECTION('',(-0.0880669631277395,-0.0962501765157153,0.991453535737379));
#2474=DIRECTION('',(0.0397467950377141,0.124306153108145,-0.991447513781584));
#2475=DIRECTION('',(0.,0.,-1.));
#2476=DIRECTION('',(0.,0.,1.));
#2477=DIRECTION('center_axis',(3.25666856936496E-6,2.02832180198993E-6,
0.99999999999264));
#2478=DIRECTION('ref_axis',(0.999999999994697,0.,-3.25666856537316E-6));
#2479=DIRECTION('center_axis',(-4.32438803962211E-8,1.16089252507912E-8,
0.999999999999999));
#2480=DIRECTION('ref_axis',(0.965804209942064,-0.259272497689562,4.47749967861655E-8));
#2481=DIRECTION('center_axis',(-0.259281463604804,-0.965801802971548,2.80335064652971E-6));
#2482=DIRECTION('ref_axis',(0.965801802970125,-0.259281463612025,-2.61939013066108E-6));
#2483=DIRECTION('center_axis',(-3.25666856936496E-6,-2.02832180198993E-6,
-0.99999999999264));
#2484=DIRECTION('ref_axis',(0.999999999994697,4.45141481433256E-16,-3.25666856934309E-6));
#2485=DIRECTION('center_axis',(-5.96355292334206E-6,3.12344400552327E-6,
0.99999999997734));
#2486=DIRECTION('ref_axis',(-0.853969205744909,0.520323548952264,-6.71789202260655E-6));
#2487=DIRECTION('center_axis',(0.213361714733238,-0.976973274291257,-2.59077837544249E-6));
#2488=DIRECTION('ref_axis',(0.976973274214687,0.213361714748953,-1.2231916343389E-5));
#2489=DIRECTION('center_axis',(-5.96355292334206E-6,3.12344400552327E-6,
0.99999999997734));
#2490=DIRECTION('ref_axis',(0.999999999982218,1.69434476431586E-15,5.96355292337114E-6));
#2491=DIRECTION('center_axis',(0.966048264657549,0.258361665794558,0.));
#2492=DIRECTION('ref_axis',(2.34322931070606E-15,-8.7616977304989E-15,1.));
#2493=DIRECTION('center_axis',(5.96355292334206E-6,-3.12344400552327E-6,
-0.99999999997734));
#2494=DIRECTION('ref_axis',(0.999999999982218,2.6043306640985E-15,5.96355292336953E-6));
#2495=DIRECTION('center_axis',(-1.25030282775894E-5,-7.87014132811822E-8,
-0.999999999921834));
#2496=DIRECTION('ref_axis',(0.999999989003359,0.000147773327946403,-1.25030397708568E-5));
#2497=DIRECTION('center_axis',(1.25030282775894E-5,7.87014132811822E-8,
0.999999999921834));
#2498=DIRECTION('ref_axis',(-0.999999999921837,-7.98477045166483E-17,1.2503028277585E-5));
#2499=DIRECTION('center_axis',(-0.213055344672376,-0.977040132288579,-2.01287133946883E-6));
#2500=DIRECTION('ref_axis',(-0.977040132282927,0.213055344678432,-3.53760553733195E-6));
#2501=DIRECTION('center_axis',(2.65293055239633E-12,2.63646851784925E-15,
-1.));
#2502=DIRECTION('ref_axis',(1.,-6.91331000699742E-27,2.65293055239633E-12));
#2503=DIRECTION('center_axis',(1.51957462656589E-5,2.63064739541833E-5,
0.999999999538529));
#2504=DIRECTION('ref_axis',(-0.93941325480458,-0.342786721088961,2.32925954220044E-5));
#2505=DIRECTION('center_axis',(1.51957462656589E-5,2.63064739541833E-5,
0.999999999538529));
#2506=DIRECTION('ref_axis',(0.999999999884545,2.48248643648589E-17,-1.51957462708697E-5));
#2507=DIRECTION('center_axis',(0.259272497689562,0.965804209942065,0.));
#2508=DIRECTION('ref_axis',(-2.64681662023612E-15,7.1053516751612E-16,1.));
#2509=DIRECTION('center_axis',(-3.3915280482714E-6,-7.76018029079119E-5,
-0.999999996983229));
#2510=DIRECTION('ref_axis',(-0.999999999994249,0.,3.39152805921082E-6));
#2511=DIRECTION('',(-0.0323089721961133,-0.143026303746209,-0.989191390354934));
#2512=DIRECTION('center_axis',(0.975197473961806,-0.221336591594092,-1.50027548212117E-7));
#2513=DIRECTION('ref_axis',(-0.221336591594099,-0.975197473961815,-3.82584980691697E-8));
#2514=DIRECTION('center_axis',(-3.88523557919137E-6,-1.21295031271462E-6,
0.999999999991717));
#2515=DIRECTION('ref_axis',(-0.854140152159597,-0.520042883282892,-3.94932188659608E-6));
#2516=DIRECTION('center_axis',(0.965803482739674,-0.259275206543001,0.));
#2517=DIRECTION('ref_axis',(0.,1.48035165818367E-15,1.));
#2518=DIRECTION('center_axis',(3.88523557919137E-6,1.21295031271462E-6,
-0.999999999991717));
#2519=DIRECTION('ref_axis',(0.999999999992452,-7.48560183019518E-16,3.88523557920412E-6));
#2520=DIRECTION('center_axis',(-3.03097368848474E-5,-2.06323399593447E-5,
0.999999999327813));
#2521=DIRECTION('ref_axis',(0.99999999954066,0.,3.03097368904855E-5));
#2522=DIRECTION('center_axis',(-0.295916524133371,-0.955213803682099,-2.65693414651888E-8));
#2523=DIRECTION('ref_axis',(0.955213803682089,-0.295916524133363,-1.52532121187043E-7));
#2524=DIRECTION('center_axis',(-0.965796880241491,0.259299798579731,-2.39230877447203E-5));
#2525=DIRECTION('ref_axis',(0.259299797911844,0.965796880317398,2.77859582341994E-5));
#2526=DIRECTION('center_axis',(-4.98016188720551E-6,9.56917097354705E-6,
-0.999999999941815));
#2527=DIRECTION('ref_axis',(-0.999999999987599,0.,4.98016188720483E-6));
#2528=DIRECTION('center_axis',(-4.98016188720551E-6,9.56917097354705E-6,
-0.999999999941815));
#2529=DIRECTION('ref_axis',(-0.999999999987599,-4.75720348242096E-17,4.98016188743352E-6));
#2530=DIRECTION('center_axis',(4.98016188720551E-6,-9.56917097354705E-6,
0.999999999941815));
#2531=DIRECTION('ref_axis',(-0.999999999987599,7.0164682547919E-17,4.98016188743352E-6));
#2532=DIRECTION('center_axis',(0.952671419207234,0.304001919390633,5.6995891488849E-6));
#2533=DIRECTION('ref_axis',(0.30400191935924,-0.952671419216878,5.76169593660001E-6));
#2534=DIRECTION('center_axis',(-0.739412426261307,-0.673252748864441,6.06964144391158E-6));
#2535=DIRECTION('ref_axis',(0.67325274888975,-0.739412426251264,4.19711687679666E-6));
#2536=DIRECTION('center_axis',(-1.2884118774991E-6,3.31014682945571E-5,
0.999999999451316));
#2537=DIRECTION('ref_axis',(0.99999999999917,0.,1.28841188375746E-6));
#2538=DIRECTION('center_axis',(0.706826312229213,-0.707387138523656,2.43262363671707E-5));
#2539=DIRECTION('ref_axis',(0.707387138940758,0.706826311872731,-2.24855827729405E-5));
#2540=DIRECTION('center_axis',(-0.679460792698386,-0.733711817158196,2.34115131102419E-5));
#2541=DIRECTION('ref_axis',(-0.733711817530576,0.679460792295413,-2.34364729072185E-5));
#2542=DIRECTION('center_axis',(-2.26403051912287E-7,-1.78572613727009E-8,
-0.999999999999974));
#2543=DIRECTION('ref_axis',(-0.999999999999974,0.,2.26403052065341E-7));
#2544=DIRECTION('center_axis',(2.58193637740173E-5,-1.2867153283375E-5,
0.999999999583898));
#2545=DIRECTION('ref_axis',(-0.99999999966668,4.3629760984342E-17,2.58193637761565E-5));
#2546=DIRECTION('center_axis',(0.67948533864084,-0.733689085534333,-1.84373931405814E-5));
#2547=DIRECTION('ref_axis',(-0.733689085759514,-0.679485338525921,-1.28717901624705E-5));
#2548=DIRECTION('center_axis',(2.26403051912287E-7,1.78572613727009E-8,
0.999999999999974));
#2549=DIRECTION('ref_axis',(-0.999999999999974,-2.67927928097582E-18,2.26403051912265E-7));
#2550=DIRECTION('center_axis',(-4.41564863208502E-5,2.52099913551675E-5,
0.999999998707331));
#2551=DIRECTION('ref_axis',(-0.856144780509324,0.516736017926779,-5.08312558950401E-5));
#2552=DIRECTION('center_axis',(0.975183486947226,0.22139820863197,6.98441519960069E-8));
#2553=DIRECTION('ref_axis',(-0.221398208631971,0.975183486947228,7.25508710657864E-9));
#2554=DIRECTION('center_axis',(0.258333151728021,-0.966055889397396,3.57613449470451E-5));
#2555=DIRECTION('ref_axis',(-0.966055889050148,-0.258333152973177,-3.61450571438552E-5));
#2556=DIRECTION('center_axis',(3.08404636591895E-6,-2.22735068147951E-5,
0.99999999974719));
#2557=DIRECTION('ref_axis',(0.999999999995244,0.,-3.08404637205944E-6));
#2558=DIRECTION('center_axis',(0.707445107228142,0.706768293060094,1.35604148833492E-5));
#2559=DIRECTION('ref_axis',(0.706768293183453,-0.707445107007471,-1.79369896030286E-5));
#2560=DIRECTION('center_axis',(6.65046003964918E-8,2.25384112823553E-8,
-0.999999999999998));
#2561=DIRECTION('ref_axis',(-0.999999999999998,0.,-6.65046001978039E-8));
#2562=DIRECTION('center_axis',(-6.65046003964918E-8,-2.25384112823553E-8,
0.999999999999998));
#2563=DIRECTION('ref_axis',(-0.999999999999998,1.59923537872457E-17,-6.65046003964779E-8));
#2564=DIRECTION('center_axis',(0.295649470738013,-0.955296492474393,-4.38001698939238E-5));
#2565=DIRECTION('ref_axis',(0.955296491878029,0.295649472585978,-4.43301804001987E-5));
#2566=DIRECTION('center_axis',(6.65046003964918E-8,2.25384112823553E-8,
-0.999999999999998));
#2567=DIRECTION('ref_axis',(-0.999999999999998,-1.81625348249169E-17,-6.65046003951393E-8));
#2568=DIRECTION('center_axis',(5.52979629750111E-5,-2.87359542704024E-5,
0.99999999805819));
#2569=DIRECTION('ref_axis',(0.999999998471068,0.,-5.52979630008665E-5));
#2570=DIRECTION('center_axis',(-0.966048264657549,-0.258361665794558,0.));
#2571=DIRECTION('ref_axis',(-2.96081214312343E-15,7.40203035780858E-16,
-1.));
#2572=DIRECTION('center_axis',(-3.19220036909297E-8,3.88339945106156E-6,
-0.999999999992459));
#2573=DIRECTION('ref_axis',(-1.,0.,3.19220043878165E-8));
#2574=DIRECTION('center_axis',(0.739607176267287,-0.673038798886792,-2.63728824517063E-6));
#2575=DIRECTION('ref_axis',(0.673038798891958,0.739607176261794,2.85070535534117E-6));
#2576=DIRECTION('center_axis',(-3.19220036909297E-8,3.88339945106156E-6,
-0.999999999992459));
#2577=DIRECTION('ref_axis',(-0.999999999999999,4.23027491035152E-16,3.19220036911714E-8));
#2578=DIRECTION('center_axis',(-0.707442048467063,-0.706771354867135,0.));
#2579=DIRECTION('ref_axis',(0.,1.48027567762591E-15,-1.));
#2580=DIRECTION('center_axis',(-5.0704960823293E-6,-8.52756465484915E-6,
0.999999999950785));
#2581=DIRECTION('ref_axis',(0.999999999987145,0.,5.07049608254231E-6));
#2582=DIRECTION('center_axis',(0.952761526633745,-0.303719399051745,2.48658137923122E-6));
#2583=DIRECTION('ref_axis',(0.303719399044467,0.952761526634831,2.92140114309276E-6));
#2584=DIRECTION('center_axis',(-5.96984475350919E-6,3.12724271241022E-6,
-0.999999999977291));
#2585=DIRECTION('ref_axis',(-0.99999999998218,0.,5.96984475445974E-6));
#2586=DIRECTION('center_axis',(0.966048264657549,0.258361665794558,0.));
#2587=DIRECTION('ref_axis',(-2.68700416629332E-15,1.00470607829918E-14,
-1.));
#2588=DIRECTION('center_axis',(-5.96984475350919E-6,3.12724271241022E-6,
-0.999999999977291));
#2589=DIRECTION('ref_axis',(-0.99999999998218,-2.12839657533402E-15,5.96984475353838E-6));
#2590=DIRECTION('center_axis',(0.213338094160155,-0.976978432495505,-4.32884398544748E-6));
#2591=DIRECTION('ref_axis',(-0.976978432486856,-0.213338094181153,5.16524956943867E-6));
#2592=DIRECTION('center_axis',(3.25640527062988E-6,2.02817561108643E-6,
-0.999999999992641));
#2593=DIRECTION('ref_axis',(0.877599075488666,0.479395309412565,3.8301161299523E-6));
#2594=DIRECTION('center_axis',(-0.259281463923062,-0.965801802886108,-2.80314118747323E-6));
#2595=DIRECTION('ref_axis',(0.965801802884686,-0.259281463930282,2.61917373961587E-6));
#2596=DIRECTION('center_axis',(4.32438803962211E-8,-1.16089252507912E-8,
-0.999999999999999));
#2597=DIRECTION('ref_axis',(0.965804209942064,-0.259272497689561,4.47749964821398E-8));
#2598=DIRECTION('center_axis',(2.95167114240265E-5,-7.24565063337094E-8,
0.999999999564379));
#2599=DIRECTION('ref_axis',(0.999999999564382,0.,-2.95167114242006E-5));
#2600=DIRECTION('center_axis',(-2.65293055239633E-12,-2.63646851784925E-15,
1.));
#2601=DIRECTION('ref_axis',(1.,1.62319247860917E-17,2.65294042899366E-12));
#2602=DIRECTION('center_axis',(-0.213055346026143,-0.977040131993377,2.01103651835659E-6));
#2603=DIRECTION('ref_axis',(-0.977040131987731,0.21305534603219,3.53566533052426E-6));
#2604=DIRECTION('center_axis',(3.88294900247373E-6,1.21157098491024E-6,
0.999999999991727));
#2605=DIRECTION('ref_axis',(-0.854140152339459,-0.520042882987499,3.94665152007358E-6));
#2606=DIRECTION('center_axis',(0.965803482739674,-0.259275206543001,0.));
#2607=DIRECTION('ref_axis',(0.,-4.44092755431231E-15,-1.));
#2608=DIRECTION('center_axis',(-3.5867284267393E-5,-2.22938234320959E-5,
0.999999999108262));
#2609=DIRECTION('ref_axis',(-0.856372889842901,-0.516357891155901,-4.22273615690772E-5));
#2610=DIRECTION('center_axis',(0.25919701596324,0.965824469541618,3.08286132706631E-5));
#2611=DIRECTION('ref_axis',(-0.965824469367644,0.259197016837842,-2.88630082935928E-5));
#2612=DIRECTION('center_axis',(0.975142784061478,-0.221577412636471,3.00359157501561E-5));
#2613=DIRECTION('ref_axis',(-0.221577411769266,-0.975142784269213,-2.96870410954541E-5));
#2614=DIRECTION('center_axis',(2.71170489386738E-5,1.56984474789793E-5,
0.999999999509112));
#2615=DIRECTION('ref_axis',(0.999999999632333,0.,-2.7117048937591E-5));
#2616=DIRECTION('center_axis',(-0.965797070534544,0.259299089966865,2.2118973292179E-5));
#2617=DIRECTION('ref_axis',(0.259299089492345,0.965797070660247,-2.21929406991814E-5));
#2618=DIRECTION('center_axis',(-0.295855988130798,-0.9552325550813,1.73260765601275E-8));
#2619=DIRECTION('ref_axis',(0.955232555081297,-0.295855988130798,-7.54560791142104E-8));
#2620=DIRECTION('center_axis',(-0.000322681976330308,-0.000694682261283875,
-0.999999706646406));
#2621=DIRECTION('ref_axis',(0.999999947938145,0.,-0.000322682054190826));
#2622=DIRECTION('',(-0.981362602056799,0.192165145862379,0.));
#2623=DIRECTION('',(-0.0188856479166013,-0.112928466113555,0.993423622551835));
#2624=DIRECTION('',(0.0168739443251753,-0.00450287840138105,-0.999847485414157));
#2625=DIRECTION('center_axis',(0.000322681976330308,0.000694682261283875,
0.999999706646406));
#2626=DIRECTION('ref_axis',(0.999999947938145,1.62256456070308E-17,-0.000322682054190829));
#2627=DIRECTION('center_axis',(0.513608635761387,0.858024573815533,-1.02904213341511E-8));
#2628=DIRECTION('ref_axis',(0.858024573815522,-0.513608635761382,-1.54486520862185E-7));
#2629=DIRECTION('center_axis',(0.00134820017181532,0.00159088361386936,
-0.999997825720448));
#2630=DIRECTION('ref_axis',(-0.999999091175435,0.,-0.00134820187790566));
#2631=DIRECTION('',(-0.00453842761918831,0.0168620953057571,-0.999847524583946));
#2632=DIRECTION('center_axis',(-1.34626675910554E-5,-1.98972626976668E-5,
-0.999999999711428));
#2633=DIRECTION('ref_axis',(0.999999999909378,0.,-1.34626675937203E-5));
#2634=DIRECTION('',(-0.0123473635089128,-0.0123710628630566,-0.999847238040901));
#2635=DIRECTION('center_axis',(-2.58193637740173E-5,1.2867153283375E-5,
-0.999999999583898));
#2636=DIRECTION('ref_axis',(-0.99999999966668,0.,2.58193637761546E-5));
#2637=DIRECTION('',(0.0123355156358123,-0.0123710646722267,0.999847384260655));
#2638=DIRECTION('center_axis',(-3.16591275748774E-12,5.96216164642694E-12,
1.));
#2639=DIRECTION('ref_axis',(-1.,0.,-3.16591275748774E-12));
#2640=DIRECTION('',(-3.16591275748774E-12,5.96216164642694E-12,1.));
#2641=DIRECTION('',(8.79737590499345E-7,2.352809508858E-7,0.999999999999585));
#2642=DIRECTION('center_axis',(2.65293055239633E-12,2.63646851784925E-15,
-1.));
#2643=DIRECTION('ref_axis',(1.,0.,2.65293055239633E-12));
#2644=DIRECTION('',(0.,0.,-1.));
#2645=DIRECTION('center_axis',(7.7204126744091E-8,-5.77370046297424E-9,
0.999999999999997));
#2646=DIRECTION('ref_axis',(0.999999999999997,0.,-7.72041267213553E-8));
#2647=DIRECTION('center_axis',(-7.18140230703266E-6,3.75631700395239E-6,
0.999999999967159));
#2648=DIRECTION('ref_axis',(0.999999999974214,0.,7.18140230893325E-6));
#2649=DIRECTION('center_axis',(7.18140230703266E-6,-3.75631700395239E-6,
-0.999999999967159));
#2650=DIRECTION('ref_axis',(0.999999999974214,-5.03674604064158E-16,7.18140230708333E-6));
#2651=DIRECTION('center_axis',(-0.25836408974613,0.966047616388371,0.));
#2652=DIRECTION('ref_axis',(2.2205054709202E-15,0.,-1.));
#2653=DIRECTION('center_axis',(-1.66224783184294E-6,-7.18980316013587E-6,
-0.999999999972772));
#2654=DIRECTION('ref_axis',(-0.999999999998618,0.,1.66224783250651E-6));
#2655=DIRECTION('center_axis',(-0.706772434576717,0.707440969779458,0.));
#2656=DIRECTION('ref_axis',(-1.48032795808788E-15,-1.48032795808788E-15,
-1.));
#2657=DIRECTION('center_axis',(1.66224783184294E-6,7.18980316013587E-6,
0.999999999972772));
#2658=DIRECTION('ref_axis',(-0.999999999998618,5.41982787875288E-16,1.6622478318859E-6));
#2659=DIRECTION('center_axis',(1.3783848047926E-7,-7.05161768399797E-8,
0.999999999999988));
#2660=DIRECTION('ref_axis',(0.999999999999991,0.,-1.3783848048348E-7));
#2661=DIRECTION('center_axis',(7.18161313227539E-6,-3.75643395063514E-6,
0.999999999967157));
#2662=DIRECTION('ref_axis',(0.999999999974212,0.,-7.18161312962574E-6));
#2663=DIRECTION('center_axis',(-0.25836408974613,0.966047616388371,0.));
#2664=DIRECTION('ref_axis',(0.,0.,1.));
#2665=DIRECTION('center_axis',(7.18161313227539E-6,-3.75643395063514E-6,
0.999999999967157));
#2666=DIRECTION('ref_axis',(0.999999999974212,-3.66933171922151E-16,-7.18161313232606E-6));
#2667=DIRECTION('center_axis',(-1.66190979485464E-6,-7.17509667073738E-6,
0.999999999972878));
#2668=DIRECTION('ref_axis',(0.999999999998619,0.,1.66190979314267E-6));
#2669=DIRECTION('center_axis',(1.66190979485464E-6,7.17509667073738E-6,
-0.999999999972878));
#2670=DIRECTION('ref_axis',(0.999999999998619,1.9203176697711E-15,1.66190979485336E-6));
#2671=DIRECTION('center_axis',(1.66190979485464E-6,7.17509667073738E-6,
-0.999999999972878));
#2672=DIRECTION('ref_axis',(0.999999999998619,-1.77981225513394E-15,1.6619097948974E-6));
#2673=DIRECTION('center_axis',(-0.706772434576717,0.707440969779458,0.));
#2674=DIRECTION('ref_axis',(0.,0.,1.));
#2675=DIRECTION('center_axis',(-2.81524136130431E-9,9.8254487529865E-9,
1.));
#2676=DIRECTION('ref_axis',(1.,0.,2.81524117620277E-9));
#2677=DIRECTION('center_axis',(-1.8468993031026E-16,-1.4953878113867E-16,
1.));
#2678=DIRECTION('ref_axis',(1.,-6.64026647370562E-17,1.86328558537464E-16));
#2679=DIRECTION('center_axis',(-1.8468993031026E-16,-1.4953878113867E-16,
1.));
#2680=DIRECTION('ref_axis',(1.,-6.64026647370562E-17,1.86328558537464E-16));
#2681=DIRECTION('center_axis',(2.76610090833527E-17,1.,-9.8254487529865E-9));
#2682=DIRECTION('ref_axis',(-1.,0.,-2.81524129622527E-9));
#2683=DIRECTION('center_axis',(1.40762068065215E-9,-4.91272437649325E-9,
-1.));
#2684=DIRECTION('ref_axis',(1.,0.,1.40762068065215E-9));
#2685=DIRECTION('center_axis',(-1.59666216369218E-9,1.99664659503734E-8,
-1.));
#2686=DIRECTION('ref_axis',(-1.,0.,1.59666233013537E-9));
#2687=DIRECTION('center_axis',(-3.18797015681385E-17,-1.,-1.99664659503734E-8));
#2688=DIRECTION('ref_axis',(1.,0.,-1.59666220588939E-9));
#2689=DIRECTION('center_axis',(-4.68297770737852E-6,-2.45061899743068E-6,
-0.999999999986032));
#2690=DIRECTION('ref_axis',(-0.999999999989035,0.,4.68297770739258E-6));
#2691=DIRECTION('',(0.0493976218410325,-2.44762669594087E-6,-0.998779192289497));
#2692=DIRECTION('center_axis',(1.8468993031026E-16,1.4953878113867E-16,
-1.));
#2693=DIRECTION('ref_axis',(1.,-9.04274337717043E-33,1.8468993031026E-16));
#2694=DIRECTION('center_axis',(1.8468993031026E-16,1.4953878113867E-16,
-1.));
#2695=DIRECTION('ref_axis',(1.,-9.04274337717043E-33,1.8468993031026E-16));
#2696=DIRECTION('center_axis',(1.8468993031026E-16,1.4953878113867E-16,
-1.));
#2697=DIRECTION('ref_axis',(1.,-9.04274337717043E-33,1.8468993031026E-16));
#2698=DIRECTION('center_axis',(0.706772434576717,-0.707440969779458,0.));
#2699=DIRECTION('ref_axis',(0.,0.,1.));
#2700=DIRECTION('',(-0.706772434576717,0.707440969779458,0.));
#2701=DIRECTION('',(0.706772434576717,-0.707440969779458,0.));
#2702=DIRECTION('center_axis',(0.25836408974613,-0.966047616388371,0.));
#2703=DIRECTION('ref_axis',(0.,0.,1.));
#2704=DIRECTION('',(-0.25836408974613,0.966047616388371,0.));
#2705=DIRECTION('',(0.25836408974613,-0.966047616388371,0.));
#2706=DIRECTION('center_axis',(-0.707442048467063,-0.706771354867135,0.));
#2707=DIRECTION('ref_axis',(0.,0.,1.));
#2708=DIRECTION('',(-0.707442048467063,-0.706771354867135,0.));
#2709=DIRECTION('',(0.707442048467063,0.706771354867135,0.));
#2710=DIRECTION('center_axis',(0.966048264657549,0.258361665794558,0.));
#2711=DIRECTION('ref_axis',(0.,0.,1.));
#2712=DIRECTION('',(-0.966048264657549,-0.258361665794558,0.));
#2713=DIRECTION('',(0.966048264657549,0.258361665794558,0.));
#2714=DIRECTION('center_axis',(0.259272497689562,0.965804209942065,0.));
#2715=DIRECTION('ref_axis',(0.,0.,1.));
#2716=DIRECTION('',(-0.259272497689562,-0.965804209942065,0.));
#2717=DIRECTION('',(0.259272497689562,0.965804209942065,0.));
#2718=DIRECTION('center_axis',(-0.965803482739674,0.259275206543001,0.));
#2719=DIRECTION('ref_axis',(0.,0.,1.));
#2720=DIRECTION('',(-0.965803482739674,0.259275206543001,0.));
#2721=DIRECTION('',(0.965803482739674,-0.259275206543001,0.));
#2722=DIRECTION('center_axis',(0.706772434576717,-0.707440969779458,0.));
#2723=DIRECTION('ref_axis',(0.,0.,-1.));
#2724=DIRECTION('',(-0.706772434576717,0.707440969779458,0.));
#2725=DIRECTION('',(0.706770100265405,-0.70744330187714,-5.87634621432842E-11));
#2726=DIRECTION('',(0.706772434576717,-0.707440969779458,0.));
#2727=DIRECTION('center_axis',(0.25836408974613,-0.966047616388371,0.));
#2728=DIRECTION('ref_axis',(0.,0.,-1.));
#2729=DIRECTION('',(-0.25836408974613,0.966047616388371,0.));
#2730=DIRECTION('',(-0.258361739898796,0.966048244838976,-3.28727724125996E-11));
#2731=DIRECTION('',(0.25836408974613,-0.966047616388371,0.));
#2732=DIRECTION('center_axis',(-0.707442048467063,-0.706771354867135,0.));
#2733=DIRECTION('ref_axis',(0.,0.,-1.));
#2734=DIRECTION('',(-0.707442048467063,-0.706771354867135,0.));
#2735=DIRECTION('',(-0.707445431609507,-0.706767968498034,-1.27298513370087E-10));
#2736=DIRECTION('',(0.707442048467063,0.706771354867135,0.));
#2737=DIRECTION('center_axis',(0.966048264657549,0.258361665794558,0.));
#2738=DIRECTION('ref_axis',(0.,0.,-1.));
#2739=DIRECTION('',(-0.966048005601487,-0.258362634437313,-1.08082800613792E-11));
#2740=DIRECTION('',(-0.966048264657549,-0.258361665794558,0.));
#2741=DIRECTION('',(0.966048264657549,0.258361665794558,0.));
#2742=DIRECTION('center_axis',(-0.259272497689562,-0.965804209942065,0.));
#2743=DIRECTION('ref_axis',(0.,0.,-1.));
#2744=DIRECTION('',(-0.259272497689562,-0.965804209942065,0.));
#2745=DIRECTION('',(0.2592790241233,0.965802457881357,4.07742758763201E-10));
#2746=DIRECTION('',(0.259272497689562,0.965804209942065,0.));
#2747=DIRECTION('center_axis',(-0.965803482739674,0.259275206543001,0.));
#2748=DIRECTION('ref_axis',(0.,0.,-1.));
#2749=DIRECTION('',(-0.965803482739674,0.259275206543001,0.));
#2750=DIRECTION('',(0.965803482739674,-0.259275206543001,0.));
#2751=DIRECTION('',(0.965803427564034,-0.259275412072884,-2.51599581309582E-13));
#2752=DIRECTION('center_axis',(-0.00451384740102374,0.0168741755449436,
-0.99984743205217));
#2753=DIRECTION('ref_axis',(-0.966047616387971,-0.258364089746021,9.10656551117081E-7));
#2754=DIRECTION('',(-0.00451384740102374,0.0168741755449436,-0.99984743205217));
#2755=DIRECTION('center_axis',(-0.0123474056124479,0.0123591701690131,-0.999847384597957));
#2756=DIRECTION('ref_axis',(0.707440969779459,0.706772434576714,6.01981578744549E-8));
#2757=DIRECTION('',(0.0123474056124479,-0.0123591701690131,0.999847384597957));
#2758=DIRECTION('center_axis',(-0.0123562189807982,-0.0123385135380659,
-0.999847530844663));
#2759=DIRECTION('ref_axis',(0.706771354860785,-0.707442048460707,-4.23898400040918E-6));
#2760=DIRECTION('',(-0.0123562189807982,-0.0123385135380659,-0.999847530844663));
#2761=DIRECTION('center_axis',(0.0168735231513889,-0.00452812695561605,
-0.999847378494705));
#2762=DIRECTION('ref_axis',(0.259275206542667,0.965803482738429,1.60566122135673E-6));
#2763=DIRECTION('',(0.0168735231513889,-0.00452812695561605,-0.999847378494705));
#2764=DIRECTION('center_axis',(2.99599246501621E-6,-2.99883552445528E-6,
0.999999999991016));
#2765=DIRECTION('ref_axis',(-0.706771354860785,0.707442048460707,4.23898399993261E-6));
#2766=DIRECTION('',(2.99599246501621E-6,-2.99883552445528E-6,0.999999999991016));
#2767=DIRECTION('center_axis',(-4.32438803962211E-8,1.16089252507912E-8,
0.999999999999999));
#2768=DIRECTION('ref_axis',(0.965804209942064,-0.259272497689562,4.47749964821399E-8));
#2769=DIRECTION('',(4.32438803962211E-8,-1.16089252507912E-8,-0.999999999999999));
#2770=DIRECTION('center_axis',(6.36489162508106E-7,-2.37991673038379E-6,
0.999999999996965));
#2771=DIRECTION('ref_axis',(-0.258361665793772,0.966048264654618,2.46355882774685E-6));
#2772=DIRECTION('',(-6.36489162508106E-7,2.37991673038379E-6,-0.999999999996965));
#2773=DIRECTION('center_axis',(8.79737590499345E-7,2.352809508858E-7,0.999999999999585));
#2774=DIRECTION('ref_axis',(0.96604761638797,0.258364089746025,-9.10656551227526E-7));
#2775=DIRECTION('',(8.79737590499345E-7,2.352809508858E-7,0.999999999999585));
#2776=DIRECTION('center_axis',(6.38920921413957E-17,-3.85830919729642E-17,
1.));
#2777=DIRECTION('ref_axis',(-1.,0.,6.38920921413957E-17));
#2778=DIRECTION('center_axis',(0.,0.,1.));
#2779=DIRECTION('ref_axis',(-1.,0.,6.38920921413957E-17));
#2780=DIRECTION('',(6.38920921413957E-17,-3.85830919729642E-17,1.));
#2781=DIRECTION('center_axis',(0.,0.,-1.));
#2782=DIRECTION('ref_axis',(-1.,0.,6.38920921413957E-17));
#2783=DIRECTION('center_axis',(5.10770409190961E-17,1.32382010221876E-16,
1.));
#2784=DIRECTION('ref_axis',(-1.,0.,5.10770409190961E-17));
#2785=DIRECTION('center_axis',(0.,0.,1.));
#2786=DIRECTION('ref_axis',(-1.,0.,5.10770409190961E-17));
#2787=DIRECTION('',(5.10770409190961E-17,1.32382010221876E-16,1.));
#2788=DIRECTION('center_axis',(0.,0.,-1.));
#2789=DIRECTION('ref_axis',(-1.,0.,5.10770409190961E-17));
#2790=DIRECTION('center_axis',(-4.88035229258892E-17,3.65090196767252E-17,
1.));
#2791=DIRECTION('ref_axis',(-1.,0.,-4.88035229258892E-17));
#2792=DIRECTION('center_axis',(0.,0.,1.));
#2793=DIRECTION('ref_axis',(-1.,0.,-4.88035229258892E-17));
#2794=DIRECTION('',(-4.88035229258892E-17,3.65090196767252E-17,1.));
#2795=DIRECTION('center_axis',(0.,0.,-1.));
#2796=DIRECTION('ref_axis',(-1.,0.,-4.88035229258892E-17));
#2797=DIRECTION('center_axis',(-6.28033584947871E-16,1.48590745710301E-15,
1.));
#2798=DIRECTION('ref_axis',(-1.,0.,-6.28033584947871E-16));
#2799=DIRECTION('center_axis',(0.,0.,1.));
#2800=DIRECTION('ref_axis',(-1.,0.,-6.28033584947871E-16));
#2801=DIRECTION('',(-6.28033584947871E-16,1.48590745710301E-15,1.));
#2802=DIRECTION('center_axis',(0.,0.,-1.));
#2803=DIRECTION('ref_axis',(-1.,0.,-6.28033584947871E-16));
#2804=DIRECTION('center_axis',(-4.98680207415494E-17,1.11125955782529E-15,
1.));
#2805=DIRECTION('ref_axis',(-1.,0.,-4.98680207415494E-17));
#2806=DIRECTION('center_axis',(0.,0.,1.));
#2807=DIRECTION('ref_axis',(-1.,0.,-4.98680207415494E-17));
#2808=DIRECTION('',(-4.98680207415494E-17,1.11125955782529E-15,1.));
#2809=DIRECTION('center_axis',(0.,0.,-1.));
#2810=DIRECTION('ref_axis',(-1.,0.,-4.98680207415494E-17));
#2811=DIRECTION('center_axis',(3.20740846845616E-17,-2.83693086876485E-17,
1.));
#2812=DIRECTION('ref_axis',(-1.,0.,3.20740846845616E-17));
#2813=DIRECTION('center_axis',(0.,0.,1.));
#2814=DIRECTION('ref_axis',(-1.,0.,3.20740846845616E-17));
#2815=DIRECTION('',(3.20740846845616E-17,-2.83693086876485E-17,1.));
#2816=DIRECTION('center_axis',(0.,0.,-1.));
#2817=DIRECTION('ref_axis',(-1.,0.,3.20740846845616E-17));
#2818=DIRECTION('center_axis',(1.8468993031026E-16,1.4953878113867E-16,
-1.));
#2819=DIRECTION('ref_axis',(1.,0.,1.8468993031026E-16));
#2820=DIRECTION('',(-1.8468993031026E-16,-1.4953878113867E-16,1.));
#2821=DIRECTION('center_axis',(0.,0.,-1.));
#2822=DIRECTION('ref_axis',(0.965802457881356,-0.2592790241233,0.));
#2823=DIRECTION('center_axis',(0.,0.,1.));
#2824=DIRECTION('ref_axis',(0.965802457881356,-0.2592790241233,0.));
#2825=DIRECTION('',(0.,0.,-1.));
#2826=DIRECTION('',(0.,0.,1.));
#2827=DIRECTION('center_axis',(1.95762843667782E-13,5.37893960524831E-13,
1.));
#2828=DIRECTION('ref_axis',(-1.,0.,1.95762843667782E-13));
#2829=DIRECTION('center_axis',(0.,0.,-1.));
#2830=DIRECTION('ref_axis',(-1.,0.,1.95762843667782E-13));
#2831=DIRECTION('',(0.,0.,1.));
#2832=DIRECTION('center_axis',(0.,0.,-1.));
#2833=DIRECTION('ref_axis',(-0.706767968498034,0.707445431609508,0.));
#2834=DIRECTION('center_axis',(0.,0.,1.));
#2835=DIRECTION('ref_axis',(-0.706767968498034,0.707445431609508,0.));
#2836=DIRECTION('',(0.,0.,1.));
#2837=DIRECTION('center_axis',(0.,0.,-1.));
#2838=DIRECTION('ref_axis',(-0.707443301877141,-0.706770100265404,0.));
#2839=DIRECTION('',(0.,0.,-1.));
#2840=DIRECTION('',(4.86866869508948E-12,-8.40837774509002E-12,1.));
#2841=DIRECTION('center_axis',(0.,0.,1.));
#2842=DIRECTION('ref_axis',(-0.707443301877141,-0.706770100265404,0.));
#2843=DIRECTION('center_axis',(4.86866869508948E-12,-8.40837774509002E-12,
1.));
#2844=DIRECTION('ref_axis',(-1.,0.,4.86866869508948E-12));
#2845=DIRECTION('',(0.,0.,1.));
#2846=DIRECTION('center_axis',(0.,0.,-1.));
#2847=DIRECTION('ref_axis',(-1.,0.,4.86866869508948E-12));
#2848=DIRECTION('center_axis',(0.,0.,-1.));
#2849=DIRECTION('ref_axis',(0.966048244838976,0.258361739898798,0.));
#2850=DIRECTION('',(0.,0.,1.));
#2851=DIRECTION('center_axis',(0.,0.,1.));
#2852=DIRECTION('ref_axis',(0.966048244838976,0.258361739898798,0.));
#2853=DIRECTION('center_axis',(0.,0.,-1.));
#2854=DIRECTION('ref_axis',(-0.258362634437311,0.966048005601488,0.));
#2855=DIRECTION('',(0.,0.,-1.));
#2856=DIRECTION('',(0.,0.,1.));
#2857=DIRECTION('center_axis',(0.,0.,1.));
#2858=DIRECTION('ref_axis',(-0.258362634437311,0.966048005601488,0.));
#2859=DIRECTION('center_axis',(-3.13304369327113E-11,-5.033251330876E-15,
1.));
#2860=DIRECTION('ref_axis',(0.999999988913962,0.000148902908749461,3.13304373348466E-11));
#2861=DIRECTION('',(0.,0.,1.));
#2862=DIRECTION('center_axis',(0.,0.,-1.));
#2863=DIRECTION('ref_axis',(-1.,0.,-3.13304369327113E-11));
#2864=DIRECTION('center_axis',(0.,0.,-1.));
#2865=DIRECTION('ref_axis',(-0.259275412072882,-0.965803427564034,0.));
#2866=DIRECTION('',(0.,0.,1.));
#2867=DIRECTION('center_axis',(0.,0.,1.));
#2868=DIRECTION('ref_axis',(-0.259275412072882,-0.965803427564034,0.));
#2869=DIRECTION('center_axis',(-4.74099447722604E-15,2.68221001540543E-15,
1.));
#2870=DIRECTION('ref_axis',(-1.,0.,-4.74099447722604E-15));
#2871=DIRECTION('',(0.,0.,-1.));
#2872=DIRECTION('center_axis',(0.,0.,-1.));
#2873=DIRECTION('ref_axis',(-1.,0.,-4.74099447722604E-15));
#2874=DIRECTION('',(1.96820671103995E-12,-3.4240949372559E-12,1.));
#2875=DIRECTION('center_axis',(0.,0.,1.));
#2876=DIRECTION('ref_axis',(-1.,0.,-4.74099447722604E-15));
#2877=DIRECTION('center_axis',(-6.03328586974725E-16,5.29995226422109E-16,
1.));
#2878=DIRECTION('ref_axis',(0.865790260014733,-0.500407059965805,7.87569367240967E-16));
#2879=DIRECTION('',(8.57806537266028E-13,7.83690472699581E-16,-1.));
#2880=DIRECTION('center_axis',(0.,0.,-1.));
#2881=DIRECTION('ref_axis',(-1.,0.,-6.03328586974725E-16));
#2882=DIRECTION('',(-9.52104608690731E-14,8.42710665374385E-14,1.));
#2883=DIRECTION('center_axis',(0.,0.,1.));
#2884=DIRECTION('ref_axis',(-1.,0.,-6.03328586974725E-16));
#2885=DIRECTION('center_axis',(5.26428016777288E-17,-2.44941699077635E-15,
1.));
#2886=DIRECTION('ref_axis',(-1.,0.,5.26428016777288E-17));
#2887=DIRECTION('center_axis',(0.,0.,1.));
#2888=DIRECTION('ref_axis',(-1.,0.,5.26428016777288E-17));
#2889=DIRECTION('',(-1.96820671103995E-12,3.4240949372559E-12,-1.));
#2890=DIRECTION('center_axis',(0.,0.,-1.));
#2891=DIRECTION('ref_axis',(-1.,0.,5.26428016777288E-17));
#2892=DIRECTION('',(-1.09161781192528E-15,-5.9216205768467E-15,1.));
#2893=DIRECTION('center_axis',(1.02394594079057E-16,-2.64599700875668E-18,
1.));
#2894=DIRECTION('ref_axis',(-1.,0.,1.02394594079057E-16));
#2895=DIRECTION('',(-2.40126506532906E-13,-4.15492810940198E-13,-1.));
#2896=DIRECTION('center_axis',(0.,0.,-1.));
#2897=DIRECTION('ref_axis',(-1.,0.,1.02394594079057E-16));
#2898=DIRECTION('',(2.81465330070975E-13,9.16407676038214E-14,1.));
#2899=DIRECTION('center_axis',(0.,0.,1.));
#2900=DIRECTION('ref_axis',(-1.,0.,1.02394594079057E-16));
#2901=DIRECTION('center_axis',(-1.71923803805656E-17,2.14239531242556E-17,
1.));
#2902=DIRECTION('ref_axis',(0.866261962038298,0.499590045062508,4.18991145381358E-18));
#2903=DIRECTION('center_axis',(0.,0.,1.));
#2904=DIRECTION('ref_axis',(-1.,0.,-1.71923803805656E-17));
#2905=DIRECTION('',(4.83531775116383E-13,4.27513635252273E-13,-1.));
#2906=DIRECTION('center_axis',(0.,0.,-1.));
#2907=DIRECTION('ref_axis',(-1.,0.,-1.71923803805656E-17));
#2908=DIRECTION('',(-8.57806537266028E-13,-7.83690472699581E-16,1.));
#2909=DIRECTION('center_axis',(2.6061828160565E-17,-9.90755840957659E-16,
-1.));
#2910=DIRECTION('ref_axis',(1.,0.,2.6061828160565E-17));
#2911=DIRECTION('',(-3.58046208374524E-15,-1.21205236003456E-15,-1.));
#2912=DIRECTION('center_axis',(0.,0.,-1.));
#2913=DIRECTION('ref_axis',(1.,0.,2.6061828160565E-17));
#2914=DIRECTION('',(2.40126506532906E-13,4.15492810940198E-13,1.));
#2915=DIRECTION('center_axis',(0.,0.,1.));
#2916=DIRECTION('ref_axis',(1.,0.,2.6061828160565E-17));
#2917=DIRECTION('center_axis',(-1.09161781192528E-15,-5.9216205768467E-15,
1.));
#2918=DIRECTION('ref_axis',(-1.,0.,-1.09161781192528E-15));
#2919=DIRECTION('center_axis',(0.,0.,-1.));
#2920=DIRECTION('ref_axis',(-1.,0.,-1.09161781192528E-15));
#2921=DIRECTION('center_axis',(0.,0.,1.));
#2922=DIRECTION('ref_axis',(-1.,0.,-1.09161781192528E-15));
#2923=DIRECTION('',(-1.09161781192528E-15,-5.9216205768467E-15,1.));
#2924=DIRECTION('center_axis',(0.,0.,1.));
#2925=DIRECTION('ref_axis',(-1.,0.,0.));
#2926=DIRECTION('center_axis',(0.,0.,-1.));
#2927=DIRECTION('ref_axis',(-1.,0.,0.));
#2928=DIRECTION('',(0.,0.,-1.));
#2929=DIRECTION('center_axis',(0.,0.,1.));
#2930=DIRECTION('ref_axis',(-1.,0.,0.));
#2931=DIRECTION('center_axis',(-1.96820671103995E-12,3.4240949372559E-12,
-1.));
#2932=DIRECTION('ref_axis',(1.,0.,-1.96820671103995E-12));
#2933=DIRECTION('center_axis',(0.,0.,-1.));
#2934=DIRECTION('ref_axis',(1.,0.,-1.96820671103995E-12));
#2935=DIRECTION('center_axis',(0.,0.,1.));
#2936=DIRECTION('ref_axis',(1.,0.,-1.96820671103995E-12));
#2937=DIRECTION('center_axis',(-9.52104608690731E-14,8.42710665374385E-14,
1.));
#2938=DIRECTION('ref_axis',(-1.,0.,-9.52104608690731E-14));
#2939=DIRECTION('center_axis',(0.,0.,1.));
#2940=DIRECTION('ref_axis',(-1.,0.,-9.52104608690731E-14));
#2941=DIRECTION('',(-9.52104608690731E-14,8.42710665374385E-14,1.));
#2942=DIRECTION('center_axis',(0.,0.,-1.));
#2943=DIRECTION('ref_axis',(-1.,0.,-9.52104608690731E-14));
#2944=DIRECTION('center_axis',(-4.83531775116383E-13,-4.27513635252273E-13,
1.));
#2945=DIRECTION('ref_axis',(-1.,0.,-4.83531775116383E-13));
#2946=DIRECTION('center_axis',(0.,0.,-1.));
#2947=DIRECTION('ref_axis',(-1.,0.,-4.83531775116383E-13));
#2948=DIRECTION('',(4.83531775116383E-13,4.27513635252273E-13,-1.));
#2949=DIRECTION('center_axis',(0.,0.,1.));
#2950=DIRECTION('ref_axis',(-1.,0.,-4.83531775116383E-13));
#2951=DIRECTION('center_axis',(8.57806537266028E-13,7.83690472699581E-16,
-1.));
#2952=DIRECTION('ref_axis',(-0.999999888049432,0.000473181913138367,-8.57806070405942E-13));
#2953=DIRECTION('center_axis',(0.,0.,1.));
#2954=DIRECTION('ref_axis',(1.,0.,8.57806537266028E-13));
#2955=DIRECTION('center_axis',(0.,0.,-1.));
#2956=DIRECTION('ref_axis',(1.,0.,8.57806537266028E-13));
#2957=DIRECTION('center_axis',(3.58046208374524E-15,1.21205236003456E-15,
1.));
#2958=DIRECTION('ref_axis',(-1.,0.,3.58046208374524E-15));
#2959=DIRECTION('',(-3.58046208374524E-15,-1.21205236003456E-15,-1.));
#2960=DIRECTION('center_axis',(0.,0.,1.));
#2961=DIRECTION('ref_axis',(-1.,0.,3.58046208374524E-15));
#2962=DIRECTION('center_axis',(0.,0.,-1.));
#2963=DIRECTION('ref_axis',(-1.,0.,3.58046208374524E-15));
#2964=DIRECTION('center_axis',(-2.40126506532906E-13,-4.15492810940198E-13,
-1.));
#2965=DIRECTION('ref_axis',(1.,0.,-2.40126506532906E-13));
#2966=DIRECTION('center_axis',(0.,0.,1.));
#2967=DIRECTION('ref_axis',(1.,0.,-2.40126506532906E-13));
#2968=DIRECTION('center_axis',(0.,0.,-1.));
#2969=DIRECTION('ref_axis',(1.,0.,-2.40126506532906E-13));
#2970=DIRECTION('center_axis',(2.81465330070975E-13,9.16407676038214E-14,
1.));
#2971=DIRECTION('ref_axis',(-1.,0.,2.81465330070975E-13));
#2972=DIRECTION('center_axis',(0.,0.,1.));
#2973=DIRECTION('ref_axis',(-1.,0.,2.81465330070975E-13));
#2974=DIRECTION('',(2.81465330070975E-13,9.16407676038214E-14,1.));
#2975=DIRECTION('center_axis',(0.,0.,-1.));
#2976=DIRECTION('ref_axis',(-1.,0.,2.81465330070975E-13));
#2977=DIRECTION('center_axis',(-0.707440969779457,-0.706772434576716,-6.01981579911039E-8));
#2978=DIRECTION('ref_axis',(-8.50928353921463E-8,0.,0.999999999999996));
#2979=DIRECTION('',(8.50928353921463E-8,0.,-0.999999999999996));
#2980=DIRECTION('center_axis',(-0.966047616387971,-0.258364089746023,9.10656551059355E-7));
#2981=DIRECTION('ref_axis',(9.42662178976098E-7,0.,0.999999999999556));
#2982=DIRECTION('center_axis',(-0.965804209942064,0.259272497689561,-4.47749967861655E-8));
#2983=DIRECTION('ref_axis',(-4.6360324717213E-8,0.,0.999999999999999));
#2984=DIRECTION('center_axis',(0.706771354860785,-0.707442048460707,-4.23898400010768E-6));
#2985=DIRECTION('ref_axis',(-5.99767374678959E-6,0.,-0.999999999982014));
#2986=DIRECTION('center_axis',(0.258361665793774,-0.966048264654617,-2.4635588277025E-6));
#2987=DIRECTION('ref_axis',(0.,2.55014052385391E-6,-0.999999999996748));
#2988=DIRECTION('center_axis',(-0.259275206542667,-0.965803482738429,-1.6056612215275E-6));
#2989=DIRECTION('ref_axis',(0.,1.66251338934149E-6,-0.999999999998618));
#2990=DIRECTION('center_axis',(0.,0.,1.));
#2991=DIRECTION('ref_axis',(1.,0.,0.));
#2992=DIRECTION('center_axis',(0.259275412072884,0.965803427564034,0.));
#2993=DIRECTION('ref_axis',(0.,0.,1.));
#2994=DIRECTION('',(0.965803427564034,-0.259275412072884,0.));
#2995=DIRECTION('center_axis',(-0.965802457881357,0.2592790241233,0.));
#2996=DIRECTION('ref_axis',(0.,0.,1.));
#2997=DIRECTION('',(0.2592790241233,0.965802457881357,0.));
#2998=DIRECTION('center_axis',(-0.706767968498034,0.707445431609507,0.));
#2999=DIRECTION('ref_axis',(0.,0.,1.));
#3000=DIRECTION('',(-0.707445431609507,-0.706767968498034,0.));
#3001=DIRECTION('center_axis',(-0.70744330187714,-0.706770100265405,0.));
#3002=DIRECTION('ref_axis',(0.,0.,1.));
#3003=DIRECTION('',(0.706770100265405,-0.70744330187714,0.));
#3004=DIRECTION('center_axis',(-0.966048244838976,-0.258361739898796,0.));
#3005=DIRECTION('ref_axis',(0.,0.,1.));
#3006=DIRECTION('',(-0.258361739898796,0.966048244838976,0.));
#3007=DIRECTION('center_axis',(-0.258362634437313,0.966048005601487,0.));
#3008=DIRECTION('ref_axis',(0.,0.,1.));
#3009=DIRECTION('',(-0.966048005601487,-0.258362634437313,0.));
#3010=DIRECTION('center_axis',(0.,0.,1.));
#3011=DIRECTION('ref_axis',(1.,0.,0.));
#3012=DIRECTION('center_axis',(0.,0.,1.));
#3013=DIRECTION('ref_axis',(1.,0.,0.));
#3014=DIRECTION('center_axis',(0.,0.,1.));
#3015=DIRECTION('ref_axis',(1.,0.,0.));
#3016=DIRECTION('center_axis',(0.,0.,1.));
#3017=DIRECTION('ref_axis',(1.,0.,0.));
#3018=DIRECTION('',(1.57836117419878E-7,1.18047433061446E-6,-0.999999999999291));
#3019=DIRECTION('center_axis',(0.,0.,-1.));
#3020=DIRECTION('ref_axis',(1.,0.,0.));
#3021=DIRECTION('center_axis',(0.,0.,1.));
#3022=DIRECTION('ref_axis',(1.,0.,0.));
#3023=DIRECTION('center_axis',(0.,0.,1.));
#3024=DIRECTION('ref_axis',(1.,0.,0.));
#3025=DIRECTION('',(0.,0.,-1.));
#3026=CARTESIAN_POINT('',(0.,0.,0.));
#3027=CARTESIAN_POINT('Origin',(96.9998236806044,110.643073945539,40.0749974250793));
#3028=CARTESIAN_POINT('',(90.4998236806044,110.643073945539,40.0749974250793));
#3029=CARTESIAN_POINT('Origin',(96.9998236806044,110.643073945539,40.0749974250793));
#3030=CARTESIAN_POINT('',(91.0048236806044,110.643073945539,40.0749974250793));
#3031=CARTESIAN_POINT('Origin',(96.9998236806044,110.643073945539,40.0749974250793));
#3032=CARTESIAN_POINT('Origin',(96.9998236806044,110.643073945539,47.5749974250793));
#3033=CARTESIAN_POINT('',(90.4998236806044,110.643073945539,47.5749974250793));
#3034=CARTESIAN_POINT('',(90.4998236806044,110.643073945539,47.5749974250793));
#3035=CARTESIAN_POINT('Origin',(96.9998236806044,110.643073945539,47.5749974250793));
#3036=CARTESIAN_POINT('Origin',(96.9943472055289,110.641240529885,61.5749974250793));
#3037=CARTESIAN_POINT('',(83.0092548286536,110.061706874585,61.5749971334356));
#3038=CARTESIAN_POINT('',(110.991442651361,110.641237552804,61.5749971003287));
#3039=CARTESIAN_POINT('Origin',(96.9943474971965,110.641237552804,61.5749971226773));
#3040=CARTESIAN_POINT('Origin',(96.9943474971965,110.641237552804,61.5749971226773));
#3041=CARTESIAN_POINT('Origin',(91.0421449043801,84.4200692622466,54.4498889205225));
#3042=CARTESIAN_POINT('',(90.8213900167031,83.4443682495112,54.4700967497882));
#3043=CARTESIAN_POINT('',(90.8096313476562,83.3998107910156,51.8802332878113));
#3044=CARTESIAN_POINT('',(90.8213500976562,83.4432373046875,54.4552330970764));
#3045=CARTESIAN_POINT('',(90.4586439676965,83.6115464562794,54.4967257035361));
#3046=CARTESIAN_POINT('Ctrl Pts',(90.4575232623163,83.6099400161408,54.4843891988636));
#3047=CARTESIAN_POINT('Ctrl Pts',(90.5396564301746,83.5506915581865,54.4847302657684));
#3048=CARTESIAN_POINT('Ctrl Pts',(90.6304540151038,83.5041903112408,54.485816731469));
#3049=CARTESIAN_POINT('Ctrl Pts',(90.7579930307415,83.4618142363914,54.4879605867667));
#3050=CARTESIAN_POINT('Ctrl Pts',(90.7895588618214,83.4530293856364,54.4885352291466));
#3051=CARTESIAN_POINT('Ctrl Pts',(90.8214411877721,83.4458179748987,54.4891500353556));
#3052=CARTESIAN_POINT('',(90.456347830681,83.6084289102494,54.4548925319663));
#3053=CARTESIAN_POINT('Origin',(90.6322852402144,83.8513911934125,54.4499929357784));
#3054=CARTESIAN_POINT('',(90.076904296875,84.6777648925781,54.4499974250793));
#3055=CARTESIAN_POINT('Ctrl Pts',(90.076904296875,84.6777648925781,54.4499974250793));
#3056=CARTESIAN_POINT('Ctrl Pts',(90.0419298209491,84.5482115260682,54.4507003551738));
#3057=CARTESIAN_POINT('Ctrl Pts',(90.029633695682,84.3432108316541,54.4517545522416));
#3058=CARTESIAN_POINT('Ctrl Pts',(90.0941655519848,84.0815013917874,54.4529909990025));
#3059=CARTESIAN_POINT('Ctrl Pts',(90.2090816642215,83.8378845473984,54.4540685033642));
#3060=CARTESIAN_POINT('Ctrl Pts',(90.3479113266836,83.6870331678355,54.4546421848341));
#3061=CARTESIAN_POINT('Ctrl Pts',(90.4563269933982,83.6084001436029,54.4548931067383));
#3062=CARTESIAN_POINT('',(90.0655869872621,84.634269770326,51.8749984769146));
#3063=CARTESIAN_POINT('',(90.0652465820313,84.6343383789062,51.874997138977));
#3064=CARTESIAN_POINT('Ctrl Pts',(90.8097715866537,83.400472855095,51.8802211631204));
#3065=CARTESIAN_POINT('Ctrl Pts',(90.7665583821921,83.4102923296161,51.8802871201445));
#3066=CARTESIAN_POINT('Ctrl Pts',(90.7239992826025,83.4229899272976,51.8803231528951));
#3067=CARTESIAN_POINT('Ctrl Pts',(90.6824698610419,83.4384536474519,51.8803311569137));
#3068=CARTESIAN_POINT('Ctrl Pts',(90.6409435999886,83.453916190773,51.8803391603232));
#3069=CARTESIAN_POINT('Ctrl Pts',(90.6004472936305,83.4721442734936,51.8803191402558));
#3070=CARTESIAN_POINT('Ctrl Pts',(90.5613382494628,83.492977097961,51.8802739200395));
#3071=CARTESIAN_POINT('Ctrl Pts',(90.5217335922607,83.5140739283525,51.8802281267658));
#3072=CARTESIAN_POINT('Ctrl Pts',(90.4835520604726,83.5378418090067,51.8801564907817));
#3073=CARTESIAN_POINT('Ctrl Pts',(90.447139089675,83.5640657176468,51.8800628901499));
#3074=CARTESIAN_POINT('Ctrl Pts',(90.4111785117757,83.5899638217788,51.8799704524077));
#3075=CARTESIAN_POINT('Ctrl Pts',(90.3769431413207,83.61825694107,51.879856597413));
#3076=CARTESIAN_POINT('Ctrl Pts',(90.3447350586784,83.6486954090429,51.8797259323004));
#3077=CARTESIAN_POINT('Ctrl Pts',(90.311919197656,83.6797082621154,51.879592801489));
#3078=CARTESIAN_POINT('Ctrl Pts',(90.2812083344421,83.7129479795815,51.8794422218801));
#3079=CARTESIAN_POINT('Ctrl Pts',(90.2528837095088,83.7481101026399,51.8792799327004));
#3080=CARTESIAN_POINT('Ctrl Pts',(90.2245590845755,83.7832722256983,51.8791176435208));
#3081=CARTESIAN_POINT('Ctrl Pts',(90.1986210163173,83.8203563583932,51.8789436503241));
#3082=CARTESIAN_POINT('Ctrl Pts',(90.1753069912221,83.859022841865,51.8787644914369));
#3083=CARTESIAN_POINT('Ctrl Pts',(90.1524157507883,83.8969881338414,51.8785885814794));
#3084=CARTESIAN_POINT('Ctrl Pts',(90.1320543472316,83.9364784127568,51.8784076996751));
#3085=CARTESIAN_POINT('Ctrl Pts',(90.1144024005409,83.977144974161,51.8782211858112));
#3086=CARTESIAN_POINT('Ctrl Pts',(90.0967516145147,84.0178088616259,51.8780346842111));
#3087=CARTESIAN_POINT('Ctrl Pts',(90.0818101120583,84.0596484528688,51.8778425579092));
#3088=CARTESIAN_POINT('Ctrl Pts',(90.0697096692976,84.1022943957331,51.8776447105962));
#3089=CARTESIAN_POINT('Ctrl Pts',(90.0574634366096,84.1454541502845,51.8774444795569));
#3090=CARTESIAN_POINT('Ctrl Pts',(90.0481273706257,84.1894393697854,51.8772383953923));
#3091=CARTESIAN_POINT('Ctrl Pts',(90.0417857858626,84.2338524097659,51.8770268375158));
#3092=CARTESIAN_POINT('Ctrl Pts',(90.0355191044414,84.2777408671322,51.8768177784456));
#3093=CARTESIAN_POINT('Ctrl Pts',(90.032176546778,84.3220466179793,51.876603382735));
#3094=CARTESIAN_POINT('Ctrl Pts',(90.0317875720022,84.3663785231729,51.8763843658088));
#3095=CARTESIAN_POINT('Ctrl Pts',(90.0313916233175,84.4115052528415,51.8761614221393));
#3096=CARTESIAN_POINT('Ctrl Pts',(90.0340562828593,84.4566585927852,51.8759336979038));
#3097=CARTESIAN_POINT('Ctrl Pts',(90.0397571596755,84.5014255486372,51.8757021903705));
#3098=CARTESIAN_POINT('Ctrl Pts',(90.0454580364916,84.5461925044892,51.8754706828371));
#3099=CARTESIAN_POINT('Ctrl Pts',(90.0541950668229,84.590572575469,51.8752354010068));
#3100=CARTESIAN_POINT('Ctrl Pts',(90.0658883515092,84.634159836517,51.8749974541301));
#3101=CARTESIAN_POINT('Origin',(122.679571765125,118.59843988538,54.4501228047293));
#3102=CARTESIAN_POINT('',(122.981537721919,117.643921112496,51.8749971463938));
#3103=CARTESIAN_POINT('',(122.938110351563,117.632293701172,54.4499974250793));
#3104=CARTESIAN_POINT('',(122.981536865234,117.643920898438,51.874997138977));
#3105=CARTESIAN_POINT('',(123.677276611328,118.310729980469,51.8794212341309));
#3106=CARTESIAN_POINT('Ctrl Pts',(123.677276611328,118.310729980469,51.8794212341309));
#3107=CARTESIAN_POINT('Ctrl Pts',(123.658208523875,118.248133921903,51.8898019195982));
#3108=CARTESIAN_POINT('Ctrl Pts',(123.604019623882,118.122360233252,51.8738998212125));
#3109=CARTESIAN_POINT('Ctrl Pts',(123.489381910108,117.957188006269,51.879299868563));
#3110=CARTESIAN_POINT('Ctrl Pts',(123.29487468812,117.770104748947,51.8758810317018));
#3111=CARTESIAN_POINT('Ctrl Pts',(123.111265385689,117.678469890834,51.8761379323969));
#3112=CARTESIAN_POINT('Ctrl Pts',(122.981542546942,117.643922411558,51.8749971889411));
#3113=CARTESIAN_POINT('',(123.67850131177,118.905809520463,51.8802283309201));
#3114=CARTESIAN_POINT('Ctrl Pts',(123.67850131177,118.905809520463,51.8802283309201));
#3115=CARTESIAN_POINT('Ctrl Pts',(123.714480343114,118.786693878977,51.8356114403223));
#3116=CARTESIAN_POINT('Ctrl Pts',(123.730050134989,118.566834699772,51.778503284673));
#3117=CARTESIAN_POINT('Ctrl Pts',(123.697003305966,118.37548809194,51.868682002268));
#3118=CARTESIAN_POINT('Ctrl Pts',(123.677276611328,118.310729980469,51.8794212341309));
#3119=CARTESIAN_POINT('',(123.635009524827,118.894256517183,54.4552348000022));
#3120=CARTESIAN_POINT('',(123.635009765625,118.894256591797,54.4552330970764));
#3121=CARTESIAN_POINT('Ctrl Pts',(122.938111021958,117.632294412096,54.4499974293617));
#3122=CARTESIAN_POINT('Ctrl Pts',(122.98094993451,117.643754638931,54.4502282513542));
#3123=CARTESIAN_POINT('Ctrl Pts',(123.023025182882,117.65806843475,54.4504603008416));
#3124=CARTESIAN_POINT('Ctrl Pts',(123.063965512525,117.675109498333,54.4506910998538));
#3125=CARTESIAN_POINT('Ctrl Pts',(123.104903040839,117.692149395887,54.4509218830737));
#3126=CARTESIAN_POINT('Ctrl Pts',(123.144705379057,117.711916009619,54.4511514159738));
#3127=CARTESIAN_POINT('Ctrl Pts',(123.183021374498,117.734234959166,54.4513772222576));
#3128=CARTESIAN_POINT('Ctrl Pts',(123.221820180378,117.756835144309,54.4516058738709));
#3129=CARTESIAN_POINT('Ctrl Pts',(123.259094475407,117.782052247096,54.4518307043431));
#3130=CARTESIAN_POINT('Ctrl Pts',(123.294507092123,117.809658189588,54.4520491440269));
#3131=CARTESIAN_POINT('Ctrl Pts',(123.329483906622,117.836924402006,54.4522648955022));
#3132=CARTESIAN_POINT('Ctrl Pts',(123.362644277487,117.866520644018,54.4524744125106));
#3133=CARTESIAN_POINT('Ctrl Pts',(123.393695563352,117.898185776734,54.4526752206691));
#3134=CARTESIAN_POINT('Ctrl Pts',(123.425327185909,117.930442718705,54.4528797818555));
#3135=CARTESIAN_POINT('Ctrl Pts',(123.454769684675,117.964846373613,54.4530753056104));
#3136=CARTESIAN_POINT('Ctrl Pts',(123.481753438556,118.001081784152,54.4532591779624));
#3137=CARTESIAN_POINT('Ctrl Pts',(123.508737192436,118.03731719469,54.4534430503144));
#3138=CARTESIAN_POINT('Ctrl Pts',(123.533261899388,118.075383953963,54.4536152712655));
#3139=CARTESIAN_POINT('Ctrl Pts',(123.555102943154,118.114933591881,54.4537732286337));
#3140=CARTESIAN_POINT('Ctrl Pts',(123.576535828047,118.153744138033,54.453928234142));
#3141=CARTESIAN_POINT('Ctrl Pts',(123.595384325623,118.193982166438,54.454069504225));
#3142=CARTESIAN_POINT('Ctrl Pts',(123.611482032073,118.235292753806,54.4541977340666));
#3143=CARTESIAN_POINT('Ctrl Pts',(123.627578376071,118.276599844792,54.4543259530554));
#3144=CARTESIAN_POINT('Ctrl Pts',(123.640924227058,118.318978882242,54.4544411340154));
#3145=CARTESIAN_POINT('Ctrl Pts',(123.651401763674,118.362056092345,54.4545439732185));
#3146=CARTESIAN_POINT('Ctrl Pts',(123.66201593993,118.405695080917,54.4546481535681));
#3147=CARTESIAN_POINT('Ctrl Pts',(123.669686273407,118.450050128405,54.454739668162));
#3148=CARTESIAN_POINT('Ctrl Pts',(123.674343252059,118.494719767897,54.4548192421085));
#3149=CARTESIAN_POINT('Ctrl Pts',(123.678940542284,118.538816877289,54.4548977961569));
#3150=CARTESIAN_POINT('Ctrl Pts',(123.680601290342,118.583220085229,54.4549647136907));
#3151=CARTESIAN_POINT('Ctrl Pts',(123.679310791708,118.627537683081,54.4550206934021));
#3152=CARTESIAN_POINT('Ctrl Pts',(123.677995160497,118.672718370114,54.4550777633233));
#3153=CARTESIAN_POINT('Ctrl Pts',(123.673612048793,118.717809579992,54.4551234652465));
#3154=CARTESIAN_POINT('Ctrl Pts',(123.66620161351,118.762397925693,54.455158540569));
#3155=CARTESIAN_POINT('Ctrl Pts',(123.658791178227,118.806986271394,54.4551936158914));
#3156=CARTESIAN_POINT('Ctrl Pts',(123.648353502731,118.851071250244,54.4552180646206));
#3157=CARTESIAN_POINT('Ctrl Pts',(123.63498428338,118.894248701778,54.4552326291413));
#3158=CARTESIAN_POINT('Origin',(117.0236140935,106.27334333904,54.4499974249949));
#3159=CARTESIAN_POINT('',(116.046590411978,106.486449153498,54.4499962408377));
#3160=CARTESIAN_POINT('',(116.046592227602,106.486450942167,51.8749975323801));
#3161=CARTESIAN_POINT('',(116.046600341797,106.486450195313,54.4499974250793));
#3162=CARTESIAN_POINT('',(116.76434743816,105.307561133247,54.4499923383931));
#3163=CARTESIAN_POINT('Origin',(117.023648126759,106.273383673064,54.450000549702));
#3164=CARTESIAN_POINT('',(116.764349354001,105.307564614445,51.8749962261817));
#3165=CARTESIAN_POINT('',(116.764342723843,105.30755414875,54.4499958193575));
#3166=CARTESIAN_POINT('Origin',(117.023648124827,106.273383671902,51.8749940166119));
#3167=CARTESIAN_POINT('Origin',(96.9942127379666,110.641491404609,54.4500826087257));
#3168=CARTESIAN_POINT('',(84.0677842103015,124.837854979226,54.7500006240426));
#3169=CARTESIAN_POINT('',(83.8658144131559,125.059677752748,54.4499990097635));
#3170=CARTESIAN_POINT('Origin',(84.0677945408892,124.837854297865,54.450001053044));
#3171=CARTESIAN_POINT('',(91.1575930251371,128.932556232779,54.7500000683829));
#3172=CARTESIAN_POINT('Ctrl Pts',(91.1575927734381,128.932556152342,54.7499970224616));
#3173=CARTESIAN_POINT('Ctrl Pts',(90.7702366941793,128.808949861616,54.7499968234536));
#3174=CARTESIAN_POINT('Ctrl Pts',(90.3868086585251,128.673034340839,54.7499966818991));
#3175=CARTESIAN_POINT('Ctrl Pts',(90.0080819404627,128.525084149929,54.7499965980712));
#3176=CARTESIAN_POINT('Ctrl Pts',(89.6293549475606,128.377133851653,54.7499965142432));
#3177=CARTESIAN_POINT('Ctrl Pts',(89.2553294843782,128.217148947205,54.7499964881421));
#3178=CARTESIAN_POINT('Ctrl Pts',(88.8867597575919,128.045452512017,54.7499965198465));
#3179=CARTESIAN_POINT('Ctrl Pts',(88.5181654196323,127.873744611833,54.7499965515531));
#3180=CARTESIAN_POINT('Ctrl Pts',(88.1550277466472,127.690323710561,54.7499966410755));
#3181=CARTESIAN_POINT('Ctrl Pts',(87.7980789842535,127.49556015611,54.7499967882752));
#3182=CARTESIAN_POINT('Ctrl Pts',(87.6617693433831,127.421184915295,54.749996844487));
#3183=CARTESIAN_POINT('Ctrl Pts',(87.5263619747261,127.345156078786,54.7499969091073));
#3184=CARTESIAN_POINT('Ctrl Pts',(87.3918967119734,127.267496040508,54.7499969821183));
#3185=CARTESIAN_POINT('Ctrl Pts',(87.0397335348489,127.064105177653,54.7499971733335));
#3186=CARTESIAN_POINT('Ctrl Pts',(86.6940343140963,126.849522566799,54.7499974221207));
#3187=CARTESIAN_POINT('Ctrl Pts',(86.355496546172,126.624180811027,54.7499977279334));
#3188=CARTESIAN_POINT('Ctrl Pts',(86.0169799206097,126.398853128299,54.7499980337271));
#3189=CARTESIAN_POINT('Ctrl Pts',(85.6856240372686,126.162767766536,54.7499983965359));
#3190=CARTESIAN_POINT('Ctrl Pts',(85.3620974460664,125.916400676448,54.7499988155718));
#3191=CARTESIAN_POINT('Ctrl Pts',(85.0385792846561,125.670040005689,54.7499992345968));
#3192=CARTESIAN_POINT('Ctrl Pts',(84.7228901833338,125.413398275638,54.7499997098438));
#3193=CARTESIAN_POINT('Ctrl Pts',(84.41566712515,125.146992912786,54.7500002403234));
#3194=CARTESIAN_POINT('Ctrl Pts',(84.2984620466096,125.045359716173,54.7500004427004));
#3195=CARTESIAN_POINT('Ctrl Pts',(84.1824887837753,124.942305930683,54.7500006531141));
#3196=CARTESIAN_POINT('Ctrl Pts',(84.0677814145759,124.837861813591,54.7500008715026));
#3197=CARTESIAN_POINT('',(91.0664047725735,129.218357901231,54.4499985957831));
#3198=CARTESIAN_POINT('Origin',(91.157594868401,128.932552025764,54.4499972036996));
#3199=CARTESIAN_POINT('',(84.9312399307406,125.962178498631,54.4499982193368));
#3200=CARTESIAN_POINT('Origin',(96.9942127379653,110.641491404611,54.4500833233064));
#3201=CARTESIAN_POINT('Origin',(96.9942127379693,110.641491404603,54.4500811314174));
#3202=CARTESIAN_POINT('Origin',(77.2605559892952,128.906754926708,54.4499552054143));
#3203=CARTESIAN_POINT('',(76.7468218802494,129.382456913044,54.7499976089089));
#3204=CARTESIAN_POINT('',(76.5267301987759,129.586199301261,54.4552325895848));
#3205=CARTESIAN_POINT('Origin',(76.7468558769342,129.382403938449,54.4499733951542));
#3206=CARTESIAN_POINT('',(77.7558288574219,129.401611328125,54.749997138977));
#3207=CARTESIAN_POINT('Ctrl Pts',(77.7558288574219,129.401611328125,54.749997138977));
#3208=CARTESIAN_POINT('Ctrl Pts',(77.6895187918064,129.468143219943,54.749997138977));
#3209=CARTESIAN_POINT('Ctrl Pts',(77.5695533666226,129.547424278363,54.749997138977));
#3210=CARTESIAN_POINT('Ctrl Pts',(77.3882863600214,129.59982790498,54.749997138977));
#3211=CARTESIAN_POINT('Ctrl Pts',(77.2474869057604,129.611662156672,54.749997138977));
#3212=CARTESIAN_POINT('Ctrl Pts',(77.1073248745095,129.59438330618,54.749997138977));
#3213=CARTESIAN_POINT('Ctrl Pts',(76.9283335501447,129.534639240865,54.749997138977));
#3214=CARTESIAN_POINT('Ctrl Pts',(76.8108769026202,129.451653419708,54.749997138977));
#3215=CARTESIAN_POINT('Ctrl Pts',(76.746826171875,129.382461547852,54.749997138977));
#3216=CARTESIAN_POINT('',(77.9680427790053,129.613649256812,54.4499974510183));
#3217=CARTESIAN_POINT('Origin',(77.7558011050718,129.401590316749,54.4499694503683));
#3218=CARTESIAN_POINT('Ctrl Pts',(76.5267301987759,129.586199301261,54.4552325895848));
#3219=CARTESIAN_POINT('Ctrl Pts',(76.5568512395463,129.618731555441,54.4552183920847));
#3220=CARTESIAN_POINT('Ctrl Pts',(76.5891385783026,129.649257865151,54.4551946617721));
#3221=CARTESIAN_POINT('Ctrl Pts',(76.6233073944192,129.677508936642,54.455160701848));
#3222=CARTESIAN_POINT('Ctrl Pts',(76.6574738580333,129.705758063064,54.455126744262));
#3223=CARTESIAN_POINT('Ctrl Pts',(76.6935211829697,129.731731970383,54.4550825584658));
#3224=CARTESIAN_POINT('Ctrl Pts',(76.7311314069935,129.755201580619,54.4550274491785));
#3225=CARTESIAN_POINT('Ctrl Pts',(76.7692338321901,129.778978335254,54.4549716186816));
#3226=CARTESIAN_POINT('Ctrl Pts',(76.8089399823463,129.800184461505,54.4549045769037));
#3227=CARTESIAN_POINT('Ctrl Pts',(76.8498904126005,129.818628050631,54.4548256024531));
#3228=CARTESIAN_POINT('Ctrl Pts',(76.8903159290645,129.836835224798,54.4547476403185));
#3229=CARTESIAN_POINT('Ctrl Pts',(76.9319535543151,129.852350139659,54.4546580494612));
#3230=CARTESIAN_POINT('Ctrl Pts',(76.9744359355061,129.865035998987,54.4545561374476));
#3231=CARTESIAN_POINT('Ctrl Pts',(77.0177457490843,129.877968941708,54.4544522404863));
#3232=CARTESIAN_POINT('Ctrl Pts',(77.0619331219896,129.887961241176,54.4543355377244));
#3233=CARTESIAN_POINT('Ctrl Pts',(77.1065929223884,129.894921399599,54.4542052972209));
#3234=CARTESIAN_POINT('Ctrl Pts',(77.1512527227873,129.901881558022,54.4540750567174));
#3235=CARTESIAN_POINT('Ctrl Pts',(77.196384447421,129.905809497334,54.4539312784682));
#3236=CARTESIAN_POINT('Ctrl Pts',(77.2415743206802,129.906669347824,54.453773232359));
#3237=CARTESIAN_POINT('Ctrl Pts',(77.2859196777586,129.907513129279,54.4536181398429));
#3238=CARTESIAN_POINT('Ctrl Pts',(77.3303205528832,129.905402589744,54.4534493077456));
#3239=CARTESIAN_POINT('Ctrl Pts',(77.3743851224743,129.900356443451,54.4532692057048));
#3240=CARTESIAN_POINT('Ctrl Pts',(77.4184444400196,129.895310898608,54.4530891251304));
#3241=CARTESIAN_POINT('Ctrl Pts',(77.4621670733182,129.887330499636,54.4528977772995));
#3242=CARTESIAN_POINT('Ctrl Pts',(77.5051672652906,129.876485716399,54.4526976329897));
#3243=CARTESIAN_POINT('Ctrl Pts',(77.5487035437685,129.865505730465,54.4524949934663));
#3244=CARTESIAN_POINT('Ctrl Pts',(77.5914987597438,129.851589503462,54.452283336767));
#3245=CARTESIAN_POINT('Ctrl Pts',(77.6331658764837,129.83486293289,54.4520652292903));
#3246=CARTESIAN_POINT('Ctrl Pts',(77.6743200904674,129.818342258594,54.4518498066149));
#3247=CARTESIAN_POINT('Ctrl Pts',(77.7143734101025,129.799080278815,54.451628091013));
#3248=CARTESIAN_POINT('Ctrl Pts',(77.7529724223061,129.777246975586,54.4514025571071));
#3249=CARTESIAN_POINT('Ctrl Pts',(77.7922930206305,129.755005511431,54.4511728069758));
#3250=CARTESIAN_POINT('Ctrl Pts',(77.8301039149866,129.73009578146,54.4509390944564));
#3251=CARTESIAN_POINT('Ctrl Pts',(77.8660589111305,129.702745868031,54.4507040372811));
#3252=CARTESIAN_POINT('Ctrl Pts',(77.9020139072743,129.675395954602,54.4504689801059));
#3253=CARTESIAN_POINT('Ctrl Pts',(77.936112601205,129.645606164854,54.4502325782961));
#3254=CARTESIAN_POINT('Ctrl Pts',(77.9680427790053,129.613649256812,54.4499974510183));
#3255=CARTESIAN_POINT('Origin',(96.994314183417,110.641241596689,54.4500077002852));
#3256=CARTESIAN_POINT('',(76.5266892231232,91.6962763745765,54.4552698234422));
#3257=CARTESIAN_POINT('',(69.1170607965087,109.808257917139,54.4551411117631));
#3258=CARTESIAN_POINT('Origin',(96.9942616054312,110.641239460175,54.4547109643583));
#3259=CARTESIAN_POINT('',(76.746826171875,91.9000244140625,54.749997138977));
#3260=CARTESIAN_POINT('Origin',(76.7468242226618,91.9000345433027,54.450000015368));
#3261=CARTESIAN_POINT('Ctrl Pts',(76.7468164911328,129.382451089702,54.749997138977));
#3262=CARTESIAN_POINT('Ctrl Pts',(76.0003583795224,128.576048572985,54.749997138977));
#3263=CARTESIAN_POINT('Ctrl Pts',(74.9531413708915,127.299387725921,54.749997138977));
#3264=CARTESIAN_POINT('Ctrl Pts',(73.71632025135,125.481554609723,54.749997138977));
#3265=CARTESIAN_POINT('Ctrl Pts',(72.8717515832658,124.065227618732,54.749997138977));
#3266=CARTESIAN_POINT('Ctrl Pts',(72.113330060793,122.600960579389,54.749997138977));
#3267=CARTESIAN_POINT('Ctrl Pts',(71.4436019549541,121.094064629849,54.749997138977));
#3268=CARTESIAN_POINT('Ctrl Pts',(70.8650741283582,119.549861406538,54.749997138977));
#3269=CARTESIAN_POINT('Ctrl Pts',(70.3798051523606,117.973858157645,54.749997138977));
#3270=CARTESIAN_POINT('Ctrl Pts',(69.9894620376919,116.371701849512,54.749997138977));
#3271=CARTESIAN_POINT('Ctrl Pts',(69.6954975110579,114.749095861174,54.749997138977));
#3272=CARTESIAN_POINT('Ctrl Pts',(69.4989439070856,113.111836993249,54.749997138977));
#3273=CARTESIAN_POINT('Ctrl Pts',(69.4004554399603,111.465765735224,54.749997138977));
#3274=CARTESIAN_POINT('Ctrl Pts',(69.4004550182451,109.816735464438,54.749997138977));
#3275=CARTESIAN_POINT('Ctrl Pts',(69.498945775824,108.170654244694,54.749997138977));
#3276=CARTESIAN_POINT('Ctrl Pts',(69.6954955818746,106.533384918826,54.749997138977));
#3277=CARTESIAN_POINT('Ctrl Pts',(69.9894568058619,104.910777631599,54.749997138977));
#3278=CARTESIAN_POINT('Ctrl Pts',(70.3798164874272,103.308625928233,54.749997138977));
#3279=CARTESIAN_POINT('Ctrl Pts',(70.8650638716299,101.732621224604,54.749997138977));
#3280=CARTESIAN_POINT('Ctrl Pts',(71.4436063667929,100.188417752185,54.749997138977));
#3281=CARTESIAN_POINT('Ctrl Pts',(72.1133302118638,98.6815257425217,54.749997138977));
#3282=CARTESIAN_POINT('Ctrl Pts',(72.8717485027149,97.2172561280318,54.749997138977));
#3283=CARTESIAN_POINT('Ctrl Pts',(73.7163316451071,95.800941156492,54.749997138977));
#3284=CARTESIAN_POINT('Ctrl Pts',(74.9530777996321,93.9830509614492,54.749997138977));
#3285=CARTESIAN_POINT('Ctrl Pts',(76.0003995463992,92.7064624738925,54.749997138977));
#3286=CARTESIAN_POINT('Ctrl Pts',(76.7468231678251,91.9000276596323,54.749997138977));
#3287=CARTESIAN_POINT('Origin',(96.9943177633934,110.641234333729,54.4544763471465));
#3288=CARTESIAN_POINT('Origin',(77.2605010657674,92.3757161202667,54.4499661158947));
#3289=CARTESIAN_POINT('',(77.967341410547,91.668187188293,54.449997421985));
#3290=CARTESIAN_POINT('Ctrl Pts',(77.967341410547,91.668187188293,54.449997421985));
#3291=CARTESIAN_POINT('Ctrl Pts',(77.935973566272,91.6368498922674,54.4502281702924));
#3292=CARTESIAN_POINT('Ctrl Pts',(77.9025185792718,91.6076019543641,54.4504601445976));
#3293=CARTESIAN_POINT('Ctrl Pts',(77.8672715805578,91.5807014517762,54.4506908692419));
#3294=CARTESIAN_POINT('Ctrl Pts',(77.8320271170016,91.5538028840203,54.4509215772911));
#3295=CARTESIAN_POINT('Ctrl Pts',(77.7949912677073,91.5292516941722,54.4511510358438));
#3296=CARTESIAN_POINT('Ctrl Pts',(77.7564907189439,91.507264487333,54.4513767709234));
#3297=CARTESIAN_POINT('Ctrl Pts',(77.7175305613836,91.4850148033601,54.4516052007654));
#3298=CARTESIAN_POINT('Ctrl Pts',(77.6770708913817,91.4653910154776,54.4518298176882));
#3299=CARTESIAN_POINT('Ctrl Pts',(77.635477147321,91.4485704034431,54.4520480594707));
#3300=CARTESIAN_POINT('Ctrl Pts',(77.5943684246666,91.431945935254,54.4522637563528));
#3301=CARTESIAN_POINT('Ctrl Pts',(77.5521523978761,91.4180597296268,54.4524732259021));
#3302=CARTESIAN_POINT('Ctrl Pts',(77.5092015447395,91.4070343354989,54.452673996022));
#3303=CARTESIAN_POINT('Ctrl Pts',(77.4654905579191,91.3958138166448,54.4528783193223));
#3304=CARTESIAN_POINT('Ctrl Pts',(77.4210189419499,91.3875565420274,54.4530736325389));
#3305=CARTESIAN_POINT('Ctrl Pts',(77.3761930341109,91.3823379918987,54.4532573317072));
#3306=CARTESIAN_POINT('Ctrl Pts',(77.3313671262719,91.37711944177,54.4534410308756));
#3307=CARTESIAN_POINT('Ctrl Pts',(77.2861874278663,91.3749396735587,54.4536131159979));
#3308=CARTESIAN_POINT('Ctrl Pts',(77.2410667278689,91.3758186482092,54.4537709848585));
#3309=CARTESIAN_POINT('Ctrl Pts',(77.1967349662564,91.3766822539305,54.4539260933717));
#3310=CARTESIAN_POINT('Ctrl Pts',(77.1524606275681,91.380498411645,54.4540674784527));
#3311=CARTESIAN_POINT('Ctrl Pts',(77.108634359036,91.3872335383978,54.4541958358735));
#3312=CARTESIAN_POINT('Ctrl Pts',(77.0648116435287,91.3939681191293,54.4543241828883));
#3313=CARTESIAN_POINT('Ctrl Pts',(77.0214373821765,91.4036211249315,54.4544395043606));
#3314=CARTESIAN_POINT('Ctrl Pts',(76.9788942265268,91.4161074784401,54.4545424971224));
#3315=CARTESIAN_POINT('Ctrl Pts',(76.9358407139842,91.4287436209449,54.4546467254076));
#3316=CARTESIAN_POINT('Ctrl Pts',(76.893638859545,91.4442814650915,54.4547383274157));
#3317=CARTESIAN_POINT('Ctrl Pts',(76.8526699425941,91.4625807114228,54.4548180265558));
#3318=CARTESIAN_POINT('Ctrl Pts',(76.8121843158157,91.4806640905413,54.4548967855243));
#3319=CARTESIAN_POINT('Ctrl Pts',(76.7729030968334,91.5014438195897,54.4549639208009));
#3320=CARTESIAN_POINT('Ctrl Pts',(76.7351728851125,91.5247366191333,54.4550201315661));
#3321=CARTESIAN_POINT('Ctrl Pts',(76.6967670765694,91.5484464993303,54.4550773488408));
#3322=CARTESIAN_POINT('Ctrl Pts',(76.6599688213535,91.5747601335944,54.4551232468765));
#3323=CARTESIAN_POINT('Ctrl Pts',(76.6251145178027,91.6034370392494,54.4551585641277));
#3324=CARTESIAN_POINT('Ctrl Pts',(76.590260214252,91.6321139449043,54.4551938813788));
#3325=CARTESIAN_POINT('Ctrl Pts',(76.5573502528134,91.6631538011345,54.4552186178527));
#3326=CARTESIAN_POINT('Ctrl Pts',(76.5266854912426,91.6962729059397,54.4552335129469));
#3327=CARTESIAN_POINT('',(77.7553405761719,91.8804016113281,54.749997138977));
#3328=CARTESIAN_POINT('Origin',(77.7553007667456,91.880436061708,54.4499788338246));
#3329=CARTESIAN_POINT('Ctrl Pts',(76.746826171875,91.9000244140625,54.749997138977));
#3330=CARTESIAN_POINT('Ctrl Pts',(76.8105104036071,91.8310467486813,54.749997138977));
#3331=CARTESIAN_POINT('Ctrl Pts',(76.9272892521425,91.7473110860487,54.749997138977));
#3332=CARTESIAN_POINT('Ctrl Pts',(77.1063097892861,91.6880523662021,54.749997138977));
#3333=CARTESIAN_POINT('Ctrl Pts',(77.2464675942291,91.6708574791526,54.749997138977));
#3334=CARTESIAN_POINT('Ctrl Pts',(77.3871156752719,91.6826904949306,54.749997138977));
#3335=CARTESIAN_POINT('Ctrl Pts',(77.568142687453,91.7355461850341,54.749997138977));
#3336=CARTESIAN_POINT('Ctrl Pts',(77.6887068585168,91.813737013743,54.749997138977));
#3337=CARTESIAN_POINT('Ctrl Pts',(77.7553405761719,91.8804016113281,54.749997138977));
#3338=CARTESIAN_POINT('Origin',(91.0428844832182,136.863997766968,54.4499481753844));
#3339=CARTESIAN_POINT('',(90.3664868254549,136.683116128927,54.7499969721609));
#3340=CARTESIAN_POINT('',(90.0767035869232,136.605623984131,54.4499974533768));
#3341=CARTESIAN_POINT('Origin',(90.3665388921591,136.683135462681,54.4499759154731));
#3342=CARTESIAN_POINT('',(90.8877524200417,137.546706268888,54.749997138977));
#3343=CARTESIAN_POINT('Ctrl Pts',(90.8877524200417,137.546706268888,54.749997138977));
#3344=CARTESIAN_POINT('Ctrl Pts',(90.796156182174,137.526080062241,54.749997138977));
#3345=CARTESIAN_POINT('Ctrl Pts',(90.6652824696379,137.466756058606,54.749997138977));
#3346=CARTESIAN_POINT('Ctrl Pts',(90.5244193515375,137.341385519892,54.749997138977));
#3347=CARTESIAN_POINT('Ctrl Pts',(90.4394630276945,137.228587045396,54.749997138977));
#3348=CARTESIAN_POINT('Ctrl Pts',(90.3793830944328,137.100873908276,54.749997138977));
#3349=CARTESIAN_POINT('Ctrl Pts',(90.3346104885181,136.917674531708,54.749997138977));
#3350=CARTESIAN_POINT('Ctrl Pts',(90.3421032659053,136.774160080062,54.749997138977));
#3351=CARTESIAN_POINT('Ctrl Pts',(90.3664855957031,136.683120727539,54.749997138977));
#3352=CARTESIAN_POINT('',(90.8213512771603,137.839233666067,54.4552330970764));
#3353=CARTESIAN_POINT('Origin',(90.8877459851328,137.546711852951,54.4499974152869));
#3354=CARTESIAN_POINT('Ctrl Pts',(90.0767035869232,136.605623984131,54.4499974533768));
#3355=CARTESIAN_POINT('Ctrl Pts',(90.0652488117991,136.648458831049,54.4502282829209));
#3356=CARTESIAN_POINT('Ctrl Pts',(90.0566470911091,136.692056498167,54.4504603177734));
#3357=CARTESIAN_POINT('Ctrl Pts',(90.0509743569138,136.736032351883,54.450691084808));
#3358=CARTESIAN_POINT('Ctrl Pts',(90.0453020317482,136.780005034742,54.4509218352033));
#3359=CARTESIAN_POINT('Ctrl Pts',(90.0425583293136,136.824355390668,54.4511513179421));
#3360=CARTESIAN_POINT('Ctrl Pts',(90.0427674880672,136.868692195239,54.4513770628007));
#3361=CARTESIAN_POINT('Ctrl Pts',(90.0429791373875,136.913556942162,54.4516054957257));
#3362=CARTESIAN_POINT('Ctrl Pts',(90.0462144929429,136.958407330349,54.4518301011992));
#3363=CARTESIAN_POINT('Ctrl Pts',(90.0524443636504,137.002838274286,54.4520483224742));
#3364=CARTESIAN_POINT('Ctrl Pts',(90.0586017672812,137.046752388779,54.4522640053566));
#3365=CARTESIAN_POINT('Ctrl Pts',(90.0676842581729,137.09025630825,54.4524734516949));
#3366=CARTESIAN_POINT('Ctrl Pts',(90.0796117256811,137.132966181164,54.4526741958319));
#3367=CARTESIAN_POINT('Ctrl Pts',(90.0917497564607,137.176430038991,54.4528784838344));
#3368=CARTESIAN_POINT('Ctrl Pts',(90.1068341198121,137.21907105057,54.4530737596577));
#3369=CARTESIAN_POINT('Ctrl Pts',(90.1247270316183,137.260499625805,54.4532574279472));
#3370=CARTESIAN_POINT('Ctrl Pts',(90.1426199434245,137.301928201039,54.4534410962368));
#3371=CARTESIAN_POINT('Ctrl Pts',(90.1633212028204,137.342143877169,54.453613156995));
#3372=CARTESIAN_POINT('Ctrl Pts',(90.1866417273954,137.380779232418,54.4537710181263));
#3373=CARTESIAN_POINT('Ctrl Pts',(90.2095555055138,137.418740726587,54.4539261259123));
#3374=CARTESIAN_POINT('Ctrl Pts',(90.2349976031832,137.455176219437,54.4540675251163));
#3375=CARTESIAN_POINT('Ctrl Pts',(90.2627436142451,137.489764187996,54.4541959011301));
#3376=CARTESIAN_POINT('Ctrl Pts',(90.2904873835867,137.524349362044,54.4543242667719));
#3377=CARTESIAN_POINT('Ctrl Pts',(90.320534404499,137.557086950213,54.4544396113368));
#3378=CARTESIAN_POINT('Ctrl Pts',(90.3526196727756,137.587688100695,54.4545426226365));
#3379=CARTESIAN_POINT('Ctrl Pts',(90.385089225494,137.618655760378,54.4546468677));
#3380=CARTESIAN_POINT('Ctrl Pts',(90.4196458673313,137.647435089737,54.4547384823046));
#3381=CARTESIAN_POINT('Ctrl Pts',(90.4559774743228,137.673766050316,54.4548181818174));
#3382=CARTESIAN_POINT('Ctrl Pts',(90.4918812030673,137.699786910511,54.454896942707));
#3383=CARTESIAN_POINT('Ctrl Pts',(90.5295178936199,137.723416539027,54.4549640675177));
#3384=CARTESIAN_POINT('Ctrl Pts',(90.5685555216052,137.744446405226,54.4550202489221));
#3385=CARTESIAN_POINT('Ctrl Pts',(90.6082909887461,137.76585220267,54.4550774346289));
#3386=CARTESIAN_POINT('Ctrl Pts',(90.6494775712348,137.784564083788,54.4551232821907));
#3387=CARTESIAN_POINT('Ctrl Pts',(90.6917388387405,137.800410967642,54.4551585242984));
#3388=CARTESIAN_POINT('Ctrl Pts',(90.7340001062463,137.816257851497,54.4551937664062));
#3389=CARTESIAN_POINT('Ctrl Pts',(90.7773355857904,137.829239560384,54.4552184030774));
#3390=CARTESIAN_POINT('Ctrl Pts',(90.8213491896906,137.839237395481,54.4552331689815));
#3391=CARTESIAN_POINT('Origin',(96.994351394109,110.641223558061,54.4499985305695));
#3392=CARTESIAN_POINT('',(123.348480224609,118.805511474609,54.749997138977));
#3393=CARTESIAN_POINT('Origin',(96.9943514087233,110.641223573814,54.7499990924178));
#3394=CARTESIAN_POINT('',(123.627076008529,118.891828487146,54.5315166053312));
#3395=CARTESIAN_POINT('Origin',(123.348430810959,118.805505449294,54.4499705010255));
#3396=CARTESIAN_POINT('',(94.1082622870345,138.372928681452,54.5315113447093));
#3397=CARTESIAN_POINT('Ctrl Pts',(94.1079446013437,138.375986276951,54.5319660936747));
#3398=CARTESIAN_POINT('Ctrl Pts',(94.6426231961243,138.431555674855,54.5319885146987));
#3399=CARTESIAN_POINT('Ctrl Pts',(95.1789330851278,138.471664182384,54.532004199471));
#3400=CARTESIAN_POINT('Ctrl Pts',(95.7159776301107,138.496240535177,54.5320144705873));
#3401=CARTESIAN_POINT('Ctrl Pts',(96.2529719085254,138.52081458766,54.5320247407422));
#3402=CARTESIAN_POINT('Ctrl Pts',(96.7907005039208,138.529859381303,54.5320295979646));
#3403=CARTESIAN_POINT('Ctrl Pts',(97.3282641653483,138.523355707099,54.5320304433993));
#3404=CARTESIAN_POINT('Ctrl Pts',(97.865789989366,138.516852490669,54.5320312887746));
#3405=CARTESIAN_POINT('Ctrl Pts',(98.4031507008091,138.494802995135,54.5320281226548));
#3406=CARTESIAN_POINT('Ctrl Pts',(98.9394473995439,138.457240132861,54.5320224290188));
#3407=CARTESIAN_POINT('Ctrl Pts',(99.4756902969118,138.419681038899,54.532016735954));
#3408=CARTESIAN_POINT('Ctrl Pts',(100.010869193582,138.366611702659,54.5320085156276));
#3409=CARTESIAN_POINT('Ctrl Pts',(100.544088645815,138.298117044766,54.5319993386221));
#3410=CARTESIAN_POINT('Ctrl Pts',(101.077271517397,138.229627085838,54.5319901622462));
#3411=CARTESIAN_POINT('Ctrl Pts',(101.60849501292,138.145713945089,54.5319800290894));
#3412=CARTESIAN_POINT('Ctrl Pts',(102.136870073354,138.046514273741,54.5319706000959));
#3413=CARTESIAN_POINT('Ctrl Pts',(102.632073957891,137.95354231826,54.5319617630509));
#3414=CARTESIAN_POINT('Ctrl Pts',(103.124775750656,137.847143432583,54.5319535451962));
#3415=CARTESIAN_POINT('Ctrl Pts',(103.614250833542,137.727471040677,54.5319473888212));
#3416=CARTESIAN_POINT('Ctrl Pts',(104.13546994269,137.600037511004,54.5319408331856));
#3417=CARTESIAN_POINT('Ctrl Pts',(104.653029940483,137.457552504321,54.5319366139051));
#3418=CARTESIAN_POINT('Ctrl Pts',(105.16606592551,137.300250701734,54.531933962109));
#3419=CARTESIAN_POINT('Ctrl Pts',(105.679065923253,137.142959933197,54.5319313104988));
#3420=CARTESIAN_POINT('Ctrl Pts',(106.187542347694,136.970854505433,54.5319302259824));
#3421=CARTESIAN_POINT('Ctrl Pts',(106.690645414442,136.784218981359,54.5319300394211));
#3422=CARTESIAN_POINT('Ctrl Pts',(107.193737191482,136.597587645415,54.531929852864));
#3423=CARTESIAN_POINT('Ctrl Pts',(107.691455660404,136.39642693441,54.5319305640734));
#3424=CARTESIAN_POINT('Ctrl Pts',(108.182968930399,136.181070369067,54.5319316059197));
#3425=CARTESIAN_POINT('Ctrl Pts',(108.6744471978,135.965729140113,54.5319326476918));
#3426=CARTESIAN_POINT('Ctrl Pts',(109.159720963053,135.736194159371,54.5319340199301));
#3427=CARTESIAN_POINT('Ctrl Pts',(109.637979186555,135.492846721969,54.5319352596151));
#3428=CARTESIAN_POINT('Ctrl Pts',(110.116232512797,135.249501776391,54.5319364992875));
#3429=CARTESIAN_POINT('Ctrl Pts',(110.58747025883,134.992344748213,54.5319376063088));
#3430=CARTESIAN_POINT('Ctrl Pts',(111.050904852957,134.721803478256,54.5319382233474));
#3431=CARTESIAN_POINT('Ctrl Pts',(111.491438062855,134.464631451018,54.531938809894));
#3432=CARTESIAN_POINT('Ctrl Pts',(111.924920318103,134.195365719082,54.5319389544004));
#3433=CARTESIAN_POINT('Ctrl Pts',(112.350696989935,133.91441158848,54.5319384395577));
#3434=CARTESIAN_POINT('Ctrl Pts',(112.798348142687,133.61902330454,54.5319378982647));
#3435=CARTESIAN_POINT('Ctrl Pts',(113.237481227566,133.310714527877,54.5319366272117));
#3436=CARTESIAN_POINT('Ctrl Pts',(113.667362974187,132.989998986211,54.5319349363843));
#3437=CARTESIAN_POINT('Ctrl Pts',(114.097233664025,132.669291693518,54.5319332456004));
#3438=CARTESIAN_POINT('Ctrl Pts',(114.517853327696,132.336178395895,54.5319311350368));
#3439=CARTESIAN_POINT('Ctrl Pts',(114.928519858122,131.991214603822,54.531929023128));
#3440=CARTESIAN_POINT('Ctrl Pts',(115.339206971849,131.646233521579,54.5319269111133));
#3441=CARTESIAN_POINT('Ctrl Pts',(115.739939797843,131.28940088782,54.5319247977503));
#3442=CARTESIAN_POINT('Ctrl Pts',(116.130049638882,130.92131222826,54.5319232102489));
#3443=CARTESIAN_POINT('Ctrl Pts',(116.52014748681,130.553234884817,54.5319216227964));
#3444=CARTESIAN_POINT('Ctrl Pts',(116.899622854747,130.173902348129,54.5319205611968));
#3445=CARTESIAN_POINT('Ctrl Pts',(117.267842906393,129.783947980618,54.5319206611576));
#3446=CARTESIAN_POINT('Ctrl Pts',(117.636084845918,129.393970433287,54.5319207611243));
#3447=CARTESIAN_POINT('Ctrl Pts',(117.993069990857,128.993369940835,54.5319220228368));
#3448=CARTESIAN_POINT('Ctrl Pts',(118.338203360175,128.582815708166,54.531925190146));
#3449=CARTESIAN_POINT('Ctrl Pts',(118.667567688195,128.191019576643,54.5319282127418));
#3450=CARTESIAN_POINT('Ctrl Pts',(118.986138667351,127.790158852893,54.5319329715682));
#3451=CARTESIAN_POINT('Ctrl Pts',(119.293433146735,127.380843565246,54.5319402040896));
#3452=CARTESIAN_POINT('Ctrl Pts',(119.615692378433,126.951595274212,54.5319477888233));
#3453=CARTESIAN_POINT('Ctrl Pts',(119.925549652132,126.5130488472,54.5319580933637));
#3454=CARTESIAN_POINT('Ctrl Pts',(120.222489120961,126.065937762268,54.5319690555353));
#3455=CARTESIAN_POINT('Ctrl Pts',(120.519437006867,125.618814003479,54.5319800180175));
#3456=CARTESIAN_POINT('Ctrl Pts',(120.803466244171,125.163125271454,54.5319916382888));
#3457=CARTESIAN_POINT('Ctrl Pts',(121.074104505143,124.699633736821,54.5320019582774));
#3458=CARTESIAN_POINT('Ctrl Pts',(121.344777973491,124.236081906498,54.5320122796086));
#3459=CARTESIAN_POINT('Ctrl Pts',(121.60205687928,123.764725419416,54.5320213004614));
#3460=CARTESIAN_POINT('Ctrl Pts',(121.84551388567,123.286352783098,54.532027164331));
#3461=CARTESIAN_POINT('Ctrl Pts',(122.088973809302,122.807974414642,54.5320330282709));
#3462=CARTESIAN_POINT('Ctrl Pts',(122.318611411852,122.32257991108,54.53203573532));
#3463=CARTESIAN_POINT('Ctrl Pts',(122.534045956358,121.830981157123,54.5320335288988));
#3464=CARTESIAN_POINT('Ctrl Pts',(122.749507553014,121.339320673031,54.5320313222005));
#3465=CARTESIAN_POINT('Ctrl Pts',(122.950762444003,120.841454567236,54.5320242009869));
#3466=CARTESIAN_POINT('Ctrl Pts',(123.137477658899,120.338215615633,54.5320105053579));
#3467=CARTESIAN_POINT('Ctrl Pts',(123.314575873,119.860896615977,54.5319975151395));
#3468=CARTESIAN_POINT('Ctrl Pts',(123.478593919007,119.378744280458,54.5319786111983));
#3469=CARTESIAN_POINT('Ctrl Pts',(123.629288411817,118.892484006803,54.5319524555865));
#3470=CARTESIAN_POINT('',(94.1073913574219,138.381134033203,54.4552330970764));
#3471=CARTESIAN_POINT('',(94.1073913574219,138.381134033203,54.4552330970764));
#3472=CARTESIAN_POINT('Ctrl Pts',(90.8213512771603,137.839233666067,54.4552330970764));
#3473=CARTESIAN_POINT('Ctrl Pts',(92.4481808898852,138.208361201135,54.4552330970764));
#3474=CARTESIAN_POINT('Ctrl Pts',(94.1073913574219,138.381134033203,54.4552330970764));
#3475=CARTESIAN_POINT('Origin',(83.1970252877103,95.4793107942243,54.4500058109647));
#3476=CARTESIAN_POINT('',(82.4902599522368,96.1867656919632,54.4499964218694));
#3477=CARTESIAN_POINT('',(82.2782312446199,96.3989892992312,54.7499968255707));
#3478=CARTESIAN_POINT('Origin',(82.2782299547937,96.3989934097615,54.4500022087685));
#3479=CARTESIAN_POINT('',(83.8722627339515,96.2213530448925,54.4499759837529));
#3480=CARTESIAN_POINT('Origin',(83.1970252877105,95.4793107942047,54.4500007529265));
#3481=CARTESIAN_POINT('',(84.0719853691626,96.440800992244,54.7499961218802));
#3482=CARTESIAN_POINT('Origin',(84.0719755153317,96.4408007308504,54.4499999342561));
#3483=CARTESIAN_POINT('Ctrl Pts',(82.2782312446199,96.3989892992312,54.7499968255707));
#3484=CARTESIAN_POINT('Ctrl Pts',(82.3164029794015,96.4371296694147,54.7499966786786));
#3485=CARTESIAN_POINT('Ctrl Pts',(82.3569531954344,96.4728896391183,54.7499965410308));
#3486=CARTESIAN_POINT('Ctrl Pts',(82.3995678859861,96.5059924900997,54.7499964137659));
#3487=CARTESIAN_POINT('Ctrl Pts',(82.4421828737625,96.5390955719636,54.7499962865));
#3488=CARTESIAN_POINT('Ctrl Pts',(82.4868620215724,96.5695412337625,54.7499961696162));
#3489=CARTESIAN_POINT('Ctrl Pts',(82.5332594148199,96.5970939664915,54.749996064041));
#3490=CARTESIAN_POINT('Ctrl Pts',(82.5810038769143,96.625446645625,54.7499959554006));
#3491=CARTESIAN_POINT('Ctrl Pts',(82.6305675300074,96.6507354993543,54.7499958587354));
#3492=CARTESIAN_POINT('Ctrl Pts',(82.681544183415,96.672753510325,54.7499957748339));
#3493=CARTESIAN_POINT('Ctrl Pts',(82.7310955056059,96.6941558873482,54.7499956932784));
#3494=CARTESIAN_POINT('Ctrl Pts',(82.781981400326,96.7124678280757,54.7499956237815));
#3495=CARTESIAN_POINT('Ctrl Pts',(82.8338078740182,96.7275477658722,54.7499955668717));
#3496=CARTESIAN_POINT('Ctrl Pts',(82.8878705107694,96.7432783595484,54.7499955075064));
#3497=CARTESIAN_POINT('Ctrl Pts',(82.9429562758198,96.7554914925022,54.7499954618392));
#3498=CARTESIAN_POINT('Ctrl Pts',(82.9986012652586,96.764084557508,54.7499954302479));
#3499=CARTESIAN_POINT('Ctrl Pts',(83.0542462546974,96.7726776225138,54.7499953986567));
#3500=CARTESIAN_POINT('Ctrl Pts',(83.1104499398908,96.7776505405182,54.7499953811418));
#3501=CARTESIAN_POINT('Ctrl Pts',(83.1667391207121,96.7789616840104,54.7499953778511));
#3502=CARTESIAN_POINT('Ctrl Pts',(83.2207111399503,96.7802188538742,54.7499953746958));
#3503=CARTESIAN_POINT('Ctrl Pts',(83.2747613013793,96.7781098910579,54.749995384617));
#3504=CARTESIAN_POINT('Ctrl Pts',(83.3284712005579,96.7726510707628,54.7499954075405));
#3505=CARTESIAN_POINT('Ctrl Pts',(83.3821761920047,96.7671927492664,54.7499954304618));
#3506=CARTESIAN_POINT('Ctrl Pts',(83.4355405528431,96.7583852263906,54.7499954663828));
#3507=CARTESIAN_POINT('Ctrl Pts',(83.48815123325,96.7462966150905,54.7499955150256));
#3508=CARTESIAN_POINT('Ctrl Pts',(83.5422575714341,96.7338643392462,54.7499955650513));
#3509=CARTESIAN_POINT('Ctrl Pts',(83.5955662427523,96.7179616172212,54.7499956285329));
#3510=CARTESIAN_POINT('Ctrl Pts',(83.6476408592332,96.6987185569775,54.7499957049504));
#3511=CARTESIAN_POINT('Ctrl Pts',(83.698276666905,96.6800071777421,54.7499957792566));
#3512=CARTESIAN_POINT('Ctrl Pts',(83.7477453332719,96.6581378860618,54.7499958657922));
#3513=CARTESIAN_POINT('Ctrl Pts',(83.7956638909836,96.6332799111361,54.7499959638877));
#3514=CARTESIAN_POINT('Ctrl Pts',(83.8456248465397,96.6073624328191,54.7499960661643));
#3515=CARTESIAN_POINT('Ctrl Pts',(83.8939001044524,96.5781959391947,54.7499961810076));
#3516=CARTESIAN_POINT('Ctrl Pts',(83.9400834466706,96.5460257624022,54.7499963074532));
#3517=CARTESIAN_POINT('Ctrl Pts',(83.9862667888889,96.5138555856096,54.7499964338987));
#3518=CARTESIAN_POINT('Ctrl Pts',(84.0303577771652,96.4786820299409,54.7499965719453));
#3519=CARTESIAN_POINT('Ctrl Pts',(84.0719853691854,96.4408009922714,54.7499967204337));
#3520=CARTESIAN_POINT('Origin',(122.679646550532,118.598449548,54.449958356996));
#3521=CARTESIAN_POINT('',(122.860595703125,117.922088623047,54.749997138977));
#3522=CARTESIAN_POINT('Origin',(122.86057539479,117.922129145712,54.4499712222705));
#3523=CARTESIAN_POINT('',(123.624176025391,118.890899658203,54.5318493843079));
#3524=CARTESIAN_POINT('Ctrl Pts',(122.860595703125,117.922088623047,54.749997138977));
#3525=CARTESIAN_POINT('Ctrl Pts',(122.951361922572,117.946274048239,54.749997138977));
#3526=CARTESIAN_POINT('Ctrl Pts',(123.079961746093,118.010546299347,54.749997138977));
#3527=CARTESIAN_POINT('Ctrl Pts',(123.216042896007,118.141262077615,54.749997138977));
#3528=CARTESIAN_POINT('Ctrl Pts',(123.296621733856,118.257334704513,54.749997138977));
#3529=CARTESIAN_POINT('Ctrl Pts',(123.351780428965,118.387331869183,54.749997138977));
#3530=CARTESIAN_POINT('Ctrl Pts',(123.389501837412,118.572227277887,54.749997138977));
#3531=CARTESIAN_POINT('Ctrl Pts',(123.376463135301,118.715440984876,54.749997138977));
#3532=CARTESIAN_POINT('Ctrl Pts',(123.348480224609,118.805511474609,54.749997138977));
#3533=CARTESIAN_POINT('Origin',(96.9943860414341,110.641319516787,54.4498467578253));
#3534=CARTESIAN_POINT('',(89.75925437898,92.5380102910791,54.527609848967));
#3535=CARTESIAN_POINT('',(87.2452537641732,93.749590775086,54.4499816015312));
#3536=CARTESIAN_POINT('Ctrl Pts',(89.7591645556104,92.5377836207816,54.5276419175556));
#3537=CARTESIAN_POINT('Ctrl Pts',(89.7542782033398,92.5397095192816,54.5275677698589));
#3538=CARTESIAN_POINT('Ctrl Pts',(89.7413672292009,92.5447957227711,54.5276364977074));
#3539=CARTESIAN_POINT('Ctrl Pts',(89.7215627039755,92.5526500213325,54.5277970806458));
#3540=CARTESIAN_POINT('Ctrl Pts',(89.6958507920105,92.562847136934,54.5280055630168));
#3541=CARTESIAN_POINT('Ctrl Pts',(89.6585199830372,92.57771131981,54.528369408202));
#3542=CARTESIAN_POINT('Ctrl Pts',(89.6120802758571,92.5964625473468,54.5288099966687));
#3543=CARTESIAN_POINT('Ctrl Pts',(89.5626169595565,92.61643463492,54.5292792710895));
#3544=CARTESIAN_POINT('Ctrl Pts',(89.5028225728891,92.6408224994945,54.5298381519944));
#3545=CARTESIAN_POINT('Ctrl Pts',(89.4357373050478,92.6686945619069,54.5303967410701));
#3546=CARTESIAN_POINT('Ctrl Pts',(89.3819472347605,92.6910428396206,54.5308446269712));
#3547=CARTESIAN_POINT('Ctrl Pts',(89.3234703318195,92.7156321319774,54.5312927637935));
#3548=CARTESIAN_POINT('Ctrl Pts',(89.261860509638,92.7419494824063,54.5316812498813));
#3549=CARTESIAN_POINT('Ctrl Pts',(89.2044085009144,92.7664907745719,54.532043518515));
#3550=CARTESIAN_POINT('Ctrl Pts',(89.1442324112539,92.7925351225475,54.5323540880291));
#3551=CARTESIAN_POINT('Ctrl Pts',(89.0825745640806,92.8196267395073,54.5325475732408));
#3552=CARTESIAN_POINT('Ctrl Pts',(89.0232436196059,92.8456959471632,54.5327337565228));
#3553=CARTESIAN_POINT('Ctrl Pts',(88.9625407694073,92.8727349610573,54.5328115807281));
#3554=CARTESIAN_POINT('Ctrl Pts',(88.9015532753553,92.9002962607312,54.532705070112));
#3555=CARTESIAN_POINT('Ctrl Pts',(88.8408131352223,92.927745776906,54.5325989914832));
#3556=CARTESIAN_POINT('Ctrl Pts',(88.7797907535158,92.9557133955025,54.5323101045715));
#3557=CARTESIAN_POINT('Ctrl Pts',(88.7195385707084,92.9837138653398,54.531744660848));
#3558=CARTESIAN_POINT('Ctrl Pts',(88.6581945644907,93.0122217287195,54.5311689707788));
#3559=CARTESIAN_POINT('Ctrl Pts',(88.5976489646516,93.0407635930139,54.5303066010667));
#3560=CARTESIAN_POINT('Ctrl Pts',(88.5389887631607,93.0687823081374,54.5290388834441));
#3561=CARTESIAN_POINT('Ctrl Pts',(88.5190745664863,93.078294212109,54.5286085136631));
#3562=CARTESIAN_POINT('Ctrl Pts',(88.4993774610446,93.0877454525669,54.5281312644234));
#3563=CARTESIAN_POINT('Ctrl Pts',(88.479939377412,93.0971131290109,54.5276020064612));
#3564=CARTESIAN_POINT('Ctrl Pts',(88.4107013152406,93.1304806037215,54.5257168002658));
#3565=CARTESIAN_POINT('Ctrl Pts',(88.3447472628595,93.1627834624405,54.5231697888696));
#3566=CARTESIAN_POINT('Ctrl Pts',(88.2811963805076,93.1943372807476,54.5201084866685));
#3567=CARTESIAN_POINT('Ctrl Pts',(88.215616769336,93.2268983886186,54.5169494588063));
#3568=CARTESIAN_POINT('Ctrl Pts',(88.1525962962266,93.2586621284727,54.5132428842997));
#3569=CARTESIAN_POINT('Ctrl Pts',(88.0911927025115,93.2900216010268,54.5091714084901));
#3570=CARTESIAN_POINT('Ctrl Pts',(88.0283754962529,93.3221030206377,54.5050062005564));
#3571=CARTESIAN_POINT('Ctrl Pts',(87.967250520249,93.3537615329537,54.5004591688389));
#3572=CARTESIAN_POINT('Ctrl Pts',(87.9068342147074,93.3854621300932,54.4957455998154));
#3573=CARTESIAN_POINT('Ctrl Pts',(87.8459426787996,93.4174120818772,54.4909949541928));
#3574=CARTESIAN_POINT('Ctrl Pts',(87.7857709879656,93.449404889264,54.4860751728905));
#3575=CARTESIAN_POINT('Ctrl Pts',(87.7253372195936,93.4819584704501,54.4812255966086));
#3576=CARTESIAN_POINT('Ctrl Pts',(87.6654797729734,93.514201607038,54.4764222679193));
#3577=CARTESIAN_POINT('Ctrl Pts',(87.6053651252013,93.5469948945571,54.4716877993921));
#3578=CARTESIAN_POINT('Ctrl Pts',(87.5440643898606,93.5808813745098,54.4672730290817));
#3579=CARTESIAN_POINT('Ctrl Pts',(87.4848069050235,93.6136383644678,54.4630054100512));
#3580=CARTESIAN_POINT('Ctrl Pts',(87.4244409584666,93.6474169001247,54.4590365124293));
#3581=CARTESIAN_POINT('Ctrl Pts',(87.3621526636805,93.6827444487521,54.4556102358585));
#3582=CARTESIAN_POINT('Ctrl Pts',(87.3239689680149,93.7044007867533,54.4535098749111));
#3583=CARTESIAN_POINT('Ctrl Pts',(87.2850633674152,93.7266399388444,54.4516137598491));
#3584=CARTESIAN_POINT('Ctrl Pts',(87.2452537641732,93.7495907750859,54.4499816015312));
#3585=CARTESIAN_POINT('',(89.757568359375,92.5338134765625,54.4499974250793));
#3586=CARTESIAN_POINT('',(89.757568359375,92.5338134765625,54.4499974250793));
#3587=CARTESIAN_POINT('',(91.0718688964844,92.0623779296875,54.4499974250793));
#3588=CARTESIAN_POINT('',(91.0718688964844,92.0623779296875,54.4499974250793));
#3589=CARTESIAN_POINT('',(91.1629933685745,92.3482058902512,54.7499940664899));
#3590=CARTESIAN_POINT('Origin',(91.1629895754937,92.3481994206302,54.449998178168));
#3591=CARTESIAN_POINT('Ctrl Pts',(84.0719909667782,96.440795898414,54.7499958226149));
#3592=CARTESIAN_POINT('Ctrl Pts',(84.3726867793566,96.1671610484457,54.7499964412408));
#3593=CARTESIAN_POINT('Ctrl Pts',(84.6820778416063,95.903081319773,54.7499969567559));
#3594=CARTESIAN_POINT('Ctrl Pts',(84.9995396639506,95.6490889083484,54.7499973681733));
#3595=CARTESIAN_POINT('Ctrl Pts',(85.3170078885949,95.395091374621,54.749997779599));
#3596=CARTESIAN_POINT('Ctrl Pts',(85.6425470253902,95.1511817017939,54.7499980869163));
#3597=CARTESIAN_POINT('Ctrl Pts',(85.9755001079011,94.9178513097688,54.74999828951));
#3598=CARTESIAN_POINT('Ctrl Pts',(86.3084849253086,94.6844986782264,54.749998492123));
#3599=CARTESIAN_POINT('Ctrl Pts',(86.6488849203794,94.4617274702809,54.7499985899916));
#3600=CARTESIAN_POINT('Ctrl Pts',(86.9960131558729,94.2499864583958,54.7499985829291));
#3601=CARTESIAN_POINT('Ctrl Pts',(87.1286433060641,94.1690848222381,54.7499985802307));
#3602=CARTESIAN_POINT('Ctrl Pts',(87.2622553752641,94.0897929615919,54.7499985622185));
#3603=CARTESIAN_POINT('Ctrl Pts',(87.3968099870028,94.0121342014333,54.7499985288981));
#3604=CARTESIAN_POINT('Ctrl Pts',(87.7490015016695,93.808865387277,54.7499984416833));
#3605=CARTESIAN_POINT('Ctrl Pts',(88.1076522457852,93.6167883751357,54.7499982495579));
#3606=CARTESIAN_POINT('Ctrl Pts',(88.4720392455858,93.4362914098841,54.7499979528913));
#3607=CARTESIAN_POINT('Ctrl Pts',(88.8363833574268,93.2558156889319,54.7499976562596));
#3608=CARTESIAN_POINT('Ctrl Pts',(89.2064621776161,93.0869173884127,54.7499972551129));
#3609=CARTESIAN_POINT('Ctrl Pts',(89.581529644644,92.9299380252907,54.7499967502742));
#3610=CARTESIAN_POINT('Ctrl Pts',(89.9565571786262,92.7729753755992,54.7499962454892));
#3611=CARTESIAN_POINT('Ctrl Pts',(90.3365720942138,92.6279292121384,54.7499956370477));
#3612=CARTESIAN_POINT('Ctrl Pts',(90.7208082300549,92.4950929638878,54.7499949261111));
#3613=CARTESIAN_POINT('Ctrl Pts',(90.8676018344652,92.4443441928635,54.7499946545048));
#3614=CARTESIAN_POINT('Ctrl Pts',(91.0150113502443,92.3953770102645,54.7499943679413));
#3615=CARTESIAN_POINT('Ctrl Pts',(91.1629933685746,92.3482058902512,54.7499940664899));
#3616=CARTESIAN_POINT('Ctrl Pts',(87.2452537641732,93.7495907750859,54.4499816015312));
#3617=CARTESIAN_POINT('Ctrl Pts',(87.1788998390779,93.7878448129268,54.4472611496312));
#3618=CARTESIAN_POINT('Ctrl Pts',(87.110037322814,93.8280807811566,54.4452761695104));
#3619=CARTESIAN_POINT('Ctrl Pts',(87.0396449457322,93.8698416434179,54.4439123170498));
#3620=CARTESIAN_POINT('Ctrl Pts',(86.9711959767877,93.9104495626631,54.4425861181261));
#3621=CARTESIAN_POINT('Ctrl Pts',(86.9013006997287,93.9524994360078,54.4418473047943));
#3622=CARTESIAN_POINT('Ctrl Pts',(86.8308357794836,93.995531326154,54.4415728858927));
#3623=CARTESIAN_POINT('Ctrl Pts',(86.7613901953811,94.0379407227139,54.4413024366983));
#3624=CARTESIAN_POINT('Ctrl Pts',(86.691391491358,94.0813039213355,54.4414830724622));
#3625=CARTESIAN_POINT('Ctrl Pts',(86.6216529277143,94.1251408218016,54.441978633234));
#3626=CARTESIAN_POINT('Ctrl Pts',(86.5517450452374,94.1690841542396,54.4424753971818));
#3627=CARTESIAN_POINT('Ctrl Pts',(86.4820986899934,94.2135034393443,54.4432886239731));
#3628=CARTESIAN_POINT('Ctrl Pts',(86.413504598094,94.2578750541927,54.4442621635105));
#3629=CARTESIAN_POINT('Ctrl Pts',(86.343309076742,94.303282589321,54.445258431753));
#3630=CARTESIAN_POINT('Ctrl Pts',(86.2742156275962,94.348640127218,54.4464225807192));
#3631=CARTESIAN_POINT('Ctrl Pts',(86.207039993235,94.3933453925536,54.4475672667522));
#3632=CARTESIAN_POINT('Ctrl Pts',(86.1574768427369,94.4263295811654,54.4484118325932));
#3633=CARTESIAN_POINT('Ctrl Pts',(86.1089569972242,94.4589577849402,54.4492453627097));
#3634=CARTESIAN_POINT('Ctrl Pts',(86.0617973397881,94.4909750598777,54.4499861272474));
#3635=CARTESIAN_POINT('Ctrl Pts',(85.9921049785879,94.5382900661966,54.451080826245));
#3636=CARTESIAN_POINT('Ctrl Pts',(85.9253792558475,94.5842654184626,54.4519703514809));
#3637=CARTESIAN_POINT('Ctrl Pts',(85.860872109834,94.6292851926795,54.4526498159845));
#3638=CARTESIAN_POINT('Ctrl Pts',(85.7945348646155,94.6755821998556,54.4533485572276));
#3639=CARTESIAN_POINT('Ctrl Pts',(85.7305439119119,94.7208688758999,54.453825237649));
#3640=CARTESIAN_POINT('Ctrl Pts',(85.6681140495211,94.7656064388125,54.4540946847845));
#3641=CARTESIAN_POINT('Ctrl Pts',(85.6039509270891,94.8115860648527,54.4543716126662));
#3642=CARTESIAN_POINT('Ctrl Pts',(85.5414367684028,94.85698579944,54.4544296833786));
#3643=CARTESIAN_POINT('Ctrl Pts',(85.4797483533925,94.9023487356718,54.4543049290383));
#3644=CARTESIAN_POINT('Ctrl Pts',(85.4177593304024,94.9479327257371,54.4541795667694));
#3645=CARTESIAN_POINT('Ctrl Pts',(85.3566041130271,94.9934796947509,54.4538696379043));
#3646=CARTESIAN_POINT('Ctrl Pts',(85.2954764169452,95.0395805973963,54.4534307674237));
#3647=CARTESIAN_POINT('Ctrl Pts',(85.2351606023093,95.0850692003821,54.4529977259015));
#3648=CARTESIAN_POINT('Ctrl Pts',(85.1748715423784,95.1310972064739,54.452439165919));
#3649=CARTESIAN_POINT('Ctrl Pts',(85.1138630553241,95.1782692615312,54.4518264773134));
#3650=CARTESIAN_POINT('Ctrl Pts',(85.0555142911512,95.2233848060887,54.451240499449));
#3651=CARTESIAN_POINT('Ctrl Pts',(84.9965074598865,95.2695469484844,54.4506050516579));
#3652=CARTESIAN_POINT('Ctrl Pts',(84.9362160404022,95.3173169068423,54.4499985568235));
#3653=CARTESIAN_POINT('Ctrl Pts',(84.8827774139788,95.3596572760156,54.4494609968994));
#3654=CARTESIAN_POINT('Ctrl Pts',(84.8283337677543,95.4032661394438,54.4489488064299));
#3655=CARTESIAN_POINT('Ctrl Pts',(84.7737909105128,95.4474598497067,54.4485041239229));
#3656=CARTESIAN_POINT('Ctrl Pts',(84.7193609586024,95.4915620776795,54.4480603619219));
#3657=CARTESIAN_POINT('Ctrl Pts',(84.6648323362349,95.5362467465291,54.447683858761));
#3658=CARTESIAN_POINT('Ctrl Pts',(84.6110758039522,95.5807950002145,54.4473974941913));
#3659=CARTESIAN_POINT('Ctrl Pts',(84.5563023617133,95.626185971255,54.4471057124755));
#3660=CARTESIAN_POINT('Ctrl Pts',(84.5023305713755,95.6714352438714,54.4469075021414));
#3661=CARTESIAN_POINT('Ctrl Pts',(84.4500492000702,95.7157416218978,54.4468070496131));
#3662=CARTESIAN_POINT('Ctrl Pts',(84.395614446129,95.7618729058654,54.4467024596125));
#3663=CARTESIAN_POINT('Ctrl Pts',(84.3430121969696,95.8069818055027,54.4467037670139));
#3664=CARTESIAN_POINT('Ctrl Pts',(84.2932102395057,95.8501221266786,54.4467947134173));
#3665=CARTESIAN_POINT('Ctrl Pts',(84.2391362580313,95.8969630350857,54.4468934612253));
#3666=CARTESIAN_POINT('Ctrl Pts',(84.1883633537616,95.9414826638012,54.4470976766368));
#3667=CARTESIAN_POINT('Ctrl Pts',(84.1420907971271,95.9824262452081,54.4473641638099));
#3668=CARTESIAN_POINT('Ctrl Pts',(84.0679632617479,96.0480168889942,54.4477910699243));
#3669=CARTESIAN_POINT('Ctrl Pts',(84.0053841067179,96.1044274917831,54.4483766784797));
#3670=CARTESIAN_POINT('Ctrl Pts',(83.9591709649461,96.1463915392704,54.4488850371042));
#3671=CARTESIAN_POINT('Ctrl Pts',(83.9324947300006,96.1706150122288,54.4491784838076));
#3672=CARTESIAN_POINT('Ctrl Pts',(83.9112696212533,96.1900228299477,54.4494451153436));
#3673=CARTESIAN_POINT('Ctrl Pts',(83.896432323143,96.2036169074831,54.4496465093367));
#3674=CARTESIAN_POINT('Ctrl Pts',(83.885565912972,96.2135728186805,54.4497940045019));
#3675=CARTESIAN_POINT('Ctrl Pts',(83.8781258206693,96.2204106003376,54.4499065863383));
#3676=CARTESIAN_POINT('Ctrl Pts',(83.8744911354847,96.2237512622214,54.4499757338496));
#3677=CARTESIAN_POINT('Origin',(98.249800068746,112.769651086494,46.7532297796546));
#3678=CARTESIAN_POINT('',(83.876953125,96.2264709472656,51.797351360321));
#3679=CARTESIAN_POINT('',(83.8700561234159,96.2189330736394,51.8749969058627));
#3680=CARTESIAN_POINT('',(83.876953125,96.2264709472656,51.797351360321));
#3681=CARTESIAN_POINT('',(91.0749816894474,92.0721130370919,51.7973513603211));
#3682=CARTESIAN_POINT('Ctrl Pts',(91.0749808144492,92.0721133159966,51.797351360321));
#3683=CARTESIAN_POINT('Ctrl Pts',(90.1883510018783,92.3547060505068,51.797351360321));
#3684=CARTESIAN_POINT('Ctrl Pts',(88.8888578890516,92.8740917797987,51.797351360321));
#3685=CARTESIAN_POINT('Ctrl Pts',(87.2436272999352,93.7467484489695,51.797351360321));
#3686=CARTESIAN_POINT('Ctrl Pts',(85.664994570291,94.7347780063123,51.797351360321));
#3687=CARTESIAN_POINT('Ctrl Pts',(84.5651774545149,95.6001265201472,51.797351360321));
#3688=CARTESIAN_POINT('Ctrl Pts',(83.876953125,96.2264709472656,51.797351360321));
#3689=CARTESIAN_POINT('',(91.071868896623,92.0623779301206,51.8749971284055));
#3690=CARTESIAN_POINT('',(91.0718688964844,92.0623779296875,51.874997138977));
#3691=CARTESIAN_POINT('',(91.0718688964844,92.0623779296875,54.4499974250793));
#3692=CARTESIAN_POINT('',(83.8700561523438,96.2189331054688,51.874997138977));
#3693=CARTESIAN_POINT('Origin',(90.7681556702103,91.1096127914725,54.4499983593022));
#3694=CARTESIAN_POINT('',(91.7339513062814,90.8503365361048,54.4499912619539));
#3695=CARTESIAN_POINT('Origin',(90.7681396251971,91.1096153465672,54.4499974016548));
#3696=CARTESIAN_POINT('',(92.0237044896204,90.7725460211291,54.7499981002684));
#3697=CARTESIAN_POINT('Origin',(92.0236993966053,90.7725465176186,54.4499949540913));
#3698=CARTESIAN_POINT('Origin',(90.7681566472212,91.1096133999754,54.7500015055171));
#3699=CARTESIAN_POINT('Origin',(117.022355129594,115.015002197313,54.4500084938091));
#3700=CARTESIAN_POINT('',(116.045352727091,114.801666661562,54.4499974250791));
#3701=CARTESIAN_POINT('',(115.752262189758,114.737641230165,54.7499997544387));
#3702=CARTESIAN_POINT('Origin',(115.752263930429,114.737655769596,54.4500027386911));
#3703=CARTESIAN_POINT('',(116.7639736815,115.981070385012,54.4499997274355));
#3704=CARTESIAN_POINT('Origin',(117.022355129626,115.015002197296,54.4500030631533));
#3705=CARTESIAN_POINT('',(116.686460559227,116.270880914686,54.7499984783018));
#3706=CARTESIAN_POINT('Origin',(116.686465064196,116.270874735328,54.4500112609173));
#3707=CARTESIAN_POINT('Origin',(117.022353340552,115.015003134334,54.7500044040802));
#3708=CARTESIAN_POINT('Origin',(96.9949481433822,110.641235564418,54.4502375843349));
#3709=CARTESIAN_POINT('',(115.753468735948,106.550358590741,54.7500003837039));
#3710=CARTESIAN_POINT('Origin',(96.9949518942534,110.641235588029,54.7502346000126));
#3711=CARTESIAN_POINT('Origin',(115.753467978199,106.550361721792,54.4499894861605));
#3712=CARTESIAN_POINT('Origin',(96.9945020148916,110.641229984475,54.4499974250282));
#3713=CARTESIAN_POINT('Origin',(91.0429846333456,84.4185501234122,54.4499717749429));
#3714=CARTESIAN_POINT('',(90.4431502578403,84.0571805241106,54.7500048085064));
#3715=CARTESIAN_POINT('Ctrl Pts',(90.4431152327035,84.0571594229526,54.7500048012412));
#3716=CARTESIAN_POINT('Ctrl Pts',(90.4435382741756,84.0548002030639,54.7500046239339));
#3717=CARTESIAN_POINT('Ctrl Pts',(90.4442059501765,84.0506135762025,54.7500020635035));
#3718=CARTESIAN_POINT('Ctrl Pts',(90.4451946516676,84.0449545814095,54.7499683935119));
#3719=CARTESIAN_POINT('Ctrl Pts',(90.4463407512142,84.0383946930864,54.7499293633672));
#3720=CARTESIAN_POINT('Ctrl Pts',(90.4479228173108,84.0298542240585,54.7498464678482));
#3721=CARTESIAN_POINT('Ctrl Pts',(90.4500998762357,84.0198985562107,54.7496689416854));
#3722=CARTESIAN_POINT('Ctrl Pts',(90.4518865330923,84.0117281929659,54.7495232504814));
#3723=CARTESIAN_POINT('Ctrl Pts',(90.4540760025259,84.0026048931696,54.7493133398867));
#3724=CARTESIAN_POINT('Ctrl Pts',(90.4567354828794,83.9928586698823,54.7490235079994));
#3725=CARTESIAN_POINT('Ctrl Pts',(90.4592379961717,83.9836876852973,54.7487507824838));
#3726=CARTESIAN_POINT('Ctrl Pts',(90.4621575412864,83.9739654965828,54.7484071651638));
#3727=CARTESIAN_POINT('Ctrl Pts',(90.4655116648283,83.9639801665871,54.7479952771257));
#3728=CARTESIAN_POINT('Ctrl Pts',(90.4687509784672,83.9543366292398,54.7475974878007));
#3729=CARTESIAN_POINT('Ctrl Pts',(90.472395980447,83.9444481487673,54.7471360735626));
#3730=CARTESIAN_POINT('Ctrl Pts',(90.4764169158851,83.9345805834627,54.7466289645276));
#3731=CARTESIAN_POINT('Ctrl Pts',(90.4799821753811,83.9258312684222,54.746179324057));
#3732=CARTESIAN_POINT('Ctrl Pts',(90.4838423856968,83.917098744548,54.7456940500586));
#3733=CARTESIAN_POINT('Ctrl Pts',(90.4879437275701,83.9085676555088,54.7451952622212));
#3734=CARTESIAN_POINT('Ctrl Pts',(90.493562237134,83.8968807474582,54.7445119628714));
#3735=CARTESIAN_POINT('Ctrl Pts',(90.4996305088373,83.8855749487669,54.7438061680281));
#3736=CARTESIAN_POINT('Ctrl Pts',(90.5058434927579,83.8747663986523,54.7430794069578));
#3737=CARTESIAN_POINT('Ctrl Pts',(90.5123044363651,83.8635264801755,54.742323640912));
#3738=CARTESIAN_POINT('Ctrl Pts',(90.518921310033,83.8528243149327,54.7415450411816));
#3739=CARTESIAN_POINT('Ctrl Pts',(90.5253282690101,83.8427418653271,54.7407264406391));
#3740=CARTESIAN_POINT('Ctrl Pts',(90.5327126210799,83.8311213199358,54.7397829611145));
#3741=CARTESIAN_POINT('Ctrl Pts',(90.5398175655712,83.8203237409244,54.7387867890696));
#3742=CARTESIAN_POINT('Ctrl Pts',(90.5460622870953,83.8104098875797,54.7376848042764));
#3743=CARTESIAN_POINT('Ctrl Pts',(90.5523598425799,83.8004121572945,54.7365734960537));
#3744=CARTESIAN_POINT('Ctrl Pts',(90.5577817023426,83.7913095009253,54.735354869462));
#3745=CARTESIAN_POINT('Ctrl Pts',(90.5617248607137,83.7831351040074,54.7339443140494));
#3746=CARTESIAN_POINT('Ctrl Pts',(90.5653093033085,83.7757043457824,54.7326620792449));
#3747=CARTESIAN_POINT('Ctrl Pts',(90.5676714212822,83.769037189785,54.7312212757567));
#3748=CARTESIAN_POINT('Ctrl Pts',(90.5683606536354,83.7631853592747,54.7295318931082));
#3749=CARTESIAN_POINT('Ctrl Pts',(90.5689811580952,83.7579170532925,54.7280109699205));
#3750=CARTESIAN_POINT('Ctrl Pts',(90.5682427679323,83.7533105000732,54.7262853884303));
#3751=CARTESIAN_POINT('Ctrl Pts',(90.5665465635162,83.7491834615706,54.7243630071555));
#3752=CARTESIAN_POINT('Ctrl Pts',(90.5646846893593,83.7446533316759,54.722252865252));
#3753=CARTESIAN_POINT('Ctrl Pts',(90.5616691110151,83.7407044705975,54.719904886102));
#3754=CARTESIAN_POINT('Ctrl Pts',(90.5580768844803,83.7371093157369,54.7173532834807));
#3755=CARTESIAN_POINT('Ctrl Pts',(90.5546558783076,83.7336855208145,54.7149233007852));
#3756=CARTESIAN_POINT('Ctrl Pts',(90.5507128990042,83.7305842641791,54.7123087465287));
#3757=CARTESIAN_POINT('Ctrl Pts',(90.546774683652,83.7275806694832,54.709563407577));
#3758=CARTESIAN_POINT('Ctrl Pts',(90.5434178820424,83.7250205069202,54.7072233734784));
#3759=CARTESIAN_POINT('Ctrl Pts',(90.540065090342,83.7225307181826,54.7047887756685));
#3760=CARTESIAN_POINT('Ctrl Pts',(90.5370535128923,83.719947328567,54.7023063893907));
#3761=CARTESIAN_POINT('Ctrl Pts',(90.5322466160759,83.7158238791369,54.6983441553472));
#3762=CARTESIAN_POINT('Ctrl Pts',(90.5283122588529,83.711453311836,54.6942650040645));
#3763=CARTESIAN_POINT('Ctrl Pts',(90.5249167400599,83.7069601125692,54.6900436609425));
#3764=CARTESIAN_POINT('Ctrl Pts',(90.5212908563774,83.7021620776011,54.6855359258725));
#3765=CARTESIAN_POINT('Ctrl Pts',(90.5182794753274,83.6972247597103,54.6808660078763));
#3766=CARTESIAN_POINT('Ctrl Pts',(90.5154567859005,83.692347663553,54.6759715299301));
#3767=CARTESIAN_POINT('Ctrl Pts',(90.5132137162618,83.6884720454241,54.6720820992426));
#3768=CARTESIAN_POINT('Ctrl Pts',(90.5110893092719,83.68463531415,54.6680501917535));
#3769=CARTESIAN_POINT('Ctrl Pts',(90.5088623213045,83.680955600825,54.6638319898127));
#3770=CARTESIAN_POINT('Ctrl Pts',(90.5060476037795,83.6763047658253,54.6585005524181));
#3771=CARTESIAN_POINT('Ctrl Pts',(90.5030692604888,83.6719097294662,54.6528670465371));
#3772=CARTESIAN_POINT('Ctrl Pts',(90.5001093320079,83.6678059922726,54.6470587692526));
#3773=CARTESIAN_POINT('Ctrl Pts',(90.4971173201365,83.6636577736655,54.6411875346265));
#3774=CARTESIAN_POINT('Ctrl Pts',(90.4941444830495,83.6598076160547,54.6351382147751));
#3775=CARTESIAN_POINT('Ctrl Pts',(90.4913638591754,83.6562529787732,54.629076612622));
#3776=CARTESIAN_POINT('Ctrl Pts',(90.4895180127617,83.6538933232516,54.6250527722531));
#3777=CARTESIAN_POINT('Ctrl Pts',(90.4877565292021,83.6516630196872,54.6210242361494));
#3778=CARTESIAN_POINT('Ctrl Pts',(90.4861254862941,83.6495513016715,54.617045722621));
#3779=CARTESIAN_POINT('Ctrl Pts',(90.4842553384802,83.6471300135426,54.6124839736067));
#3780=CARTESIAN_POINT('Ctrl Pts',(90.4825542214633,83.6448608193238,54.6079908535395));
#3781=CARTESIAN_POINT('Ctrl Pts',(90.4809303128131,83.6426462737264,54.6033745247303));
#3782=CARTESIAN_POINT('Ctrl Pts',(90.4793352647551,83.6404710856984,54.5988402387027));
#3783=CARTESIAN_POINT('Ctrl Pts',(90.4778145414328,83.6383484353231,54.5941867121679));
#3784=CARTESIAN_POINT('Ctrl Pts',(90.4763055957247,83.6362210212089,54.5892079130911));
#3785=CARTESIAN_POINT('Ctrl Pts',(90.4749011065872,83.6342408770605,54.5845737707338));
#3786=CARTESIAN_POINT('Ctrl Pts',(90.4735066553754,83.6322563905296,54.579657524685));
#3787=CARTESIAN_POINT('Ctrl Pts',(90.4720953105438,83.6302545583927,54.5742765861958));
#3788=CARTESIAN_POINT('Ctrl Pts',(90.4712564853093,83.629064780194,54.571078454252));
#3789=CARTESIAN_POINT('Ctrl Pts',(90.4704121416514,83.6278695081388,54.5677158704433));
#3790=CARTESIAN_POINT('Ctrl Pts',(90.4695615992993,83.6266730030068,54.5641480966269));
#3791=CARTESIAN_POINT('Ctrl Pts',(90.468529263799,83.6252207593637,54.5598177542769));
#3792=CARTESIAN_POINT('Ctrl Pts',(90.4674905898672,83.6237705731712,54.5551832171325));
#3793=CARTESIAN_POINT('Ctrl Pts',(90.466516650881,83.622417440347,54.5504939063544));
#3794=CARTESIAN_POINT('Ctrl Pts',(90.4655110960722,83.6210203823819,54.5456523720601));
#3795=CARTESIAN_POINT('Ctrl Pts',(90.4645748329669,83.6197271783107,54.5407527857402));
#3796=CARTESIAN_POINT('Ctrl Pts',(90.4637534366322,83.6185971962624,54.5360896028257));
#3797=CARTESIAN_POINT('Ctrl Pts',(90.4628798146097,83.6173953681551,54.5311299273117));
#3798=CARTESIAN_POINT('Ctrl Pts',(90.4621357602144,83.6163776647841,54.5264383885865));
#3799=CARTESIAN_POINT('Ctrl Pts',(90.4615393650232,83.6155646556207,54.5223831258159));
#3800=CARTESIAN_POINT('Ctrl Pts',(90.4607897012989,83.6145427099608,54.5172856947225));
#3801=CARTESIAN_POINT('Ctrl Pts',(90.4602701536736,83.6138397758377,54.5131953858347));
#3802=CARTESIAN_POINT('Ctrl Pts',(90.459981223271,83.6134476499325,54.5108439424874));
#3803=CARTESIAN_POINT('Ctrl Pts',(90.4598766014757,83.6133056610112,54.5099924840659));
#3804=CARTESIAN_POINT('Ctrl Pts',(90.4598022641572,83.6132044883331,54.5093688723524));
#3805=CARTESIAN_POINT('Ctrl Pts',(90.4597596617984,83.6131457131576,54.5090070450418));
#3806=CARTESIAN_POINT('',(90.3666179782376,84.6000033790013,54.7499916917162));
#3807=CARTESIAN_POINT('Origin',(91.0429891922885,84.4185580157335,54.7499861869386));
#3808=CARTESIAN_POINT('Origin',(90.3666718630774,84.5999869179604,54.4499727717407));
#3809=CARTESIAN_POINT('Origin',(91.0452407781093,84.4240021739751,54.4499449713184));
#3810=CARTESIAN_POINT('',(90.8230924579117,83.4509533978852,54.5314846161418));
#3811=CARTESIAN_POINT('',(90.8238525390625,83.4543151855469,54.5318493843079));
#3812=CARTESIAN_POINT('',(90.8877258299488,83.7357482906986,54.7500010909309));
#3813=CARTESIAN_POINT('Origin',(90.8877324503172,83.7357736241997,54.4499951359617));
#3814=CARTESIAN_POINT('Ctrl Pts',(90.4431152115776,84.0571593337451,54.7499762001541));
#3815=CARTESIAN_POINT('Ctrl Pts',(90.46108618729,84.027563774307,54.749978598761));
#3816=CARTESIAN_POINT('Ctrl Pts',(90.4812528235267,83.9993124467543,54.749980813335));
#3817=CARTESIAN_POINT('Ctrl Pts',(90.5033842867237,83.9726971192362,54.7499828820593));
#3818=CARTESIAN_POINT('Ctrl Pts',(90.5258084679312,83.9457297686436,54.7499849781453));
#3819=CARTESIAN_POINT('Ctrl Pts',(90.5502493984094,83.9204422530791,54.7499869236885));
#3820=CARTESIAN_POINT('Ctrl Pts',(90.5764327764564,83.8970965522821,54.7499887382254));
#3821=CARTESIAN_POINT('Ctrl Pts',(90.5944496391065,83.8810323040413,54.7499899868138));
#3822=CARTESIAN_POINT('Ctrl Pts',(90.6132908117914,83.8658865992722,54.7499911734333));
#3823=CARTESIAN_POINT('Ctrl Pts',(90.6328592253407,83.8517327427451,54.7499922962243));
#3824=CARTESIAN_POINT('Ctrl Pts',(90.6599391998493,83.8321457653447,54.7499938500117));
#3825=CARTESIAN_POINT('Ctrl Pts',(90.6884139957384,83.8144597603997,54.7499952768818));
#3826=CARTESIAN_POINT('Ctrl Pts',(90.7180054889484,83.7988708400885,54.7499965038759));
#3827=CARTESIAN_POINT('Ctrl Pts',(90.7473214795343,83.7834270556926,54.7499977194465));
#3828=CARTESIAN_POINT('Ctrl Pts',(90.7777330489915,83.7700418608866,54.7499987376108));
#3829=CARTESIAN_POINT('Ctrl Pts',(90.8089383228435,83.7588658891137,54.7499995374243));
#3830=CARTESIAN_POINT('Ctrl Pts',(90.8347208272943,83.7496320479578,54.7500001982483));
#3831=CARTESIAN_POINT('Ctrl Pts',(90.8610444546373,83.7419056896655,54.7500007116802));
#3832=CARTESIAN_POINT('Ctrl Pts',(90.8877258299488,83.7357482906986,54.7500010909309));
#3833=CARTESIAN_POINT('Origin',(117.023648126784,106.273383673072,54.4499940851489));
#3834=CARTESIAN_POINT('',(116.686554824951,105.017825505647,54.7499995984423));
#3835=CARTESIAN_POINT('Origin',(116.686565668156,105.017823017812,54.4500081415013));
#3836=CARTESIAN_POINT('Origin',(117.023646961181,106.273383309177,54.7500024310539));
#3837=CARTESIAN_POINT('Origin',(122.679676957936,102.683985199756,54.4499636362364));
#3838=CARTESIAN_POINT('',(123.348480224609,102.476989746094,54.749997138977));
#3839=CARTESIAN_POINT('',(122.861234166525,103.360199620499,54.7499970876395));
#3840=CARTESIAN_POINT('Ctrl Pts',(123.348480224609,102.476989746094,54.749997138977));
#3841=CARTESIAN_POINT('Ctrl Pts',(123.376396259569,102.566617896961,54.749997138977));
#3842=CARTESIAN_POINT('Ctrl Pts',(123.390490989554,102.709622602616,54.749997138977));
#3843=CARTESIAN_POINT('Ctrl Pts',(123.35230478892,102.89428141649,54.749997138977));
#3844=CARTESIAN_POINT('Ctrl Pts',(123.297145714146,103.024275976845,54.749997138977));
#3845=CARTESIAN_POINT('Ctrl Pts',(123.216543587729,103.14013291317,54.749997138977));
#3846=CARTESIAN_POINT('Ctrl Pts',(123.080325476251,103.270549008606,54.749997138977));
#3847=CARTESIAN_POINT('Ctrl Pts',(122.952267690635,103.335803016579,54.749997138977));
#3848=CARTESIAN_POINT('Ctrl Pts',(122.861236572266,103.360198974609,54.749997138977));
#3849=CARTESIAN_POINT('',(123.634976836202,102.388225736401,54.4529973582648));
#3850=CARTESIAN_POINT('Origin',(123.3484838201,102.476976815445,54.449991983179));
#3851=CARTESIAN_POINT('',(122.938997229794,103.64989913359,54.4499974784527));
#3852=CARTESIAN_POINT('Ctrl Pts',(122.938997229794,103.64989913359,54.4499974784527));
#3853=CARTESIAN_POINT('Ctrl Pts',(122.981820327495,103.638402344898,54.4502282516013));
#3854=CARTESIAN_POINT('Ctrl Pts',(123.023877553763,103.624053344804,54.4504602473951));
#3855=CARTESIAN_POINT('Ctrl Pts',(123.0647978407,103.606978686366,54.4506909898438));
#3856=CARTESIAN_POINT('Ctrl Pts',(123.105715179574,103.589905258055,54.4509217156689));
#3857=CARTESIAN_POINT('Ctrl Pts',(123.145495316118,103.570106742861,54.4511511883119));
#3858=CARTESIAN_POINT('Ctrl Pts',(123.183787320821,103.547757757478,54.4513769340066));
#3859=CARTESIAN_POINT('Ctrl Pts',(123.222535702828,103.525142409187,54.4516053702162));
#3860=CARTESIAN_POINT('Ctrl Pts',(123.259759799482,103.499915585116,54.451829990091));
#3861=CARTESIAN_POINT('Ctrl Pts',(123.295123380923,103.472305111479,54.4520482323706));
#3862=CARTESIAN_POINT('Ctrl Pts',(123.330075246731,103.445016088983,54.4522639337945));
#3863=CARTESIAN_POINT('Ctrl Pts',(123.363209358965,103.415398967658,54.4524734052534));
#3864=CARTESIAN_POINT('Ctrl Pts',(123.39423334699,103.383715047948,54.4526741760359));
#3865=CARTESIAN_POINT('Ctrl Pts',(123.425805505788,103.351471296963,54.4528784942886));
#3866=CARTESIAN_POINT('Ctrl Pts',(123.455191854981,103.317087304866,54.4530738016683));
#3867=CARTESIAN_POINT('Ctrl Pts',(123.482123878616,103.280877202867,54.4532574965307));
#3868=CARTESIAN_POINT('Ctrl Pts',(123.509055902251,103.244667100868,54.4534411913932));
#3869=CARTESIAN_POINT('Ctrl Pts',(123.533533299978,103.206631294334,54.453613273741));
#3870=CARTESIAN_POINT('Ctrl Pts',(123.555332405886,103.167117258099,54.4537711443265));
#3871=CARTESIAN_POINT('Ctrl Pts',(123.576750967636,103.12829301326,54.4539262589856));
#3872=CARTESIAN_POINT('Ctrl Pts',(123.595583835276,103.088042186068,54.4540676537714));
#3873=CARTESIAN_POINT('Ctrl Pts',(123.611664764665,103.046719877724,54.4541960191394));
#3874=CARTESIAN_POINT('Ctrl Pts',(123.62774439278,103.005400913196,54.45432437412));
#3875=CARTESIAN_POINT('Ctrl Pts',(123.641072360904,102.963011071735,54.4544397017987));
#3876=CARTESIAN_POINT('Ctrl Pts',(123.65153101797,102.919924277902,54.4545426942656));
#3877=CARTESIAN_POINT('Ctrl Pts',(123.6621151381,102.876320610715,54.4546469222401));
#3878=CARTESIAN_POINT('Ctrl Pts',(123.669760475248,102.832003612357,54.4547385172838));
#3879=CARTESIAN_POINT('Ctrl Pts',(123.674397887885,102.787373630476,54.4548181984548));
#3880=CARTESIAN_POINT('Ctrl Pts',(123.67898059744,102.743270105429,54.4548969397039));
#3881=CARTESIAN_POINT('Ctrl Pts',(123.68062598168,102.698861416134,54.4549640465075));
#3882=CARTESIAN_POINT('Ctrl Pts',(123.679319460816,102.654539367621,54.4550202143505));
#3883=CARTESIAN_POINT('Ctrl Pts',(123.677989546351,102.609423721138,54.4550773878936));
#3884=CARTESIAN_POINT('Ctrl Pts',(123.673600923172,102.564398342556,54.455123227245));
#3885=CARTESIAN_POINT('Ctrl Pts',(123.66619365116,102.519874803904,54.4551584674365));
#3886=CARTESIAN_POINT('Ctrl Pts',(123.658786379147,102.475351265252,54.455193707628));
#3887=CARTESIAN_POINT('Ctrl Pts',(123.648360540907,102.431330065068,54.4552183486716));
#3888=CARTESIAN_POINT('Ctrl Pts',(123.635011395558,102.3882136067,54.4552331269591));
#3889=CARTESIAN_POINT('Origin',(122.861213941412,103.36014404645,54.4499830893138));
#3890=CARTESIAN_POINT('Origin',(96.9941486180128,110.641602549372,51.8747915983852));
#3891=CARTESIAN_POINT('',(83.8658176314594,125.059677704476,51.8749954946397));
#3892=CARTESIAN_POINT('',(84.9312396027235,125.962178915215,51.874997838401));
#3893=CARTESIAN_POINT('Origin',(96.9941486180154,110.641602549367,51.8747921236305));
#3894=CARTESIAN_POINT('',(91.0664047533602,129.218357961438,51.8749959683052));
#3895=CARTESIAN_POINT('Origin',(96.9941486179982,110.6416025494,51.8747886629231));
#3896=CARTESIAN_POINT('',(91.1575947536677,128.932556784357,51.5749945393625));
#3897=CARTESIAN_POINT('Origin',(91.1575965209625,128.932545621362,51.8750022591827));
#3898=CARTESIAN_POINT('',(84.0677823117177,124.837862865676,51.5749951302262));
#3899=CARTESIAN_POINT('Ctrl Pts',(84.0677809388662,124.837861795705,51.5749921647804));
#3900=CARTESIAN_POINT('Ctrl Pts',(84.6710273320551,125.387135608818,51.5749944162679));
#3901=CARTESIAN_POINT('Ctrl Pts',(85.3099143259556,125.898537187973,51.5749961282332));
#3902=CARTESIAN_POINT('Ctrl Pts',(87.5699121837975,127.481147378564,51.5750000175545));
#3903=CARTESIAN_POINT('Ctrl Pts',(89.3156770474567,128.344794563739,51.5749995874871));
#3904=CARTESIAN_POINT('Ctrl Pts',(91.1575940124063,128.932555581671,51.5749960389125));
#3905=CARTESIAN_POINT('Origin',(84.0677923912159,124.837855146251,51.8749946612347));
#3906=CARTESIAN_POINT('Origin',(77.2287614737767,128.938558127376,51.8750313493441));
#3907=CARTESIAN_POINT('',(77.9362456075456,129.645477715729,51.8749971523039));
#3908=CARTESIAN_POINT('',(76.4949664991523,129.61806035496,51.880232726168));
#3909=CARTESIAN_POINT('Ctrl Pts',(77.9362456075456,129.645477715729,51.8749971523039));
#3910=CARTESIAN_POINT('Ctrl Pts',(77.9049010109414,129.676847364215,51.8752277750728));
#3911=CARTESIAN_POINT('Ctrl Pts',(77.871466964371,129.706128848546,51.8754596860982));
#3912=CARTESIAN_POINT('Ctrl Pts',(77.8362384782461,129.733063801694,51.8756903977664));
#3913=CARTESIAN_POINT('Ctrl Pts',(77.8010123894537,129.759996921892,51.8759210937345));
#3914=CARTESIAN_POINT('Ctrl Pts',(77.7639924731371,129.784583549945,51.8761505905097));
#3915=CARTESIAN_POINT('Ctrl Pts',(77.7255053267611,129.80660676697,51.8763763997494));
#3916=CARTESIAN_POINT('Ctrl Pts',(77.6865356824357,129.828906080252,51.8766050398693));
#3917=CARTESIAN_POINT('Ctrl Pts',(77.6460621530554,129.848576969867,51.8768298994194));
#3918=CARTESIAN_POINT('Ctrl Pts',(77.6044507766442,129.865441509454,51.8770483939872));
#3919=CARTESIAN_POINT('Ctrl Pts',(77.5633488268229,129.882099585192,51.8772642136388));
#3920=CARTESIAN_POINT('Ctrl Pts',(77.5211371970392,129.896019527347,51.8774738231997));
#3921=CARTESIAN_POINT('Ctrl Pts',(77.4781883645408,129.907078464765,51.8776747307421));
#3922=CARTESIAN_POINT('Ctrl Pts',(77.4344410561534,129.918343002531,51.8778793734228));
#3923=CARTESIAN_POINT('Ctrl Pts',(77.3899293148312,129.926638881226,51.8780749875209));
#3924=CARTESIAN_POINT('Ctrl Pts',(77.3450605982465,129.931890093833,51.8782589381306));
#3925=CARTESIAN_POINT('Ctrl Pts',(77.3001918816618,129.93714130644,51.8784428887402));
#3926=CARTESIAN_POINT('Ctrl Pts',(77.2549666929525,129.939347794857,51.8786151758676));
#3927=CARTESIAN_POINT('Ctrl Pts',(77.2097990094405,129.938489261875,51.8787731631265));
#3928=CARTESIAN_POINT('Ctrl Pts',(77.1654718921402,129.937646706108,51.8789282102579));
#3929=CARTESIAN_POINT('Ctrl Pts',(77.1212006297782,129.933852313553,51.8790694848294));
#3930=CARTESIAN_POINT('Ctrl Pts',(77.0773757916735,129.92713941882,51.8791977009511));
#3931=CARTESIAN_POINT('Ctrl Pts',(77.0335546899953,129.920427096416,51.8793259061413));
#3932=CARTESIAN_POINT('Ctrl Pts',(76.9901803934365,129.910796839856,51.8794410551099));
#3933=CARTESIAN_POINT('Ctrl Pts',(76.9476355070014,129.8983334829,51.8795438600038));
#3934=CARTESIAN_POINT('Ctrl Pts',(76.9045383762076,129.885708348134,51.8796479993335));
#3935=CARTESIAN_POINT('Ctrl Pts',(76.8622928242353,129.870176110997,51.8797394720518));
#3936=CARTESIAN_POINT('Ctrl Pts',(76.8212812182106,129.851877262086,51.879819016537));
#3937=CARTESIAN_POINT('Ctrl Pts',(76.7807928729155,129.833811885353,51.8798975461264));
#3938=CARTESIAN_POINT('Ctrl Pts',(76.7415075719481,129.813050338879,51.8799644499131));
#3939=CARTESIAN_POINT('Ctrl Pts',(76.7037718982783,129.789775723856,51.8800204366333));
#3940=CARTESIAN_POINT('Ctrl Pts',(76.6653046957205,129.766049916326,51.88007750869));
#3941=CARTESIAN_POINT('Ctrl Pts',(76.6284482976957,129.739712770736,51.8801232363068));
#3942=CARTESIAN_POINT('Ctrl Pts',(76.5935405450616,129.711005673462,51.8801583684987));
#3943=CARTESIAN_POINT('Ctrl Pts',(76.5586327924274,129.682298576189,51.8801935006905));
#3944=CARTESIAN_POINT('Ctrl Pts',(76.5256740786961,129.65122185062,51.8802180374461));
#3945=CARTESIAN_POINT('Ctrl Pts',(76.4949664991522,129.61806035496,51.880232726168));
#3946=CARTESIAN_POINT('',(77.7240295410156,129.433441162109,51.5749974250793));
#3947=CARTESIAN_POINT('Origin',(77.7240160076966,129.433420016119,51.8750156067808));
#3948=CARTESIAN_POINT('',(76.7150544363707,129.414303469435,51.574997592665));
#3949=CARTESIAN_POINT('Ctrl Pts',(76.7150573730469,129.414306640625,51.5749974250793));
#3950=CARTESIAN_POINT('Ctrl Pts',(76.7790977825673,129.483532990165,51.5749974250793));
#3951=CARTESIAN_POINT('Ctrl Pts',(76.8965901703611,129.566437828634,51.5749974250793));
#3952=CARTESIAN_POINT('Ctrl Pts',(77.0755623121989,129.626227816312,51.5749974250793));
#3953=CARTESIAN_POINT('Ctrl Pts',(77.2157184017401,129.643461532085,51.5749974250793));
#3954=CARTESIAN_POINT('Ctrl Pts',(77.356512628646,129.631675232194,51.5749974250793));
#3955=CARTESIAN_POINT('Ctrl Pts',(77.5377507088081,129.579205790258,51.5749974250793));
#3956=CARTESIAN_POINT('Ctrl Pts',(77.6577301708709,129.499995182261,51.5749974250793));
#3957=CARTESIAN_POINT('Ctrl Pts',(77.7240295410156,129.433441162109,51.5749974250793));
#3958=CARTESIAN_POINT('Origin',(76.7150765561137,129.41426092077,51.8750149410454));
#3959=CARTESIAN_POINT('Origin',(96.9943366027648,110.641238437062,51.8749928587007));
#3960=CARTESIAN_POINT('',(69.0721392984774,109.806884638768,51.8802098266609));
#3961=CARTESIAN_POINT('Origin',(96.994251278504,110.641267466663,51.8794752784145));
#3962=CARTESIAN_POINT('',(76.7150268554688,91.8681945800781,51.5749974250793));
#3963=CARTESIAN_POINT('Ctrl Pts',(76.7150163119061,91.8682059698993,51.5749974250793));
#3964=CARTESIAN_POINT('Ctrl Pts',(75.9672604271491,92.6759794813416,51.5749974250793));
#3965=CARTESIAN_POINT('Ctrl Pts',(74.9181020120392,93.9547256938607,51.5749974250793));
#3966=CARTESIAN_POINT('Ctrl Pts',(73.6791008189195,95.7756423224428,51.5749974250793));
#3967=CARTESIAN_POINT('Ctrl Pts',(72.8330347080864,97.1943636210479,51.5749974250793));
#3968=CARTESIAN_POINT('Ctrl Pts',(72.073224632662,98.6610909121377,51.5749974250793));
#3969=CARTESIAN_POINT('Ctrl Pts',(71.4023237462359,100.170554155484,51.5749974250793));
#3970=CARTESIAN_POINT('Ctrl Pts',(70.8227445128277,101.717386146371,51.5749974250793));
#3971=CARTESIAN_POINT('Ctrl Pts',(70.3365887841586,103.296070842653,51.5749974250793));
#3972=CARTESIAN_POINT('Ctrl Pts',(69.9455917352335,104.900980265377,51.5749974250793));
#3973=CARTESIAN_POINT('Ctrl Pts',(69.6510594381795,106.526360030386,51.5749974250793));
#3974=CARTESIAN_POINT('Ctrl Pts',(69.4541373101643,108.16643309189,51.5749974250793));
#3975=CARTESIAN_POINT('Ctrl Pts',(69.3555128273634,109.815340037574,51.5749974250793));
#3976=CARTESIAN_POINT('Ctrl Pts',(69.3554999666824,111.467192656915,51.5749974250793));
#3977=CARTESIAN_POINT('Ctrl Pts',(69.4541759827118,113.116098117597,51.5749974250793));
#3978=CARTESIAN_POINT('Ctrl Pts',(69.6511001535545,114.756167435884,51.5749974250793));
#3979=CARTESIAN_POINT('Ctrl Pts',(69.9455720979435,116.381560086858,51.5749974250793));
#3980=CARTESIAN_POINT('Ctrl Pts',(70.3366318599418,117.986455497302,51.5749974250793));
#3981=CARTESIAN_POINT('Ctrl Pts',(70.8227714745978,119.565146422132,51.5749974250793));
#3982=CARTESIAN_POINT('Ctrl Pts',(71.402355219935,121.111977357426,51.5749974250793));
#3983=CARTESIAN_POINT('Ctrl Pts',(72.0732548815898,122.621440897403,51.5749974250793));
#3984=CARTESIAN_POINT('Ctrl Pts',(72.8330653441414,124.08816805757,51.5749974250793));
#3985=CARTESIAN_POINT('Ctrl Pts',(73.6791311312389,125.506889583235,51.5749974250793));
#3986=CARTESIAN_POINT('Ctrl Pts',(74.9181295474441,127.327799315335,51.5749974250793));
#3987=CARTESIAN_POINT('Ctrl Pts',(75.967277531003,128.6065451259,51.5749974250793));
#3988=CARTESIAN_POINT('Ctrl Pts',(76.7150480203409,129.414296537715,51.5749974250793));
#3989=CARTESIAN_POINT('',(76.4949155668394,91.6644196802848,51.8802330254823));
#3990=CARTESIAN_POINT('Origin',(76.7150311302159,91.8682333082318,51.8750308771011));
#3991=CARTESIAN_POINT('Origin',(96.9943366039499,110.641238437156,51.8802274533284));
#3992=CARTESIAN_POINT('Origin',(91.0312528313404,136.907453282366,51.875047979346));
#3993=CARTESIAN_POINT('',(90.8760714140535,137.590152869841,51.5749963675891));
#3994=CARTESIAN_POINT('',(90.8096618652344,137.882659912109,51.8802332878113));
#3995=CARTESIAN_POINT('Origin',(90.8760756413332,137.590154050807,51.8749956588941));
#3996=CARTESIAN_POINT('',(90.3548567641013,136.726567295514,51.5749995325838));
#3997=CARTESIAN_POINT('Ctrl Pts',(90.3548583984375,136.726577758789,51.5749974250793));
#3998=CARTESIAN_POINT('Ctrl Pts',(90.3304777537085,136.817610223837,51.5749974250793));
#3999=CARTESIAN_POINT('Ctrl Pts',(90.3229781411967,136.961124611863,51.5749974250793));
#4000=CARTESIAN_POINT('Ctrl Pts',(90.367764646217,137.144306430831,51.5749974250793));
#4001=CARTESIAN_POINT('Ctrl Pts',(90.4277931598699,137.272036074969,51.5749974250793));
#4002=CARTESIAN_POINT('Ctrl Pts',(90.5127746235897,137.384811155722,51.5749974250793));
#4003=CARTESIAN_POINT('Ctrl Pts',(90.6536053557071,137.510200582596,51.5749974250793));
#4004=CARTESIAN_POINT('Ctrl Pts',(90.7844885823979,137.569508358981,51.5749974250793));
#4005=CARTESIAN_POINT('Ctrl Pts',(90.8760681152344,137.590148925781,51.5749974250793));
#4006=CARTESIAN_POINT('',(90.0650800782623,136.649082298303,51.8749971763655));
#4007=CARTESIAN_POINT('Origin',(90.3549177901662,136.726594425614,51.8750226742172));
#4008=CARTESIAN_POINT('Ctrl Pts',(90.8096591671833,137.882671786022,51.8802334992764));
#4009=CARTESIAN_POINT('Ctrl Pts',(90.7664206499343,137.872847175109,51.8802185660595));
#4010=CARTESIAN_POINT('Ctrl Pts',(90.7238367351436,137.860142942587,51.880194229269));
#4011=CARTESIAN_POINT('Ctrl Pts',(90.6822831093997,137.844671211028,51.8801597701422));
#4012=CARTESIAN_POINT('Ctrl Pts',(90.6407321630612,137.829200477097,51.8801253132374));
#4013=CARTESIAN_POINT('Ctrl Pts',(90.6002118058458,137.810962763152,51.8800807353177));
#4014=CARTESIAN_POINT('Ctrl Pts',(90.5610794571336,137.790118997455,51.8800253156077));
#4015=CARTESIAN_POINT('Ctrl Pts',(90.5214785637868,137.769025662415,51.8799692323391));
#4016=CARTESIAN_POINT('Ctrl Pts',(90.4832995915441,137.745263628313,51.8799020461196));
#4017=CARTESIAN_POINT('Ctrl Pts',(90.4468873794435,137.719047596077,51.8798230075021));
#4018=CARTESIAN_POINT('Ctrl Pts',(90.4109022364114,137.693139044651,51.8797448959074));
#4019=CARTESIAN_POINT('Ctrl Pts',(90.3766429741569,137.664834081275,51.8796552083159));
#4020=CARTESIAN_POINT('Ctrl Pts',(90.3444118125541,137.634382495276,51.8795532187911));
#4021=CARTESIAN_POINT('Ctrl Pts',(90.3116068753177,137.603388813455,51.8794494136599));
#4022=CARTESIAN_POINT('Ctrl Pts',(90.280903357612,137.570171621682,51.879332864715));
#4023=CARTESIAN_POINT('Ctrl Pts',(90.2525817937537,137.53503454933,51.8792028037438));
#4024=CARTESIAN_POINT('Ctrl Pts',(90.2242602298955,137.499897476978,51.8790727427726));
#4025=CARTESIAN_POINT('Ctrl Pts',(90.1983209365069,137.462840917215,51.8789291697755));
#4026=CARTESIAN_POINT('Ctrl Pts',(90.1750008948086,137.424203584695,51.8787713136588));
#4027=CARTESIAN_POINT('Ctrl Pts',(90.1520845852678,137.386235167515,51.8786161904529));
#4028=CARTESIAN_POINT('Ctrl Pts',(90.1316977295847,137.34674072484,51.8784472743697));
#4029=CARTESIAN_POINT('Ctrl Pts',(90.1140201751774,137.306068764151,51.878267066247));
#4030=CARTESIAN_POINT('Ctrl Pts',(90.0963448116375,137.265401844141,51.8780868804583));
#4031=CARTESIAN_POINT('Ctrl Pts',(90.0813782619067,137.223558121926,51.8778954054227));
#4032=CARTESIAN_POINT('Ctrl Pts',(90.0692525292351,137.1809067534,51.8776951387447));
#4033=CARTESIAN_POINT('Ctrl Pts',(90.0569848921434,137.137756246563,51.8774925283958));
#4034=CARTESIAN_POINT('Ctrl Pts',(90.047625184766,137.09377951401,51.8772809194272));
#4035=CARTESIAN_POINT('Ctrl Pts',(90.0412578906757,137.049373651292,51.877062895845));
#4036=CARTESIAN_POINT('Ctrl Pts',(90.0349642480044,137.005481437662,51.8768473941734));
#4037=CARTESIAN_POINT('Ctrl Pts',(90.0315941580271,136.961170444592,51.876625625419));
#4038=CARTESIAN_POINT('Ctrl Pts',(90.0311773216257,136.91683161669,51.8764000827837));
#4039=CARTESIAN_POINT('Ctrl Pts',(90.0307531681758,136.871714475395,51.8761705810257));
#4040=CARTESIAN_POINT('Ctrl Pts',(90.0333870235225,136.826569004016,51.8759371717342));
#4041=CARTESIAN_POINT('Ctrl Pts',(90.0390547872672,136.781807579519,51.8757024794987));
#4042=CARTESIAN_POINT('Ctrl Pts',(90.0447225510119,136.737046155022,51.8754677872633));
#4043=CARTESIAN_POINT('Ctrl Pts',(90.0534241596945,136.692669278376,51.875231812078));
#4044=CARTESIAN_POINT('Ctrl Pts',(90.0650800782623,136.649082298303,51.8749971763655));
#4045=CARTESIAN_POINT('Origin',(77.228677081778,92.3439319386923,51.8750398884699));
#4046=CARTESIAN_POINT('',(77.7235408195776,91.8486018545579,51.5749974250793));
#4047=CARTESIAN_POINT('Ctrl Pts',(77.7235408195776,91.8486018545578,51.5749974250793));
#4048=CARTESIAN_POINT('Ctrl Pts',(77.6569063983661,91.7819408572317,51.5749974250793));
#4049=CARTESIAN_POINT('Ctrl Pts',(77.5363363730973,91.7037346426629,51.5749974250793));
#4050=CARTESIAN_POINT('Ctrl Pts',(77.3553045871243,91.6508994604179,51.5749974250793));
#4051=CARTESIAN_POINT('Ctrl Pts',(77.2146681519848,91.6390548173698,51.5749974250793));
#4052=CARTESIAN_POINT('Ctrl Pts',(77.0745227187507,91.6562622826089,51.5749974250793));
#4053=CARTESIAN_POINT('Ctrl Pts',(76.8955027205788,91.7154983611474,51.5749974250793));
#4054=CARTESIAN_POINT('Ctrl Pts',(76.7787184699424,91.7992345744462,51.5749974250793));
#4055=CARTESIAN_POINT('Ctrl Pts',(76.7150268554688,91.8681945800781,51.5749974250793));
#4056=CARTESIAN_POINT('',(77.9355290804884,91.6364008682473,51.8749971415104));
#4057=CARTESIAN_POINT('Origin',(77.7234761452127,91.8486590469188,51.8750273310225));
#4058=CARTESIAN_POINT('Ctrl Pts',(76.4949130453195,91.6644173450917,51.8802332961767));
#4059=CARTESIAN_POINT('Ctrl Pts',(76.5250407835283,91.631883978985,51.8802185248806));
#4060=CARTESIAN_POINT('Ctrl Pts',(76.5573350548319,91.6013573459483,51.8801943005279));
#4061=CARTESIAN_POINT('Ctrl Pts',(76.591510911766,91.5731067396563,51.8801599139712));
#4062=CARTESIAN_POINT('Ctrl Pts',(76.6256845554901,91.5448579628582,51.8801255296415));
#4063=CARTESIAN_POINT('Ctrl Pts',(76.6617391842774,91.518885211891,51.8800809844325));
#4064=CARTESIAN_POINT('Ctrl Pts',(76.6993567176596,91.4954175574403,51.8800255684265));
#4065=CARTESIAN_POINT('Ctrl Pts',(76.7374241620118,91.4716692265542,51.8799694896373));
#4066=CARTESIAN_POINT('Ctrl Pts',(76.7770917670959,91.4504866184932,51.8799022784729));
#4067=CARTESIAN_POINT('Ctrl Pts',(76.8180011881926,91.4320610155388,51.8798231981686));
#4068=CARTESIAN_POINT('Ctrl Pts',(76.8584312849957,91.4138513002425,51.8797450444263));
#4069=CARTESIAN_POINT('Ctrl Pts',(76.9000737966027,91.3983344611789,51.8796552980522));
#4070=CARTESIAN_POINT('Ctrl Pts',(76.9425612874579,91.3856473345271,51.8795532467552));
#4071=CARTESIAN_POINT('Ctrl Pts',(76.9858043523093,91.3727345870445,51.8794493806344));
#4072=CARTESIAN_POINT('Ctrl Pts',(77.0299222916049,91.3627533857517,51.8793327680576));
#4073=CARTESIAN_POINT('Ctrl Pts',(77.0745119074106,91.3557948621922,51.8792026568069));
#4074=CARTESIAN_POINT('Ctrl Pts',(77.1191015232164,91.3488363386327,51.8790725455561));
#4075=CARTESIAN_POINT('Ctrl Pts',(77.1641623167748,91.3449005704287,51.878928935631));
#4076=CARTESIAN_POINT('Ctrl Pts',(77.2092824821396,91.3440234323402,51.8787710735398));
#4077=CARTESIAN_POINT('Ctrl Pts',(77.25362202792,91.3431614695322,51.8786159426053));
#4078=CARTESIAN_POINT('Ctrl Pts',(77.2980184329777,91.3452530701997,51.878447048361));
#4079=CARTESIAN_POINT('Ctrl Pts',(77.342079959453,91.3502797349416,51.8782668775083));
#4080=CARTESIAN_POINT('Ctrl Pts',(77.3861360504459,91.3553057795881,51.8780867288816));
#4081=CARTESIAN_POINT('Ctrl Pts',(77.4298568862879,91.363266111614,51.8778953064254));
#4082=CARTESIAN_POINT('Ctrl Pts',(77.4728567683957,91.374090473032,51.8776950950762));
#4083=CARTESIAN_POINT('Ctrl Pts',(77.5163614379242,91.3850419046002,51.8774925333911));
#4084=CARTESIAN_POINT('Ctrl Pts',(77.5591276344997,91.3989249881761,51.8772809752529));
#4085=CARTESIAN_POINT('Ctrl Pts',(77.6007691814249,91.4156143282836,51.8770629932895));
#4086=CARTESIAN_POINT('Ctrl Pts',(77.6419276161117,91.4321100438729,51.8768475402849));
#4087=CARTESIAN_POINT('Ctrl Pts',(77.6819869461998,91.4513470094122,51.8766258116454));
#4088=CARTESIAN_POINT('Ctrl Pts',(77.7205937542021,91.4731554739574,51.8764002906548));
#4089=CARTESIAN_POINT('Ctrl Pts',(77.7598803045793,91.4953479157918,51.876170798961));
#4090=CARTESIAN_POINT('Ctrl Pts',(77.7976622270298,91.5202031024901,51.8759373802042));
#4091=CARTESIAN_POINT('Ctrl Pts',(77.8335943908493,91.5474939370565,51.8757026502292));
#4092=CARTESIAN_POINT('Ctrl Pts',(77.8695265546687,91.5747847716229,51.8754679202542));
#4093=CARTESIAN_POINT('Ctrl Pts',(77.9036085576389,91.6045109485304,51.8752318790648));
#4094=CARTESIAN_POINT('Ctrl Pts',(77.9355290804884,91.6364008682473,51.8749971415104));
#4095=CARTESIAN_POINT('Origin',(96.9943534561185,110.641230071696,51.8749954584018));
#4096=CARTESIAN_POINT('Origin',(96.9943534557703,110.641230071578,51.8802320807345));
#4097=CARTESIAN_POINT('',(123.391950633892,118.817089623463,51.5749981069296));
#4098=CARTESIAN_POINT('Origin',(123.391914133192,118.817081868663,51.8750117437158));
#4099=CARTESIAN_POINT('Origin',(96.9943534760699,110.641230078458,51.5749961670971));
#4100=CARTESIAN_POINT('Origin',(122.723071870289,118.610085544536,51.8750427810937));
#4101=CARTESIAN_POINT('',(122.904052734375,117.933715820313,51.5749974250793));
#4102=CARTESIAN_POINT('Ctrl Pts',(123.391967773438,118.817077636719,51.5749974250793));
#4103=CARTESIAN_POINT('Ctrl Pts',(123.419909155554,118.727012355628,51.5749974250793));
#4104=CARTESIAN_POINT('Ctrl Pts',(123.432961592631,118.583810557665,51.5749974250793));
#4105=CARTESIAN_POINT('Ctrl Pts',(123.395233267081,118.398931070483,51.5749974250793));
#4106=CARTESIAN_POINT('Ctrl Pts',(123.340093722621,118.268924113309,51.5749974250793));
#4107=CARTESIAN_POINT('Ctrl Pts',(123.25945554586,118.15290517543,51.5749974250793));
#4108=CARTESIAN_POINT('Ctrl Pts',(123.123426102115,118.022160245825,51.5749974250793));
#4109=CARTESIAN_POINT('Ctrl Pts',(122.9948358285,117.957857055602,51.5749974250793));
#4110=CARTESIAN_POINT('Ctrl Pts',(122.904052734375,117.933715820313,51.5749974250793));
#4111=CARTESIAN_POINT('Origin',(122.904046458842,117.933714141973,51.8749753962461));
#4112=CARTESIAN_POINT('Origin',(83.1970252876649,95.4793107961928,51.874988624183));
#4113=CARTESIAN_POINT('',(84.0719847042072,96.4408011581219,51.5749976786028));
#4114=CARTESIAN_POINT('',(82.2782315706823,96.3989896246361,51.5749974255037));
#4115=CARTESIAN_POINT('Ctrl Pts',(84.0719854752633,96.4408008956934,51.5749978875821));
#4116=CARTESIAN_POINT('Ctrl Pts',(83.9809994923801,96.5235970088516,51.5749982119923));
#4117=CARTESIAN_POINT('Ctrl Pts',(83.8785438588259,96.5932192143607,51.5749984856172));
#4118=CARTESIAN_POINT('Ctrl Pts',(83.6154883202026,96.7217080208879,51.5749989929646));
#4119=CARTESIAN_POINT('Ctrl Pts',(83.4503253804598,96.7655836430415,51.5749991686231));
#4120=CARTESIAN_POINT('Ctrl Pts',(83.1124779440569,96.7875557135819,51.5749992647439));
#4121=CARTESIAN_POINT('Ctrl Pts',(82.9430234631053,96.7654421358195,51.574999184287));
#4122=CARTESIAN_POINT('Ctrl Pts',(82.6221291930011,96.6575052180895,51.5749987753824));
#4123=CARTESIAN_POINT('Ctrl Pts',(82.473757315769,96.5727138603576,51.5749984508439));
#4124=CARTESIAN_POINT('Ctrl Pts',(82.3458120485405,96.4618722367704,51.5749980244844));
#4125=CARTESIAN_POINT('Ctrl Pts',(82.3225319216762,96.441704182767,51.5749979469067));
#4126=CARTESIAN_POINT('Ctrl Pts',(82.2999914478963,96.4207285977283,51.5749978661692));
#4127=CARTESIAN_POINT('Ctrl Pts',(82.2782301651827,96.3989882204754,51.5749977824367));
#4128=CARTESIAN_POINT('Origin',(84.0719758182215,96.4408002264293,51.8749923301004));
#4129=CARTESIAN_POINT('',(82.4902602494844,96.1867682845626,51.8749967580427));
#4130=CARTESIAN_POINT('Origin',(83.1970252876651,95.4793107961726,51.8749938123854));
#4131=CARTESIAN_POINT('Origin',(82.2782202930514,96.399000912969,51.8750018205865));
#4132=CARTESIAN_POINT('Origin',(96.9943906731087,110.641333661624,51.8751900108141));
#4133=CARTESIAN_POINT('',(91.1629932276317,92.3482047844844,51.5749977968707));
#4134=CARTESIAN_POINT('Ctrl Pts',(91.1629925616118,92.3482026951671,51.5749999615914));
#4135=CARTESIAN_POINT('Ctrl Pts',(90.6877053351297,92.499710708675,51.5749988436677));
#4136=CARTESIAN_POINT('Ctrl Pts',(90.2177887940908,92.669912021945,51.5749979123943));
#4137=CARTESIAN_POINT('Ctrl Pts',(87.6627618260364,93.7101541589272,51.5749938280352));
#4138=CARTESIAN_POINT('Ctrl Pts',(85.7394667652507,94.9233876405683,51.5749944217133));
#4139=CARTESIAN_POINT('Ctrl Pts',(84.0719842785988,96.4407995806699,51.5749989065235));
#4140=CARTESIAN_POINT('Origin',(91.1629912519942,92.3482039134236,51.8749998722172));
#4141=CARTESIAN_POINT('Origin',(117.022355137133,115.015002192763,51.874985930877));
#4142=CARTESIAN_POINT('',(116.763972046273,115.981073522193,51.8749936293857));
#4143=CARTESIAN_POINT('',(116.686465064197,116.270874735326,51.5749974250834));
#4144=CARTESIAN_POINT('Origin',(116.686465468052,116.270873225259,51.8749753962461));
#4145=CARTESIAN_POINT('',(116.045352857355,114.801665203869,51.8749965941483));
#4146=CARTESIAN_POINT('Origin',(117.022355137166,115.015002192745,51.8749914945843));
#4147=CARTESIAN_POINT('',(115.752256214532,114.737652545487,51.5749970679176));
#4148=CARTESIAN_POINT('Origin',(115.752265770662,114.737658869847,51.8749926457934));
#4149=CARTESIAN_POINT('Ctrl Pts',(116.686463733182,116.27087437936,51.5749961279344));
#4150=CARTESIAN_POINT('Ctrl Pts',(116.594879259795,116.24638087053,51.5749965980638));
#4151=CARTESIAN_POINT('Ctrl Pts',(116.506033834578,116.211884950872,51.5749970205693));
#4152=CARTESIAN_POINT('Ctrl Pts',(116.271450412277,116.089642428957,51.5749980387031));
#4153=CARTESIAN_POINT('Ctrl Pts',(116.138044953034,115.982840087685,51.5749985011312));
#4154=CARTESIAN_POINT('Ctrl Pts',(115.919681785706,115.724110649359,51.5749989956636));
#4155=CARTESIAN_POINT('Ctrl Pts',(115.836811777676,115.574657107803,51.5749990230389));
#4156=CARTESIAN_POINT('Ctrl Pts',(115.733023927705,115.252396864384,51.5749986349002));
#4157=CARTESIAN_POINT('Ctrl Pts',(115.713098410114,115.082671122131,51.574998223096));
#4158=CARTESIAN_POINT('Ctrl Pts',(115.730896618293,114.854498684555,51.5749974032963));
#4159=CARTESIAN_POINT('Ctrl Pts',(115.739598684119,114.795612626405,51.5749971671944));
#4160=CARTESIAN_POINT('Ctrl Pts',(115.75225640536,114.73764906043,51.5749969103611));
#4161=CARTESIAN_POINT('Origin',(90.7681556707811,91.1096127917835,51.8749960743923));
#4162=CARTESIAN_POINT('',(92.0237100227185,90.7725445356554,51.5749965077044));
#4163=CARTESIAN_POINT('Ctrl Pts',(92.0237110904716,90.7725485130085,51.5749965077159));
#4164=CARTESIAN_POINT('Ctrl Pts',(92.0653004800961,90.9274651197208,51.5749969573667));
#4165=CARTESIAN_POINT('Ctrl Pts',(92.0778805897214,91.0888275970914,51.574997325615));
#4166=CARTESIAN_POINT('Ctrl Pts',(92.0607328474594,91.2484608938355,51.5749975935371));
#4167=CARTESIAN_POINT('Ctrl Pts',(92.0504961750687,91.3437570404913,51.5749977534783));
#4168=CARTESIAN_POINT('Ctrl Pts',(92.0297520339611,91.4376295204926,51.5749978763109));
#4169=CARTESIAN_POINT('Ctrl Pts',(91.968005894182,91.6191012008776,51.5749980432773));
#4170=CARTESIAN_POINT('Ctrl Pts',(91.9271928435629,91.7061451258139,51.5749980869001));
#4171=CARTESIAN_POINT('Ctrl Pts',(91.7888604306245,91.9323189669539,51.5749980951101));
#4172=CARTESIAN_POINT('Ctrl Pts',(91.673174196146,92.058096774343,51.5749979734537));
#4173=CARTESIAN_POINT('Ctrl Pts',(91.4230423838219,92.241414796718,51.5749975306716));
#4174=CARTESIAN_POINT('Ctrl Pts',(91.2968222084723,92.3055456842338,51.574997249697));
#4175=CARTESIAN_POINT('Ctrl Pts',(91.1629935606275,92.3482058291145,51.5749969004107));
#4176=CARTESIAN_POINT('',(91.7339521677641,90.8503363013049,51.8749958339729));
#4177=CARTESIAN_POINT('Origin',(92.0236991671081,90.7725465792506,51.8749994793213));
#4178=CARTESIAN_POINT('Origin',(90.7681397365501,91.1096153166742,51.8749971155525));
#4179=CARTESIAN_POINT('Origin',(96.9941339821352,110.641235443226,51.875555405693));
#4180=CARTESIAN_POINT('Origin',(96.9945020148985,110.641229984475,51.8749971389259));
#4181=CARTESIAN_POINT('',(115.753480235085,106.550358377048,51.5749969520883));
#4182=CARTESIAN_POINT('Origin',(115.753468209973,106.55036167151,51.8750049484491));
#4183=CARTESIAN_POINT('Ctrl Pts',(115.752260653848,114.737640894691,51.5750051852926));
#4184=CARTESIAN_POINT('Ctrl Pts',(116.256447514793,112.428969348803,51.574990135565));
#4185=CARTESIAN_POINT('Ctrl Pts',(116.330347812761,110.045719342772,51.574987782331));
#4186=CARTESIAN_POINT('Ctrl Pts',(115.908934575906,107.319585449044,51.5750000232996));
#4187=CARTESIAN_POINT('Ctrl Pts',(115.837034131506,106.933496838361,51.5750021175505));
#4188=CARTESIAN_POINT('Ctrl Pts',(115.753480238279,106.550356009576,51.5750045559961));
#4189=CARTESIAN_POINT('Origin',(117.023648124852,106.273383671909,51.8750003519838));
#4190=CARTESIAN_POINT('',(116.686563476147,105.017819709643,51.5749973338781));
#4191=CARTESIAN_POINT('Origin',(116.686564508479,105.017818698002,51.8749950299168));
#4192=CARTESIAN_POINT('Ctrl Pts',(115.753479477501,106.550356175447,51.5749967762255));
#4193=CARTESIAN_POINT('Ctrl Pts',(115.740355364376,106.490179288458,51.5749969000109));
#4194=CARTESIAN_POINT('Ctrl Pts',(115.731495827562,106.429014867105,51.5749970084562));
#4195=CARTESIAN_POINT('Ctrl Pts',(115.714788871987,106.198482018698,51.5749973524714));
#4196=CARTESIAN_POINT('Ctrl Pts',(115.735647157318,106.028872527783,51.5749974769803));
#4197=CARTESIAN_POINT('Ctrl Pts',(115.841203479222,105.707195101412,51.5749974568879));
#4198=CARTESIAN_POINT('Ctrl Pts',(115.924892521071,105.558202621515,51.5749973124744));
#4199=CARTESIAN_POINT('Ctrl Pts',(116.144671346642,105.300682853651,51.5749967710832));
#4200=CARTESIAN_POINT('Ctrl Pts',(116.278660070294,105.194617724271,51.574996379281));
#4201=CARTESIAN_POINT('Ctrl Pts',(116.511413503237,105.074952436104,51.5749956204677));
#4202=CARTESIAN_POINT('Ctrl Pts',(116.59769950211,105.041675340536,51.5749953257392));
#4203=CARTESIAN_POINT('Ctrl Pts',(116.686559323655,105.017820824412,51.5749950096255));
#4204=CARTESIAN_POINT('Origin',(91.0311973536458,84.3750819442764,51.8750413911162));
#4205=CARTESIAN_POINT('',(90.35498046875,84.5565490722656,51.5749974250793));
#4206=CARTESIAN_POINT('Origin',(90.3550061033771,84.5565504827534,51.8750211836));
#4207=CARTESIAN_POINT('',(90.876042033201,83.6923207695307,51.57499775228));
#4208=CARTESIAN_POINT('Ctrl Pts',(90.8760375976563,83.6923217773438,51.5749974250793));
#4209=CARTESIAN_POINT('Ctrl Pts',(90.7840695695982,83.7131709188427,51.5749974250793));
#4210=CARTESIAN_POINT('Ctrl Pts',(90.6535054953233,83.7734539392834,51.5749974250793));
#4211=CARTESIAN_POINT('Ctrl Pts',(90.5122691750309,83.8985875198092,51.5749974250793));
#4212=CARTESIAN_POINT('Ctrl Pts',(90.4272156540077,84.0113188875013,51.5749974250793));
#4213=CARTESIAN_POINT('Ctrl Pts',(90.367072160284,84.1391694006488,51.5749974250793));
#4214=CARTESIAN_POINT('Ctrl Pts',(90.3218408703662,84.3223421291309,51.5749974250793));
#4215=CARTESIAN_POINT('Ctrl Pts',(90.3305117651706,84.4658607814766,51.5749974250793));
#4216=CARTESIAN_POINT('Ctrl Pts',(90.35498046875,84.5565490722656,51.5749974250793));
#4217=CARTESIAN_POINT('Origin',(90.8760669838451,83.6923667725255,51.8750206066796));
#4218=CARTESIAN_POINT('Origin',(122.723114153459,102.672318539543,51.8750433776964));
#4219=CARTESIAN_POINT('',(122.982444821938,103.638240091023,51.8749971518904));
#4220=CARTESIAN_POINT('',(122.904663085938,103.348541259766,51.5749974250793));
#4221=CARTESIAN_POINT('Origin',(122.904649035355,103.348471539158,51.8750278404538));
#4222=CARTESIAN_POINT('',(123.67559342201,102.377506355057,51.8801828082047));
#4223=CARTESIAN_POINT('Ctrl Pts',(123.678480508141,102.376613187729,51.8802335368512));
#4224=CARTESIAN_POINT('Ctrl Pts',(123.691591442983,102.418971230137,51.880218633787));
#4225=CARTESIAN_POINT('Ctrl Pts',(123.701881256659,102.462202183338,51.8801943202405));
#4226=CARTESIAN_POINT('Ctrl Pts',(123.709259205801,102.505924633339,51.8801598777304));
#4227=CARTESIAN_POINT('Ctrl Pts',(123.716636677412,102.549644253441,51.8801254374495));
#4228=CARTESIAN_POINT('Ctrl Pts',(123.72110258535,102.593854850715,51.8800808695263));
#4229=CARTESIAN_POINT('Ctrl Pts',(123.722617586796,102.638166428113,51.880025454245));
#4230=CARTESIAN_POINT('Ctrl Pts',(123.724150732285,102.683008692229,51.8799693752962));
#4231=CARTESIAN_POINT('Ctrl Pts',(123.722661743452,102.727953891656,51.8799021876235));
#4232=CARTESIAN_POINT('Ctrl Pts',(123.718164136309,102.772596034143,51.879823143767));
#4233=CARTESIAN_POINT('Ctrl Pts',(123.713719295094,102.816714435014,51.879745027253));
#4234=CARTESIAN_POINT('Ctrl Pts',(123.706336166125,102.860536390299,51.879655331119));
#4235=CARTESIAN_POINT('Ctrl Pts',(123.696079962425,102.903675276617,51.8795533322838));
#4236=CARTESIAN_POINT('Ctrl Pts',(123.685641127422,102.947582333233,51.8794495171645));
#4237=CARTESIAN_POINT('Ctrl Pts',(123.672225942657,102.99078126176,51.8793329573043));
#4238=CARTESIAN_POINT('Ctrl Pts',(123.655957092701,103.032877293229,51.8792028885255));
#4239=CARTESIAN_POINT('Ctrl Pts',(123.639688242746,103.074973324698,51.8790728197467));
#4240=CARTESIAN_POINT('Ctrl Pts',(123.620565909789,103.115965988302,51.878929242048));
#4241=CARTESIAN_POINT('Ctrl Pts',(123.598764940721,103.155480690989,51.8787713894493));
#4242=CARTESIAN_POINT('Ctrl Pts',(123.577341388083,103.194311318672,51.8786162695808));
#4243=CARTESIAN_POINT('Ctrl Pts',(123.553331507591,103.231714377139,51.8784473647541));
#4244=CARTESIAN_POINT('Ctrl Pts',(123.52694719383,103.267359857999,51.8782671701512));
#4245=CARTESIAN_POINT('Ctrl Pts',(123.500566138706,103.303000936407,51.8780869978035));
#4246=CARTESIAN_POINT('Ctrl Pts',(123.471811511927,103.336884499968,51.877895538463));
#4247=CARTESIAN_POINT('Ctrl Pts',(123.440937012358,103.368711650186,51.8776952850936));
#4248=CARTESIAN_POINT('Ctrl Pts',(123.409701101358,103.400911363395,51.8774926875936));
#4249=CARTESIAN_POINT('Ctrl Pts',(123.376295657287,103.431005818506,51.8772810889766));
#4250=CARTESIAN_POINT('Ctrl Pts',(123.341022338042,103.458723298036,51.8770630694938));
#4251=CARTESIAN_POINT('Ctrl Pts',(123.306157111082,103.486120102059,51.8768475723726));
#4252=CARTESIAN_POINT('Ctrl Pts',(123.269467412398,103.511194401732,51.8766258020944));
#4253=CARTESIAN_POINT('Ctrl Pts',(123.231276962218,103.533725000326,51.876400249168));
#4254=CARTESIAN_POINT('Ctrl Pts',(123.192415991748,103.556651174868,51.8761707361465));
#4255=CARTESIAN_POINT('Ctrl Pts',(123.152001451852,103.576943156161,51.8759373064885));
#4256=CARTESIAN_POINT('Ctrl Pts',(123.110402528487,103.59441562252,51.8757025829171));
#4257=CARTESIAN_POINT('Ctrl Pts',(123.068803605122,103.611888088879,51.8754678593456));
#4258=CARTESIAN_POINT('Ctrl Pts',(123.026020763867,103.626540844777,51.8752318418606));
#4259=CARTESIAN_POINT('Ctrl Pts',(122.982444821938,103.638240091023,51.8749971518904));
#4260=CARTESIAN_POINT('',(123.391937255859,102.465362548828,51.5749974250793));
#4261=CARTESIAN_POINT('Origin',(123.391942294658,102.465354687319,51.8749948876631));
#4262=CARTESIAN_POINT('Ctrl Pts',(122.904663085938,103.348541259766,51.5749974250793));
#4263=CARTESIAN_POINT('Ctrl Pts',(122.995703631231,103.324153782745,51.5749974250793));
#4264=CARTESIAN_POINT('Ctrl Pts',(123.123726838946,103.258877692184,51.5749974250793));
#4265=CARTESIAN_POINT('Ctrl Pts',(123.259994308968,103.128504857771,51.5749974250793));
#4266=CARTESIAN_POINT('Ctrl Pts',(123.340545493299,103.01261935478,51.5749974250793));
#4267=CARTESIAN_POINT('Ctrl Pts',(123.395778623151,102.882656255527,51.5749974250793));
#4268=CARTESIAN_POINT('Ctrl Pts',(123.433937535624,102.697990514324,51.5749974250793));
#4269=CARTESIAN_POINT('Ctrl Pts',(123.419858549902,102.554993152903,51.5749974250793));
#4270=CARTESIAN_POINT('Ctrl Pts',(123.391937255859,102.465362548828,51.5749974250793));
#4271=CARTESIAN_POINT('Origin',(96.9913233900808,110.650692085895,53.9067629490116));
#4272=CARTESIAN_POINT('',(92.4472961425781,83.0791320800781,51.8802332878113));
#4273=CARTESIAN_POINT('',(92.4472961425781,83.0791320800781,51.8802332878113));
#4274=CARTESIAN_POINT('',(92.4481695768335,83.0843002101045,51.8019855649562));
#4275=CARTESIAN_POINT('',(92.4487915039062,83.0880737304688,51.8015742301941));
#4276=CARTESIAN_POINT('Ctrl Pts',(123.67559342201,102.377506355057,51.8801828082047));
#4277=CARTESIAN_POINT('Ctrl Pts',(123.654081188273,102.308104298376,51.8801823472699));
#4278=CARTESIAN_POINT('Ctrl Pts',(123.633492865858,102.242632123593,51.8803128409257));
#4279=CARTESIAN_POINT('Ctrl Pts',(123.613417220721,102.1795376496,51.8805222244784));
#4280=CARTESIAN_POINT('Ctrl Pts',(123.592655687996,102.114287542937,51.8807387616531));
#4281=CARTESIAN_POINT('Ctrl Pts',(123.572442143647,102.051580411835,51.8810396714629));
#4282=CARTESIAN_POINT('Ctrl Pts',(123.552268167416,101.989715613802,51.8813673745089));
#4283=CARTESIAN_POINT('Ctrl Pts',(123.531955106381,101.927424303255,51.8816973368277));
#4284=CARTESIAN_POINT('Ctrl Pts',(123.511681997935,101.865986969074,51.8820544631562));
#4285=CARTESIAN_POINT('Ctrl Pts',(123.490880556455,101.80368332567,51.882379979906));
#4286=CARTESIAN_POINT('Ctrl Pts',(123.470479500046,101.742578899575,51.8826992311262));
#4287=CARTESIAN_POINT('Ctrl Pts',(123.449570308679,101.680641113677,51.8829880779329));
#4288=CARTESIAN_POINT('Ctrl Pts',(123.427570689885,101.616262808057,51.8831910796527));
#4289=CARTESIAN_POINT('Ctrl Pts',(123.40684163364,101.555602597048,51.8833823572429));
#4290=CARTESIAN_POINT('Ctrl Pts',(123.385144513754,101.492775553838,51.8834974192105));
#4291=CARTESIAN_POINT('Ctrl Pts',(123.361950328338,101.42645222832,51.8834898896085));
#4292=CARTESIAN_POINT('Ctrl Pts',(123.341656270928,101.368421762861,51.8834833014843));
#4293=CARTESIAN_POINT('Ctrl Pts',(123.32021582661,101.307714753041,51.8833828621412));
#4294=CARTESIAN_POINT('Ctrl Pts',(123.29724392518,101.243452260829,51.8831575091155));
#4295=CARTESIAN_POINT('Ctrl Pts',(123.276980190004,101.186765698428,51.8829587230443));
#4296=CARTESIAN_POINT('Ctrl Pts',(123.255518868796,101.127314696451,51.8826627398917));
#4297=CARTESIAN_POINT('Ctrl Pts',(123.233482756201,101.066943173929,51.8822627217135));
#4298=CARTESIAN_POINT('Ctrl Pts',(123.211595802167,101.006980295595,51.8818654111879));
#4299=CARTESIAN_POINT('Ctrl Pts',(123.189141613557,100.946109449611,51.8813654692309));
#4300=CARTESIAN_POINT('Ctrl Pts',(123.166778599332,100.886120079696,51.8807561922773));
#4301=CARTESIAN_POINT('Ctrl Pts',(123.143419299456,100.823458147493,51.8801197716712));
#4302=CARTESIAN_POINT('Ctrl Pts',(123.120159368449,100.761758095648,51.8793640571425));
#4303=CARTESIAN_POINT('Ctrl Pts',(123.09780513586,100.703038183829,51.8784814053215));
#4304=CARTESIAN_POINT('Ctrl Pts',(123.077509232191,100.649725073259,51.8776800261527));
#4305=CARTESIAN_POINT('Ctrl Pts',(123.057961146923,100.598868120151,51.8767740096017));
#4306=CARTESIAN_POINT('Ctrl Pts',(123.039798964329,100.551964055331,51.8757576336135));
#4307=CARTESIAN_POINT('Ctrl Pts',(123.01686582163,100.492738926076,51.8744742693785));
#4308=CARTESIAN_POINT('Ctrl Pts',(122.996150573097,100.439813024905,51.8730149501147));
#4309=CARTESIAN_POINT('Ctrl Pts',(122.977241206041,100.391832046174,51.8714122161256));
#4310=CARTESIAN_POINT('Ctrl Pts',(122.957121814635,100.340780729213,51.8697069220061));
#4311=CARTESIAN_POINT('Ctrl Pts',(122.939046140741,100.295327640619,51.8678392715569));
#4312=CARTESIAN_POINT('Ctrl Pts',(122.922460657465,100.253862776246,51.8658484638707));
#4313=CARTESIAN_POINT('Ctrl Pts',(122.904307392855,100.208478349246,51.8636694704634));
#4314=CARTESIAN_POINT('Ctrl Pts',(122.887938849685,100.167871928108,51.8613429359692));
#4315=CARTESIAN_POINT('Ctrl Pts',(122.872572425081,100.129954295491,51.8589202626599));
#4316=CARTESIAN_POINT('Ctrl Pts',(122.871100806633,100.126322983125,51.8586882470266));
#4317=CARTESIAN_POINT('Ctrl Pts',(122.869638343163,100.122716345383,51.858455349649));
#4318=CARTESIAN_POINT('Ctrl Pts',(122.868184325388,100.119132555826,51.8582216156772));
#4319=CARTESIAN_POINT('Ctrl Pts',(122.847713847788,100.068677956767,51.8549309777531));
#4320=CARTESIAN_POINT('Ctrl Pts',(122.828921507151,100.022750367775,51.8514745217613));
#4321=CARTESIAN_POINT('Ctrl Pts',(122.811106262229,99.9794811800143,51.8479525238229));
#4322=CARTESIAN_POINT('Ctrl Pts',(122.791925549188,99.9328955800082,51.8441605786612));
#4323=CARTESIAN_POINT('Ctrl Pts',(122.77387713087,99.8893915920299,51.8402926595039));
#4324=CARTESIAN_POINT('Ctrl Pts',(122.756031257509,99.8466591941913,51.8364739145758));
#4325=CARTESIAN_POINT('Ctrl Pts',(122.737982304447,99.8034405168421,51.8326117136868));
#4326=CARTESIAN_POINT('Ctrl Pts',(122.720140339512,99.7610111227338,51.828799812605));
#4327=CARTESIAN_POINT('Ctrl Pts',(122.701494686284,99.7170015270387,51.8251676824385));
#4328=CARTESIAN_POINT('Ctrl Pts',(122.682849033056,99.6729919313435,51.8215355522719));
#4329=CARTESIAN_POINT('Ctrl Pts',(122.663400271453,99.6274018308545,51.8180831930439));
#4330=CARTESIAN_POINT('Ctrl Pts',(122.642086432498,99.5778838591393,51.8149400770481));
#4331=CARTESIAN_POINT('Ctrl Pts',(122.624024455076,99.535920865565,51.8122765076052));
#4332=CARTESIAN_POINT('Ctrl Pts',(122.604623345799,99.4911369772078,51.8098350171529));
#4333=CARTESIAN_POINT('Ctrl Pts',(122.583070284007,99.4418281214702,51.8076923529925));
#4334=CARTESIAN_POINT('Ctrl Pts',(122.563391037316,99.3968061591393,51.8057359712498));
#4335=CARTESIAN_POINT('Ctrl Pts',(122.541917997397,99.3480116713693,51.8040287148137));
#4336=CARTESIAN_POINT('Ctrl Pts',(122.517992921243,99.2941656651241,51.8026290038387));
#4337=CARTESIAN_POINT('Ctrl Pts',(122.507715782644,99.2710358382601,51.8020277508439));
#4338=CARTESIAN_POINT('Ctrl Pts',(122.496985654363,99.2469741714476,51.8014832453955));
#4339=CARTESIAN_POINT('Ctrl Pts',(122.485747601336,99.2218805953748,51.8010001178878));
#4340=CARTESIAN_POINT('Ctrl Pts',(122.455221000596,99.1537174023326,51.7996877695213));
#4341=CARTESIAN_POINT('Ctrl Pts',(122.420941792824,99.0779420537075,51.7988283054678));
#4342=CARTESIAN_POINT('Ctrl Pts',(122.383727169773,98.9968191072744,51.7982953275696));
#4343=CARTESIAN_POINT('Ctrl Pts',(122.350681254104,98.924783390482,51.7978220527857));
#4344=CARTESIAN_POINT('Ctrl Pts',(122.315320323966,98.8485313142614,51.7976062161996));
#4345=CARTESIAN_POINT('Ctrl Pts',(122.278257274866,98.7696321800351,51.7975593139706));
#4346=CARTESIAN_POINT('Ctrl Pts',(122.266745259174,98.7451256137021,51.7975447458439));
#4347=CARTESIAN_POINT('Ctrl Pts',(122.255069369765,98.7203635258465,51.7975464758617));
#4348=CARTESIAN_POINT('Ctrl Pts',(122.243248946713,98.6953925240995,51.7975618518825));
#4349=CARTESIAN_POINT('Ctrl Pts',(122.200854361899,98.6058326795087,51.7976169988107));
#4350=CARTESIAN_POINT('Ctrl Pts',(122.1565972156,98.5135869585347,51.7978476793873));
#4351=CARTESIAN_POINT('Ctrl Pts',(122.11095907379,98.4198517298704,51.7981842830807));
#4352=CARTESIAN_POINT('Ctrl Pts',(122.066523935313,98.328587324691,51.798512014034));
#4353=CARTESIAN_POINT('Ctrl Pts',(122.020779595391,98.2359110328768,51.7989401574458));
#4354=CARTESIAN_POINT('Ctrl Pts',(121.974215904447,98.1429064183568,51.7994044633932));
#4355=CARTESIAN_POINT('Ctrl Pts',(121.927834471911,98.0502658401189,51.7998669519662));
#4356=CARTESIAN_POINT('Ctrl Pts',(121.880640063831,97.9572996245137,51.8003653204609));
#4357=CARTESIAN_POINT('Ctrl Pts',(121.833163213579,97.8650559115759,51.800836071289));
#4358=CARTESIAN_POINT('Ctrl Pts',(121.785203347095,97.7718737368345,51.8013116114048));
#4359=CARTESIAN_POINT('Ctrl Pts',(121.736955307868,97.6794289288855,51.8017589689705));
#4360=CARTESIAN_POINT('Ctrl Pts',(121.689013466468,97.5887770099604,51.8021126905948));
#4361=CARTESIAN_POINT('Ctrl Pts',(121.666914487171,97.5469906533853,51.802275739961));
#4362=CARTESIAN_POINT('Ctrl Pts',(121.644881222146,97.5055848932187,51.802418893737));
#4363=CARTESIAN_POINT('Ctrl Pts',(121.622975123489,97.4646613112845,51.8025357414394));
#4364=CARTESIAN_POINT('Ctrl Pts',(121.568109056756,97.3621640107637,51.8028283984723));
#4365=CARTESIAN_POINT('Ctrl Pts',(121.514045841803,97.2626888385763,51.8029560367799));
#4366=CARTESIAN_POINT('Ctrl Pts',(121.460378045394,97.1652938304588,51.8029745419815));
#4367=CARTESIAN_POINT('Ctrl Pts',(121.405947554185,97.0665147024177,51.802993310168));
#4368=CARTESIAN_POINT('Ctrl Pts',(121.351923588249,96.9698752742993,51.8028998214124));
#4369=CARTESIAN_POINT('Ctrl Pts',(121.297832505095,96.8744175994404,51.8027523764797));
#4370=CARTESIAN_POINT('Ctrl Pts',(121.243272989838,96.7781332552508,51.8026036546649));
#4371=CARTESIAN_POINT('Ctrl Pts',(121.188645068357,96.6830511700728,51.8024000381737));
#4372=CARTESIAN_POINT('Ctrl Pts',(121.133416216962,96.5882136912187,51.8022013529423));
#4373=CARTESIAN_POINT('Ctrl Pts',(121.088573326697,96.5112107018431,51.8020400311004));
#4374=CARTESIAN_POINT('Ctrl Pts',(121.04333340313,96.4343694177487,51.8018819601983));
#4375=CARTESIAN_POINT('Ctrl Pts',(120.997389588454,96.3571899447668,51.8017591621915));
#4376=CARTESIAN_POINT('Ctrl Pts',(120.91783651649,96.2235514079692,51.8015465338163));
#4377=CARTESIAN_POINT('Ctrl Pts',(120.836164391926,96.0889038793664,51.8014396597856));
#4378=CARTESIAN_POINT('Ctrl Pts',(120.752724066203,95.9539763909362,51.8013960816145));
#4379=CARTESIAN_POINT('Ctrl Pts',(120.670003768097,95.8202132258352,51.8013528794903));
#4380=CARTESIAN_POINT('Ctrl Pts',(120.585545681836,95.6861750648525,51.8013718854316));
#4381=CARTESIAN_POINT('Ctrl Pts',(120.499736197526,95.5525469412723,51.8014117338446));
#4382=CARTESIAN_POINT('Ctrl Pts',(120.439327803247,95.4584750511915,51.8014397864388));
#4383=CARTESIAN_POINT('Ctrl Pts',(120.378250602508,95.3646058455259,51.8014781684525));
#4384=CARTESIAN_POINT('Ctrl Pts',(120.316652589532,95.2711701447941,51.8015124493543));
#4385=CARTESIAN_POINT('Ctrl Pts',(120.079294300406,94.9111303156248,51.8016445454365));
#4386=CARTESIAN_POINT('Ctrl Pts',(119.834220047796,94.5575172094978,51.8017157486126));
#4387=CARTESIAN_POINT('Ctrl Pts',(119.581588651363,94.2103332673022,51.801746304338));
#4388=CARTESIAN_POINT('Ctrl Pts',(119.351128508748,93.8936186310295,51.8017741784539));
#4389=CARTESIAN_POINT('Ctrl Pts',(119.114380042451,93.582253153127,51.8017682271455));
#4390=CARTESIAN_POINT('Ctrl Pts',(118.871355766763,93.2761648686797,51.8017498380402));
#4391=CARTESIAN_POINT('Ctrl Pts',(118.62798466197,92.9696397541048,51.801731422691));
#4392=CARTESIAN_POINT('Ctrl Pts',(118.378319565643,92.668406566721,51.8017005343374));
#4393=CARTESIAN_POINT('Ctrl Pts',(118.122330741932,92.3724235769945,51.8016786447392));
#4394=CARTESIAN_POINT('Ctrl Pts',(118.07351130051,92.315976877411,51.8016744701899));
#4395=CARTESIAN_POINT('Ctrl Pts',(118.024461748183,92.2597212253472,51.8016706228954));
#4396=CARTESIAN_POINT('Ctrl Pts',(117.975181716567,92.2036564730299,51.8016672517398));
#4397=CARTESIAN_POINT('Ctrl Pts',(117.692321860097,91.8818533557484,51.8016479018218));
#4398=CARTESIAN_POINT('Ctrl Pts',(117.401865055008,91.5663425857977,51.8016442377918));
#4399=CARTESIAN_POINT('Ctrl Pts',(117.104220521004,91.2576090465768,51.8016464624525));
#4400=CARTESIAN_POINT('Ctrl Pts',(116.806575987,90.9488755073558,51.8016486871133));
#4401=CARTESIAN_POINT('Ctrl Pts',(116.501743937942,90.6469194346724,51.8016568002319));
#4402=CARTESIAN_POINT('Ctrl Pts',(116.190173428288,90.3521891982135,51.8016610171225));
#4403=CARTESIAN_POINT('Ctrl Pts',(115.746104799938,89.9321223183819,51.8016670272833));
#4404=CARTESIAN_POINT('Ctrl Pts',(115.288351565761,89.526730561724,51.8016651238163));
#4405=CARTESIAN_POINT('Ctrl Pts',(114.81781130697,89.1367885543096,51.8016624034086));
#4406=CARTESIAN_POINT('Ctrl Pts',(114.62806412871,88.9795429324753,51.8016613063937));
#4407=CARTESIAN_POINT('Ctrl Pts',(114.436237980516,88.8248091937187,51.8016600767298));
#4408=CARTESIAN_POINT('Ctrl Pts',(114.242393240684,88.6726362794714,51.801659180577));
#4409=CARTESIAN_POINT('Ctrl Pts',(113.828121398091,88.3474226387374,51.8016572653801));
#4410=CARTESIAN_POINT('Ctrl Pts',(113.404627672777,88.0339081900231,51.8016568720632));
#4411=CARTESIAN_POINT('Ctrl Pts',(112.972603000356,87.7326085908186,51.8016570065626));
#4412=CARTESIAN_POINT('Ctrl Pts',(112.701175035554,87.5433112144682,51.8016570910644));
#4413=CARTESIAN_POINT('Ctrl Pts',(112.426380353676,87.3588344988641,51.8016573842683));
#4414=CARTESIAN_POINT('Ctrl Pts',(112.148396414448,87.1792977543771,51.801657643634));
#4415=CARTESIAN_POINT('Ctrl Pts',(111.694140796751,86.8859154280718,51.8016580674655));
#4416=CARTESIAN_POINT('Ctrl Pts',(111.231367616471,86.6057265423751,51.8016583998184));
#4417=CARTESIAN_POINT('Ctrl Pts',(110.760853792746,86.3392012644198,51.8016585943013));
#4418=CARTESIAN_POINT('Ctrl Pts',(110.290354166111,86.0726840284875,51.8016587887784));
#4419=CARTESIAN_POINT('Ctrl Pts',(109.812114534798,85.8198296727787,51.8016588452711));
#4420=CARTESIAN_POINT('Ctrl Pts',(109.326937448502,85.5810629765074,51.8016587405996));
#4421=CARTESIAN_POINT('Ctrl Pts',(108.841766976793,85.3422995354252,51.8016586359296));
#4422=CARTESIAN_POINT('Ctrl Pts',(108.349659415983,85.1176234570878,51.801658369982));
#4423=CARTESIAN_POINT('Ctrl Pts',(107.851440370387,84.9074127746684,51.8016579445898));
#4424=CARTESIAN_POINT('Ctrl Pts',(107.765718864937,84.8712447953065,51.8016578713986));
#4425=CARTESIAN_POINT('Ctrl Pts',(107.6798164914,84.8355049245574,51.8016577935496));
#4426=CARTESIAN_POINT('Ctrl Pts',(107.593737517831,84.8001949455811,51.8016577111308));
#4427=CARTESIAN_POINT('Ctrl Pts',(107.096610903218,84.5962713904692,51.8016572351425));
#4428=CARTESIAN_POINT('Ctrl Pts',(106.593592562768,84.4066901146865,51.8016566044905));
#4429=CARTESIAN_POINT('Ctrl Pts',(106.085521099035,84.2317684345067,51.8016562499959));
#4430=CARTESIAN_POINT('Ctrl Pts',(105.577472046228,84.0568544700854,51.8016558955169));
#4431=CARTESIAN_POINT('Ctrl Pts',(105.064370508285,83.8965988746433,51.8016558170627));
#4432=CARTESIAN_POINT('Ctrl Pts',(104.547072051569,83.7512696779326,51.801656474097));
#4433=CARTESIAN_POINT('Ctrl Pts',(104.029777851801,83.6059416771636,51.8016571311258));
#4434=CARTESIAN_POINT('Ctrl Pts',(103.508286998221,83.4755398848837,51.8016585235294));
#4435=CARTESIAN_POINT('Ctrl Pts',(102.983469198563,83.3602821635551,51.8016611410358));
#4436=CARTESIAN_POINT('Ctrl Pts',(102.882469251592,83.3381010870941,51.8016616447687));
#4437=CARTESIAN_POINT('Ctrl Pts',(102.781346124527,83.3164807374145,51.8016621939673));
#4438=CARTESIAN_POINT('Ctrl Pts',(102.680106066894,83.2954224516745,51.8016627922554));
#4439=CARTESIAN_POINT('Ctrl Pts',(102.152352784704,83.1856479249071,51.8016659110657));
#4440=CARTESIAN_POINT('Ctrl Pts',(101.621421251977,83.0911511627623,51.8016703612328));
#4441=CARTESIAN_POINT('Ctrl Pts',(101.088199848348,83.0120904068936,51.8016753406037));
#4442=CARTESIAN_POINT('Ctrl Pts',(100.5549881772,82.9330310940601,51.8016803198836));
#4443=CARTESIAN_POINT('Ctrl Pts',(100.01948691699,82.8694072533741,51.8016858282635));
#4444=CARTESIAN_POINT('Ctrl Pts',(99.4825920621586,82.8213255596532,51.8016910969778));
#4445=CARTESIAN_POINT('Ctrl Pts',(98.9457064650244,82.7732446950067,51.8016963656013));
#4446=CARTESIAN_POINT('Ctrl Pts',(98.4074275209231,82.7407054592525,51.8017013944906));
#4447=CARTESIAN_POINT('Ctrl Pts',(97.8686558567769,82.7237626103019,51.8017054494721));
#4448=CARTESIAN_POINT('Ctrl Pts',(97.3298711392431,82.7068193508591,51.8017095045518));
#4449=CARTESIAN_POINT('Ctrl Pts',(96.7905938780906,82.705473240735,51.8017125856072));
#4450=CARTESIAN_POINT('Ctrl Pts',(96.2517264449473,82.7197269418168,51.8017139940622));
#4451=CARTESIAN_POINT('Ctrl Pts',(95.7128789187263,82.7339801163362,51.8017154024653));
#4452=CARTESIAN_POINT('Ctrl Pts',(95.1744413905704,82.7638319442095,51.8017151383307));
#4453=CARTESIAN_POINT('Ctrl Pts',(94.6373148058175,82.8092329812508,51.8017125397848));
#4454=CARTESIAN_POINT('Ctrl Pts',(94.1001898231283,82.8546338828765,51.8017099412467));
#4455=CARTESIAN_POINT('Ctrl Pts',(93.5643759757429,82.9155838844073,51.8017050082583));
#4456=CARTESIAN_POINT('Ctrl Pts',(93.0307698736206,82.991981598756,51.8016971164325));
#4457=CARTESIAN_POINT('Ctrl Pts',(92.8361213052365,83.019849918977,51.8016942376562));
#4458=CARTESIAN_POINT('Ctrl Pts',(92.6417664519985,83.0497732769661,51.8016909655291));
#4459=CARTESIAN_POINT('Ctrl Pts',(92.447748611013,83.0817450393012,51.8016872710055));
#4460=CARTESIAN_POINT('',(123.635009765625,102.388214111328,54.4552330970764));
#4461=CARTESIAN_POINT('',(120.924379354,96.3168696249559,54.45782156909));
#4462=CARTESIAN_POINT('Origin',(96.9915004601069,110.651073289108,54.45550749369));
#4463=CARTESIAN_POINT('',(120.917984761675,96.3206964568115,54.5310947248982));
#4464=CARTESIAN_POINT('Origin',(120.667055604882,96.4709021593219,54.4499919292576));
#4465=CARTESIAN_POINT('Ctrl Pts',(90.8225694378808,83.4486571808921,54.5319516961476));
#4466=CARTESIAN_POINT('Ctrl Pts',(91.3451431786649,83.3301500443402,54.5319619988686));
#4467=CARTESIAN_POINT('Ctrl Pts',(91.8711410697297,83.2267037641517,54.531968644248));
#4468=CARTESIAN_POINT('Ctrl Pts',(92.3996866077118,83.1384919217111,54.5319724438947));
#4469=CARTESIAN_POINT('Ctrl Pts',(92.9282169834827,83.0502826097745,54.5319762434324));
#4470=CARTESIAN_POINT('Ctrl Pts',(93.4592946577227,82.9773068957217,54.5319771974422));
#4471=CARTESIAN_POINT('Ctrl Pts',(93.9920345230258,82.9196869529822,54.5319761559655));
#4472=CARTESIAN_POINT('Ctrl Pts',(94.5247927406835,82.8620650252934,54.531975114453));
#4473=CARTESIAN_POINT('Ctrl Pts',(95.059213059992,82.8197999494641,54.5319720773668));
#4474=CARTESIAN_POINT('Ctrl Pts',(95.5944046491429,82.7929620879349,54.531967932655));
#4475=CARTESIAN_POINT('Ctrl Pts',(96.1295830916405,82.7661248856613,54.5319637880449));
#4476=CARTESIAN_POINT('Ctrl Pts',(96.6655325611518,82.7547141495563,54.5319585359229));
#4477=CARTESIAN_POINT('Ctrl Pts',(97.2013597263063,82.7587481749671,54.5319531011658));
#4478=CARTESIAN_POINT('Ctrl Pts',(97.7372074164183,82.762782354902,54.5319476662005));
#4479=CARTESIAN_POINT('Ctrl Pts',(98.2729325876361,82.7822624776383,54.5319420486538));
#4480=CARTESIAN_POINT('Ctrl Pts',(98.8076423170196,82.8171547146508,54.5319372095547));
#4481=CARTESIAN_POINT('Ctrl Pts',(99.0434863920418,82.8325446110965,54.5319350751763));
#4482=CARTESIAN_POINT('Ctrl Pts',(99.2791329459957,82.8509321333464,54.5319330927035));
#4483=CARTESIAN_POINT('Ctrl Pts',(99.514505550073,82.87231116123,54.5319313467726));
#4484=CARTESIAN_POINT('Ctrl Pts',(100.051214911122,82.9210607786301,54.5319273656064));
#4485=CARTESIAN_POINT('Ctrl Pts',(100.58649941407,82.9853683687417,54.5319246120905));
#4486=CARTESIAN_POINT('Ctrl Pts',(101.119461989675,83.0651242573991,54.5319227602776));
#4487=CARTESIAN_POINT('Ctrl Pts',(101.652435781118,83.1448818244653,54.5319209084258));
#4488=CARTESIAN_POINT('Ctrl Pts',(102.183087350361,83.2400883096237,54.5319199583998));
#4489=CARTESIAN_POINT('Ctrl Pts',(102.710527489296,83.3505825106734,54.5319196174678));
#4490=CARTESIAN_POINT('Ctrl Pts',(103.238008171663,83.4610852052258,54.5319192765095));
#4491=CARTESIAN_POINT('Ctrl Pts',(103.762276734803,83.5868779246669,54.5319195448305));
#4492=CARTESIAN_POINT('Ctrl Pts',(104.282454627704,83.7277484408028,54.5319201615473));
#4493=CARTESIAN_POINT('Ctrl Pts',(104.802627531636,83.8686176058654,54.5319207782582));
#4494=CARTESIAN_POINT('Ctrl Pts',(105.318709651499,84.0245642252527,54.5319217434571));
#4495=CARTESIAN_POINT('Ctrl Pts',(105.829836229641,84.1953258012211,54.531922826751));
#4496=CARTESIAN_POINT('Ctrl Pts',(106.340980721346,84.3660933619073,54.5319239100829));
#4497=CARTESIAN_POINT('Ctrl Pts',(106.847169134894,84.5516768539818,54.5319251116232));
#4498=CARTESIAN_POINT('Ctrl Pts',(107.347553251896,84.7517643483892,54.5319262299084));
#4499=CARTESIAN_POINT('Ctrl Pts',(107.552440835188,84.8336922949069,54.5319266878021));
#4500=CARTESIAN_POINT('Ctrl Pts',(107.756355491216,84.9180513842265,54.5319271320652));
#4501=CARTESIAN_POINT('Ctrl Pts',(107.959239906911,85.0048178530361,54.5319275502037));
#4502=CARTESIAN_POINT('Ctrl Pts',(108.454844158183,85.2167702135097,54.5319285716287));
#4503=CARTESIAN_POINT('Ctrl Pts',(108.944299205907,85.4430912368416,54.5319294353761));
#4504=CARTESIAN_POINT('Ctrl Pts',(109.426784627917,85.6834009951342,54.5319301834704));
#4505=CARTESIAN_POINT('Ctrl Pts',(109.909267322178,85.9237093948266,54.5319309315604));
#4506=CARTESIAN_POINT('Ctrl Pts',(110.384780291308,86.1780062821667,54.5319315641181));
#4507=CARTESIAN_POINT('Ctrl Pts',(110.852526404369,86.4458650989187,54.5319321480535));
#4508=CARTESIAN_POINT('Ctrl Pts',(111.320289316255,86.7137335356612,54.5319327320099));
#4509=CARTESIAN_POINT('Ctrl Pts',(111.78028464112,86.9951647771399,54.5319332674651));
#4510=CARTESIAN_POINT('Ctrl Pts',(112.231741076653,87.2896869885266,54.5319338443954));
#4511=CARTESIAN_POINT('Ctrl Pts',(112.683182358012,87.5841993135984,54.5319344213063));
#4512=CARTESIAN_POINT('Ctrl Pts',(113.126085156468,87.8918016207225,54.531935039819));
#4513=CARTESIAN_POINT('Ctrl Pts',(113.559706708791,88.2119784557221,54.5319358110513));
#4514=CARTESIAN_POINT('Ctrl Pts',(113.993327749506,88.5321549129612,54.5319365822828));
#4515=CARTESIAN_POINT('Ctrl Pts',(114.41766740548,88.8649057503069,54.5319375063673));
#4516=CARTESIAN_POINT('Ctrl Pts',(114.83201383358,89.2096735512114,54.5319387135975));
#4517=CARTESIAN_POINT('Ctrl Pts',(115.00103953143,89.3503158113872,54.5319392060669));
#4518=CARTESIAN_POINT('Ctrl Pts',(115.168402631536,89.4929573341492,54.5319397458648));
#4519=CARTESIAN_POINT('Ctrl Pts',(115.334056381747,89.6375583460441,54.5319403426725));
#4520=CARTESIAN_POINT('Ctrl Pts',(115.738128576217,89.9902774853603,54.5319417984404));
#4521=CARTESIAN_POINT('Ctrl Pts',(116.132027713379,90.3546582083632,54.5319435923582));
#4522=CARTESIAN_POINT('Ctrl Pts',(116.515096197376,90.7300930330595,54.5319455485483));
#4523=CARTESIAN_POINT('Ctrl Pts',(116.898157577491,91.1055208954371,54.5319475047021));
#4524=CARTESIAN_POINT('Ctrl Pts',(117.270388560227,91.4920023066567,54.5319496232684));
#4525=CARTESIAN_POINT('Ctrl Pts',(117.631168039471,91.8888925645963,54.5319517424961));
#4526=CARTESIAN_POINT('Ctrl Pts',(117.991963538882,92.2858004461776,54.5319538618179));
#4527=CARTESIAN_POINT('Ctrl Pts',(118.341306380196,92.6931179479588,54.5319559819505));
#4528=CARTESIAN_POINT('Ctrl Pts',(118.678613958681,93.1101652278436,54.5319579530221));
#4529=CARTESIAN_POINT('Ctrl Pts',(119.015914686726,93.5272040378417,54.5319599240537));
#4530=CARTESIAN_POINT('Ctrl Pts',(119.341180512854,93.9539720715497,54.5319617461823));
#4531=CARTESIAN_POINT('Ctrl Pts',(119.653869440789,94.3897568034657,54.5319632791867));
#4532=CARTESIAN_POINT('Ctrl Pts',(119.966570994987,94.8255591322091,54.5319648122529));
#4533=CARTESIAN_POINT('Ctrl Pts',(120.26669451659,95.2703787211493,54.5319660563253));
#4534=CARTESIAN_POINT('Ctrl Pts',(120.553740371002,95.7234726712718,54.531966878515));
#4535=CARTESIAN_POINT('Ctrl Pts',(120.678539855654,95.9204652095901,54.5319672359799));
#4536=CARTESIAN_POINT('Ctrl Pts',(120.800867865304,96.119021450621,54.531967513778));
#4537=CARTESIAN_POINT('Ctrl Pts',(120.920685923863,96.3190786787726,54.5319677013078));
#4538=CARTESIAN_POINT('Origin',(96.9926801259387,110.639251015248,52.6681554919989));
#4539=CARTESIAN_POINT('',(90.8213500976562,137.839233398438,54.4552330970764));
#4540=CARTESIAN_POINT('Origin',(96.9942555108874,110.641230452693,54.0020113944697));
#4541=CARTESIAN_POINT('',(76.5267028808594,91.6962890625,54.4552330970764));
#4542=CARTESIAN_POINT('Ctrl Pts',(69.0721438547933,109.806884774592,51.8802332825714));
#4543=CARTESIAN_POINT('Ctrl Pts',(69.0871163550855,109.807342484057,52.7385368927166));
#4544=CARTESIAN_POINT('Ctrl Pts',(69.1020888550729,109.807800203796,53.5968405028616));
#4545=CARTESIAN_POINT('Ctrl Pts',(69.1170613547555,109.808257933808,54.4551441130065));
#4546=CARTESIAN_POINT('Origin',(96.9942398027044,110.64127318566,51.4350104285134));
#4547=CARTESIAN_POINT('',(76.4949340820312,129.618072509766,51.8802332878113));
#4548=CARTESIAN_POINT('Origin',(96.9939774907594,110.641931027193,54.4499974250793));
#4549=CARTESIAN_POINT('',(84.9312411527139,125.962176946635,54.4499974249498));
#4550=CARTESIAN_POINT('',(91.0664073996056,129.218353521311,54.449997381744));
#4551=CARTESIAN_POINT('Origin',(96.9945020148916,110.641229984475,54.4499974250793));
#4552=CARTESIAN_POINT('',(116.045349121094,114.801666259766,54.4499974250793));
#4553=CARTESIAN_POINT('Origin',(96.9943429372517,110.641256775896,51.874996972872));
#4554=CARTESIAN_POINT('Ctrl Pts',(123.391936364851,102.465359671683,51.5749974250793));
#4555=CARTESIAN_POINT('Ctrl Pts',(123.066309546596,101.413882194451,51.5749974250793));
#4556=CARTESIAN_POINT('Ctrl Pts',(122.48341505299,99.8659324456089,51.5749974250793));
#4557=CARTESIAN_POINT('Ctrl Pts',(121.525972414738,97.8824562449735,51.5749974250793));
#4558=CARTESIAN_POINT('Ctrl Pts',(120.72035173275,96.4403774303413,51.5749974250793));
#4559=CARTESIAN_POINT('Ctrl Pts',(119.83005809371,95.0489836728691,51.5749974250793));
#4560=CARTESIAN_POINT('Ctrl Pts',(118.858234511216,93.7132586869118,51.5749974250793));
#4561=CARTESIAN_POINT('Ctrl Pts',(117.808438514949,92.4378991159942,51.5749974250793));
#4562=CARTESIAN_POINT('Ctrl Pts',(116.684319351279,91.2275291586786,51.5749974250793));
#4563=CARTESIAN_POINT('Ctrl Pts',(115.489941290443,90.0864452897315,51.5749974250793));
#4564=CARTESIAN_POINT('Ctrl Pts',(114.229589308174,89.0186846593659,51.5749974250793));
#4565=CARTESIAN_POINT('Ctrl Pts',(112.907679332941,88.0281465769915,51.5749974250793));
#4566=CARTESIAN_POINT('Ctrl Pts',(111.529003017428,87.1182779659939,51.5749974250793));
#4567=CARTESIAN_POINT('Ctrl Pts',(110.098462195916,86.292334280307,51.5749974250793));
#4568=CARTESIAN_POINT('Ctrl Pts',(108.621147242769,85.5533232838631,51.5749974250793));
#4569=CARTESIAN_POINT('Ctrl Pts',(107.102351837873,84.9038146999689,51.5749974250793));
#4570=CARTESIAN_POINT('Ctrl Pts',(105.547472137226,84.3461741777812,51.5749974250793));
#4571=CARTESIAN_POINT('Ctrl Pts',(103.962070919249,83.8823792280141,51.5749974250793));
#4572=CARTESIAN_POINT('Ctrl Pts',(102.351813930911,83.51403727647,51.5749974250793));
#4573=CARTESIAN_POINT('Ctrl Pts',(100.722428413953,83.2425551909665,51.5749974250793));
#4574=CARTESIAN_POINT('Ctrl Pts',(99.0797384614521,83.0688389802073,51.5749974250793));
#4575=CARTESIAN_POINT('Ctrl Pts',(97.429599482483,82.9935053109682,51.5749974250793));
#4576=CARTESIAN_POINT('Ctrl Pts',(95.7779106417122,83.0168311129512,51.5749974250793));
#4577=CARTESIAN_POINT('Ctrl Pts',(93.581454434417,83.1793923168852,51.5749974250793));
#4578=CARTESIAN_POINT('Ctrl Pts',(91.9494656293798,83.4486232816763,51.5749974250793));
#4579=CARTESIAN_POINT('Ctrl Pts',(90.8760511025802,83.6923187113409,51.5749974250793));
#4580=CARTESIAN_POINT('Origin',(90.7623914924891,130.171026405138,51.87499476893));
#4581=CARTESIAN_POINT('',(91.7284449573883,130.429384123851,51.8749995333274));
#4582=CARTESIAN_POINT('Origin',(90.7623914925219,130.171026405121,51.874990206539));
#4583=CARTESIAN_POINT('',(92.0182508345629,130.506892026418,51.5749974251889));
#4584=CARTESIAN_POINT('Origin',(92.0182586676647,130.506894121337,51.8749893969519));
#4585=CARTESIAN_POINT('Ctrl Pts',(91.1575937326302,128.932556458429,51.5749945393564));
#4586=CARTESIAN_POINT('Ctrl Pts',(91.2981530634516,128.977410058803,51.5749953803092));
#4587=CARTESIAN_POINT('Ctrl Pts',(91.4302119636533,129.045918870897,51.5749960713591));
#4588=CARTESIAN_POINT('Ctrl Pts',(91.6828823910142,129.237569822873,51.5749971660262));
#4589=CARTESIAN_POINT('Ctrl Pts',(91.7964824725046,129.365234945729,51.5749975023002));
#4590=CARTESIAN_POINT('Ctrl Pts',(91.9683524132538,129.65692388692,51.5749976409099));
#4591=CARTESIAN_POINT('Ctrl Pts',(92.0249791211819,129.818158987672,51.5749974419207));
#4592=CARTESIAN_POINT('Ctrl Pts',(92.0732413384136,130.153259562576,51.5749965297551));
#4593=CARTESIAN_POINT('Ctrl Pts',(92.0644154569727,130.323921290609,51.5749958252996));
#4594=CARTESIAN_POINT('Ctrl Pts',(92.0215492836734,130.494371411116,51.5749948771754));
#4595=CARTESIAN_POINT('Ctrl Pts',(92.0199228069367,130.500640254226,51.5749948419465));
#4596=CARTESIAN_POINT('Ctrl Pts',(92.0182501731159,130.506894499596,51.5749948064409));
#4597=CARTESIAN_POINT('Origin',(83.1925573286055,125.799098427102,51.8749892049423));
#4598=CARTESIAN_POINT('',(82.4851092965698,125.092313818377,51.8749975454021));
#4599=CARTESIAN_POINT('',(82.2728845089421,124.880283219153,51.5749973979165));
#4600=CARTESIAN_POINT('Origin',(82.2728841778601,124.88028376909,51.8749912253881));
#4601=CARTESIAN_POINT('Origin',(83.1925573286091,125.799098427118,51.8749913553305));
#4602=CARTESIAN_POINT('Ctrl Pts',(82.272886126163,124.880281600411,51.5749966590993));
#4603=CARTESIAN_POINT('Ctrl Pts',(82.3281802707971,124.824934539986,51.5749969651079));
#4604=CARTESIAN_POINT('Ctrl Pts',(82.3884876418181,124.774562047008,51.574997227024));
#4605=CARTESIAN_POINT('Ctrl Pts',(82.592363594502,124.633571701459,51.5749979018136));
#4606=CARTESIAN_POINT('Ctrl Pts',(82.7490656884181,124.565403901767,51.5749981314532));
#4607=CARTESIAN_POINT('Ctrl Pts',(83.0797796308071,124.492971439144,51.5749981024995));
#4608=CARTESIAN_POINT('Ctrl Pts',(83.25062969704,124.489399389526,51.5749978441821));
#4609=CARTESIAN_POINT('Ctrl Pts',(83.5840826613242,124.547945889272,51.574996868987));
#4610=CARTESIAN_POINT('Ctrl Pts',(83.7434975346858,124.60950480643,51.5749961614337));
#4611=CARTESIAN_POINT('Ctrl Pts',(83.9510820168625,124.740584140624,51.5749948740757));
#4612=CARTESIAN_POINT('Ctrl Pts',(84.0116793455744,124.786777617545,51.5749944412797));
#4613=CARTESIAN_POINT('Ctrl Pts',(84.0677811456872,124.837861568566,51.574993980811));
#4614=CARTESIAN_POINT('Origin',(96.9943574598516,110.641244792975,54.4499961915047));
#4615=CARTESIAN_POINT('Ctrl Pts',(90.8877261206322,83.7357482250677,54.749997138977));
#4616=CARTESIAN_POINT('Ctrl Pts',(91.9593258813893,83.4925241598205,54.749997138977));
#4617=CARTESIAN_POINT('Ctrl Pts',(93.5885525546065,83.2238721552978,54.749997138977));
#4618=CARTESIAN_POINT('Ctrl Pts',(95.7812643261151,83.0617335704138,54.749997138977));
#4619=CARTESIAN_POINT('Ctrl Pts',(97.430129031068,83.0384771085998,54.749997138977));
#4620=CARTESIAN_POINT('Ctrl Pts',(99.0774341824726,83.1137643121008,54.749997138977));
#4621=CARTESIAN_POINT('Ctrl Pts',(100.717303616146,83.2872240169064,54.749997138977));
#4622=CARTESIAN_POINT('Ctrl Pts',(102.343882460822,83.5583242740609,54.749997138977));
#4623=CARTESIAN_POINT('Ctrl Pts',(103.951377861289,83.9260776382844,54.749997138977));
#4624=CARTESIAN_POINT('Ctrl Pts',(105.534057309549,84.3891086760417,54.749997138977));
#4625=CARTESIAN_POINT('Ctrl Pts',(107.086267581873,84.9458077064183,54.749997138977));
#4626=CARTESIAN_POINT('Ctrl Pts',(108.602457451557,85.5942085506506,54.749997138977));
#4627=CARTESIAN_POINT('Ctrl Pts',(110.077239902581,86.3319758006865,54.749997138977));
#4628=CARTESIAN_POINT('Ctrl Pts',(111.505331503636,87.1565015029553,54.749997138977));
#4629=CARTESIAN_POINT('Ctrl Pts',(112.881631684025,88.064828554531,54.749997138977));
#4630=CARTESIAN_POINT('Ctrl Pts',(114.201288739419,89.0536622249503,54.749997138977));
#4631=CARTESIAN_POINT('Ctrl Pts',(115.459517007799,90.119559374409,54.749997138977));
#4632=CARTESIAN_POINT('Ctrl Pts',(116.651857626425,91.25868664876,54.749997138977));
#4633=CARTESIAN_POINT('Ctrl Pts',(117.774080998188,92.4669358638451,54.749997138977));
#4634=CARTESIAN_POINT('Ctrl Pts',(118.822123678989,93.7400776171731,54.749997138977));
#4635=CARTESIAN_POINT('Ctrl Pts',(119.792294351741,95.0735008523397,54.749997138977));
#4636=CARTESIAN_POINT('Ctrl Pts',(120.681153987924,96.4624569262635,54.749997138977));
#4637=CARTESIAN_POINT('Ctrl Pts',(121.485437058582,97.9020361107647,54.749997138977));
#4638=CARTESIAN_POINT('Ctrl Pts',(122.441406427348,99.8820379582131,54.749997138977));
#4639=CARTESIAN_POINT('Ctrl Pts',(123.023328811539,101.427333681714,54.749997138977));
#4640=CARTESIAN_POINT('Ctrl Pts',(123.348478553456,102.476984351264,54.749997138977));
#4641=CARTESIAN_POINT('Origin',(90.7623914923992,130.171026405189,54.4499996649238));
#4642=CARTESIAN_POINT('',(92.0182499525021,130.506895323996,54.7499998013002));
#4643=CARTESIAN_POINT('Ctrl Pts',(92.0182499525022,130.506895323995,54.7499998013002));
#4644=CARTESIAN_POINT('Ctrl Pts',(92.032198409093,130.454737982594,54.7499995051706));
#4645=CARTESIAN_POINT('Ctrl Pts',(92.0428938576757,130.401710947114,54.7499992291596));
#4646=CARTESIAN_POINT('Ctrl Pts',(92.0502533730464,130.348224661076,54.7499989754));
#4647=CARTESIAN_POINT('Ctrl Pts',(92.0576119839409,130.294744948444,54.7499987216716));
#4648=CARTESIAN_POINT('Ctrl Pts',(92.0616354221681,130.240806526756,54.7499984901905));
#4649=CARTESIAN_POINT('Ctrl Pts',(92.0622923995006,130.186826860118,54.749998282738));
#4650=CARTESIAN_POINT('Ctrl Pts',(92.0629680087049,130.131316330571,54.7499980694022));
#4651=CARTESIAN_POINT('Ctrl Pts',(92.0600832327743,130.0757626576,54.7499978814805));
#4652=CARTESIAN_POINT('Ctrl Pts',(92.0536615157352,130.020620557715,54.7499977205019));
#4653=CARTESIAN_POINT('Ctrl Pts',(92.0474172951498,129.967002587143,54.7499975639727));
#4654=CARTESIAN_POINT('Ctrl Pts',(92.037829252605,129.913774172732,54.749997432917));
#4655=CARTESIAN_POINT('Ctrl Pts',(92.02497145289,129.861347373743,54.7499973283463));
#4656=CARTESIAN_POINT('Ctrl Pts',(92.0115654148913,129.806685170647,54.7499972193169));
#4657=CARTESIAN_POINT('Ctrl Pts',(91.9946045588116,129.752894985142,54.7499971390835));
#4658=CARTESIAN_POINT('Ctrl Pts',(91.974231432346,129.700429480758,54.7499970883245));
#4659=CARTESIAN_POINT('Ctrl Pts',(91.9538583058804,129.647963976374,54.7499970375654));
#4660=CARTESIAN_POINT('Ctrl Pts',(91.9300731005587,129.596823651354,54.7499970162816));
#4661=CARTESIAN_POINT('Ctrl Pts',(91.9030758279896,129.54743894617,54.7499970246573));
#4662=CARTESIAN_POINT('Ctrl Pts',(91.877185494345,129.500079106732,54.7499970326895));
#4663=CARTESIAN_POINT('Ctrl Pts',(91.8483416538791,129.454334104682,54.7499970679959));
#4664=CARTESIAN_POINT('Ctrl Pts',(91.8167676862247,129.410558002504,54.7499971303025));
#4665=CARTESIAN_POINT('Ctrl Pts',(91.7851945122347,129.366783000712,54.7499971926075));
#4666=CARTESIAN_POINT('Ctrl Pts',(91.7508916027074,129.324977150199,54.7499972819105));
#4667=CARTESIAN_POINT('Ctrl Pts',(91.7141245556344,129.285463955892,54.7499973975172));
#4668=CARTESIAN_POINT('Ctrl Pts',(91.6763025399732,129.24481699692,54.7499975164411));
#4669=CARTESIAN_POINT('Ctrl Pts',(91.6358730810409,129.206596680854,54.7499976632006));
#4670=CARTESIAN_POINT('Ctrl Pts',(91.5931673347776,129.171115885359,54.749997836593));
#4671=CARTESIAN_POINT('Ctrl Pts',(91.5516453476733,129.136618580853,54.7499980051791));
#4672=CARTESIAN_POINT('Ctrl Pts',(91.5079720254691,129.104711123447,54.7499981989387));
#4673=CARTESIAN_POINT('Ctrl Pts',(91.462485528889,129.075640418688,54.7499984163747));
#4674=CARTESIAN_POINT('Ctrl Pts',(91.4150538560048,129.045326539574,54.749998643109));
#4675=CARTESIAN_POINT('Ctrl Pts',(91.3656508190121,129.018097838001,54.7499988955891));
#4676=CARTESIAN_POINT('Ctrl Pts',(91.3146922103447,128.994183323978,54.749999171697));
#4677=CARTESIAN_POINT('Ctrl Pts',(91.2637336016773,128.970268809956,54.749999447805));
#4678=CARTESIAN_POINT('Ctrl Pts',(91.2112199049545,128.949668708879,54.7499997475386));
#4679=CARTESIAN_POINT('Ctrl Pts',(91.1575930251371,128.932556232779,54.7500000683829));
#4680=CARTESIAN_POINT('',(91.728447728451,130.429384108697,54.4500021133567));
#4681=CARTESIAN_POINT('Origin',(92.018281588298,130.506900251334,54.4499837858458));
#4682=CARTESIAN_POINT('Origin',(90.7623914924329,130.171026405172,54.4500043577251));
#4683=CARTESIAN_POINT('Origin',(83.1925573281531,125.799098407547,54.4500052117741));
#4684=CARTESIAN_POINT('',(82.2728900376451,124.880281393345,54.749997945504));
#4685=CARTESIAN_POINT('Origin',(83.1925568295787,125.799096255011,54.7500060664927));
#4686=CARTESIAN_POINT('',(82.4851091919113,125.092313769877,54.4499970151919));
#4687=CARTESIAN_POINT('Origin',(83.1925573281564,125.799098407561,54.4500031962856));
#4688=CARTESIAN_POINT('Origin',(82.2728840685841,124.880283659918,54.4500033392127));
#4689=CARTESIAN_POINT('Origin',(96.9943465259744,110.641238471456,54.7499971650437));
#4690=CARTESIAN_POINT('',(82.6941497681023,110.648010255357,54.749997138977));
#4691=CARTESIAN_POINT('',(82.6941481644417,110.641238471456,54.749997138977));
#4692=CARTESIAN_POINT('Origin',(96.9943460515231,110.641237860846,54.749997138977));
#4693=CARTESIAN_POINT('Origin',(96.9943460515231,110.641237860846,54.749997138977));
#4694=CARTESIAN_POINT('',(82.1941486242127,110.641238471456,54.749997118144));
#4695=CARTESIAN_POINT('Origin',(82.4441485874068,110.641238471456,54.7499971240814));
#4696=CARTESIAN_POINT('Origin',(96.9943465259744,110.641238471456,54.749997138977));
#4697=CARTESIAN_POINT('Origin',(96.9943474967175,110.641237558794,61.2749986594913));
#4698=CARTESIAN_POINT('',(82.717030863561,110.049614402039,61.3417781652024));
#4699=CARTESIAN_POINT('',(111.283915837397,110.64123755746,61.3417819386411));
#4700=CARTESIAN_POINT('Ctrl Pts',(82.717030863561,110.049614402039,61.3417781652025));
#4701=CARTESIAN_POINT('Ctrl Pts',(82.6855995179134,110.808127291901,61.3417777253492));
#4702=CARTESIAN_POINT('Ctrl Pts',(82.7145919484895,111.569663714015,61.3417772924614));
#4703=CARTESIAN_POINT('Ctrl Pts',(83.0240647205507,114.174686064244,61.3417758419426));
#4704=CARTESIAN_POINT('Ctrl Pts',(83.602373551618,115.961867165538,61.3417748995087));
#4705=CARTESIAN_POINT('Ctrl Pts',(85.4114933888427,119.213959833707,61.3417732935268));
#4706=CARTESIAN_POINT('Ctrl Pts',(86.6250082288246,120.647779620585,61.3417726453326));
#4707=CARTESIAN_POINT('Ctrl Pts',(89.5333375398115,122.969555270779,61.3417717314965));
#4708=CARTESIAN_POINT('Ctrl Pts',(91.2003468024648,123.835313688231,61.3417714745914));
#4709=CARTESIAN_POINT('Ctrl Pts',(94.7723926428802,124.879109812247,61.3417713897346));
#4710=CARTESIAN_POINT('Ctrl Pts',(96.643278517616,125.047168251552,61.3417715625944));
#4711=CARTESIAN_POINT('Ctrl Pts',(100.34416306092,124.656686865886,61.3417723194512));
#4712=CARTESIAN_POINT('Ctrl Pts',(102.138779254619,124.101880248865,61.3417728962127));
#4713=CARTESIAN_POINT('Ctrl Pts',(105.414332345474,122.33559196546,61.3417743814954));
#4714=CARTESIAN_POINT('Ctrl Pts',(106.863953166031,121.14099697373,61.3417752758169));
#4715=CARTESIAN_POINT('Ctrl Pts',(108.04382344284,119.702191308239,61.3417762714855));
#4716=CARTESIAN_POINT('Ctrl Pts',(108.711855975584,118.88755175698,61.3417768352246));
#4717=CARTESIAN_POINT('Ctrl Pts',(109.287753597475,118.001527313349,61.3417774266762));
#4718=CARTESIAN_POINT('Ctrl Pts',(110.234261589188,116.119044181596,61.3417786434187));
#4719=CARTESIAN_POINT('Ctrl Pts',(110.601975777391,115.128345643252,61.3417792649866));
#4720=CARTESIAN_POINT('Ctrl Pts',(111.141310131878,112.970544450862,61.341780581148));
#4721=CARTESIAN_POINT('Ctrl Pts',(111.283915995468,111.806768612692,61.3417812696556));
#4722=CARTESIAN_POINT('Ctrl Pts',(111.283915837397,110.64123755746,61.3417819386411));
#4723=CARTESIAN_POINT('Ctrl Pts',(111.283915837397,110.64123755746,61.3417819386411));
#4724=CARTESIAN_POINT('Ctrl Pts',(111.283915744221,109.954210513938,61.3417823329774));
#4725=CARTESIAN_POINT('Ctrl Pts',(111.234369558127,109.266573609504,61.3417827205311));
#4726=CARTESIAN_POINT('Ctrl Pts',(110.86708990484,106.742388710737,61.3417841164743));
#4727=CARTESIAN_POINT('Ctrl Pts',(110.242079343452,104.970999564552,61.3417850432247));
#4728=CARTESIAN_POINT('Ctrl Pts',(108.348238028761,101.767503445322,61.3417866092722));
#4729=CARTESIAN_POINT('Ctrl Pts',(107.09751343619,100.366023639415,61.3417872335966));
#4730=CARTESIAN_POINT('Ctrl Pts',(104.129255465559,98.1213707295474,61.3417880945544));
#4731=CARTESIAN_POINT('Ctrl Pts',(102.440100256361,97.29965772549,61.3417883229565));
#4732=CARTESIAN_POINT('Ctrl Pts',(98.8418923592283,96.3499621358068,61.341788349903));
#4733=CARTESIAN_POINT('Ctrl Pts',(96.9672405018192,96.2310591502545,61.34178814819));
#4734=CARTESIAN_POINT('Ctrl Pts',(93.2778780289018,96.7185281753014,61.3417873371198));
#4735=CARTESIAN_POINT('Ctrl Pts',(91.498439727788,97.320239709568,61.3417867355173));
#4736=CARTESIAN_POINT('Ctrl Pts',(88.2703674763202,99.1718797434449,61.3417852079242));
#4737=CARTESIAN_POINT('Ctrl Pts',(86.8525956523238,100.404105551287,61.3417842965385));
#4738=CARTESIAN_POINT('Ctrl Pts',(84.5691848425821,103.342652164669,61.3417822811974));
#4739=CARTESIAN_POINT('Ctrl Pts',(83.7253765055069,105.020878862701,61.3417811965097));
#4740=CARTESIAN_POINT('Ctrl Pts',(82.932824119753,107.87155621881,61.3417794463117));
#4741=CARTESIAN_POINT('Ctrl Pts',(82.762288060761,108.957450935031,61.341778798536));
#4742=CARTESIAN_POINT('Ctrl Pts',(82.717030863561,110.049614402039,61.3417781652024));
#4743=CARTESIAN_POINT('Origin',(110.991445208852,110.641237558794,61.2749986371427));
#4744=CARTESIAN_POINT('Origin',(96.9943493351454,110.641240246925,61.1072294596464));
#4745=CARTESIAN_POINT('',(111.294543938604,110.641240228977,61.0999970436096));
#4746=CARTESIAN_POINT('',(111.295519646336,110.641240246925,61.1071624875847));
#4747=CARTESIAN_POINT('',(82.6941497681023,110.648010255357,61.0999970436096));
#4748=CARTESIAN_POINT('Origin',(96.9943460515231,110.641237860846,61.0999970436096));
#4749=CARTESIAN_POINT('',(82.6941481644417,110.641237860846,61.0999970436096));
#4750=CARTESIAN_POINT('Origin',(96.9943460515231,110.641237860846,61.0999970436096));
#4751=CARTESIAN_POINT('Origin',(96.9943460515231,110.641237860846,61.0999970436096));
#4752=CARTESIAN_POINT('Origin',(77.7558160435845,129.401624374174,54.4500033392127));
#4753=CARTESIAN_POINT('',(77.7558160435845,129.401624374174,54.749997138977));
#4754=CARTESIAN_POINT('',(77.9680439482176,129.613651722391,54.4500033572718));
#4755=CARTESIAN_POINT('Origin',(90.3664916105204,136.683098237572,54.4499837858458));
#4756=CARTESIAN_POINT('',(90.0766644258434,136.605585560679,54.449984059055));
#4757=CARTESIAN_POINT('',(90.3664916105204,136.683098237572,54.749997138977));
#4758=CARTESIAN_POINT('Origin',(82.2782265164172,96.3989996093174,54.449987148903));
#4759=CARTESIAN_POINT('',(82.4902649835736,96.1867599273807,54.4499858771654));
#4760=CARTESIAN_POINT('',(82.2782265164172,96.3989996093174,54.749997138977));
#4761=CARTESIAN_POINT('Origin',(116.68644104644,116.270868311977,54.4500112609173));
#4762=CARTESIAN_POINT('',(116.76394589761,115.981067475056,54.4500105218845));
#4763=CARTESIAN_POINT('',(116.68644104644,116.270868311977,54.749997138977));
#4764=CARTESIAN_POINT('Origin',(90.3666669973402,84.5999687928235,54.4499727717407));
#4765=CARTESIAN_POINT('',(90.3666669973402,84.5999687928235,54.749997138977));
#4766=CARTESIAN_POINT('',(90.0769022003781,84.6777568598846,54.4499727583071));
#4767=CARTESIAN_POINT('Origin',(122.861265606319,103.36019118026,54.4500081415013));
#4768=CARTESIAN_POINT('',(122.861265606319,103.36019118026,54.749997138977));
#4769=CARTESIAN_POINT('',(122.9390453156,103.649921598805,54.450008623182));
#4770=CARTESIAN_POINT('Origin',(79.9179915992041,127.237403837827,51.8749912253881));
#4771=CARTESIAN_POINT('',(80.1302195042224,127.449431186429,51.8749912434471));
#4772=CARTESIAN_POINT('',(79.9179948629506,127.237408239407,51.5749974274194));
#4773=CARTESIAN_POINT('',(81.0954437255859,126.05884552002,51.5749974296617));
#4774=CARTESIAN_POINT('',(79.9179915992041,127.237403837827,51.5749974250793));
#4775=CARTESIAN_POINT('Origin',(90.3548480823225,136.726542651533,51.8749893969519));
#4776=CARTESIAN_POINT('',(91.157013019234,133.727172553236,51.5749974257063));
#4777=CARTESIAN_POINT('',(90.3548480823225,136.726542651533,51.5749974250793));
#4778=CARTESIAN_POINT('',(91.587631225586,132.117034912109,51.574997427015));
#4779=CARTESIAN_POINT('',(90.0650415529596,136.649035498789,51.8749896701415));
#4780=CARTESIAN_POINT('Origin',(79.9199829100128,94.0429992674348,51.8750018205865));
#4781=CARTESIAN_POINT('',(79.9199842284217,94.0430005845502,51.5749974282286));
#4782=CARTESIAN_POINT('',(79.9199829100128,94.0429992674348,51.5749974250793));
#4783=CARTESIAN_POINT('',(81.099105834961,95.2209930419922,51.5749974347294));
#4784=CARTESIAN_POINT('',(80.1320174230895,93.83076354333,51.8750005488726));
#4785=CARTESIAN_POINT('Origin',(116.68646398934,116.270872829789,51.8749753962461));
#4786=CARTESIAN_POINT('',(119.905242222798,117.131711142574,51.5749974252592));
#4787=CARTESIAN_POINT('',(118.295852661133,116.701293945313,51.574997425421));
#4788=CARTESIAN_POINT('',(116.68646398934,116.270872829789,51.5749974250793));
#4789=CARTESIAN_POINT('',(116.763966797672,115.981079631309,51.8749746572327));
#4790=CARTESIAN_POINT('Origin',(91.1598141477866,87.5545984698822,51.874992317907));
#4791=CARTESIAN_POINT('',(90.8700778173326,87.6323788950397,51.8749923044747));
#4792=CARTESIAN_POINT('',(91.1598171912396,87.5545966089398,51.5749974323829));
#4793=CARTESIAN_POINT('',(91.5917663574219,89.16357421875,51.5749974403657));
#4794=CARTESIAN_POINT('',(91.1598141477866,87.5545984698822,51.5749974250793));
#4795=CARTESIAN_POINT('Origin',(122.90459510003,103.348554510487,51.8749950299168));
#4796=CARTESIAN_POINT('',(122.982377040986,103.638293242052,51.8749955116113));
#4797=CARTESIAN_POINT('',(119.906036468383,104.153533911001,51.5749974250841));
#4798=CARTESIAN_POINT('',(122.90459510003,103.348554510487,51.5749974250793));
#4799=CARTESIAN_POINT('',(118.296295166016,104.585678100586,51.5749974250942));
#4800=CARTESIAN_POINT('Origin',(91.0426588555996,136.86417786891,54.4377878787438));
#4801=CARTESIAN_POINT('',(90.0766039032894,136.605811817212,54.4377887894073));
#4802=CARTESIAN_POINT('Origin',(77.2606107458744,128.906878951878,54.4499848545824));
#4803=CARTESIAN_POINT('',(77.9680479962324,129.613647670549,54.4499849147802));
#4804=CARTESIAN_POINT('Origin',(77.2604416598102,92.3754558672219,54.4377846020699));
#4805=CARTESIAN_POINT('',(77.9672218584108,91.6680049666291,54.4377803630329));
#4806=CARTESIAN_POINT('Origin',(122.679923917505,102.684065733675,54.4377887692667));
#4807=CARTESIAN_POINT('',(122.939201906589,103.649879581414,54.4377903749451));
#4808=CARTESIAN_POINT('Origin',(83.1970307095005,95.4793310728579,54.449997425108));
#4809=CARTESIAN_POINT('',(82.4902687634504,96.1867637035794,54.4500016640355));
#4810=CARTESIAN_POINT('Origin',(90.7681396251971,91.1096153465672,54.4499974250783));
#4811=CARTESIAN_POINT('',(91.7339476980346,90.8503418118739,54.4499974698535));
#4812=CARTESIAN_POINT('Origin',(117.022344064005,115.015010842165,54.4499974251624));
#4813=CARTESIAN_POINT('',(116.763977873135,115.981076026674,54.4499998887644));
#4814=CARTESIAN_POINT('Origin',(90.7624151070636,130.171020409761,54.4499974250331));
#4815=CARTESIAN_POINT('',(91.7284557264762,130.429382628205,54.4499965143832));
#4816=CARTESIAN_POINT('Origin',(117.622215005694,122.537739263464,51.5749974250793));
#4817=CARTESIAN_POINT('',(119.774862874483,122.537739263464,51.5749974250793));
#4818=CARTESIAN_POINT('Origin',(117.622215005694,122.537739263464,51.5749974250793));
#4819=CARTESIAN_POINT('',(119.774862874483,122.537739263464,54.749997138977));
#4820=CARTESIAN_POINT('',(119.774862874483,122.537739263464,51.5749974250793));
#4821=CARTESIAN_POINT('Origin',(117.622215005694,122.537739263464,54.749997138977));
#4822=CARTESIAN_POINT('Origin',(117.610955893383,98.7252451849738,51.5749974250793));
#4823=CARTESIAN_POINT('',(119.763605583898,98.7252451849738,51.5749974250793));
#4824=CARTESIAN_POINT('Origin',(117.610955893383,98.7252451849738,51.5749974250793));
#4825=CARTESIAN_POINT('',(119.763605583898,98.7252451849738,54.749997138977));
#4826=CARTESIAN_POINT('',(119.763605583898,98.7252451849738,51.5749974250793));
#4827=CARTESIAN_POINT('Origin',(117.610955893383,98.7252451849738,54.749997138977));
#4828=CARTESIAN_POINT('Origin',(96.9830877384319,86.828743260164,51.5749974250793));
#4829=CARTESIAN_POINT('',(99.1357380091811,86.828743260164,51.5749974250793));
#4830=CARTESIAN_POINT('Origin',(96.9830877384319,86.828743260164,51.5749974250793));
#4831=CARTESIAN_POINT('',(99.1357380091811,86.828743260164,54.749997138977));
#4832=CARTESIAN_POINT('',(99.1357380091811,86.828743260164,51.5749974250793));
#4833=CARTESIAN_POINT('Origin',(96.9830877384319,86.828743260164,54.749997138977));
#4834=CARTESIAN_POINT('Origin',(76.366489172225,98.7447448884036,51.5749974250793));
#4835=CARTESIAN_POINT('',(78.5191392420441,98.7447448884036,51.5749974250794));
#4836=CARTESIAN_POINT('Origin',(76.366489172225,98.7447448884036,51.5749974250794));
#4837=CARTESIAN_POINT('',(78.5191392420441,98.7447448884036,54.7499971389771));
#4838=CARTESIAN_POINT('',(78.5191392420441,98.7447448884036,51.5749974250793));
#4839=CARTESIAN_POINT('Origin',(76.366489172225,98.7447448884036,54.7499971389771));
#4840=CARTESIAN_POINT('Origin',(76.3777490861199,122.557237596648,51.5749974250793));
#4841=CARTESIAN_POINT('',(78.5303960631008,122.557237596648,51.5749974250793));
#4842=CARTESIAN_POINT('Origin',(76.3777490861199,122.557237596648,51.5749974250793));
#4843=CARTESIAN_POINT('',(78.5303960631008,122.557237596648,54.749997138977));
#4844=CARTESIAN_POINT('',(78.5303960631008,122.557237596648,51.5749974250793));
#4845=CARTESIAN_POINT('Origin',(76.3777490861199,122.557237596648,54.749997138977));
#4846=CARTESIAN_POINT('Origin',(97.0056088025102,134.453731022881,51.5749974250793));
#4847=CARTESIAN_POINT('',(99.158259305319,134.453731022881,51.5749974250793));
#4848=CARTESIAN_POINT('Origin',(97.0056088025102,134.453731022881,51.5749974250793));
#4849=CARTESIAN_POINT('',(99.158259305319,134.453731022881,54.749997138977));
#4850=CARTESIAN_POINT('',(99.158259305319,134.453731022881,51.5749974250793));
#4851=CARTESIAN_POINT('Origin',(97.0056088025102,134.453731022881,54.749997138977));
#4852=CARTESIAN_POINT('Origin',(96.9943460515231,110.641237860846,61.0999970436096));
#4853=CARTESIAN_POINT('',(82.6941481644417,110.641237860846,61.0999970436096));
#4854=CARTESIAN_POINT('Origin',(90.7681716286667,91.1096145059592,47.5749974250793));
#4855=CARTESIAN_POINT('',(92.0237121582031,90.7725524902344,47.5749974250793));
#4856=CARTESIAN_POINT('',(91.162994384768,92.3482055664055,47.5749974250793));
#4857=CARTESIAN_POINT('Origin',(90.7681716286667,91.1096145059592,47.5749974250793));
#4858=CARTESIAN_POINT('',(92.0237121582031,90.7725524902344,47.5749974250793));
#4859=CARTESIAN_POINT('',(91.1629943847656,92.3482055664063,47.5749974250793));
#4860=CARTESIAN_POINT('Origin',(96.9942273387151,110.641039753788,47.5749974250793));
#4861=CARTESIAN_POINT('',(84.0719905678987,96.4407954600888,47.5749974250793));
#4862=CARTESIAN_POINT('Origin',(96.9942273387151,110.641039753788,47.5749974250793));
#4863=CARTESIAN_POINT('',(84.0719909667969,96.4407958984375,47.5749974250793));
#4864=CARTESIAN_POINT('Origin',(83.1970331649596,95.4793017033719,47.5749974250793));
#4865=CARTESIAN_POINT('',(82.2782287597656,96.3989868164062,47.5749974250793));
#4866=CARTESIAN_POINT('Origin',(83.1970331649596,95.4793017033719,47.5749974250793));
#4867=CARTESIAN_POINT('',(82.2782287597656,96.3989868164062,47.5749974250793));
#4868=CARTESIAN_POINT('Origin',(83.1925491787118,125.799065388595,47.5749974250793));
#4869=CARTESIAN_POINT('',(82.2728881835938,124.880279541016,47.5749974250793));
#4870=CARTESIAN_POINT('',(82.2728881835938,124.880279541016,47.5749974250793));
#4871=CARTESIAN_POINT('',(84.0677794031077,124.837860258886,47.5749974250793));
#4872=CARTESIAN_POINT('',(84.0677793341533,124.837860334617,47.5749974252616));
#4873=CARTESIAN_POINT('Origin',(83.1925491787118,125.799065388595,47.5749974250793));
#4874=CARTESIAN_POINT('Origin',(96.9945013893962,110.640939784561,47.5749974250793));
#4875=CARTESIAN_POINT('',(91.1575928666919,128.932555860104,47.5749974250793));
#4876=CARTESIAN_POINT('',(91.1575927734375,128.932556152344,47.5749974250793));
#4877=CARTESIAN_POINT('Origin',(96.9945013893962,110.640939784561,47.5749974250793));
#4878=CARTESIAN_POINT('Origin',(90.7623879283383,130.17102701431,47.5749974250793));
#4879=CARTESIAN_POINT('',(92.0182495117188,130.506896972656,47.5749974250793));
#4880=CARTESIAN_POINT('',(92.0182495117188,130.506896972656,47.5749974250793));
#4881=CARTESIAN_POINT('Origin',(90.7623879283383,130.17102701431,47.5749974250793));
#4882=CARTESIAN_POINT('Origin',(117.022336603339,115.01500123552,47.5749974250793));
#4883=CARTESIAN_POINT('',(116.686462402344,116.270874023438,47.5749974250793));
#4884=CARTESIAN_POINT('',(116.686462402344,116.270874023438,47.5749974250793));
#4885=CARTESIAN_POINT('',(115.752259085173,114.737640552163,47.5749974250794));
#4886=CARTESIAN_POINT('',(115.752258300781,114.737640380859,47.5749974250793));
#4887=CARTESIAN_POINT('Origin',(117.022336603339,115.01500123552,47.5749974250793));
#4888=CARTESIAN_POINT('Origin',(96.994677840807,110.64120421693,47.5749974250793));
#4889=CARTESIAN_POINT('',(115.753479257547,106.550353948594,47.5749974250794));
#4890=CARTESIAN_POINT('',(115.753479003906,106.550354003906,47.5749974250793));
#4891=CARTESIAN_POINT('Origin',(96.994677840807,110.64120421693,47.5749974250794));
#4892=CARTESIAN_POINT('Origin',(117.0236077776,106.273351027347,47.5749974250793));
#4893=CARTESIAN_POINT('',(116.686553955078,105.017822265625,47.5749974250793));
#4894=CARTESIAN_POINT('',(116.686553955078,105.017822265625,47.5749974250793));
#4895=CARTESIAN_POINT('Origin',(117.0236077776,106.273351027347,47.5749974250793));
#4896=CARTESIAN_POINT('Origin',(117.610952697514,98.725240186214,47.5749974250793));
#4897=CARTESIAN_POINT('',(119.22601536221,102.109625082154,51.5749974250794));
#4898=CARTESIAN_POINT('',(119.22601536221,102.109625082154,47.5749974250794));
#4899=CARTESIAN_POINT('',(119.226015362196,102.109625082215,51.5749974250795));
#4900=CARTESIAN_POINT('',(115.484592818028,95.6363759615925,51.5749974251204));
#4901=CARTESIAN_POINT('Origin',(117.610952697514,98.725240186214,51.5749974250794));
#4902=CARTESIAN_POINT('',(115.484592818018,95.6363759616034,47.5749974250794));
#4903=CARTESIAN_POINT('',(115.484592818071,95.636375961581,51.5749974250721));
#4904=CARTESIAN_POINT('Origin',(117.610952697514,98.725240186214,47.5749974250795));
#4905=CARTESIAN_POINT('Origin',(76.3777621139327,122.557231050874,47.5749974250793));
#4906=CARTESIAN_POINT('',(74.7627013116646,119.172855695355,51.5749974250883));
#4907=CARTESIAN_POINT('',(74.7627013116677,119.172855695355,47.5749974250793));
#4908=CARTESIAN_POINT('',(74.7627013116922,119.172855695429,51.5749974250777));
#4909=CARTESIAN_POINT('',(78.5040918211856,125.646104618532,51.5749974250803));
#4910=CARTESIAN_POINT('Origin',(76.3777621139327,122.557231050874,51.5749974250793));
#4911=CARTESIAN_POINT('',(78.504091821186,125.646104618532,47.5749974250793));
#4912=CARTESIAN_POINT('',(78.5040918212802,125.646104618556,51.5749974250792));
#4913=CARTESIAN_POINT('Origin',(76.3777621139327,122.557231050874,47.5749974250793));
#4914=CARTESIAN_POINT('Origin',(96.9830897247956,86.8287407555015,47.5749974250793));
#4915=CARTESIAN_POINT('',(100.721588473573,87.1222560298464,47.5749974250793));
#4916=CARTESIAN_POINT('',(93.2448704394008,87.1257940926556,47.5749974250793));
#4917=CARTESIAN_POINT('Origin',(96.9830897247956,86.8287407555015,47.5749974250793));
#4918=CARTESIAN_POINT('',(100.721588473577,87.1222560298323,51.5749974251204));
#4919=CARTESIAN_POINT('',(100.72158847362,87.1222560299027,51.5749974250719));
#4920=CARTESIAN_POINT('',(93.2448704394008,87.1257940926555,51.5749974250794));
#4921=CARTESIAN_POINT('Origin',(96.9830897247956,86.8287407555015,51.5749974250793));
#4922=CARTESIAN_POINT('',(93.2448704393439,87.1257940927079,51.5749974250793));
#4923=CARTESIAN_POINT('Origin',(117.622205886356,122.537737584658,47.5749974250793));
#4924=CARTESIAN_POINT('',(115.498779602963,125.628613787342,51.5749974250843));
#4925=CARTESIAN_POINT('',(115.498779602962,125.628613787341,47.5749974250793));
#4926=CARTESIAN_POINT('',(115.498779603021,125.628613787273,51.5749974250784));
#4927=CARTESIAN_POINT('',(119.234068470847,119.151832404378,51.5749974250816));
#4928=CARTESIAN_POINT('Origin',(117.622205886356,122.537737584658,51.5749974250793));
#4929=CARTESIAN_POINT('',(119.234068470846,119.151832404378,47.5749974250793));
#4930=CARTESIAN_POINT('',(119.23406847087,119.151832404459,51.5749974250791));
#4931=CARTESIAN_POINT('Origin',(117.622205886356,122.537737584658,47.5749974250793));
#4932=CARTESIAN_POINT('Origin',(76.3664945844105,98.7447471731505,47.5749974250793));
#4933=CARTESIAN_POINT('',(78.4899257794267,95.653870888185,47.5749974250793));
#4934=CARTESIAN_POINT('',(74.7546372510577,102.130658008556,47.5749974250793));
#4935=CARTESIAN_POINT('Origin',(76.3664945844105,98.7447471731505,47.5749974250793));
#4936=CARTESIAN_POINT('',(78.4899257794247,95.6538708881834,51.5749974250844));
#4937=CARTESIAN_POINT('',(78.4899257793791,95.6538708881918,51.5749974250789));
#4938=CARTESIAN_POINT('',(74.7546372510545,102.130658008555,51.5749974250883));
#4939=CARTESIAN_POINT('Origin',(76.3664945844105,98.7447471731505,51.5749974250793));
#4940=CARTESIAN_POINT('',(74.7546372510695,102.130658008604,51.5749974250777));
#4941=CARTESIAN_POINT('Origin',(97.0056074781155,134.453727217174,51.5749974250793));
#4942=CARTESIAN_POINT('',(93.2671142819077,134.160216634654,51.5749974250794));
#4943=CARTESIAN_POINT('',(93.2671142819077,134.160216634654,47.5749974250793));
#4944=CARTESIAN_POINT('',(93.2671142818654,134.160216634617,51.5749974250793));
#4945=CARTESIAN_POINT('',(100.743822239538,134.156691464122,51.5749974250843));
#4946=CARTESIAN_POINT('Origin',(97.0056074781155,134.453727217174,51.5749974250793));
#4947=CARTESIAN_POINT('',(100.743822239537,134.15669146412,47.5749974250793));
#4948=CARTESIAN_POINT('',(100.743822239459,134.156691464181,51.5749974250784));
#4949=CARTESIAN_POINT('Origin',(97.0056074781155,134.453727217174,47.5749974250793));
#4950=CARTESIAN_POINT('Origin',(96.9935128306513,110.6372678988,51.5749974250793));
#4951=CARTESIAN_POINT('',(91.1598205003311,87.5545957375003,47.5749974250793));
#4952=CARTESIAN_POINT('Origin',(96.9935128306513,110.6372678988,47.5749974250793));
#4953=CARTESIAN_POINT('Origin',(96.9935128306513,110.6372678988,51.5749974250794));
#4954=CARTESIAN_POINT('',(91.1598205003187,87.5545957374691,51.5749974250792));
#4955=CARTESIAN_POINT('Origin',(96.9885514981821,110.643244847827,51.5749974250793));
#4956=CARTESIAN_POINT('',(119.90603646843,104.153533910985,47.5749974250793));
#4957=CARTESIAN_POINT('Origin',(96.9885514981821,110.643244847827,47.5749974250793));
#4958=CARTESIAN_POINT('',(119.906036468473,104.153533910978,51.5749974250793));
#4959=CARTESIAN_POINT('Origin',(96.9885514981821,110.643244847827,51.5749974250793));
#4960=CARTESIAN_POINT('Origin',(96.9943489666386,110.641248290274,51.5749974250793));
#4961=CARTESIAN_POINT('Origin',(96.9943489666308,110.641248290287,47.5749974250793));
#4962=CARTESIAN_POINT('Origin',(96.9943489666386,110.641248290274,51.5749974251615));
#4963=CARTESIAN_POINT('Origin',(96.9909490862398,110.643976726074,51.5749974250793));
#4964=CARTESIAN_POINT('Origin',(96.9909490862398,110.643976726074,51.5749974250813));
#4965=CARTESIAN_POINT('',(79.9179986773417,127.237412089814,47.5749974250793));
#4966=CARTESIAN_POINT('',(79.917998677315,127.237412089849,51.5749974250763));
#4967=CARTESIAN_POINT('Origin',(96.9909490862402,110.643976726074,47.5749974250793));
#4968=CARTESIAN_POINT('Origin',(96.995525746934,110.642107014741,51.5749974250793));
#4969=CARTESIAN_POINT('',(79.9199842296395,94.0430005857812,47.5749974250793));
#4970=CARTESIAN_POINT('Origin',(96.9955257469359,110.642107014743,47.5749974250793));
#4971=CARTESIAN_POINT('',(79.919984229697,94.0430005858552,51.574997425064));
#4972=CARTESIAN_POINT('Origin',(96.995525746934,110.642107014741,51.5749974250894));
#4973=CARTESIAN_POINT('Origin',(96.9941390465323,110.641235428697,51.5749974250793));
#4974=CARTESIAN_POINT('Origin',(96.9941390465323,110.641235428697,51.5749974250972));
#4975=CARTESIAN_POINT('Origin',(96.9941390465358,110.641235428697,47.5749974250793));
#4976=CARTESIAN_POINT('Origin',(96.995015831371,110.637722147696,51.5749974250793));
#4977=CARTESIAN_POINT('',(91.1570130192986,133.72717255299,47.5749974250793));
#4978=CARTESIAN_POINT('',(91.1570130193159,133.727172552945,51.5749974250793));
#4979=CARTESIAN_POINT('Origin',(96.995015831371,110.637722147696,51.5749974250794));
#4980=CARTESIAN_POINT('Origin',(96.995015831371,110.637722147696,47.5749974250793));
#4981=CARTESIAN_POINT('Origin',(96.9942832762678,110.64110765215,51.5749974250793));
#4982=CARTESIAN_POINT('Origin',(96.9942832762678,110.64110765215,51.5749974250893));
#4983=CARTESIAN_POINT('Origin',(96.9942832762668,110.641107652149,47.5749974250793));
#4984=CARTESIAN_POINT('Origin',(96.9998236806055,110.64307394554,51.5749974250793));
#4985=CARTESIAN_POINT('Origin',(96.9998236806055,110.64307394554,51.5749974250839));
#4986=CARTESIAN_POINT('',(119.905241567436,117.131713505465,47.5749974250793));
#4987=CARTESIAN_POINT('',(119.905241567366,117.131713505456,51.5749974250723));
#4988=CARTESIAN_POINT('Origin',(96.9998236806044,110.643073945539,47.5749974250793));
#4989=CARTESIAN_POINT('Origin',(80.2186279296875,127.360939025879,53.1624972820282));
#4990=CARTESIAN_POINT('',(82.4851074216827,125.092315673636,53.1624974748894));
#4991=CARTESIAN_POINT('Origin',(90.8996505737305,133.528358459473,53.1624972820282));
#4992=CARTESIAN_POINT('Origin',(90.9025115966797,87.7531967163086,53.1624972820282));
#4993=CARTESIAN_POINT('Origin',(80.2208633422852,93.9195175170899,53.1624972820282));
#4994=CARTESIAN_POINT('Origin',(119.86190032959,116.809593200684,53.1624972820282));
#4995=CARTESIAN_POINT('Origin',(119.862533569336,104.475830078125,53.1624972820282));
#4996=CARTESIAN_POINT('Origin',(96.9943493929776,110.641238854148,54.749997138977));
#4997=CARTESIAN_POINT('Origin',(118.296295166016,104.585678100586,49.5749974250793));
#4998=CARTESIAN_POINT('',(107.603136343486,107.45631728134,47.5749974250793));
#4999=CARTESIAN_POINT('Origin',(91.5917663574219,89.16357421875,49.5749974250793));
#5000=CARTESIAN_POINT('',(94.4624983457242,99.856919041363,47.5749974250793));
#5001=CARTESIAN_POINT('Origin',(81.0991058349609,95.2209930419922,49.5749974250793));
#5002=CARTESIAN_POINT('',(88.9317837198069,103.046170206508,47.5749974250793));
#5003=CARTESIAN_POINT('Origin',(81.0954437255859,126.05884552002,49.5749974250793));
#5004=CARTESIAN_POINT('',(88.9207854808993,118.226050092458,47.5749974250793));
#5005=CARTESIAN_POINT('Origin',(91.587631225586,132.117034912109,49.5749974250793));
#5006=CARTESIAN_POINT('',(94.4481533729665,121.421169491469,47.5749974250793));
#5007=CARTESIAN_POINT('Origin',(118.295852661133,116.701293945313,49.5749974250793));
#5008=CARTESIAN_POINT('',(107.59978511136,113.840707127416,47.5749974250793));
#5009=CARTESIAN_POINT('Origin',(96.9943486993963,110.641239921039,47.5749974250793));
#5010=CARTESIAN_POINT('Origin',(107.384152010552,92.6321163537367,51.5749974250793));
#5011=CARTESIAN_POINT('Origin',(107.395811836675,128.643629925806,51.5749974250793));
#5012=CARTESIAN_POINT('Origin',(76.2030862292404,110.647970619442,51.5749974250793));
#5013=CARTESIAN_POINT('Ctrl Pts',(84.9312388247045,125.962179903378,54.4499988057315));
#5014=CARTESIAN_POINT('Ctrl Pts',(84.9312388924096,125.962179817384,53.5916643468926));
#5015=CARTESIAN_POINT('Ctrl Pts',(84.9312389601146,125.962179731391,52.7333298880537));
#5016=CARTESIAN_POINT('Ctrl Pts',(84.9312390278197,125.962179645398,51.8749954292148));
#5017=CARTESIAN_POINT('Ctrl Pts',(84.5654765413879,125.674191804636,54.4499986840495));
#5018=CARTESIAN_POINT('Ctrl Pts',(84.5654766283521,125.674192104468,53.5916643337974));
#5019=CARTESIAN_POINT('Ctrl Pts',(84.5654767153265,125.674192404284,52.7333299835227));
#5020=CARTESIAN_POINT('Ctrl Pts',(84.5654768022907,125.674192704117,51.8749956332707));
#5021=CARTESIAN_POINT('Ctrl Pts',(84.2100318534356,125.373100066414,54.4499986338971));
#5022=CARTESIAN_POINT('Ctrl Pts',(84.2100319620557,125.373100732163,53.5916643099431));
#5023=CARTESIAN_POINT('Ctrl Pts',(84.2100320706863,125.373101397896,52.7333299859664));
#5024=CARTESIAN_POINT('Ctrl Pts',(84.2100321793064,125.373102063646,51.8749956620124));
#5025=CARTESIAN_POINT('Ctrl Pts',(83.8658157041958,125.059676334835,54.449998655403));
#5026=CARTESIAN_POINT('Ctrl Pts',(83.865815839672,125.059677348077,53.5916642753907));
#5027=CARTESIAN_POINT('Ctrl Pts',(83.8658159751482,125.059678361319,52.7333298953785));
#5028=CARTESIAN_POINT('Ctrl Pts',(83.8658161106243,125.05967937456,51.8749955153662));
#5029=CARTESIAN_POINT('',(83.8658157041958,125.059676334835,54.449998655403));
#5030=CARTESIAN_POINT('Ctrl Pts',(83.8658157041958,125.059676334835,54.449998655403));
#5031=CARTESIAN_POINT('Ctrl Pts',(83.865815839672,125.059677348077,53.5916642753907));
#5032=CARTESIAN_POINT('Ctrl Pts',(83.8658159751482,125.059678361319,52.7333298953785));
#5033=CARTESIAN_POINT('Ctrl Pts',(83.8658161106243,125.05967937456,51.8749955153662));
#5034=CARTESIAN_POINT('Ctrl Pts',(83.6511072569557,124.864179274797,54.4499972643876));
#5035=CARTESIAN_POINT('Ctrl Pts',(83.6511075958751,124.864179978925,53.5916638453961));
#5036=CARTESIAN_POINT('Ctrl Pts',(83.6511079190605,124.864180699356,52.7333303852492));
#5037=CARTESIAN_POINT('Ctrl Pts',(83.6511082579798,124.864181403483,51.8749969662577));
#5038=CARTESIAN_POINT('Ctrl Pts',(83.1202749145588,124.699843652834,54.4499961274056));
#5039=CARTESIAN_POINT('Ctrl Pts',(83.1202752322532,124.699843819313,53.5916634979072));
#5040=CARTESIAN_POINT('Ctrl Pts',(83.1202755535342,124.699843981977,52.7333308781204));
#5041=CARTESIAN_POINT('Ctrl Pts',(83.1202758712285,124.699844148456,51.874998248622));
#5042=CARTESIAN_POINT('Ctrl Pts',(82.6390359870012,124.938244631464,54.4499978922243));
#5043=CARTESIAN_POINT('Ctrl Pts',(82.6390360723849,124.938244664205,53.5916641333055));
#5044=CARTESIAN_POINT('Ctrl Pts',(82.6390361641035,124.938244699615,52.7333303712991));
#5045=CARTESIAN_POINT('Ctrl Pts',(82.6390362494872,124.938244732356,51.8749966123803));
#5046=CARTESIAN_POINT('Ctrl Pts',(82.4851120647114,125.092312023079,54.4499990182572));
#5047=CARTESIAN_POINT('Ctrl Pts',(82.4851120928493,125.092312058795,53.5916645211134));
#5048=CARTESIAN_POINT('Ctrl Pts',(82.4851121209873,125.092312094511,52.7333300239696));
#5049=CARTESIAN_POINT('Ctrl Pts',(82.4851121491252,125.092312130227,51.8749955268258));
#5050=CARTESIAN_POINT('Origin',(96.9998236806044,110.643073945539,36.0749974250793));
#5051=CARTESIAN_POINT('',(91.0048236806044,110.643073945539,36.0749974250793));
#5052=CARTESIAN_POINT('Origin',(96.9998236806044,110.643073945539,36.0749974250793));
#5053=CARTESIAN_POINT('Origin',(96.9998236806044,110.643073945539,34.5749974250793));
#5054=CARTESIAN_POINT('',(91.0048236806044,110.643073945539,34.5749974250793));
#5055=UNCERTAINTY_MEASURE_WITH_UNIT(LENGTH_MEASURE(0.01),#5059,
'DISTANCE_ACCURACY_VALUE',
'Maximum model space distance between geometric entities at asserted c
onnectivities');
#5056=UNCERTAINTY_MEASURE_WITH_UNIT(LENGTH_MEASURE(0.01),#5059,
'DISTANCE_ACCURACY_VALUE',
'Maximum model space distance between geometric entities at asserted c
onnectivities');
#5057=(
GEOMETRIC_REPRESENTATION_CONTEXT(3)
GLOBAL_UNCERTAINTY_ASSIGNED_CONTEXT((#5055))
GLOBAL_UNIT_ASSIGNED_CONTEXT((#5059,#5061,#5062))
REPRESENTATION_CONTEXT('','3D')
);
#5058=(
GEOMETRIC_REPRESENTATION_CONTEXT(3)
GLOBAL_UNCERTAINTY_ASSIGNED_CONTEXT((#5056))
GLOBAL_UNIT_ASSIGNED_CONTEXT((#5059,#5061,#5062))
REPRESENTATION_CONTEXT('','3D')
);
#5059=(
LENGTH_UNIT()
NAMED_UNIT(*)
SI_UNIT(.MILLI.,.METRE.)
);
#5060=(
LENGTH_UNIT()
NAMED_UNIT(*)
SI_UNIT($,.METRE.)
);
#5061=(
NAMED_UNIT(*)
PLANE_ANGLE_UNIT()
SI_UNIT($,.RADIAN.)
);
#5062=(
NAMED_UNIT(*)
SI_UNIT($,.STERADIAN.)
SOLID_ANGLE_UNIT()
);
#5063=SHAPE_DEFINITION_REPRESENTATION(#5064,#5065);
#5064=PRODUCT_DEFINITION_SHAPE('',$,#5067);
#5065=SHAPE_REPRESENTATION('',(#2103),#5057);
#5066=PRODUCT_DEFINITION_CONTEXT('part definition',#5071,'design');
#5067=PRODUCT_DEFINITION('omni_wheel_mount_','omni_wheel_mount_ v7',#5068,
#5066);
#5068=PRODUCT_DEFINITION_FORMATION('',$,#5073);
#5069=PRODUCT_RELATED_PRODUCT_CATEGORY('omni_wheel_mount_ v7',
'omni_wheel_mount_ v7',(#5073));
#5070=APPLICATION_PROTOCOL_DEFINITION('international standard',
'automotive_design',2009,#5071);
#5071=APPLICATION_CONTEXT(
'Core Data for Automotive Mechanical Design Process');
#5072=PRODUCT_CONTEXT('part definition',#5071,'mechanical');
#5073=PRODUCT('omni_wheel_mount_','omni_wheel_mount_ v7',$,(#5072));
#5074=PRESENTATION_STYLE_ASSIGNMENT((#5075));
#5075=SURFACE_STYLE_USAGE(.BOTH.,#5076);
#5076=SURFACE_SIDE_STYLE('',(#5077));
#5077=SURFACE_STYLE_FILL_AREA(#5078);
#5078=FILL_AREA_STYLE('Steel - Satin',(#5079));
#5079=FILL_AREA_STYLE_COLOUR('Steel - Satin',#5080);
#5080=COLOUR_RGB('Steel - Satin',0.627450980392157,0.627450980392157,0.627450980392157);
ENDSEC;
END-ISO-10303-21;
