ISO-10303-21;
HEADER;
/* Generated by software containing ST-Developer
 * from STEP Tools, Inc. (www.steptools.com) 
 */

FILE_DESCRIPTION(
/* description */ (''),
/* implementation_level */ '2;1');

FILE_NAME(
/* name */ 'omnimount_bearing.step',
/* time_stamp */ '2026-01-24T12:46:42+09:00',
/* author */ (''),
/* organization */ (''),
/* preprocessor_version */ 'ST-DEVELOPER v20.1',
/* originating_system */ 'Autodesk Translation Framework v14.24.0.0',
/* authorisation */ '');

FILE_SCHEMA (('AUTOMOTIVE_DESIGN { 1 0 10303 214 3 1 1 }'));
ENDSEC;

DATA;
#10=MECHANICAL_DESIGN_GEOMETRIC_PRESENTATION_REPRESENTATION('',(#13,#14),
#6069);
#11=SHAPE_REPRESENTATION_RELATIONSHIP('SRR','None',#6075,#12);
#12=ADVANCED_BREP_SHAPE_REPRESENTATION('',(#15,#16),#6068);
#13=STYLED_ITEM('',(#6084),#15);
#14=STYLED_ITEM('',(#6084),#16);
#15=MANIFOLD_SOLID_BREP('MeshBody1',#2715);
#16=MANIFOLD_SOLID_BREP('MeshBody1 (1)',#2716);
#17=B_SPLINE_SURFACE_WITH_KNOTS('',3,3,((#5847,#5848,#5849,#5850),(#5851,
#5852,#5853,#5854),(#5855,#5856,#5857,#5858),(#5859,#5860,#5861,#5862)),
 .UNSPECIFIED.,.F.,.F.,.F.,(4,4),(4,4),(0.,1.),(0.,1.),.UNSPECIFIED.);
#18=B_SPLINE_SURFACE_WITH_KNOTS('',3,3,((#5864,#5865,#5866,#5867),(#5868,
#5869,#5870,#5871),(#5872,#5873,#5874,#5875),(#5876,#5877,#5878,#5879),
(#5880,#5881,#5882,#5883)),.UNSPECIFIED.,.F.,.F.,.F.,(4,1,4),(4,4),(0.,
0.571428571428571,1.),(0.,1.),.UNSPECIFIED.);
#19=FACE_BOUND('',#452,.T.);
#20=FACE_BOUND('',#453,.T.);
#21=FACE_BOUND('',#454,.T.);
#22=FACE_BOUND('',#455,.T.);
#23=FACE_BOUND('',#456,.T.);
#24=FACE_BOUND('',#457,.T.);
#25=FACE_BOUND('',#458,.T.);
#26=FACE_BOUND('',#466,.T.);
#27=FACE_BOUND('',#467,.T.);
#28=FACE_BOUND('',#468,.T.);
#29=FACE_BOUND('',#469,.T.);
#30=FACE_BOUND('',#470,.T.);
#31=FACE_BOUND('',#472,.T.);
#32=FACE_BOUND('',#473,.T.);
#33=FACE_BOUND('',#475,.T.);
#34=FACE_BOUND('',#476,.T.);
#35=FACE_BOUND('',#478,.T.);
#36=FACE_BOUND('',#479,.T.);
#37=FACE_BOUND('',#483,.T.);
#38=FACE_BOUND('',#484,.T.);
#39=FACE_BOUND('',#485,.T.);
#40=FACE_BOUND('',#486,.T.);
#41=FACE_BOUND('',#487,.T.);
#42=FACE_BOUND('',#511,.T.);
#43=FACE_BOUND('',#512,.T.);
#44=FACE_BOUND('',#513,.T.);
#45=FACE_BOUND('',#514,.T.);
#46=FACE_BOUND('',#515,.T.);
#47=FACE_BOUND('',#517,.T.);
#48=FACE_BOUND('',#519,.T.);
#49=FACE_BOUND('',#520,.T.);
#50=FACE_BOUND('',#521,.T.);
#51=FACE_BOUND('',#522,.T.);
#52=FACE_BOUND('',#523,.T.);
#53=PLANE('',#2968);
#54=PLANE('',#2969);
#55=PLANE('',#2970);
#56=PLANE('',#2971);
#57=PLANE('',#2972);
#58=PLANE('',#2973);
#59=PLANE('',#2974);
#60=PLANE('',#2975);
#61=PLANE('',#2976);
#62=PLANE('',#2977);
#63=PLANE('',#2978);
#64=PLANE('',#2979);
#65=PLANE('',#2980);
#66=PLANE('',#2981);
#67=PLANE('',#2982);
#68=PLANE('',#2983);
#69=PLANE('',#2984);
#70=PLANE('',#2985);
#71=PLANE('',#2988);
#72=PLANE('',#2991);
#73=PLANE('',#2992);
#74=PLANE('',#2995);
#75=PLANE('',#2996);
#76=PLANE('',#2997);
#77=PLANE('',#3014);
#78=PLANE('',#3016);
#79=PLANE('',#3017);
#80=PLANE('',#3020);
#81=PLANE('',#3022);
#82=PLANE('',#3023);
#83=PLANE('',#3026);
#84=PLANE('',#3028);
#85=PLANE('',#3029);
#86=PLANE('',#3032);
#87=PLANE('',#3038);
#88=PLANE('',#3041);
#89=CONICAL_SURFACE('',#2767,23.4839163248992,0.365206222541138);
#90=CONICAL_SURFACE('',#2839,27.9033916340056,0.0168842244915069);
#91=CONICAL_SURFACE('',#2842,27.9209136088891,0.0174964384728426);
#92=CONICAL_SURFACE('',#2843,27.8975374510041,0.0174366162222322);
#93=CONICAL_SURFACE('',#2844,27.9423192839541,0.0174253394679644);
#94=CONICAL_SURFACE('',#3055,1.870710678,0.785398163397448);
#95=CONICAL_SURFACE('',#3057,14.2,0.785398163397448);
#96=TOROIDAL_SURFACE('',#2739,19.1997137168608,0.299999818797111);
#97=TOROIDAL_SURFACE('',#2744,0.700092699676865,0.300025870519402);
#98=TOROIDAL_SURFACE('',#2747,27.589738881128,0.300000021775923);
#99=TOROIDAL_SURFACE('',#2751,0.700092194397109,0.300018031513365);
#100=TOROIDAL_SURFACE('',#2753,0.700110371603276,0.300020889116361);
#101=TOROIDAL_SURFACE('',#2756,27.5897794483286,0.300000561853491);
#102=TOROIDAL_SURFACE('',#2759,1.30000037581671,0.299994616820015);
#103=TOROIDAL_SURFACE('',#2763,0.700103230532439,0.30002657711718);
#104=TOROIDAL_SURFACE('',#2765,19.2000892606862,0.29999588841372);
#105=TOROIDAL_SURFACE('',#2768,1.30000143148812,0.300003146220751);
#106=TOROIDAL_SURFACE('',#2772,1.30001804432171,0.299995910286812);
#107=TOROIDAL_SURFACE('',#2777,19.1994154621315,0.299997015820795);
#108=TOROIDAL_SURFACE('',#2781,0.700245131253731,0.300014414913589);
#109=TOROIDAL_SURFACE('',#2784,0.706022767973177,0.300002178680699);
#110=TOROIDAL_SURFACE('',#2786,1.30002863405199,0.30000834598679);
#111=TOROIDAL_SURFACE('',#2789,0.700104608405438,0.300013750691492);
#112=TOROIDAL_SURFACE('',#2792,19.1995869383471,0.299999655704649);
#113=TOROIDAL_SURFACE('',#2797,0.700118091857716,0.300016451801643);
#114=TOROIDAL_SURFACE('',#2800,27.6347069675937,0.300001396719179);
#115=TOROIDAL_SURFACE('',#2804,0.700099289119936,0.300023381994987);
#116=TOROIDAL_SURFACE('',#2807,0.700086673676434,0.300033302621078);
#117=TOROIDAL_SURFACE('',#2809,27.634721403531,0.299999291304818);
#118=TOROIDAL_SURFACE('',#2813,0.700141022801861,0.300009888297631);
#119=TOROIDAL_SURFACE('',#2815,1.30000013668901,0.29999444258105);
#120=TOROIDAL_SURFACE('',#2819,19.2000989050009,0.300004485297788);
#121=TOROIDAL_SURFACE('',#2821,1.30001781435201,0.299995735607296);
#122=TOROIDAL_SURFACE('',#2825,1.30000119338864,0.300002971820261);
#123=TOROIDAL_SURFACE('',#2828,19.2002215744956,0.299996838986269);
#124=TOROIDAL_SURFACE('',#2831,1.30002839524516,0.300008172476172);
#125=TOROIDAL_SURFACE('',#2833,0.700118159888203,0.30002119358398);
#126=TOROIDAL_SURFACE('',#2836,0.700098416277014,0.300029996833508);
#127=TOROIDAL_SURFACE('',#2847,27.634735873465,0.299998577730575);
#128=TOROIDAL_SURFACE('',#2848,1.30000833319192,0.300007720033117);
#129=TOROIDAL_SURFACE('',#2851,1.30000963836199,0.30000068069537);
#130=TOROIDAL_SURFACE('',#2854,27.5897670852956,0.300004727901826);
#131=TOROIDAL_SURFACE('',#2855,1.30000857058395,0.300007894152865);
#132=TOROIDAL_SURFACE('',#2858,1.3000098584003,0.300000854805558);
#133=TOROIDAL_SURFACE('',#2862,14.5501979385676,0.249999963194088);
#134=B_SPLINE_CURVE_WITH_KNOTS('',3,(#3937,#3938,#3939,#3940,#3941,#3942),
 .UNSPECIFIED.,.F.,.F.,(4,2,4),(3.21126264844007,3.51607902235919,3.61451014790288),
 .UNSPECIFIED.);
#135=B_SPLINE_CURVE_WITH_KNOTS('',3,(#3946,#3947,#3948,#3949,#3950,#3951,
#3952),.UNSPECIFIED.,.F.,.F.,(4,1,1,1,4),(0.,0.401833092293168,0.602782661895467,
0.803252395813125,1.20447446649577),.UNSPECIFIED.);
#136=B_SPLINE_CURVE_WITH_KNOTS('',3,(#3955,#3956,#3957,#3958,#3959,#3960,
#3961,#3962,#3963,#3964,#3965,#3966,#3967,#3968,#3969,#3970,#3971,#3972,
#3973,#3974,#3975,#3976,#3977,#3978,#3979,#3980,#3981,#3982,#3983,#3984,
#3985,#3986,#3987,#3988,#3989,#3990,#3991),.UNSPECIFIED.,.F.,.F.,(4,3,3,
3,3,3,3,3,3,3,3,3,4),(9.93065889904426E-6,0.133023593919138,0.266027134460437,
0.400716174857913,0.533731845463927,0.669257570757135,0.804783296050344,
0.937851350579023,1.07091065551374,1.20557310066188,1.3386449864258,1.47410271126604,
1.60956043610627),.UNSPECIFIED.);
#137=B_SPLINE_CURVE_WITH_KNOTS('',3,(#3997,#3998,#3999,#4000,#4001,#4002,
#4003),.UNSPECIFIED.,.F.,.F.,(4,1,1,1,4),(0.616445468445455,0.8170608073307,
1.01754009026069,1.21844311386369,1.62030786214519),.UNSPECIFIED.);
#138=B_SPLINE_CURVE_WITH_KNOTS('',3,(#4005,#4006,#4007,#4008,#4009),
 .UNSPECIFIED.,.F.,.F.,(4,1,4),(1.51421802979686E-5,0.408900923693616,0.616445468445455),
 .UNSPECIFIED.);
#139=B_SPLINE_CURVE_WITH_KNOTS('',3,(#4012,#4013,#4014,#4015,#4016,#4017,
#4018,#4019,#4020,#4021,#4022,#4023,#4024,#4025,#4026,#4027,#4028,#4029,
#4030,#4031,#4032,#4033,#4034,#4035,#4036,#4037,#4038,#4039,#4040,#4041,
#4042,#4043,#4044,#4045,#4046,#4047,#4048),.UNSPECIFIED.,.F.,.F.,(4,3,3,
3,3,3,3,3,3,3,3,3,4),(8.31362569054341E-7,0.133039481672393,0.266069028853055,
0.400774848654078,0.533822923271508,0.669357615664327,0.804892308057147,
0.937894168786346,1.07088477270685,1.20560973355871,1.33860792660673,1.47419627136051,
1.60978461611429),.UNSPECIFIED.);
#140=B_SPLINE_CURVE_WITH_KNOTS('',3,(#4063,#4064,#4065,#4066,#4067,#4068,
#4069,#4070,#4071,#4072,#4073,#4074,#4075,#4076,#4077,#4078,#4079,#4080,
#4081,#4082,#4083,#4084,#4085,#4086,#4087),.UNSPECIFIED.,.F.,.F.,(4,3,3,
3,3,3,3,3,4),(0.,0.0635321300086657,0.127064306122234,0.190600724584761,
0.214863664522528,0.278408061342573,0.341948489687701,0.405487262426751,
0.429727197063386),.UNSPECIFIED.);
#141=B_SPLINE_CURVE_WITH_KNOTS('',3,(#4098,#4099,#4100,#4101,#4102,#4103,
#4104,#4105,#4106),.UNSPECIFIED.,.F.,.F.,(4,1,1,1,1,1,4),(0.,0.281315155136929,
0.42198425896935,0.562321235832788,0.702330256896719,0.842701689506553,
1.12481202663408),.UNSPECIFIED.);
#142=B_SPLINE_CURVE_WITH_KNOTS('',3,(#4109,#4110,#4111,#4112,#4113,#4114,
#4115,#4116,#4117,#4118,#4119,#4120,#4121,#4122,#4123,#4124,#4125,#4126,
#4127,#4128,#4129,#4130,#4131,#4132,#4133,#4134,#4135,#4136,#4137,#4138,
#4139,#4140,#4141,#4142,#4143,#4144,#4145),.UNSPECIFIED.,.F.,.F.,(4,3,3,
3,3,3,3,3,3,3,3,3,4),(9.12466076055703E-6,0.133005650583603,0.265993019775243,
0.400720781128751,0.533721565270397,0.669312815229838,0.804904065189278,
0.93796136237794,1.07100280049826,1.2057028758568,1.33874485616746,1.47427397904994,
1.60980310193243),.UNSPECIFIED.);
#143=B_SPLINE_CURVE_WITH_KNOTS('',3,(#4152,#4153,#4154,#4155,#4156,#4157,
#4158,#4159,#4160,#4161,#4162,#4163,#4164,#4165,#4166,#4167,#4168,#4169,
#4170,#4171,#4172,#4173,#4174,#4175,#4176,#4177),.UNSPECIFIED.,.F.,.F.,
(4,1,1,1,1,1,1,1,1,1,1,1,1,1,1,1,1,1,1,1,1,1,1,4),(1.42487950573616E-5,
3.2960833152007,4.94412053419453,6.59216798638326,8.24020777994632,9.88825205962327,
11.5362935028101,13.1843136409077,14.8323761805273,16.4804175634594,18.1284282847193,
19.7764807157727,21.424521487257,23.0725739183104,24.7206149395729,26.368656322505,
28.0166892118311,29.6647385161558,31.3127656704363,32.9608099501133,34.6088497436763,
36.2568971958651,37.9049298639499,41.2010153193328),.UNSPECIFIED.);
#144=B_SPLINE_CURVE_WITH_KNOTS('',3,(#4181,#4182,#4183,#4184,#4185,#4186,
#4187,#4188,#4189,#4190,#4191,#4192,#4193,#4194,#4195,#4196,#4197,#4198,
#4199,#4200,#4201,#4202,#4203,#4204,#4205,#4206,#4207,#4208,#4209,#4210,
#4211,#4212,#4213,#4214,#4215,#4216,#4217),.UNSPECIFIED.,.F.,.F.,(4,3,3,
3,3,3,3,3,3,3,3,3,4),(1.86239350147196E-15,0.13302293623415,0.266036304727678,
0.400637549660183,0.533669219970725,0.669055252214212,0.804441284457699,
0.937460083089305,1.0704680977982,1.20507170540756,1.33808746043054,1.4734849943331,
1.60888252823566),.UNSPECIFIED.);
#145=B_SPLINE_CURVE_WITH_KNOTS('',3,(#4220,#4221,#4222,#4223,#4224,#4225,
#4226,#4227,#4228),.UNSPECIFIED.,.F.,.F.,(4,1,1,1,1,1,4),(0.,0.281152673506065,
0.421702743750505,0.561973358208023,0.701919997390111,0.842178816332743,
1.12414001525922),.UNSPECIFIED.);
#146=B_SPLINE_CURVE_WITH_KNOTS('',3,(#4234,#4235,#4236,#4237,#4238,#4239,
#4240,#4241,#4242),.UNSPECIFIED.,.F.,.F.,(4,1,1,1,1,1,4),(4.01849339175438E-6,
0.281151105681328,0.421723726623254,0.561982545565886,0.701923834985742,
0.842192932316099,1.12415472116438),.UNSPECIFIED.);
#147=B_SPLINE_CURVE_WITH_KNOTS('',3,(#4245,#4246,#4247,#4248,#4249,#4250,
#4251,#4252,#4253,#4254,#4255,#4256,#4257,#4258,#4259,#4260,#4261,#4262,
#4263,#4264,#4265,#4266,#4267,#4268,#4269,#4270,#4271,#4272,#4273,#4274,
#4275,#4276,#4277,#4278,#4279,#4280,#4281),.UNSPECIFIED.,.F.,.F.,(4,3,3,
3,3,3,3,3,3,3,3,3,4),(6.07717563132957E-6,0.133028422083391,0.266041175482482,
0.400637783799572,0.533668738000117,0.66904817337548,0.804427608750843,
0.937445814837962,1.07045327380869,1.20505375973194,1.33806905235519,1.47346213492844,
1.60885521750169),.UNSPECIFIED.);
#148=B_SPLINE_CURVE_WITH_KNOTS('',3,(#4288,#4289,#4290,#4291,#4292,#4293,
#4294,#4295,#4296,#4297,#4298,#4299,#4300,#4301,#4302,#4303,#4304,#4305,
#4306,#4307,#4308,#4309,#4310,#4311,#4312,#4313,#4314,#4315,#4316,#4317,
#4318,#4319,#4320,#4321,#4322,#4323,#4324,#4325,#4326,#4327,#4328,#4329,
#4330,#4331,#4332,#4333,#4334,#4335,#4336,#4337,#4338,#4339,#4340,#4341,
#4342,#4343,#4344,#4345,#4346,#4347,#4348,#4349,#4350,#4351,#4352,#4353,
#4354,#4355,#4356,#4357,#4358,#4359,#4360),.UNSPECIFIED.,.F.,.F.,(4,3,3,
3,3,3,3,3,3,3,3,3,3,3,3,3,3,3,3,3,3,3,3,3,4),(0.,0.0578728931516063,0.115740369486754,
0.173603772712837,0.231461371073448,0.289315000207979,0.343536601542589,
0.401274647323191,0.459008643026351,0.516741343170089,0.574469931941158,
0.632197929584092,0.687073203085178,0.74476772010654,0.802460753194677,
0.860156677955204,0.917850828975091,0.975548409473138,1.03060980462777,
1.08835260213713,1.14609703642975,1.20384898270533,1.26160162099818,1.31936151129913,
1.37414640617035),.UNSPECIFIED.);
#149=B_SPLINE_CURVE_WITH_KNOTS('',2,(#4363,#4364,#4365),.UNSPECIFIED.,.F.,
 .F.,(3,3),(1.20787083560042E-6,3.33191002211723),.UNSPECIFIED.);
#150=B_SPLINE_CURVE_WITH_KNOTS('',3,(#4374,#4375,#4376,#4377,#4378,#4379,
#4380,#4381,#4382,#4383,#4384,#4385,#4386,#4387,#4388,#4389,#4390,#4391,
#4392,#4393,#4394,#4395,#4396,#4397,#4398,#4399,#4400,#4401,#4402,#4403,
#4404,#4405,#4406,#4407,#4408,#4409,#4410),.UNSPECIFIED.,.F.,.F.,(4,3,3,
3,3,3,3,3,3,3,3,3,4),(2.70207116641271E-6,0.124528066444177,0.249054299344217,
0.377195938137237,0.501754676411823,0.631687765464061,0.761620854516299,
0.886205207666954,1.01077817694597,1.13889260451646,1.2634672620524,1.39335157464017,
1.52323588722795),.UNSPECIFIED.);
#151=B_SPLINE_CURVE_WITH_KNOTS('',3,(#4415,#4416,#4417,#4418,#4419,#4420,
#4421,#4422,#4423),.UNSPECIFIED.,.F.,.F.,(4,1,1,1,1,1,4),(0.,0.281297946132552,
0.421959674354269,0.562306976968253,0.702325469982472,0.842663047432545,
1.12481384294255),.UNSPECIFIED.);
#152=B_SPLINE_CURVE_WITH_KNOTS('',3,(#4427,#4428,#4429,#4430,#4431,#4432,
#4433,#4434,#4435,#4436,#4437,#4438,#4439,#4440,#4441,#4442,#4443,#4444,
#4445,#4446,#4447,#4448,#4449,#4450,#4451,#4452,#4453,#4454,#4455,#4456,
#4457,#4458,#4459,#4460,#4461,#4462,#4463,#4464,#4465,#4466,#4467,#4468,
#4469,#4470,#4471,#4472,#4473,#4474,#4475),.UNSPECIFIED.,.F.,.F.,(4,3,3,
3,3,3,3,3,3,3,3,3,3,3,3,3,4),(7.99995716213122E-6,0.011257895106995,0.0258634617850244,
0.0414199716816918,0.0538934369847649,0.0655251153767986,0.0767178263854295,
0.0878651418424794,0.0992144566199164,0.103067366784801,0.116791355145963,
0.130953453092371,0.145441586016345,0.160043681564376,0.174506525407395,
0.188487299780902,0.197057732406842),.UNSPECIFIED.);
#153=B_SPLINE_CURVE_WITH_KNOTS('',3,(#4482,#4483,#4484,#4485,#4486,#4487,
#4488,#4489,#4490,#4491,#4492,#4493,#4494,#4495,#4496,#4497,#4498,#4499,
#4500,#4501,#4502,#4503,#4504,#4505,#4506),.UNSPECIFIED.,.F.,.F.,(4,3,3,
3,3,3,3,3,4),(0.,0.0635252948699798,0.127051870864073,0.190584501793298,
0.214858938501704,0.278396341802377,0.341926266818735,0.405449427869627,
0.429717821454689),.UNSPECIFIED.);
#154=B_SPLINE_CURVE_WITH_KNOTS('',3,(#4507,#4508,#4509,#4510,#4511,#4512,
#4513,#4514,#4515,#4516,#4517,#4518,#4519,#4520,#4521,#4522,#4523,#4524,
#4525,#4526,#4527,#4528,#4529,#4530,#4531,#4532,#4533,#4534,#4535,#4536,
#4537,#4538,#4539,#4540,#4541,#4542,#4543,#4544,#4545,#4546,#4547,#4548,
#4549,#4550,#4551,#4552,#4553,#4554,#4555,#4556,#4557,#4558,#4559,#4560,
#4561,#4562,#4563,#4564,#4565,#4566,#4567),.UNSPECIFIED.,.F.,.F.,(4,3,3,
3,3,3,3,3,3,3,3,3,3,3,3,3,3,3,3,3,4),(0.197057732406842,0.211342774160185,
0.22523343135745,0.238923148159438,0.252646102337634,0.266689438962613,
0.277050814977255,0.292362816781373,0.308109227547281,0.324292810902208,
0.340555256946314,0.356601709601888,0.371948601928159,0.385551148572419,
0.399125537541957,0.412956712630442,0.427357570792004,0.442993738065302,
0.468042506213114,0.482501744399198,0.493091274360927),.UNSPECIFIED.);
#155=B_SPLINE_CURVE_WITH_KNOTS('',3,(#4573,#4574,#4575,#4576,#4577,#4578,
#4579),.UNSPECIFIED.,.F.,.F.,(4,1,1,1,4),(9.18176642657468E-7,2.79112950884705,
4.18668588715069,5.58224869968089,8.37335603673239),.UNSPECIFIED.);
#156=B_SPLINE_CURVE_WITH_KNOTS('',3,(#4606,#4607,#4608,#4609,#4610,#4611,
#4612,#4613,#4614,#4615,#4616,#4617,#4618,#4619,#4620,#4621,#4622,#4623,
#4624,#4625,#4626,#4627,#4628,#4629,#4630,#4631,#4632,#4633,#4634,#4635,
#4636,#4637,#4638,#4639,#4640,#4641,#4642,#4643,#4644,#4645,#4646,#4647,
#4648,#4649,#4650,#4651,#4652,#4653,#4654,#4655,#4656,#4657,#4658,#4659,
#4660,#4661,#4662,#4663,#4664,#4665,#4666,#4667,#4668,#4669,#4670,#4671,
#4672,#4673,#4674,#4675,#4676,#4677,#4678,#4679,#4680,#4681,#4682,#4683,
#4684,#4685,#4686,#4687,#4688,#4689,#4690,#4691,#4692,#4693,#4694,#4695,
#4696),.UNSPECIFIED.,.F.,.F.,(4,3,3,3,3,3,3,3,3,3,3,3,3,3,3,3,3,3,3,3,3,
3,3,3,3,3,3,3,3,3,4),(0.,0.0477452707498131,0.103091433017023,0.14851261990751,
0.191252970966939,0.232530342055584,0.269129919818654,0.319268407184198,
0.37140791753161,0.431501403774534,0.492103315712108,0.547192169374299,
0.596787750925914,0.651227375485526,0.703072182558146,0.747262943159768,
0.817797548362616,0.893117489037939,0.952970999844091,1.02862058945467,
1.10509016351367,1.15585254469859,1.21405650471568,1.2712260464791,1.32443803413915,
1.35606429373592,1.39445028409106,1.43408235317752,1.47623429236217,1.52921892433369,
1.54840467726829),.UNSPECIFIED.);
#157=B_SPLINE_CURVE_WITH_KNOTS('',3,(#4705,#4706,#4707,#4708,#4709,#4710,
#4711,#4712,#4713,#4714,#4715,#4716,#4717,#4718,#4719,#4720,#4721,#4722,
#4723),.UNSPECIFIED.,.F.,.F.,(4,3,3,3,3,3,4),(9.03671253209133E-8,0.147320862831801,
0.29659014828098,0.399302800903252,0.541442888432562,0.682259623780713,
0.798605601806504),.UNSPECIFIED.);
#158=B_SPLINE_CURVE_WITH_KNOTS('',3,(#4731,#4732,#4733,#4734,#4735,#4736,
#4737,#4738,#4739),.UNSPECIFIED.,.F.,.F.,(4,1,1,1,1,1,4),(0.,0.281122112569751,
0.421705783920983,0.561964480023032,0.701891103340665,0.84216539269684,
1.12412717542638),.UNSPECIFIED.);
#159=B_SPLINE_CURVE_WITH_KNOTS('',3,(#4743,#4744,#4745,#4746,#4747,#4748,
#4749,#4750,#4751,#4752,#4753,#4754,#4755,#4756,#4757,#4758,#4759,#4760,
#4761,#4762,#4763,#4764,#4765,#4766,#4767,#4768,#4769,#4770,#4771,#4772,
#4773,#4774,#4775,#4776,#4777,#4778,#4779),.UNSPECIFIED.,.F.,.F.,(4,3,3,
3,3,3,3,3,3,3,3,3,4),(1.05498015131238E-5,0.133033245450411,0.266046357605143,
0.400644765856806,0.533676130654491,0.669058060633143,0.804439990611795,
0.937458575831014,1.07046639713859,1.20506979315984,1.33808540279378,1.47348269200868,
1.60887998122359),.UNSPECIFIED.);
#160=B_SPLINE_CURVE_WITH_KNOTS('',3,(#4790,#4791,#4792,#4793,#4794,#4795),
 .UNSPECIFIED.,.F.,.F.,(4,2,4),(12.5432201127714,15.000945593743,20.8203094559871),
 .UNSPECIFIED.);
#161=B_SPLINE_CURVE_WITH_KNOTS('',3,(#4800,#4801,#4802,#4803,#4804,#4805,
#4806,#4807,#4808,#4809,#4810,#4811,#4812,#4813,#4814,#4815,#4816,#4817,
#4818,#4819,#4820,#4821,#4822,#4823,#4824,#4825,#4826,#4827,#4828,#4829,
#4830,#4831,#4832,#4833,#4834,#4835,#4836),.UNSPECIFIED.,.F.,.F.,(4,3,3,
3,3,3,3,3,3,3,3,3,4),(2.5395839672107E-6,0.133041816334132,0.266072039633068,
0.400770009595209,0.533818941879884,0.669341430680757,0.804863919481631,
0.937864347903135,1.07085343694837,1.20556876104447,1.33856527318423,1.47414000325851,
1.60971473333279),.UNSPECIFIED.);
#162=B_SPLINE_CURVE_WITH_KNOTS('',3,(#4840,#4841,#4842,#4843,#4844,#4845,
#4846,#4847,#4848),.UNSPECIFIED.,.F.,.F.,(4,1,1,1,1,1,4),(0.,0.282129274585359,
0.422471753688546,0.562478926350376,0.702814649771273,0.84345869630464,
1.12476675480272),.UNSPECIFIED.);
#163=B_SPLINE_CURVE_WITH_KNOTS('',3,(#4854,#4855,#4856,#4857,#4858,#4859,
#4860,#4861,#4862,#4863,#4864,#4865,#4866,#4867,#4868,#4869,#4870,#4871,
#4872,#4873,#4874,#4875,#4876,#4877,#4878,#4879),.UNSPECIFIED.,.F.,.F.,
(4,1,1,1,1,1,1,1,1,1,1,1,1,1,1,1,1,1,1,1,1,1,1,4),(1.55184817894792E-5,
3.30175705034276,4.95262624888742,6.60348404328758,8.25435041492056,9.90522060917332,
11.5560694804736,13.206945855155,14.8578061935634,16.508678118598,18.1595503919889,
19.8104145417483,21.4612934479983,23.1121594202189,24.7630316936098,26.4138981777891,
28.0647657403247,29.7156421150061,31.3664909863064,33.0173611805592,34.6682275521921,
36.3190853465923,37.969954545137,41.2716748257821),.UNSPECIFIED.);
#164=B_SPLINE_CURVE_WITH_KNOTS('',3,(#4888,#4889,#4890,#4891,#4892,#4893,
#4894,#4895,#4896),.UNSPECIFIED.,.F.,.F.,(4,1,1,1,1,1,4),(0.,0.281946719403096,
0.422215816733453,0.562144091509863,0.702390709699219,0.842973467669005,
1.1240956420592),.UNSPECIFIED.);
#165=B_SPLINE_CURVE_WITH_KNOTS('',3,(#4899,#4900,#4901,#4902,#4903,#4904,
#4905,#4906,#4907,#4908,#4909,#4910,#4911,#4912,#4913,#4914,#4915,#4916,
#4917,#4918,#4919,#4920,#4921,#4922,#4923,#4924,#4925,#4926,#4927,#4928,
#4929,#4930,#4931,#4932,#4933,#4934,#4935),.UNSPECIFIED.,.F.,.F.,(4,3,3,
3,3,3,3,3,3,3,3,3,4),(0.,0.133011711368061,0.266014846052815,0.400610471533671,
0.533627461027101,0.66901240450167,0.804397347976238,0.937438416768792,
1.07046299711906,1.20504433090049,1.33806894277523,1.47342863751001,1.60878833224479),
 .UNSPECIFIED.);
#166=B_SPLINE_CURVE_WITH_KNOTS('',3,(#4938,#4939,#4940,#4941,#4942,#4943,
#4944,#4945,#4946),.UNSPECIFIED.,.F.,.F.,(4,1,1,1,1,1,4),(6.20878980538044E-7,
0.281961198926475,0.422249320574561,0.562165547158013,0.702405865760747,
0.842984899755817,1.12411878230381),.UNSPECIFIED.);
#167=B_SPLINE_CURVE_WITH_KNOTS('',3,(#4949,#4950,#4951,#4952,#4953,#4954,
#4955,#4956,#4957,#4958,#4959,#4960,#4961,#4962,#4963,#4964,#4965,#4966,
#4967,#4968,#4969,#4970,#4971,#4972,#4973,#4974,#4975,#4976,#4977,#4978,
#4979,#4980,#4981,#4982,#4983,#4984,#4985),.UNSPECIFIED.,.F.,.F.,(4,3,3,
3,3,3,3,3,3,3,3,3,4),(1.47800430617371E-5,0.133027100623577,0.26603080739827,
0.400625257142122,0.53364270120364,0.669025653788659,0.804408606373678,
0.937449311687957,1.07047360494184,1.20505950689322,1.33808398519115,1.47345059896925,
1.60881721274736),.UNSPECIFIED.);
#168=B_SPLINE_CURVE_WITH_KNOTS('',3,(#4993,#4994,#4995,#4996,#4997,#4998,
#4999,#5000,#5001),.UNSPECIFIED.,.F.,.F.,(4,1,1,1,1,1,4),(0.,0.282114312960158,
0.42245189041023,0.56247038342445,0.702809974977788,0.84344968331038,1.12475311685581),
 .UNSPECIFIED.);
#169=B_SPLINE_CURVE_WITH_KNOTS('',3,(#5006,#5007,#5008,#5009,#5010,#5011,
#5012,#5013,#5014,#5015,#5016,#5017,#5018),.UNSPECIFIED.,.F.,.F.,(4,2,2,
2,3,4),(-1.89395858175617,-1.52352472125098,-1.01568282310681,-0.507841227483858,
0.,0.0924036383588815),.UNSPECIFIED.);
#170=B_SPLINE_CURVE_WITH_KNOTS('',3,(#5025,#5026,#5027,#5028,#5029,#5030),
 .UNSPECIFIED.,.F.,.F.,(4,2,4),(20.9998107827954,22.5009042572359,29.2758242312864),
 .UNSPECIFIED.);
#171=B_SPLINE_CURVE_WITH_KNOTS('',3,(#5040,#5041,#5042,#5043,#5044,#5045,
#5046,#5047,#5048,#5049,#5050,#5051),.UNSPECIFIED.,.F.,.F.,(4,2,2,2,2,4),
(-5.87199600685846,-5.58626685361108,-5.0784258803709,-4.57058454308367,
-4.06274274050295,-3.88398790942007),.UNSPECIFIED.);
#172=B_SPLINE_CURVE_WITH_KNOTS('',3,(#5054,#5055,#5056,#5057,#5058,#5059,
#5060,#5061,#5062,#5063,#5064,#5065,#5066),.UNSPECIFIED.,.F.,.F.,(4,3,2,
2,2,4),(-0.481654970333667,0.,0.287533137676352,0.575066091014379,1.08290359599669,
1.50541161165598),.UNSPECIFIED.);
#173=B_SPLINE_CURVE_WITH_KNOTS('',3,(#5074,#5075,#5076,#5077,#5078,#5079),
 .UNSPECIFIED.,.F.,.F.,(4,2,4),(15.4046660053953,22.5008101353881,23.6802056317637),
 .UNSPECIFIED.);
#174=B_SPLINE_CURVE_WITH_KNOTS('',3,(#5083,#5084,#5085,#5086,#5087,#5088,
#5089,#5090,#5091,#5092,#5093,#5094),.UNSPECIFIED.,.F.,.F.,(4,2,2,2,2,4),
(-5.26391504504885,-5.07833232803372,-4.5705027225198,-4.06267168905242,
-3.55483916252797,-3.27753127125722),.UNSPECIFIED.);
#175=B_SPLINE_CURVE_WITH_KNOTS('',3,(#5099,#5100,#5101,#5102,#5103,#5104,
#5105,#5106,#5107),.UNSPECIFIED.,.F.,.F.,(4,1,1,1,1,1,4),(0.,0.282132581969423,
0.422474638851994,0.562495582895057,0.702830857529371,0.84346963877251,
1.12477429013028),.UNSPECIFIED.);
#176=B_SPLINE_CURVE_WITH_KNOTS('',3,(#5114,#5115,#5116,#5117,#5118,#5119,
#5120,#5121,#5122,#5123,#5124,#5125,#5126,#5127,#5128,#5129,#5130,#5131,
#5132,#5133,#5134,#5135,#5136,#5137,#5138,#5139,#5140,#5141,#5142,#5143,
#5144,#5145,#5146,#5147,#5148,#5149,#5150),.UNSPECIFIED.,.F.,.F.,(4,3,3,
3,3,3,3,3,3,3,3,3,4),(0.,0.133011204747986,0.266013800456294,0.400609269071239,
0.533625663644029,0.669010669280051,0.804395674916073,0.937436907426983,
1.07046170846327,1.20504367429026,1.33806860315354,1.47342908746238,1.60878957177123),
 .UNSPECIFIED.);
#177=B_SPLINE_CURVE_WITH_KNOTS('',3,(#5153,#5154,#5155,#5156,#5157,#5158,
#5159,#5160,#5161),.UNSPECIFIED.,.F.,.F.,(4,1,1,1,1,1,4),(0.,0.281961782729545,
0.422214954214123,0.562166650983668,0.702409244077778,0.84299291542901,
1.12411502799876),.UNSPECIFIED.);
#178=B_SPLINE_CURVE_WITH_KNOTS('',3,(#5167,#5168,#5169,#5170,#5171,#5172,
#5173,#5174,#5175,#5176,#5177,#5178,#5179,#5180,#5181,#5182,#5183,#5184,
#5185,#5186,#5187,#5188,#5189,#5190,#5191,#5192,#5193,#5194,#5195,#5196,
#5197,#5198,#5199,#5200,#5201,#5202,#5203,#5204,#5205,#5206,#5207,#5208,
#5209,#5210,#5211,#5212,#5213,#5214,#5215,#5216,#5217,#5218,#5219,#5220,
#5221,#5222,#5223,#5224,#5225,#5226,#5227,#5228,#5229,#5230,#5231,#5232,
#5233,#5234,#5235,#5236,#5237,#5238,#5239,#5240,#5241,#5242,#5243,#5244,
#5245,#5246,#5247,#5248,#5249,#5250,#5251,#5252,#5253,#5254,#5255,#5256,
#5257,#5258,#5259,#5260,#5261,#5262,#5263,#5264,#5265,#5266,#5267,#5268,
#5269,#5270,#5271,#5272,#5273,#5274,#5275,#5276,#5277,#5278,#5279,#5280,
#5281,#5282,#5283,#5284,#5285,#5286,#5287,#5288,#5289,#5290,#5291,#5292,
#5293,#5294,#5295,#5296,#5297,#5298,#5299,#5300,#5301,#5302,#5303,#5304,
#5305,#5306,#5307,#5308,#5309,#5310,#5311,#5312,#5313,#5314,#5315,#5316,
#5317,#5318,#5319,#5320,#5321,#5322,#5323,#5324,#5325,#5326,#5327,#5328,
#5329,#5330,#5331,#5332,#5333,#5334,#5335,#5336,#5337,#5338,#5339,#5340,
#5341,#5342,#5343,#5344,#5345,#5346,#5347,#5348,#5349,#5350),
 .UNSPECIFIED.,.F.,.F.,(4,3,3,3,3,3,3,3,3,3,3,3,3,3,3,3,3,3,3,3,3,3,3,3,
3,3,3,3,3,3,3,3,3,3,3,3,3,3,3,3,3,3,3,3,3,3,3,3,3,3,3,3,3,3,3,3,3,3,3,3,
3,4),(5.8935989514318E-8,0.00780420596054362,0.0158749829008975,0.0240014019426045,
0.031971404090454,0.0394811079787828,0.0460518221082797,0.0518479122334342,
0.0576047696468042,0.0636180984990668,0.0690777331624196,0.0759715401247349,
0.0833064868808929,0.0913347865180743,0.0921036442165594,0.102928054045525,
0.114582112110782,0.12636878921781,0.138155466324839,0.148143845060333,
0.157263837898301,0.161181377378979,0.171822825975116,0.181272240857565,
0.184207288433119,0.194733994866313,0.204983221489144,0.215192330851418,
0.225505304844467,0.230259110541399,0.242165503581934,0.254241103198286,
0.266421278249437,0.276310932649678,0.293435161313313,0.310411620688731,
0.322362754757958,0.368414576866238,0.410424832284395,0.452495042121467,
0.460518221082797,0.506570043191077,0.552621865299357,0.618257632623439,
0.644725509515916,0.701290862484791,0.736829153732475,0.794902539149752,
0.852974172284838,0.911045013709206,0.921036442165594,0.97873932589833,
1.03643966436897,1.09413952801248,1.10524373059871,1.16312871701603,1.22101264690315,
1.27889557869556,1.33677991287863,1.39466210868985,1.45254413185841,1.47365830746495),
 .UNSPECIFIED.);
#179=B_SPLINE_CURVE_WITH_KNOTS('',3,(#5356,#5357,#5358,#5359,#5360,#5361,
#5362,#5363,#5364,#5365,#5366,#5367,#5368,#5369,#5370,#5371,#5372,#5373,
#5374,#5375,#5376,#5377,#5378,#5379,#5380,#5381,#5382,#5383,#5384,#5385,
#5386,#5387,#5388,#5389,#5390,#5391,#5392,#5393,#5394,#5395,#5396,#5397,
#5398,#5399,#5400,#5401,#5402,#5403,#5404,#5405,#5406,#5407,#5408,#5409,
#5410,#5411,#5412,#5413,#5414,#5415,#5416,#5417,#5418,#5419,#5420,#5421,
#5422,#5423,#5424,#5425,#5426,#5427,#5428),.UNSPECIFIED.,.F.,.F.,(4,3,3,
3,3,3,3,3,3,3,3,3,3,3,3,3,3,3,3,3,3,3,3,3,4),(0.,0.0576322804175858,0.115262907556975,
0.172895520013728,0.23052671676068,0.288160121081163,0.313580449504987,
0.371545259298777,0.429511288922875,0.48748177429781,0.545451703684283,
0.603423664755404,0.627160899009974,0.685146004320802,0.743130781810657,
0.801117641789385,0.859102555305884,0.9170874004089,0.94074134851496,0.99843942481518,
1.05613643112304,1.11383599942719,1.17153439590063,1.22923512221413,1.25432177926667),
 .UNSPECIFIED.);
#180=B_SPLINE_CURVE_WITH_KNOTS('',3,(#5433,#5434,#5435,#5436),
 .UNSPECIFIED.,.F.,.F.,(4,4),(0.,2.57530294367367),.UNSPECIFIED.);
#181=B_SPLINE_CURVE_WITH_KNOTS('',3,(#5445,#5446,#5447,#5448,#5449,#5450,
#5451,#5452,#5453,#5454,#5455,#5456,#5457,#5458,#5459,#5460,#5461,#5462,
#5463,#5464,#5465,#5466,#5467,#5468,#5469,#5470),.UNSPECIFIED.,.F.,.F.,
(4,1,1,1,1,1,1,1,1,1,1,1,1,1,1,1,1,1,1,1,1,1,1,4),(3.01149930417417E-6,
3.30173766114614,4.95260842377026,6.60348184349262,8.2543481908675,9.90519986541528,
11.5560804471526,13.2069567575222,14.857827185047,16.5086890254875,18.1595497678229,
19.810430505544,21.4612959265979,23.1121703163575,24.7630222363091,26.41389263196,
28.0647757424388,29.7156219049817,31.3664901673346,33.0173682615086,34.6682252773889,
36.3191162451351,37.9699820455745,41.271680935241),.UNSPECIFIED.);
#182=B_SPLINE_CURVE_WITH_KNOTS('',3,(#5476,#5477,#5478,#5479,#5480,#5481,
#5482,#5483,#5484,#5485,#5486,#5487),.UNSPECIFIED.,.F.,.F.,(4,2,2,2,2,4),
(-5.5219286008889,-5.07837141301505,-4.57053389293798,-4.06269654647725,
-3.55485937212476,-3.53542358912477),.UNSPECIFIED.);
#183=B_SPLINE_CURVE_WITH_KNOTS('',3,(#5493,#5494,#5495,#5496,#5497,#5498,
#5499,#5500,#5501,#5502,#5503,#5504),.UNSPECIFIED.,.F.,.F.,(4,2,2,2,2,4),
(-4.80628252093522,-4.57047655954965,-4.06264743933162,-3.55481738443847,
-3.04698649777181,-2.81829991563294),.UNSPECIFIED.);
#184=B_SPLINE_CURVE_WITH_KNOTS('',3,(#5506,#5507,#5508,#5509,#5510,#5511,
#5512,#5513,#5514,#5515,#5516,#5517,#5518,#5519,#5520,#5521,#5522,#5523,
#5524,#5525,#5526,#5527,#5528,#5529,#5530,#5531),.UNSPECIFIED.,.F.,.F.,
(4,1,1,1,1,1,1,1,1,1,1,1,1,1,1,1,1,1,1,1,1,1,1,4),(2.97899914395933E-7,
3.29607680027942,4.94412011927293,6.59217194312091,8.24022148083441,9.88825150419424,
11.5362851267525,13.1843245671222,14.8323866566384,16.4804097898481,18.1284446717566,
19.7764939540422,21.4245431509967,23.0725798794042,24.7206085959406,26.3686801870482,
28.0167019187722,29.6647477064384,31.3127833704603,32.960832674785,34.6088530601208,
36.2569018355062,37.9049456743991,41.201031526262),.UNSPECIFIED.);
#185=B_SPLINE_CURVE_WITH_KNOTS('',3,(#5534,#5535,#5536,#5537,#5538,#5539,
#5540,#5541,#5542,#5543,#5544,#5545,#5546,#5547,#5548,#5549,#5550,#5551,
#5552,#5553,#5554,#5555,#5556,#5557,#5558,#5559,#5560,#5561,#5562,#5563,
#5564,#5565,#5566,#5567,#5568,#5569,#5570),.UNSPECIFIED.,.F.,.F.,(4,3,3,
3,3,3,3,3,3,3,3,3,4),(1.31273922698108E-6,0.124594809597431,0.249172994052272,
0.377284214812483,0.501854437547106,0.631736157320109,0.761617877093113,
0.886174202204806,1.01072739638483,1.13885443502296,1.26342992454216,1.39333273773974,
1.52323555093732),.UNSPECIFIED.);
#186=FACE_OUTER_BOUND('',#342,.T.);
#187=FACE_OUTER_BOUND('',#343,.T.);
#188=FACE_OUTER_BOUND('',#344,.T.);
#189=FACE_OUTER_BOUND('',#345,.T.);
#190=FACE_OUTER_BOUND('',#346,.T.);
#191=FACE_OUTER_BOUND('',#347,.T.);
#192=FACE_OUTER_BOUND('',#348,.T.);
#193=FACE_OUTER_BOUND('',#349,.T.);
#194=FACE_OUTER_BOUND('',#350,.T.);
#195=FACE_OUTER_BOUND('',#351,.T.);
#196=FACE_OUTER_BOUND('',#352,.T.);
#197=FACE_OUTER_BOUND('',#353,.T.);
#198=FACE_OUTER_BOUND('',#354,.T.);
#199=FACE_OUTER_BOUND('',#355,.T.);
#200=FACE_OUTER_BOUND('',#356,.T.);
#201=FACE_OUTER_BOUND('',#357,.T.);
#202=FACE_OUTER_BOUND('',#358,.T.);
#203=FACE_OUTER_BOUND('',#359,.T.);
#204=FACE_OUTER_BOUND('',#360,.T.);
#205=FACE_OUTER_BOUND('',#361,.T.);
#206=FACE_OUTER_BOUND('',#362,.T.);
#207=FACE_OUTER_BOUND('',#363,.T.);
#208=FACE_OUTER_BOUND('',#364,.T.);
#209=FACE_OUTER_BOUND('',#365,.T.);
#210=FACE_OUTER_BOUND('',#366,.T.);
#211=FACE_OUTER_BOUND('',#367,.T.);
#212=FACE_OUTER_BOUND('',#368,.T.);
#213=FACE_OUTER_BOUND('',#369,.T.);
#214=FACE_OUTER_BOUND('',#370,.T.);
#215=FACE_OUTER_BOUND('',#371,.T.);
#216=FACE_OUTER_BOUND('',#372,.T.);
#217=FACE_OUTER_BOUND('',#373,.T.);
#218=FACE_OUTER_BOUND('',#374,.T.);
#219=FACE_OUTER_BOUND('',#375,.T.);
#220=FACE_OUTER_BOUND('',#376,.T.);
#221=FACE_OUTER_BOUND('',#377,.T.);
#222=FACE_OUTER_BOUND('',#378,.T.);
#223=FACE_OUTER_BOUND('',#379,.T.);
#224=FACE_OUTER_BOUND('',#380,.T.);
#225=FACE_OUTER_BOUND('',#381,.T.);
#226=FACE_OUTER_BOUND('',#382,.T.);
#227=FACE_OUTER_BOUND('',#383,.T.);
#228=FACE_OUTER_BOUND('',#384,.T.);
#229=FACE_OUTER_BOUND('',#385,.T.);
#230=FACE_OUTER_BOUND('',#386,.T.);
#231=FACE_OUTER_BOUND('',#387,.T.);
#232=FACE_OUTER_BOUND('',#388,.T.);
#233=FACE_OUTER_BOUND('',#389,.T.);
#234=FACE_OUTER_BOUND('',#390,.T.);
#235=FACE_OUTER_BOUND('',#391,.T.);
#236=FACE_OUTER_BOUND('',#392,.T.);
#237=FACE_OUTER_BOUND('',#393,.T.);
#238=FACE_OUTER_BOUND('',#394,.T.);
#239=FACE_OUTER_BOUND('',#395,.T.);
#240=FACE_OUTER_BOUND('',#396,.T.);
#241=FACE_OUTER_BOUND('',#397,.T.);
#242=FACE_OUTER_BOUND('',#398,.T.);
#243=FACE_OUTER_BOUND('',#399,.T.);
#244=FACE_OUTER_BOUND('',#400,.T.);
#245=FACE_OUTER_BOUND('',#401,.T.);
#246=FACE_OUTER_BOUND('',#402,.T.);
#247=FACE_OUTER_BOUND('',#403,.T.);
#248=FACE_OUTER_BOUND('',#404,.T.);
#249=FACE_OUTER_BOUND('',#405,.T.);
#250=FACE_OUTER_BOUND('',#406,.T.);
#251=FACE_OUTER_BOUND('',#407,.T.);
#252=FACE_OUTER_BOUND('',#408,.T.);
#253=FACE_OUTER_BOUND('',#409,.T.);
#254=FACE_OUTER_BOUND('',#410,.T.);
#255=FACE_OUTER_BOUND('',#411,.T.);
#256=FACE_OUTER_BOUND('',#412,.T.);
#257=FACE_OUTER_BOUND('',#413,.T.);
#258=FACE_OUTER_BOUND('',#414,.T.);
#259=FACE_OUTER_BOUND('',#415,.T.);
#260=FACE_OUTER_BOUND('',#416,.T.);
#261=FACE_OUTER_BOUND('',#417,.T.);
#262=FACE_OUTER_BOUND('',#418,.T.);
#263=FACE_OUTER_BOUND('',#419,.T.);
#264=FACE_OUTER_BOUND('',#420,.T.);
#265=FACE_OUTER_BOUND('',#421,.T.);
#266=FACE_OUTER_BOUND('',#422,.T.);
#267=FACE_OUTER_BOUND('',#423,.T.);
#268=FACE_OUTER_BOUND('',#424,.T.);
#269=FACE_OUTER_BOUND('',#425,.T.);
#270=FACE_OUTER_BOUND('',#426,.T.);
#271=FACE_OUTER_BOUND('',#427,.T.);
#272=FACE_OUTER_BOUND('',#428,.T.);
#273=FACE_OUTER_BOUND('',#429,.T.);
#274=FACE_OUTER_BOUND('',#430,.T.);
#275=FACE_OUTER_BOUND('',#431,.T.);
#276=FACE_OUTER_BOUND('',#432,.T.);
#277=FACE_OUTER_BOUND('',#433,.T.);
#278=FACE_OUTER_BOUND('',#434,.T.);
#279=FACE_OUTER_BOUND('',#435,.T.);
#280=FACE_OUTER_BOUND('',#436,.T.);
#281=FACE_OUTER_BOUND('',#437,.T.);
#282=FACE_OUTER_BOUND('',#438,.T.);
#283=FACE_OUTER_BOUND('',#439,.T.);
#284=FACE_OUTER_BOUND('',#440,.T.);
#285=FACE_OUTER_BOUND('',#441,.T.);
#286=FACE_OUTER_BOUND('',#442,.T.);
#287=FACE_OUTER_BOUND('',#443,.T.);
#288=FACE_OUTER_BOUND('',#444,.T.);
#289=FACE_OUTER_BOUND('',#445,.T.);
#290=FACE_OUTER_BOUND('',#446,.T.);
#291=FACE_OUTER_BOUND('',#447,.T.);
#292=FACE_OUTER_BOUND('',#448,.T.);
#293=FACE_OUTER_BOUND('',#449,.T.);
#294=FACE_OUTER_BOUND('',#450,.T.);
#295=FACE_OUTER_BOUND('',#451,.T.);
#296=FACE_OUTER_BOUND('',#459,.T.);
#297=FACE_OUTER_BOUND('',#460,.T.);
#298=FACE_OUTER_BOUND('',#461,.T.);
#299=FACE_OUTER_BOUND('',#462,.T.);
#300=FACE_OUTER_BOUND('',#463,.T.);
#301=FACE_OUTER_BOUND('',#464,.T.);
#302=FACE_OUTER_BOUND('',#465,.T.);
#303=FACE_OUTER_BOUND('',#471,.T.);
#304=FACE_OUTER_BOUND('',#474,.T.);
#305=FACE_OUTER_BOUND('',#477,.T.);
#306=FACE_OUTER_BOUND('',#480,.T.);
#307=FACE_OUTER_BOUND('',#481,.T.);
#308=FACE_OUTER_BOUND('',#482,.T.);
#309=FACE_OUTER_BOUND('',#488,.T.);
#310=FACE_OUTER_BOUND('',#489,.T.);
#311=FACE_OUTER_BOUND('',#490,.T.);
#312=FACE_OUTER_BOUND('',#491,.T.);
#313=FACE_OUTER_BOUND('',#492,.T.);
#314=FACE_OUTER_BOUND('',#493,.T.);
#315=FACE_OUTER_BOUND('',#494,.T.);
#316=FACE_OUTER_BOUND('',#495,.T.);
#317=FACE_OUTER_BOUND('',#496,.T.);
#318=FACE_OUTER_BOUND('',#497,.T.);
#319=FACE_OUTER_BOUND('',#498,.T.);
#320=FACE_OUTER_BOUND('',#499,.T.);
#321=FACE_OUTER_BOUND('',#500,.T.);
#322=FACE_OUTER_BOUND('',#501,.T.);
#323=FACE_OUTER_BOUND('',#502,.T.);
#324=FACE_OUTER_BOUND('',#503,.T.);
#325=FACE_OUTER_BOUND('',#504,.T.);
#326=FACE_OUTER_BOUND('',#505,.T.);
#327=FACE_OUTER_BOUND('',#506,.T.);
#328=FACE_OUTER_BOUND('',#507,.T.);
#329=FACE_OUTER_BOUND('',#508,.T.);
#330=FACE_OUTER_BOUND('',#509,.T.);
#331=FACE_OUTER_BOUND('',#510,.T.);
#332=FACE_OUTER_BOUND('',#516,.T.);
#333=FACE_OUTER_BOUND('',#518,.T.);
#334=FACE_OUTER_BOUND('',#524,.T.);
#335=FACE_OUTER_BOUND('',#525,.T.);
#336=FACE_OUTER_BOUND('',#526,.T.);
#337=FACE_OUTER_BOUND('',#527,.T.);
#338=FACE_OUTER_BOUND('',#528,.T.);
#339=FACE_OUTER_BOUND('',#529,.T.);
#340=FACE_OUTER_BOUND('',#530,.T.);
#341=FACE_OUTER_BOUND('',#531,.T.);
#342=EDGE_LOOP('',(#1688,#1689,#1690,#1691));
#343=EDGE_LOOP('',(#1692,#1693,#1694,#1695));
#344=EDGE_LOOP('',(#1696,#1697,#1698,#1699));
#345=EDGE_LOOP('',(#1700,#1701,#1702,#1703));
#346=EDGE_LOOP('',(#1704,#1705,#1706,#1707));
#347=EDGE_LOOP('',(#1708,#1709,#1710,#1711,#1712,#1713));
#348=EDGE_LOOP('',(#1714,#1715,#1716,#1717,#1718));
#349=EDGE_LOOP('',(#1719,#1720,#1721,#1722));
#350=EDGE_LOOP('',(#1723,#1724,#1725,#1726,#1727));
#351=EDGE_LOOP('',(#1728,#1729,#1730,#1731));
#352=EDGE_LOOP('',(#1732,#1733,#1734,#1735,#1736));
#353=EDGE_LOOP('',(#1737,#1738,#1739,#1740));
#354=EDGE_LOOP('',(#1741,#1742,#1743,#1744));
#355=EDGE_LOOP('',(#1745,#1746,#1747,#1748,#1749,#1750));
#356=EDGE_LOOP('',(#1751,#1752,#1753,#1754));
#357=EDGE_LOOP('',(#1755,#1756,#1757,#1758,#1759));
#358=EDGE_LOOP('',(#1760,#1761,#1762,#1763,#1764,#1765,#1766));
#359=EDGE_LOOP('',(#1767,#1768,#1769,#1770,#1771,#1772,#1773,#1774,#1775));
#360=EDGE_LOOP('',(#1776,#1777,#1778,#1779));
#361=EDGE_LOOP('',(#1780,#1781,#1782,#1783));
#362=EDGE_LOOP('',(#1784,#1785,#1786,#1787));
#363=EDGE_LOOP('',(#1788,#1789,#1790,#1791,#1792));
#364=EDGE_LOOP('',(#1793,#1794,#1795,#1796,#1797));
#365=EDGE_LOOP('',(#1798,#1799,#1800,#1801));
#366=EDGE_LOOP('',(#1802,#1803,#1804,#1805));
#367=EDGE_LOOP('',(#1806,#1807,#1808,#1809,#1810));
#368=EDGE_LOOP('',(#1811,#1812,#1813,#1814));
#369=EDGE_LOOP('',(#1815,#1816,#1817,#1818,#1819));
#370=EDGE_LOOP('',(#1820,#1821,#1822,#1823));
#371=EDGE_LOOP('',(#1824,#1825,#1826,#1827));
#372=EDGE_LOOP('',(#1828,#1829,#1830,#1831));
#373=EDGE_LOOP('',(#1832,#1833,#1834,#1835,#1836));
#374=EDGE_LOOP('',(#1837,#1838,#1839,#1840,#1841));
#375=EDGE_LOOP('',(#1842,#1843,#1844,#1845));
#376=EDGE_LOOP('',(#1846,#1847,#1848,#1849));
#377=EDGE_LOOP('',(#1850,#1851,#1852,#1853,#1854));
#378=EDGE_LOOP('',(#1855,#1856,#1857,#1858));
#379=EDGE_LOOP('',(#1859,#1860,#1861,#1862));
#380=EDGE_LOOP('',(#1863,#1864,#1865,#1866));
#381=EDGE_LOOP('',(#1867,#1868,#1869,#1870));
#382=EDGE_LOOP('',(#1871,#1872,#1873,#1874,#1875,#1876,#1877,#1878,#1879));
#383=EDGE_LOOP('',(#1880,#1881,#1882,#1883,#1884,#1885,#1886));
#384=EDGE_LOOP('',(#1887,#1888,#1889,#1890));
#385=EDGE_LOOP('',(#1891,#1892,#1893,#1894));
#386=EDGE_LOOP('',(#1895,#1896,#1897,#1898));
#387=EDGE_LOOP('',(#1899,#1900,#1901,#1902));
#388=EDGE_LOOP('',(#1903,#1904,#1905,#1906,#1907,#1908));
#389=EDGE_LOOP('',(#1909,#1910,#1911,#1912));
#390=EDGE_LOOP('',(#1913,#1914,#1915,#1916));
#391=EDGE_LOOP('',(#1917,#1918,#1919,#1920,#1921,#1922));
#392=EDGE_LOOP('',(#1923,#1924,#1925,#1926));
#393=EDGE_LOOP('',(#1927,#1928,#1929,#1930));
#394=EDGE_LOOP('',(#1931,#1932,#1933,#1934,#1935));
#395=EDGE_LOOP('',(#1936,#1937,#1938,#1939));
#396=EDGE_LOOP('',(#1940,#1941,#1942,#1943));
#397=EDGE_LOOP('',(#1944,#1945,#1946,#1947));
#398=EDGE_LOOP('',(#1948,#1949,#1950,#1951));
#399=EDGE_LOOP('',(#1952,#1953,#1954,#1955));
#400=EDGE_LOOP('',(#1956,#1957,#1958,#1959));
#401=EDGE_LOOP('',(#1960,#1961,#1962,#1963,#1964));
#402=EDGE_LOOP('',(#1965,#1966,#1967,#1968,#1969));
#403=EDGE_LOOP('',(#1970,#1971,#1972,#1973,#1974));
#404=EDGE_LOOP('',(#1975,#1976,#1977,#1978,#1979));
#405=EDGE_LOOP('',(#1980,#1981,#1982,#1983,#1984));
#406=EDGE_LOOP('',(#1985,#1986,#1987,#1988,#1989));
#407=EDGE_LOOP('',(#1990,#1991,#1992,#1993));
#408=EDGE_LOOP('',(#1994,#1995,#1996,#1997));
#409=EDGE_LOOP('',(#1998,#1999,#2000,#2001));
#410=EDGE_LOOP('',(#2002,#2003,#2004,#2005));
#411=EDGE_LOOP('',(#2006,#2007,#2008,#2009));
#412=EDGE_LOOP('',(#2010,#2011,#2012,#2013));
#413=EDGE_LOOP('',(#2014,#2015,#2016,#2017));
#414=EDGE_LOOP('',(#2018,#2019,#2020,#2021));
#415=EDGE_LOOP('',(#2022,#2023,#2024,#2025));
#416=EDGE_LOOP('',(#2026,#2027,#2028,#2029));
#417=EDGE_LOOP('',(#2030,#2031,#2032,#2033));
#418=EDGE_LOOP('',(#2034,#2035,#2036,#2037));
#419=EDGE_LOOP('',(#2038,#2039,#2040,#2041));
#420=EDGE_LOOP('',(#2042,#2043,#2044,#2045));
#421=EDGE_LOOP('',(#2046,#2047,#2048,#2049));
#422=EDGE_LOOP('',(#2050,#2051,#2052,#2053));
#423=EDGE_LOOP('',(#2054,#2055,#2056,#2057));
#424=EDGE_LOOP('',(#2058,#2059,#2060,#2061));
#425=EDGE_LOOP('',(#2062,#2063,#2064,#2065));
#426=EDGE_LOOP('',(#2066,#2067,#2068,#2069));
#427=EDGE_LOOP('',(#2070,#2071,#2072,#2073));
#428=EDGE_LOOP('',(#2074,#2075,#2076,#2077));
#429=EDGE_LOOP('',(#2078,#2079,#2080,#2081));
#430=EDGE_LOOP('',(#2082,#2083,#2084,#2085));
#431=EDGE_LOOP('',(#2086,#2087,#2088,#2089));
#432=EDGE_LOOP('',(#2090,#2091,#2092,#2093));
#433=EDGE_LOOP('',(#2094,#2095,#2096,#2097));
#434=EDGE_LOOP('',(#2098,#2099,#2100,#2101));
#435=EDGE_LOOP('',(#2102,#2103,#2104,#2105));
#436=EDGE_LOOP('',(#2106,#2107,#2108,#2109));
#437=EDGE_LOOP('',(#2110,#2111,#2112,#2113));
#438=EDGE_LOOP('',(#2114,#2115,#2116,#2117));
#439=EDGE_LOOP('',(#2118,#2119,#2120,#2121));
#440=EDGE_LOOP('',(#2122,#2123,#2124,#2125));
#441=EDGE_LOOP('',(#2126,#2127,#2128,#2129));
#442=EDGE_LOOP('',(#2130,#2131,#2132,#2133));
#443=EDGE_LOOP('',(#2134,#2135,#2136,#2137));
#444=EDGE_LOOP('',(#2138,#2139,#2140,#2141));
#445=EDGE_LOOP('',(#2142,#2143,#2144,#2145));
#446=EDGE_LOOP('',(#2146,#2147,#2148,#2149));
#447=EDGE_LOOP('',(#2150,#2151,#2152,#2153));
#448=EDGE_LOOP('',(#2154,#2155,#2156,#2157));
#449=EDGE_LOOP('',(#2158,#2159,#2160,#2161));
#450=EDGE_LOOP('',(#2162,#2163,#2164,#2165));
#451=EDGE_LOOP('',(#2166,#2167,#2168,#2169,#2170,#2171,#2172,#2173,#2174,
#2175,#2176,#2177,#2178,#2179,#2180,#2181,#2182,#2183,#2184,#2185,#2186,
#2187,#2188,#2189,#2190));
#452=EDGE_LOOP('',(#2191));
#453=EDGE_LOOP('',(#2192));
#454=EDGE_LOOP('',(#2193));
#455=EDGE_LOOP('',(#2194));
#456=EDGE_LOOP('',(#2195));
#457=EDGE_LOOP('',(#2196));
#458=EDGE_LOOP('',(#2197));
#459=EDGE_LOOP('',(#2198,#2199,#2200,#2201));
#460=EDGE_LOOP('',(#2202,#2203,#2204,#2205));
#461=EDGE_LOOP('',(#2206,#2207,#2208,#2209));
#462=EDGE_LOOP('',(#2210,#2211,#2212,#2213));
#463=EDGE_LOOP('',(#2214,#2215,#2216,#2217));
#464=EDGE_LOOP('',(#2218,#2219,#2220,#2221));
#465=EDGE_LOOP('',(#2222,#2223,#2224,#2225,#2226,#2227,#2228,#2229,#2230,
#2231,#2232,#2233,#2234,#2235,#2236,#2237,#2238,#2239,#2240,#2241,#2242,
#2243,#2244,#2245,#2246,#2247,#2248,#2249,#2250,#2251));
#466=EDGE_LOOP('',(#2252));
#467=EDGE_LOOP('',(#2253));
#468=EDGE_LOOP('',(#2254));
#469=EDGE_LOOP('',(#2255));
#470=EDGE_LOOP('',(#2256));
#471=EDGE_LOOP('',(#2257,#2258,#2259,#2260,#2261,#2262,#2263,#2264,#2265,
#2266));
#472=EDGE_LOOP('',(#2267));
#473=EDGE_LOOP('',(#2268));
#474=EDGE_LOOP('',(#2269,#2270,#2271,#2272,#2273,#2274,#2275,#2276,#2277,
#2278));
#475=EDGE_LOOP('',(#2279));
#476=EDGE_LOOP('',(#2280));
#477=EDGE_LOOP('',(#2281,#2282,#2283,#2284,#2285,#2286,#2287,#2288,#2289,
#2290));
#478=EDGE_LOOP('',(#2291));
#479=EDGE_LOOP('',(#2292));
#480=EDGE_LOOP('',(#2293,#2294,#2295,#2296));
#481=EDGE_LOOP('',(#2297,#2298,#2299,#2300));
#482=EDGE_LOOP('',(#2301));
#483=EDGE_LOOP('',(#2302));
#484=EDGE_LOOP('',(#2303));
#485=EDGE_LOOP('',(#2304));
#486=EDGE_LOOP('',(#2305));
#487=EDGE_LOOP('',(#2306));
#488=EDGE_LOOP('',(#2307,#2308,#2309,#2310,#2311));
#489=EDGE_LOOP('',(#2312,#2313,#2314,#2315));
#490=EDGE_LOOP('',(#2316,#2317,#2318,#2319));
#491=EDGE_LOOP('',(#2320,#2321,#2322,#2323));
#492=EDGE_LOOP('',(#2324,#2325,#2326,#2327));
#493=EDGE_LOOP('',(#2328,#2329,#2330,#2331));
#494=EDGE_LOOP('',(#2332,#2333,#2334,#2335));
#495=EDGE_LOOP('',(#2336,#2337,#2338,#2339));
#496=EDGE_LOOP('',(#2340,#2341,#2342,#2343));
#497=EDGE_LOOP('',(#2344,#2345,#2346,#2347,#2348,#2349,#2350,#2351,#2352,
#2353,#2354,#2355,#2356,#2357,#2358,#2359,#2360,#2361,#2362,#2363,#2364,
#2365,#2366,#2367,#2368));
#498=EDGE_LOOP('',(#2369,#2370,#2371,#2372,#2373));
#499=EDGE_LOOP('',(#2374,#2375,#2376,#2377));
#500=EDGE_LOOP('',(#2378,#2379,#2380,#2381));
#501=EDGE_LOOP('',(#2382,#2383,#2384,#2385));
#502=EDGE_LOOP('',(#2386,#2387,#2388,#2389));
#503=EDGE_LOOP('',(#2390,#2391,#2392,#2393));
#504=EDGE_LOOP('',(#2394,#2395,#2396,#2397));
#505=EDGE_LOOP('',(#2398,#2399,#2400,#2401));
#506=EDGE_LOOP('',(#2402,#2403,#2404,#2405));
#507=EDGE_LOOP('',(#2406,#2407,#2408,#2409));
#508=EDGE_LOOP('',(#2410,#2411,#2412,#2413));
#509=EDGE_LOOP('',(#2414,#2415,#2416,#2417));
#510=EDGE_LOOP('',(#2418,#2419,#2420,#2421,#2422,#2423,#2424,#2425,#2426,
#2427,#2428,#2429,#2430,#2431,#2432,#2433,#2434,#2435,#2436,#2437));
#511=EDGE_LOOP('',(#2438));
#512=EDGE_LOOP('',(#2439));
#513=EDGE_LOOP('',(#2440));
#514=EDGE_LOOP('',(#2441));
#515=EDGE_LOOP('',(#2442));
#516=EDGE_LOOP('',(#2443));
#517=EDGE_LOOP('',(#2444));
#518=EDGE_LOOP('',(#2445));
#519=EDGE_LOOP('',(#2446));
#520=EDGE_LOOP('',(#2447));
#521=EDGE_LOOP('',(#2448));
#522=EDGE_LOOP('',(#2449));
#523=EDGE_LOOP('',(#2450));
#524=EDGE_LOOP('',(#2451,#2452,#2453,#2454));
#525=EDGE_LOOP('',(#2455,#2456,#2457,#2458));
#526=EDGE_LOOP('',(#2459,#2460,#2461,#2462));
#527=EDGE_LOOP('',(#2463,#2464,#2465,#2466));
#528=EDGE_LOOP('',(#2467,#2468,#2469,#2470,#2471));
#529=EDGE_LOOP('',(#2472,#2473,#2474,#2475,#2476));
#530=EDGE_LOOP('',(#2477,#2478,#2479,#2480));
#531=EDGE_LOOP('',(#2481,#2482,#2483,#2484,#2485));
#532=LINE('',#3906,#693);
#533=LINE('',#3912,#694);
#534=LINE('',#3918,#695);
#535=LINE('',#3924,#696);
#536=LINE('',#3930,#697);
#537=LINE('',#3935,#698);
#538=LINE('',#3954,#699);
#539=LINE('',#3995,#700);
#540=LINE('',#4011,#701);
#541=LINE('',#4052,#702);
#542=LINE('',#4056,#703);
#543=LINE('',#4362,#704);
#544=LINE('',#4414,#705);
#545=LINE('',#4477,#706);
#546=LINE('',#4479,#707);
#547=LINE('',#4571,#708);
#548=LINE('',#4581,#709);
#549=LINE('',#4582,#710);
#550=LINE('',#4583,#711);
#551=LINE('',#4702,#712);
#552=LINE('',#5164,#713);
#553=LINE('',#5166,#714);
#554=LINE('',#5351,#715);
#555=LINE('',#5430,#716);
#556=LINE('',#5432,#717);
#557=LINE('',#5438,#718);
#558=LINE('',#5440,#719);
#559=LINE('',#5441,#720);
#560=LINE('',#5443,#721);
#561=LINE('',#5589,#722);
#562=LINE('',#5590,#723);
#563=LINE('',#5592,#724);
#564=LINE('',#5593,#725);
#565=LINE('',#5595,#726);
#566=LINE('',#5596,#727);
#567=LINE('',#5598,#728);
#568=LINE('',#5599,#729);
#569=LINE('',#5601,#730);
#570=LINE('',#5602,#731);
#571=LINE('',#5604,#732);
#572=LINE('',#5605,#733);
#573=LINE('',#5607,#734);
#574=LINE('',#5609,#735);
#575=LINE('',#5610,#736);
#576=LINE('',#5613,#737);
#577=LINE('',#5614,#738);
#578=LINE('',#5615,#739);
#579=LINE('',#5618,#740);
#580=LINE('',#5619,#741);
#581=LINE('',#5620,#742);
#582=LINE('',#5623,#743);
#583=LINE('',#5624,#744);
#584=LINE('',#5625,#745);
#585=LINE('',#5627,#746);
#586=LINE('',#5629,#747);
#587=LINE('',#5630,#748);
#588=LINE('',#5632,#749);
#589=LINE('',#5634,#750);
#590=LINE('',#5635,#751);
#591=LINE('',#5637,#752);
#592=LINE('',#5639,#753);
#593=LINE('',#5641,#754);
#594=LINE('',#5643,#755);
#595=LINE('',#5645,#756);
#596=LINE('',#5647,#757);
#597=LINE('',#5649,#758);
#598=LINE('',#5651,#759);
#599=LINE('',#5656,#760);
#600=LINE('',#5662,#761);
#601=LINE('',#5668,#762);
#602=LINE('',#5674,#763);
#603=LINE('',#5680,#764);
#604=LINE('',#5686,#765);
#605=LINE('',#5692,#766);
#606=LINE('',#5693,#767);
#607=LINE('',#5697,#768);
#608=LINE('',#5701,#769);
#609=LINE('',#5704,#770);
#610=LINE('',#5706,#771);
#611=LINE('',#5710,#772);
#612=LINE('',#5714,#773);
#613=LINE('',#5718,#774);
#614=LINE('',#5720,#775);
#615=LINE('',#5724,#776);
#616=LINE('',#5728,#777);
#617=LINE('',#5733,#778);
#618=LINE('',#5737,#779);
#619=LINE('',#5742,#780);
#620=LINE('',#5746,#781);
#621=LINE('',#5753,#782);
#622=LINE('',#5756,#783);
#623=LINE('',#5760,#784);
#624=LINE('',#5764,#785);
#625=LINE('',#5771,#786);
#626=LINE('',#5774,#787);
#627=LINE('',#5778,#788);
#628=LINE('',#5782,#789);
#629=LINE('',#5788,#790);
#630=LINE('',#5792,#791);
#631=LINE('',#5800,#792);
#632=LINE('',#5805,#793);
#633=LINE('',#5812,#794);
#634=LINE('',#5821,#795);
#635=LINE('',#5824,#796);
#636=LINE('',#5832,#797);
#637=LINE('',#5834,#798);
#638=LINE('',#5836,#799);
#639=LINE('',#5838,#800);
#640=LINE('',#5840,#801);
#641=LINE('',#5842,#802);
#642=LINE('',#5863,#803);
#643=LINE('',#5888,#804);
#644=LINE('',#5894,#805);
#645=LINE('',#5897,#806);
#646=LINE('',#5900,#807);
#647=LINE('',#5902,#808);
#648=LINE('',#5903,#809);
#649=LINE('',#5906,#810);
#650=LINE('',#5908,#811);
#651=LINE('',#5909,#812);
#652=LINE('',#5915,#813);
#653=LINE('',#5917,#814);
#654=LINE('',#5919,#815);
#655=LINE('',#5920,#816);
#656=LINE('',#5924,#817);
#657=LINE('',#5926,#818);
#658=LINE('',#5928,#819);
#659=LINE('',#5929,#820);
#660=LINE('',#5941,#821);
#661=LINE('',#5945,#822);
#662=LINE('',#5949,#823);
#663=LINE('',#5953,#824);
#664=LINE('',#5959,#825);
#665=LINE('',#5963,#826);
#666=LINE('',#5967,#827);
#667=LINE('',#5971,#828);
#668=LINE('',#5974,#829);
#669=LINE('',#5977,#830);
#670=LINE('',#5978,#831);
#671=LINE('',#5981,#832);
#672=LINE('',#5982,#833);
#673=LINE('',#5987,#834);
#674=LINE('',#5990,#835);
#675=LINE('',#5993,#836);
#676=LINE('',#5994,#837);
#677=LINE('',#5997,#838);
#678=LINE('',#5998,#839);
#679=LINE('',#6003,#840);
#680=LINE('',#6006,#841);
#681=LINE('',#6009,#842);
#682=LINE('',#6010,#843);
#683=LINE('',#6013,#844);
#684=LINE('',#6014,#845);
#685=LINE('',#6047,#846);
#686=LINE('',#6049,#847);
#687=LINE('',#6051,#848);
#688=LINE('',#6053,#849);
#689=LINE('',#6056,#850);
#690=LINE('',#6061,#851);
#691=LINE('',#6063,#852);
#692=LINE('',#6065,#853);
#693=VECTOR('',#3064,1.75);
#694=VECTOR('',#3071,1.75);
#695=VECTOR('',#3078,1.75);
#696=VECTOR('',#3085,1.75);
#697=VECTOR('',#3092,3.441421356);
#698=VECTOR('',#3097,1.);
#699=VECTOR('',#3100,1.);
#700=VECTOR('',#3103,1.);
#701=VECTOR('',#3104,1.);
#702=VECTOR('',#3107,1.);
#703=VECTOR('',#3110,1.);
#704=VECTOR('',#3153,1.);
#705=VECTOR('',#3166,1.);
#706=VECTOR('',#3169,1.);
#707=VECTOR('',#3170,1.);
#708=VECTOR('',#3175,1.);
#709=VECTOR('',#3176,1.);
#710=VECTOR('',#3177,1.);
#711=VECTOR('',#3178,1.);
#712=VECTOR('',#3213,1.);
#713=VECTOR('',#3324,1.);
#714=VECTOR('',#3325,1.);
#715=VECTOR('',#3326,1.);
#716=VECTOR('',#3333,1.);
#717=VECTOR('',#3336,1.);
#718=VECTOR('',#3339,1.);
#719=VECTOR('',#3342,1.);
#720=VECTOR('',#3343,1.);
#721=VECTOR('',#3346,1.);
#722=VECTOR('',#3389,1.);
#723=VECTOR('',#3390,1.);
#724=VECTOR('',#3393,1.);
#725=VECTOR('',#3394,1.);
#726=VECTOR('',#3397,1.);
#727=VECTOR('',#3398,1.);
#728=VECTOR('',#3401,1.);
#729=VECTOR('',#3402,1.);
#730=VECTOR('',#3405,1.);
#731=VECTOR('',#3406,1.);
#732=VECTOR('',#3409,1.);
#733=VECTOR('',#3410,1.);
#734=VECTOR('',#3413,1.);
#735=VECTOR('',#3414,1.);
#736=VECTOR('',#3415,1.);
#737=VECTOR('',#3418,1.);
#738=VECTOR('',#3419,1.);
#739=VECTOR('',#3420,1.);
#740=VECTOR('',#3423,1.);
#741=VECTOR('',#3424,1.);
#742=VECTOR('',#3425,1.);
#743=VECTOR('',#3428,1.);
#744=VECTOR('',#3429,1.);
#745=VECTOR('',#3430,1.);
#746=VECTOR('',#3433,1.);
#747=VECTOR('',#3434,1.);
#748=VECTOR('',#3435,1.);
#749=VECTOR('',#3438,1.);
#750=VECTOR('',#3439,1.);
#751=VECTOR('',#3440,1.);
#752=VECTOR('',#3443,1.);
#753=VECTOR('',#3446,1.);
#754=VECTOR('',#3449,1.);
#755=VECTOR('',#3452,1.);
#756=VECTOR('',#3455,1.);
#757=VECTOR('',#3458,1.);
#758=VECTOR('',#3461,1.);
#759=VECTOR('',#3464,1.);
#760=VECTOR('',#3469,1.);
#761=VECTOR('',#3476,1.);
#762=VECTOR('',#3483,1.);
#763=VECTOR('',#3490,1.);
#764=VECTOR('',#3497,1.);
#765=VECTOR('',#3504,1.);
#766=VECTOR('',#3511,1.);
#767=VECTOR('',#3512,1.);
#768=VECTOR('',#3517,1.);
#769=VECTOR('',#3522,1.);
#770=VECTOR('',#3525,1.);
#771=VECTOR('',#3526,1.);
#772=VECTOR('',#3531,1.);
#773=VECTOR('',#3536,1.);
#774=VECTOR('',#3541,1.);
#775=VECTOR('',#3542,1.);
#776=VECTOR('',#3547,1.);
#777=VECTOR('',#3552,1.);
#778=VECTOR('',#3557,1.);
#779=VECTOR('',#3560,1.);
#780=VECTOR('',#3565,1.);
#781=VECTOR('',#3568,1.);
#782=VECTOR('',#3575,1.);
#783=VECTOR('',#3578,1.);
#784=VECTOR('',#3581,1.);
#785=VECTOR('',#3584,1.);
#786=VECTOR('',#3591,1.);
#787=VECTOR('',#3594,1.);
#788=VECTOR('',#3597,1.);
#789=VECTOR('',#3600,1.);
#790=VECTOR('',#3609,1.);
#791=VECTOR('',#3614,1.);
#792=VECTOR('',#3627,1.);
#793=VECTOR('',#3634,1.);
#794=VECTOR('',#3645,1.);
#795=VECTOR('',#3660,1.);
#796=VECTOR('',#3665,1.);
#797=VECTOR('',#3680,1.);
#798=VECTOR('',#3683,1.);
#799=VECTOR('',#3686,1.);
#800=VECTOR('',#3689,1.);
#801=VECTOR('',#3692,1.);
#802=VECTOR('',#3695,1.);
#803=VECTOR('',#3704,2.57500314003857);
#804=VECTOR('',#3711,1.);
#805=VECTOR('',#3716,15.0671903410248);
#806=VECTOR('',#3719,15.0671903398393);
#807=VECTOR('',#3722,10.);
#808=VECTOR('',#3723,10.);
#809=VECTOR('',#3724,10.);
#810=VECTOR('',#3727,10.);
#811=VECTOR('',#3728,10.);
#812=VECTOR('',#3729,10.);
#813=VECTOR('',#3736,10.);
#814=VECTOR('',#3737,10.);
#815=VECTOR('',#3738,15.067190347);
#816=VECTOR('',#3739,10.);
#817=VECTOR('',#3742,10.);
#818=VECTOR('',#3743,10.);
#819=VECTOR('',#3744,15.0671903410248);
#820=VECTOR('',#3745,10.);
#821=VECTOR('',#3762,15.2);
#822=VECTOR('',#3765,10.);
#823=VECTOR('',#3768,10.);
#824=VECTOR('',#3771,10.);
#825=VECTOR('',#3778,10.);
#826=VECTOR('',#3781,10.);
#827=VECTOR('',#3784,10.);
#828=VECTOR('',#3789,15.0671903398393);
#829=VECTOR('',#3792,15.0671903410248);
#830=VECTOR('',#3795,10.);
#831=VECTOR('',#3796,10.);
#832=VECTOR('',#3799,10.);
#833=VECTOR('',#3800,10.);
#834=VECTOR('',#3807,15.0671903398393);
#835=VECTOR('',#3810,15.0671903398393);
#836=VECTOR('',#3813,10.);
#837=VECTOR('',#3814,10.);
#838=VECTOR('',#3817,10.);
#839=VECTOR('',#3818,10.);
#840=VECTOR('',#3825,15.0671903410248);
#841=VECTOR('',#3828,15.067190347);
#842=VECTOR('',#3831,10.);
#843=VECTOR('',#3832,10.);
#844=VECTOR('',#3835,10.);
#845=VECTOR('',#3836,10.);
#846=VECTOR('',#3875,1.75);
#847=VECTOR('',#3878,1.75);
#848=VECTOR('',#3881,1.75);
#849=VECTOR('',#3884,1.75);
#850=VECTOR('',#3887,1.5);
#851=VECTOR('',#3894,1.870710678);
#852=VECTOR('',#3897,9.7);
#853=VECTOR('',#3900,14.2);
#854=CIRCLE('',#2719,1.75);
#855=CIRCLE('',#2720,1.75);
#856=CIRCLE('',#2722,1.75);
#857=CIRCLE('',#2723,1.75);
#858=CIRCLE('',#2725,1.75);
#859=CIRCLE('',#2726,1.75);
#860=CIRCLE('',#2728,1.75);
#861=CIRCLE('',#2729,1.75);
#862=CIRCLE('',#2731,3.441421356);
#863=CIRCLE('',#2732,3.441421356);
#864=CIRCLE('',#2734,0.300014414913589);
#865=CIRCLE('',#2737,1.00002028813484);
#866=CIRCLE('',#2738,1.00002022283589);
#867=CIRCLE('',#2740,0.299999818797111);
#868=CIRCLE('',#2741,0.299999818797111);
#869=CIRCLE('',#2742,19.499713535657);
#870=CIRCLE('',#2743,19.4997135356543);
#871=CIRCLE('',#2745,0.300025870519402);
#872=CIRCLE('',#2746,0.300025870519402);
#873=CIRCLE('',#2748,27.8896431022672);
#874=CIRCLE('',#2749,0.300000021775923);
#875=CIRCLE('',#2750,27.8896987392365);
#876=CIRCLE('',#2752,0.300018031513365);
#877=CIRCLE('',#2754,0.300020889116361);
#878=CIRCLE('',#2755,0.300000561853491);
#879=CIRCLE('',#2757,27.5897776910599);
#880=CIRCLE('',#2758,0.30002657711718);
#881=CIRCLE('',#2760,0.299994616820015);
#882=CIRCLE('',#2761,1.00000575903933);
#883=CIRCLE('',#2762,0.29999588841372);
#884=CIRCLE('',#2764,0.30002657711718);
#885=CIRCLE('',#2766,0.29999588841372);
#886=CIRCLE('',#2769,1.00000399966719);
#887=CIRCLE('',#2770,0.300003146220751);
#888=CIRCLE('',#2771,1.2999999640021);
#889=CIRCLE('',#2773,0.299997015820795);
#890=CIRCLE('',#2774,1.00002213408405);
#891=CIRCLE('',#2775,0.299985878059707);
#892=CIRCLE('',#2776,1.30002036898012);
#893=CIRCLE('',#2778,19.1994069898509);
#894=CIRCLE('',#2779,0.30000834598679);
#895=CIRCLE('',#2780,19.4998543842378);
#896=CIRCLE('',#2782,0.700285969499841);
#897=CIRCLE('',#2783,0.300024367236316);
#898=CIRCLE('',#2785,0.300004727901826);
#899=CIRCLE('',#2787,0.299988997475737);
#900=CIRCLE('',#2788,1.30002173301818);
#901=CIRCLE('',#2790,0.300004727901826);
#902=CIRCLE('',#2791,0.300013750691492);
#903=CIRCLE('',#2793,19.4995865940513);
#904=CIRCLE('',#2794,19.4995865940374);
#905=CIRCLE('',#2795,0.300007720033117);
#906=CIRCLE('',#2796,0.300000680695369);
#907=CIRCLE('',#2798,0.300016451801643);
#908=CIRCLE('',#2799,0.300016451801643);
#909=CIRCLE('',#2801,27.9345735490659);
#910=CIRCLE('',#2802,0.300033302621078);
#911=CIRCLE('',#2803,27.9346626927475);
#912=CIRCLE('',#2805,0.299999291304818);
#913=CIRCLE('',#2806,0.300023381994987);
#914=CIRCLE('',#2808,0.300033302621079);
#915=CIRCLE('',#2810,27.9346749875569);
#916=CIRCLE('',#2811,0.300009888297631);
#917=CIRCLE('',#2812,27.6347211856082);
#918=CIRCLE('',#2814,0.299977971166777);
#919=CIRCLE('',#2816,0.29999444258105);
#920=CIRCLE('',#2817,1.00000569415283);
#921=CIRCLE('',#2818,0.300004395507126);
#922=CIRCLE('',#2820,0.300002971820261);
#923=CIRCLE('',#2822,0.299977971166777);
#924=CIRCLE('',#2823,1.0000220787963);
#925=CIRCLE('',#2824,0.299995735607296);
#926=CIRCLE('',#2826,0.300002971820261);
#927=CIRCLE('',#2827,1.00000399966719);
#928=CIRCLE('',#2829,19.4998543842378);
#929=CIRCLE('',#2830,0.300008172476172);
#930=CIRCLE('',#2832,0.299997604837419);
#931=CIRCLE('',#2834,0.30002119358398);
#932=CIRCLE('',#2835,0.30002119358398);
#933=CIRCLE('',#2837,0.300029996833508);
#934=CIRCLE('',#2838,0.299998577730575);
#935=CIRCLE('',#2840,27.8941256246813);
#936=CIRCLE('',#2841,0.300004727901826);
#937=CIRCLE('',#2849,1.00000061319349);
#938=CIRCLE('',#2850,0.29999197187253);
#939=CIRCLE('',#2852,0.299993800308742);
#940=CIRCLE('',#2853,1.00000895767433);
#941=CIRCLE('',#2856,0.300013353131195);
#942=CIRCLE('',#2857,1.00000067646779);
#943=CIRCLE('',#2859,1.30000298394679);
#944=CIRCLE('',#2860,1.00000900360151);
#945=CIRCLE('',#2861,0.299993799764319);
#946=CIRCLE('',#2863,14.3001978870814);
#947=CIRCLE('',#2864,14.3001978870814);
#948=CIRCLE('',#2865,0.249999963194088);
#949=CIRCLE('',#2866,14.8001979017617);
#950=CIRCLE('',#2888,2.15264786878854);
#951=CIRCLE('',#2889,2.15264786878854);
#952=CIRCLE('',#2891,2.15264969051489);
#953=CIRCLE('',#2892,2.15264969051489);
#954=CIRCLE('',#2894,2.15265027074914);
#955=CIRCLE('',#2895,2.15265027074914);
#956=CIRCLE('',#2897,2.15265006981903);
#957=CIRCLE('',#2898,2.15265006981903);
#958=CIRCLE('',#2900,2.15264697698088);
#959=CIRCLE('',#2901,2.15264697698088);
#960=CIRCLE('',#2903,2.15265050280888);
#961=CIRCLE('',#2904,2.15265050280888);
#962=CIRCLE('',#2906,1.29999723990205);
#963=CIRCLE('',#2908,19.1997704850615);
#964=CIRCLE('',#2910,1.30000855464137);
#965=CIRCLE('',#2912,1.29997837661024);
#966=CIRCLE('',#2914,19.200330627312);
#967=CIRCLE('',#2916,1.29999882520335);
#968=CIRCLE('',#2918,1.30001074546566);
#969=CIRCLE('',#2920,19.19967985274);
#970=CIRCLE('',#2922,1.29998375020093);
#971=CIRCLE('',#2924,3.74999847134967);
#972=CIRCLE('',#2925,3.74999847134967);
#973=CIRCLE('',#2927,3.7499890588472);
#974=CIRCLE('',#2928,3.7499890588472);
#975=CIRCLE('',#2930,3.75000321483441);
#976=CIRCLE('',#2931,3.75000321483441);
#977=CIRCLE('',#2933,3.749993984082);
#978=CIRCLE('',#2934,3.749993984082);
#979=CIRCLE('',#2936,3.74999683315675);
#980=CIRCLE('',#2937,3.74999683315675);
#981=CIRCLE('',#2939,3.74999731206323);
#982=CIRCLE('',#2940,3.74999731206323);
#983=CIRCLE('',#2942,23.8084380065651);
#984=CIRCLE('',#2943,23.8084380065651);
#985=CIRCLE('',#2945,23.8186369342869);
#986=CIRCLE('',#2946,23.8186369342869);
#987=CIRCLE('',#2948,23.8125032553444);
#988=CIRCLE('',#2949,23.8125032553444);
#989=CIRCLE('',#2951,23.8081442543801);
#990=CIRCLE('',#2952,23.8081442543801);
#991=CIRCLE('',#2954,23.8139549916508);
#992=CIRCLE('',#2955,23.8139549916508);
#993=CIRCLE('',#2957,23.8122944743633);
#994=CIRCLE('',#2958,23.8122944743633);
#995=CIRCLE('',#2960,23.8160659398233);
#996=CIRCLE('',#2961,23.8160659398233);
#997=CIRCLE('',#2963,23.8126379147111);
#998=CIRCLE('',#2964,23.8126379147111);
#999=CIRCLE('',#2966,23.8067345914053);
#1000=CIRCLE('',#2967,23.8067345914053);
#1001=CIRCLE('',#2986,14.3001978870814);
#1002=CIRCLE('',#2989,15.2);
#1003=CIRCLE('',#2990,15.);
#1004=CIRCLE('',#2994,15.);
#1005=CIRCLE('',#2998,15.2);
#1006=CIRCLE('',#2999,15.);
#1007=CIRCLE('',#3001,15.);
#1008=CIRCLE('',#3003,15.2);
#1009=CIRCLE('',#3004,15.2);
#1010=CIRCLE('',#3005,15.2);
#1011=CIRCLE('',#3006,15.2);
#1012=CIRCLE('',#3007,15.2);
#1013=CIRCLE('',#3008,15.2);
#1014=CIRCLE('',#3009,15.2);
#1015=CIRCLE('',#3010,15.2);
#1016=CIRCLE('',#3011,15.2);
#1017=CIRCLE('',#3012,15.2);
#1018=CIRCLE('',#3013,15.2);
#1019=CIRCLE('',#3015,15.);
#1020=CIRCLE('',#3019,15.);
#1021=CIRCLE('',#3021,15.);
#1022=CIRCLE('',#3025,15.);
#1023=CIRCLE('',#3027,15.);
#1024=CIRCLE('',#3031,15.);
#1025=CIRCLE('',#3033,1.5);
#1026=CIRCLE('',#3034,1.75);
#1027=CIRCLE('',#3035,1.75);
#1028=CIRCLE('',#3036,1.75);
#1029=CIRCLE('',#3037,1.75);
#1030=CIRCLE('',#3039,14.2);
#1031=CIRCLE('',#3040,9.7);
#1032=CIRCLE('',#3042,9.7);
#1033=CIRCLE('',#3043,1.75);
#1034=CIRCLE('',#3044,1.75);
#1035=CIRCLE('',#3045,1.75);
#1036=CIRCLE('',#3046,1.75);
#1037=CIRCLE('',#3047,3.441421356);
#1038=CIRCLE('',#3053,1.5);
#1039=CIRCLE('',#3054,1.5);
#1040=VERTEX_POINT('',#3903);
#1041=VERTEX_POINT('',#3905);
#1042=VERTEX_POINT('',#3909);
#1043=VERTEX_POINT('',#3911);
#1044=VERTEX_POINT('',#3915);
#1045=VERTEX_POINT('',#3917);
#1046=VERTEX_POINT('',#3921);
#1047=VERTEX_POINT('',#3923);
#1048=VERTEX_POINT('',#3927);
#1049=VERTEX_POINT('',#3929);
#1050=VERTEX_POINT('',#3933);
#1051=VERTEX_POINT('',#3934);
#1052=VERTEX_POINT('',#3936);
#1053=VERTEX_POINT('',#3943);
#1054=VERTEX_POINT('',#3945);
#1055=VERTEX_POINT('',#3953);
#1056=VERTEX_POINT('',#3993);
#1057=VERTEX_POINT('',#3994);
#1058=VERTEX_POINT('',#3996);
#1059=VERTEX_POINT('',#4004);
#1060=VERTEX_POINT('',#4010);
#1061=VERTEX_POINT('',#4050);
#1062=VERTEX_POINT('',#4051);
#1063=VERTEX_POINT('',#4053);
#1064=VERTEX_POINT('',#4055);
#1065=VERTEX_POINT('',#4059);
#1066=VERTEX_POINT('',#4060);
#1067=VERTEX_POINT('',#4062);
#1068=VERTEX_POINT('',#4088);
#1069=VERTEX_POINT('',#4090);
#1070=VERTEX_POINT('',#4094);
#1071=VERTEX_POINT('',#4095);
#1072=VERTEX_POINT('',#4097);
#1073=VERTEX_POINT('',#4107);
#1074=VERTEX_POINT('',#4147);
#1075=VERTEX_POINT('',#4148);
#1076=VERTEX_POINT('',#4150);
#1077=VERTEX_POINT('',#4180);
#1078=VERTEX_POINT('',#4218);
#1079=VERTEX_POINT('',#4230);
#1080=VERTEX_POINT('',#4231);
#1081=VERTEX_POINT('',#4233);
#1082=VERTEX_POINT('',#4243);
#1083=VERTEX_POINT('',#4283);
#1084=VERTEX_POINT('',#4285);
#1085=VERTEX_POINT('',#4287);
#1086=VERTEX_POINT('',#4361);
#1087=VERTEX_POINT('',#4367);
#1088=VERTEX_POINT('',#4368);
#1089=VERTEX_POINT('',#4370);
#1090=VERTEX_POINT('',#4372);
#1091=VERTEX_POINT('',#4412);
#1092=VERTEX_POINT('',#4425);
#1093=VERTEX_POINT('',#4426);
#1094=VERTEX_POINT('',#4476);
#1095=VERTEX_POINT('',#4478);
#1096=VERTEX_POINT('',#4480);
#1097=VERTEX_POINT('',#4569);
#1098=VERTEX_POINT('',#4570);
#1099=VERTEX_POINT('',#4572);
#1100=VERTEX_POINT('',#4580);
#1101=VERTEX_POINT('',#4585);
#1102=VERTEX_POINT('',#4587);
#1103=VERTEX_POINT('',#4591);
#1104=VERTEX_POINT('',#4592);
#1105=VERTEX_POINT('',#4594);
#1106=VERTEX_POINT('',#4596);
#1107=VERTEX_POINT('',#4600);
#1108=VERTEX_POINT('',#4605);
#1109=VERTEX_POINT('',#4697);
#1110=VERTEX_POINT('',#4701);
#1111=VERTEX_POINT('',#4703);
#1112=VERTEX_POINT('',#4725);
#1113=VERTEX_POINT('',#4729);
#1114=VERTEX_POINT('',#4730);
#1115=VERTEX_POINT('',#4740);
#1116=VERTEX_POINT('',#4742);
#1117=VERTEX_POINT('',#4782);
#1118=VERTEX_POINT('',#4783);
#1119=VERTEX_POINT('',#4785);
#1120=VERTEX_POINT('',#4787);
#1121=VERTEX_POINT('',#4789);
#1122=VERTEX_POINT('',#4798);
#1123=VERTEX_POINT('',#4799);
#1124=VERTEX_POINT('',#4837);
#1125=VERTEX_POINT('',#4839);
#1126=VERTEX_POINT('',#4851);
#1127=VERTEX_POINT('',#4853);
#1128=VERTEX_POINT('',#4880);
#1129=VERTEX_POINT('',#4884);
#1130=VERTEX_POINT('',#4885);
#1131=VERTEX_POINT('',#4887);
#1132=VERTEX_POINT('',#4897);
#1133=VERTEX_POINT('',#4937);
#1134=VERTEX_POINT('',#4947);
#1135=VERTEX_POINT('',#4988);
#1136=VERTEX_POINT('',#4992);
#1137=VERTEX_POINT('',#5004);
#1138=VERTEX_POINT('',#5005);
#1139=VERTEX_POINT('',#5020);
#1140=VERTEX_POINT('',#5024);
#1141=VERTEX_POINT('',#5033);
#1142=VERTEX_POINT('',#5034);
#1143=VERTEX_POINT('',#5036);
#1144=VERTEX_POINT('',#5038);
#1145=VERTEX_POINT('',#5053);
#1146=VERTEX_POINT('',#5067);
#1147=VERTEX_POINT('',#5072);
#1148=VERTEX_POINT('',#5081);
#1149=VERTEX_POINT('',#5096);
#1150=VERTEX_POINT('',#5098);
#1151=VERTEX_POINT('',#5110);
#1152=VERTEX_POINT('',#5111);
#1153=VERTEX_POINT('',#5113);
#1154=VERTEX_POINT('',#5151);
#1155=VERTEX_POINT('',#5163);
#1156=VERTEX_POINT('',#5165);
#1157=VERTEX_POINT('',#5352);
#1158=VERTEX_POINT('',#5354);
#1159=VERTEX_POINT('',#5472);
#1160=VERTEX_POINT('',#5474);
#1161=VERTEX_POINT('',#5489);
#1162=VERTEX_POINT('',#5490);
#1163=VERTEX_POINT('',#5533);
#1164=VERTEX_POINT('',#5571);
#1165=VERTEX_POINT('',#5575);
#1166=VERTEX_POINT('',#5577);
#1167=VERTEX_POINT('',#5581);
#1168=VERTEX_POINT('',#5582);
#1169=VERTEX_POINT('',#5585);
#1170=VERTEX_POINT('',#5608);
#1171=VERTEX_POINT('',#5612);
#1172=VERTEX_POINT('',#5617);
#1173=VERTEX_POINT('',#5622);
#1174=VERTEX_POINT('',#5628);
#1175=VERTEX_POINT('',#5633);
#1176=VERTEX_POINT('',#5653);
#1177=VERTEX_POINT('',#5655);
#1178=VERTEX_POINT('',#5659);
#1179=VERTEX_POINT('',#5661);
#1180=VERTEX_POINT('',#5665);
#1181=VERTEX_POINT('',#5667);
#1182=VERTEX_POINT('',#5671);
#1183=VERTEX_POINT('',#5673);
#1184=VERTEX_POINT('',#5677);
#1185=VERTEX_POINT('',#5679);
#1186=VERTEX_POINT('',#5683);
#1187=VERTEX_POINT('',#5685);
#1188=VERTEX_POINT('',#5689);
#1189=VERTEX_POINT('',#5690);
#1190=VERTEX_POINT('',#5695);
#1191=VERTEX_POINT('',#5699);
#1192=VERTEX_POINT('',#5703);
#1193=VERTEX_POINT('',#5705);
#1194=VERTEX_POINT('',#5709);
#1195=VERTEX_POINT('',#5713);
#1196=VERTEX_POINT('',#5717);
#1197=VERTEX_POINT('',#5719);
#1198=VERTEX_POINT('',#5723);
#1199=VERTEX_POINT('',#5727);
#1200=VERTEX_POINT('',#5731);
#1201=VERTEX_POINT('',#5732);
#1202=VERTEX_POINT('',#5734);
#1203=VERTEX_POINT('',#5736);
#1204=VERTEX_POINT('',#5740);
#1205=VERTEX_POINT('',#5741);
#1206=VERTEX_POINT('',#5743);
#1207=VERTEX_POINT('',#5745);
#1208=VERTEX_POINT('',#5749);
#1209=VERTEX_POINT('',#5750);
#1210=VERTEX_POINT('',#5752);
#1211=VERTEX_POINT('',#5754);
#1212=VERTEX_POINT('',#5758);
#1213=VERTEX_POINT('',#5759);
#1214=VERTEX_POINT('',#5761);
#1215=VERTEX_POINT('',#5763);
#1216=VERTEX_POINT('',#5767);
#1217=VERTEX_POINT('',#5768);
#1218=VERTEX_POINT('',#5770);
#1219=VERTEX_POINT('',#5772);
#1220=VERTEX_POINT('',#5776);
#1221=VERTEX_POINT('',#5777);
#1222=VERTEX_POINT('',#5779);
#1223=VERTEX_POINT('',#5781);
#1224=VERTEX_POINT('',#5785);
#1225=VERTEX_POINT('',#5790);
#1226=VERTEX_POINT('',#5799);
#1227=VERTEX_POINT('',#5803);
#1228=VERTEX_POINT('',#5811);
#1229=VERTEX_POINT('',#5820);
#1230=VERTEX_POINT('',#5885);
#1231=VERTEX_POINT('',#5890);
#1232=VERTEX_POINT('',#5891);
#1233=VERTEX_POINT('',#5893);
#1234=VERTEX_POINT('',#5895);
#1235=VERTEX_POINT('',#5899);
#1236=VERTEX_POINT('',#5901);
#1237=VERTEX_POINT('',#5905);
#1238=VERTEX_POINT('',#5907);
#1239=VERTEX_POINT('',#5913);
#1240=VERTEX_POINT('',#5914);
#1241=VERTEX_POINT('',#5916);
#1242=VERTEX_POINT('',#5918);
#1243=VERTEX_POINT('',#5922);
#1244=VERTEX_POINT('',#5923);
#1245=VERTEX_POINT('',#5925);
#1246=VERTEX_POINT('',#5927);
#1247=VERTEX_POINT('',#5936);
#1248=VERTEX_POINT('',#5937);
#1249=VERTEX_POINT('',#5940);
#1250=VERTEX_POINT('',#5942);
#1251=VERTEX_POINT('',#5944);
#1252=VERTEX_POINT('',#5946);
#1253=VERTEX_POINT('',#5948);
#1254=VERTEX_POINT('',#5950);
#1255=VERTEX_POINT('',#5952);
#1256=VERTEX_POINT('',#5956);
#1257=VERTEX_POINT('',#5958);
#1258=VERTEX_POINT('',#5960);
#1259=VERTEX_POINT('',#5962);
#1260=VERTEX_POINT('',#5964);
#1261=VERTEX_POINT('',#5966);
#1262=VERTEX_POINT('',#5970);
#1263=VERTEX_POINT('',#5972);
#1264=VERTEX_POINT('',#5976);
#1265=VERTEX_POINT('',#5980);
#1266=VERTEX_POINT('',#5986);
#1267=VERTEX_POINT('',#5988);
#1268=VERTEX_POINT('',#5992);
#1269=VERTEX_POINT('',#5996);
#1270=VERTEX_POINT('',#6002);
#1271=VERTEX_POINT('',#6004);
#1272=VERTEX_POINT('',#6008);
#1273=VERTEX_POINT('',#6012);
#1274=VERTEX_POINT('',#6018);
#1275=VERTEX_POINT('',#6020);
#1276=VERTEX_POINT('',#6022);
#1277=VERTEX_POINT('',#6024);
#1278=VERTEX_POINT('',#6026);
#1279=VERTEX_POINT('',#6029);
#1280=VERTEX_POINT('',#6031);
#1281=VERTEX_POINT('',#6034);
#1282=VERTEX_POINT('',#6036);
#1283=VERTEX_POINT('',#6038);
#1284=VERTEX_POINT('',#6040);
#1285=VERTEX_POINT('',#6042);
#1286=VERTEX_POINT('',#6044);
#1287=VERTEX_POINT('',#6055);
#1288=VERTEX_POINT('',#6057);
#1289=EDGE_CURVE('',#1040,#1040,#854,.T.);
#1290=EDGE_CURVE('',#1040,#1041,#532,.T.);
#1291=EDGE_CURVE('',#1041,#1041,#855,.T.);
#1292=EDGE_CURVE('',#1042,#1042,#856,.T.);
#1293=EDGE_CURVE('',#1042,#1043,#533,.T.);
#1294=EDGE_CURVE('',#1043,#1043,#857,.T.);
#1295=EDGE_CURVE('',#1044,#1044,#858,.T.);
#1296=EDGE_CURVE('',#1044,#1045,#534,.T.);
#1297=EDGE_CURVE('',#1045,#1045,#859,.T.);
#1298=EDGE_CURVE('',#1046,#1046,#860,.T.);
#1299=EDGE_CURVE('',#1046,#1047,#535,.T.);
#1300=EDGE_CURVE('',#1047,#1047,#861,.T.);
#1301=EDGE_CURVE('',#1048,#1048,#862,.T.);
#1302=EDGE_CURVE('',#1048,#1049,#536,.T.);
#1303=EDGE_CURVE('',#1049,#1049,#863,.T.);
#1304=EDGE_CURVE('',#1050,#1051,#537,.T.);
#1305=EDGE_CURVE('',#1052,#1050,#134,.T.);
#1306=EDGE_CURVE('',#1053,#1052,#864,.T.);
#1307=EDGE_CURVE('',#1054,#1053,#135,.T.);
#1308=EDGE_CURVE('',#1055,#1054,#538,.T.);
#1309=EDGE_CURVE('',#1051,#1055,#136,.T.);
#1310=EDGE_CURVE('',#1056,#1057,#539,.T.);
#1311=EDGE_CURVE('',#1058,#1056,#137,.T.);
#1312=EDGE_CURVE('',#1059,#1058,#138,.T.);
#1313=EDGE_CURVE('',#1060,#1059,#540,.T.);
#1314=EDGE_CURVE('',#1057,#1060,#139,.T.);
#1315=EDGE_CURVE('',#1061,#1062,#541,.T.);
#1316=EDGE_CURVE('',#1063,#1061,#865,.T.);
#1317=EDGE_CURVE('',#1064,#1063,#542,.T.);
#1318=EDGE_CURVE('',#1062,#1064,#866,.T.);
#1319=EDGE_CURVE('',#1065,#1066,#867,.T.);
#1320=EDGE_CURVE('',#1067,#1065,#140,.T.);
#1321=EDGE_CURVE('',#1068,#1067,#868,.T.);
#1322=EDGE_CURVE('',#1069,#1068,#869,.T.);
#1323=EDGE_CURVE('',#1069,#1066,#870,.T.);
#1324=EDGE_CURVE('',#1070,#1071,#871,.T.);
#1325=EDGE_CURVE('',#1072,#1070,#141,.T.);
#1326=EDGE_CURVE('',#1073,#1072,#872,.T.);
#1327=EDGE_CURVE('',#1071,#1073,#142,.T.);
#1328=EDGE_CURVE('',#1074,#1075,#873,.T.);
#1329=EDGE_CURVE('',#1076,#1074,#874,.T.);
#1330=EDGE_CURVE('',#1070,#1076,#143,.T.);
#1331=EDGE_CURVE('',#1075,#1071,#875,.T.);
#1332=EDGE_CURVE('',#1077,#1074,#144,.T.);
#1333=EDGE_CURVE('',#1078,#1077,#876,.T.);
#1334=EDGE_CURVE('',#1076,#1078,#145,.T.);
#1335=EDGE_CURVE('',#1079,#1080,#877,.T.);
#1336=EDGE_CURVE('',#1081,#1079,#146,.T.);
#1337=EDGE_CURVE('',#1082,#1081,#878,.T.);
#1338=EDGE_CURVE('',#1080,#1082,#147,.T.);
#1339=EDGE_CURVE('',#1083,#1081,#879,.T.);
#1340=EDGE_CURVE('',#1084,#1083,#880,.T.);
#1341=EDGE_CURVE('',#1085,#1084,#148,.T.);
#1342=EDGE_CURVE('',#1086,#1085,#543,.T.);
#1343=EDGE_CURVE('',#1082,#1086,#149,.T.);
#1344=EDGE_CURVE('',#1087,#1088,#881,.T.);
#1345=EDGE_CURVE('',#1089,#1087,#882,.T.);
#1346=EDGE_CURVE('',#1090,#1089,#883,.T.);
#1347=EDGE_CURVE('',#1088,#1090,#150,.T.);
#1348=EDGE_CURVE('',#1057,#1091,#884,.T.);
#1349=EDGE_CURVE('',#1084,#1060,#544,.T.);
#1350=EDGE_CURVE('',#1091,#1083,#151,.T.);
#1351=EDGE_CURVE('',#1092,#1093,#152,.T.);
#1352=EDGE_CURVE('',#1094,#1092,#545,.T.);
#1353=EDGE_CURVE('',#1095,#1094,#546,.T.);
#1354=EDGE_CURVE('',#1096,#1095,#885,.T.);
#1355=EDGE_CURVE('',#1090,#1096,#153,.T.);
#1356=EDGE_CURVE('',#1093,#1089,#154,.T.);
#1357=EDGE_CURVE('',#1097,#1098,#547,.T.);
#1358=EDGE_CURVE('',#1099,#1097,#155,.T.);
#1359=EDGE_CURVE('',#1100,#1099,#548,.T.);
#1360=EDGE_CURVE('',#1095,#1100,#549,.T.);
#1361=EDGE_CURVE('',#1098,#1089,#550,.T.);
#1362=EDGE_CURVE('',#1101,#1095,#886,.T.);
#1363=EDGE_CURVE('',#1102,#1101,#887,.T.);
#1364=EDGE_CURVE('',#1096,#1102,#888,.T.);
#1365=EDGE_CURVE('',#1103,#1104,#889,.T.);
#1366=EDGE_CURVE('',#1105,#1103,#890,.T.);
#1367=EDGE_CURVE('',#1106,#1105,#891,.T.);
#1368=EDGE_CURVE('',#1104,#1106,#892,.T.);
#1369=EDGE_CURVE('',#1107,#1104,#893,.T.);
#1370=EDGE_CURVE('',#1061,#1107,#894,.T.);
#1371=EDGE_CURVE('',#1103,#1061,#895,.T.);
#1372=EDGE_CURVE('',#1108,#1052,#156,.T.);
#1373=EDGE_CURVE('',#1109,#1108,#896,.T.);
#1374=EDGE_CURVE('',#1054,#1109,#897,.T.);
#1375=EDGE_CURVE('',#1110,#1050,#551,.T.);
#1376=EDGE_CURVE('',#1111,#1110,#898,.T.);
#1377=EDGE_CURVE('',#1108,#1111,#157,.T.);
#1378=EDGE_CURVE('',#1063,#1112,#899,.T.);
#1379=EDGE_CURVE('',#1112,#1107,#900,.T.);
#1380=EDGE_CURVE('',#1113,#1114,#158,.T.);
#1381=EDGE_CURVE('',#1115,#1113,#901,.T.);
#1382=EDGE_CURVE('',#1116,#1115,#159,.T.);
#1383=EDGE_CURVE('',#1114,#1116,#902,.T.);
#1384=EDGE_CURVE('',#1117,#1118,#903,.T.);
#1385=EDGE_CURVE('',#1119,#1118,#904,.T.);
#1386=EDGE_CURVE('',#1120,#1119,#905,.T.);
#1387=EDGE_CURVE('',#1121,#1120,#160,.T.);
#1388=EDGE_CURVE('',#1117,#1121,#906,.T.);
#1389=EDGE_CURVE('',#1122,#1123,#161,.T.);
#1390=EDGE_CURVE('',#1124,#1122,#907,.T.);
#1391=EDGE_CURVE('',#1125,#1124,#162,.T.);
#1392=EDGE_CURVE('',#1123,#1125,#908,.T.);
#1393=EDGE_CURVE('',#1123,#1126,#909,.T.);
#1394=EDGE_CURVE('',#1127,#1125,#163,.T.);
#1395=EDGE_CURVE('',#1128,#1127,#910,.T.);
#1396=EDGE_CURVE('',#1126,#1128,#911,.T.);
#1397=EDGE_CURVE('',#1129,#1130,#912,.T.);
#1398=EDGE_CURVE('',#1131,#1129,#164,.T.);
#1399=EDGE_CURVE('',#1132,#1131,#913,.T.);
#1400=EDGE_CURVE('',#1130,#1132,#165,.T.);
#1401=EDGE_CURVE('',#1133,#1127,#166,.T.);
#1402=EDGE_CURVE('',#1134,#1133,#914,.T.);
#1403=EDGE_CURVE('',#1128,#1134,#167,.T.);
#1404=EDGE_CURVE('',#1059,#1130,#915,.T.);
#1405=EDGE_CURVE('',#1135,#1059,#916,.T.);
#1406=EDGE_CURVE('',#1129,#1135,#917,.T.);
#1407=EDGE_CURVE('',#1135,#1136,#168,.T.);
#1408=EDGE_CURVE('',#1136,#1056,#918,.T.);
#1409=EDGE_CURVE('',#1137,#1138,#169,.T.);
#1410=EDGE_CURVE('',#1097,#1137,#919,.T.);
#1411=EDGE_CURVE('',#1139,#1098,#920,.T.);
#1412=EDGE_CURVE('',#1138,#1139,#921,.T.);
#1413=EDGE_CURVE('',#1140,#1137,#170,.T.);
#1414=EDGE_CURVE('',#1099,#1140,#922,.T.);
#1415=EDGE_CURVE('',#1141,#1142,#923,.T.);
#1416=EDGE_CURVE('',#1143,#1141,#924,.T.);
#1417=EDGE_CURVE('',#1144,#1143,#925,.T.);
#1418=EDGE_CURVE('',#1142,#1144,#171,.T.);
#1419=EDGE_CURVE('',#1145,#1140,#172,.T.);
#1420=EDGE_CURVE('',#1146,#1145,#926,.T.);
#1421=EDGE_CURVE('',#1100,#1146,#927,.T.);
#1422=EDGE_CURVE('',#1062,#1143,#928,.T.);
#1423=EDGE_CURVE('',#1147,#1062,#929,.T.);
#1424=EDGE_CURVE('',#1144,#1147,#173,.T.);
#1425=EDGE_CURVE('',#1148,#1064,#930,.T.);
#1426=EDGE_CURVE('',#1147,#1148,#174,.T.);
#1427=EDGE_CURVE('',#1149,#1055,#931,.T.);
#1428=EDGE_CURVE('',#1150,#1149,#175,.T.);
#1429=EDGE_CURVE('',#1051,#1150,#932,.T.);
#1430=EDGE_CURVE('',#1151,#1152,#933,.T.);
#1431=EDGE_CURVE('',#1153,#1151,#176,.T.);
#1432=EDGE_CURVE('',#1154,#1153,#934,.T.);
#1433=EDGE_CURVE('',#1152,#1154,#177,.T.);
#1434=EDGE_CURVE('',#1155,#1051,#552,.T.);
#1435=EDGE_CURVE('',#1156,#1155,#553,.T.);
#1436=EDGE_CURVE('',#1153,#1156,#178,.T.);
#1437=EDGE_CURVE('',#1115,#1153,#554,.T.);
#1438=EDGE_CURVE('',#1157,#1115,#935,.T.);
#1439=EDGE_CURVE('',#1158,#1157,#936,.T.);
#1440=EDGE_CURVE('',#1110,#1158,#179,.T.);
#1441=EDGE_CURVE('',#1082,#1130,#555,.T.);
#1442=EDGE_CURVE('',#1074,#1128,#556,.T.);
#1443=EDGE_CURVE('',#1126,#1075,#180,.T.);
#1444=EDGE_CURVE('',#1123,#1071,#557,.T.);
#1445=EDGE_CURVE('',#1118,#1069,#558,.T.);
#1446=EDGE_CURVE('',#1119,#1068,#559,.T.);
#1447=EDGE_CURVE('',#1103,#1143,#560,.T.);
#1448=EDGE_CURVE('',#1154,#1150,#181,.T.);
#1449=EDGE_CURVE('',#1159,#1119,#937,.T.);
#1450=EDGE_CURVE('',#1160,#1159,#938,.T.);
#1451=EDGE_CURVE('',#1120,#1160,#182,.T.);
#1452=EDGE_CURVE('',#1161,#1162,#939,.T.);
#1453=EDGE_CURVE('',#1161,#1117,#940,.T.);
#1454=EDGE_CURVE('',#1162,#1121,#183,.T.);
#1455=EDGE_CURVE('',#1111,#1113,#184,.T.);
#1456=EDGE_CURVE('',#1163,#1067,#185,.T.);
#1457=EDGE_CURVE('',#1164,#1163,#941,.T.);
#1458=EDGE_CURVE('',#1068,#1164,#942,.T.);
#1459=EDGE_CURVE('',#1065,#1165,#943,.T.);
#1460=EDGE_CURVE('',#1066,#1166,#944,.T.);
#1461=EDGE_CURVE('',#1165,#1166,#945,.T.);
#1462=EDGE_CURVE('',#1167,#1168,#946,.T.);
#1463=EDGE_CURVE('',#1168,#1167,#947,.T.);
#1464=EDGE_CURVE('',#1168,#1169,#948,.T.);
#1465=EDGE_CURVE('',#1169,#1169,#949,.T.);
#1466=EDGE_CURVE('',#1165,#1072,#561,.T.);
#1467=EDGE_CURVE('',#1073,#1166,#562,.T.);
#1468=EDGE_CURVE('',#1164,#1080,#563,.T.);
#1469=EDGE_CURVE('',#1079,#1163,#564,.T.);
#1470=EDGE_CURVE('',#1087,#1077,#565,.T.);
#1471=EDGE_CURVE('',#1078,#1088,#566,.T.);
#1472=EDGE_CURVE('',#1057,#1105,#567,.T.);
#1473=EDGE_CURVE('',#1106,#1091,#568,.T.);
#1474=EDGE_CURVE('',#1102,#1109,#569,.T.);
#1475=EDGE_CURVE('',#1054,#1101,#570,.T.);
#1476=EDGE_CURVE('',#1114,#1112,#571,.T.);
#1477=EDGE_CURVE('',#1063,#1116,#572,.T.);
#1478=EDGE_CURVE('',#1161,#1122,#573,.T.);
#1479=EDGE_CURVE('',#1170,#1162,#574,.T.);
#1480=EDGE_CURVE('',#1124,#1170,#575,.T.);
#1481=EDGE_CURVE('',#1171,#1131,#576,.T.);
#1482=EDGE_CURVE('',#1160,#1171,#577,.T.);
#1483=EDGE_CURVE('',#1132,#1159,#578,.T.);
#1484=EDGE_CURVE('',#1172,#1133,#579,.T.);
#1485=EDGE_CURVE('',#1138,#1172,#580,.T.);
#1486=EDGE_CURVE('',#1134,#1139,#581,.T.);
#1487=EDGE_CURVE('',#1173,#1142,#582,.T.);
#1488=EDGE_CURVE('',#1136,#1173,#583,.T.);
#1489=EDGE_CURVE('',#1141,#1056,#584,.T.);
#1490=EDGE_CURVE('',#1146,#1055,#585,.T.);
#1491=EDGE_CURVE('',#1174,#1145,#586,.T.);
#1492=EDGE_CURVE('',#1149,#1174,#587,.T.);
#1493=EDGE_CURVE('',#1151,#1064,#588,.T.);
#1494=EDGE_CURVE('',#1175,#1152,#589,.T.);
#1495=EDGE_CURVE('',#1148,#1175,#590,.T.);
#1496=EDGE_CURVE('',#1080,#1132,#591,.T.);
#1497=EDGE_CURVE('',#1122,#1073,#592,.T.);
#1498=EDGE_CURVE('',#1077,#1134,#593,.T.);
#1499=EDGE_CURVE('',#1116,#1151,#594,.T.);
#1500=EDGE_CURVE('',#1139,#1087,#595,.T.);
#1501=EDGE_CURVE('',#1101,#1146,#596,.T.);
#1502=EDGE_CURVE('',#1105,#1141,#597,.T.);
#1503=EDGE_CURVE('',#1159,#1164,#598,.T.);
#1504=EDGE_CURVE('',#1176,#1176,#950,.T.);
#1505=EDGE_CURVE('',#1176,#1177,#599,.T.);
#1506=EDGE_CURVE('',#1177,#1177,#951,.T.);
#1507=EDGE_CURVE('',#1178,#1178,#952,.T.);
#1508=EDGE_CURVE('',#1178,#1179,#600,.T.);
#1509=EDGE_CURVE('',#1179,#1179,#953,.T.);
#1510=EDGE_CURVE('',#1180,#1180,#954,.T.);
#1511=EDGE_CURVE('',#1180,#1181,#601,.T.);
#1512=EDGE_CURVE('',#1181,#1181,#955,.T.);
#1513=EDGE_CURVE('',#1182,#1182,#956,.T.);
#1514=EDGE_CURVE('',#1182,#1183,#602,.T.);
#1515=EDGE_CURVE('',#1183,#1183,#957,.T.);
#1516=EDGE_CURVE('',#1184,#1184,#958,.T.);
#1517=EDGE_CURVE('',#1184,#1185,#603,.T.);
#1518=EDGE_CURVE('',#1185,#1185,#959,.T.);
#1519=EDGE_CURVE('',#1186,#1186,#960,.T.);
#1520=EDGE_CURVE('',#1186,#1187,#604,.T.);
#1521=EDGE_CURVE('',#1187,#1187,#961,.T.);
#1522=EDGE_CURVE('',#1188,#1189,#962,.T.);
#1523=EDGE_CURVE('',#1145,#1188,#605,.T.);
#1524=EDGE_CURVE('',#1189,#1140,#606,.T.);
#1525=EDGE_CURVE('',#1189,#1190,#963,.T.);
#1526=EDGE_CURVE('',#1190,#1137,#607,.T.);
#1527=EDGE_CURVE('',#1190,#1191,#964,.T.);
#1528=EDGE_CURVE('',#1191,#1138,#608,.T.);
#1529=EDGE_CURVE('',#1162,#1192,#609,.T.);
#1530=EDGE_CURVE('',#1193,#1121,#610,.T.);
#1531=EDGE_CURVE('',#1192,#1193,#965,.T.);
#1532=EDGE_CURVE('',#1194,#1120,#611,.T.);
#1533=EDGE_CURVE('',#1193,#1194,#966,.T.);
#1534=EDGE_CURVE('',#1195,#1160,#612,.T.);
#1535=EDGE_CURVE('',#1194,#1195,#967,.T.);
#1536=EDGE_CURVE('',#1142,#1196,#613,.T.);
#1537=EDGE_CURVE('',#1197,#1144,#614,.T.);
#1538=EDGE_CURVE('',#1196,#1197,#968,.T.);
#1539=EDGE_CURVE('',#1198,#1147,#615,.T.);
#1540=EDGE_CURVE('',#1197,#1198,#969,.T.);
#1541=EDGE_CURVE('',#1199,#1148,#616,.T.);
#1542=EDGE_CURVE('',#1198,#1199,#970,.T.);
#1543=EDGE_CURVE('',#1200,#1201,#617,.T.);
#1544=EDGE_CURVE('',#1202,#1200,#971,.T.);
#1545=EDGE_CURVE('',#1203,#1202,#618,.T.);
#1546=EDGE_CURVE('',#1201,#1203,#972,.T.);
#1547=EDGE_CURVE('',#1204,#1205,#619,.T.);
#1548=EDGE_CURVE('',#1206,#1204,#973,.T.);
#1549=EDGE_CURVE('',#1207,#1206,#620,.T.);
#1550=EDGE_CURVE('',#1205,#1207,#974,.T.);
#1551=EDGE_CURVE('',#1208,#1209,#975,.T.);
#1552=EDGE_CURVE('',#1210,#1208,#621,.T.);
#1553=EDGE_CURVE('',#1211,#1210,#976,.T.);
#1554=EDGE_CURVE('',#1209,#1211,#622,.T.);
#1555=EDGE_CURVE('',#1212,#1213,#623,.T.);
#1556=EDGE_CURVE('',#1214,#1212,#977,.T.);
#1557=EDGE_CURVE('',#1215,#1214,#624,.T.);
#1558=EDGE_CURVE('',#1213,#1215,#978,.T.);
#1559=EDGE_CURVE('',#1216,#1217,#979,.T.);
#1560=EDGE_CURVE('',#1218,#1216,#625,.T.);
#1561=EDGE_CURVE('',#1219,#1218,#980,.T.);
#1562=EDGE_CURVE('',#1217,#1219,#626,.T.);
#1563=EDGE_CURVE('',#1220,#1221,#627,.T.);
#1564=EDGE_CURVE('',#1222,#1220,#981,.T.);
#1565=EDGE_CURVE('',#1223,#1222,#628,.T.);
#1566=EDGE_CURVE('',#1221,#1223,#982,.T.);
#1567=EDGE_CURVE('',#1209,#1224,#983,.T.);
#1568=EDGE_CURVE('',#1174,#1211,#984,.T.);
#1569=EDGE_CURVE('',#1224,#1174,#629,.T.);
#1570=EDGE_CURVE('',#1225,#1201,#985,.T.);
#1571=EDGE_CURVE('',#1175,#1225,#630,.T.);
#1572=EDGE_CURVE('',#1200,#1175,#986,.T.);
#1573=EDGE_CURVE('',#1203,#1208,#987,.T.);
#1574=EDGE_CURVE('',#1210,#1202,#988,.T.);
#1575=EDGE_CURVE('',#1170,#1206,#989,.T.);
#1576=EDGE_CURVE('',#1226,#1170,#631,.T.);
#1577=EDGE_CURVE('',#1207,#1226,#990,.T.);
#1578=EDGE_CURVE('',#1227,#1216,#991,.T.);
#1579=EDGE_CURVE('',#1172,#1227,#632,.T.);
#1580=EDGE_CURVE('',#1218,#1172,#992,.T.);
#1581=EDGE_CURVE('',#1204,#1219,#993,.T.);
#1582=EDGE_CURVE('',#1217,#1205,#994,.T.);
#1583=EDGE_CURVE('',#1171,#1228,#633,.T.);
#1584=EDGE_CURVE('',#1220,#1171,#995,.T.);
#1585=EDGE_CURVE('',#1228,#1221,#996,.T.);
#1586=EDGE_CURVE('',#1212,#1222,#997,.T.);
#1587=EDGE_CURVE('',#1223,#1213,#998,.T.);
#1588=EDGE_CURVE('',#1173,#1214,#999,.T.);
#1589=EDGE_CURVE('',#1229,#1173,#634,.T.);
#1590=EDGE_CURVE('',#1215,#1229,#1000,.T.);
#1591=EDGE_CURVE('',#1166,#1161,#635,.T.);
#1592=EDGE_CURVE('',#1199,#1225,#636,.T.);
#1593=EDGE_CURVE('',#1224,#1188,#637,.T.);
#1594=EDGE_CURVE('',#1191,#1227,#638,.T.);
#1595=EDGE_CURVE('',#1226,#1192,#639,.T.);
#1596=EDGE_CURVE('',#1195,#1228,#640,.T.);
#1597=EDGE_CURVE('',#1229,#1196,#641,.T.);
#1598=EDGE_CURVE('',#1066,#1117,#642,.T.);
#1599=EDGE_CURVE('',#1230,#1230,#1001,.T.);
#1600=EDGE_CURVE('',#1168,#1230,#643,.T.);
#1601=EDGE_CURVE('',#1231,#1232,#1002,.T.);
#1602=EDGE_CURVE('',#1233,#1231,#644,.T.);
#1603=EDGE_CURVE('',#1234,#1233,#1003,.T.);
#1604=EDGE_CURVE('',#1232,#1234,#645,.T.);
#1605=EDGE_CURVE('',#1232,#1235,#646,.T.);
#1606=EDGE_CURVE('',#1236,#1234,#647,.T.);
#1607=EDGE_CURVE('',#1236,#1235,#648,.T.);
#1608=EDGE_CURVE('',#1237,#1231,#649,.T.);
#1609=EDGE_CURVE('',#1237,#1238,#650,.T.);
#1610=EDGE_CURVE('',#1238,#1233,#651,.T.);
#1611=EDGE_CURVE('',#1238,#1236,#1004,.T.);
#1612=EDGE_CURVE('',#1239,#1240,#652,.T.);
#1613=EDGE_CURVE('',#1240,#1241,#653,.T.);
#1614=EDGE_CURVE('',#1241,#1242,#654,.T.);
#1615=EDGE_CURVE('',#1239,#1242,#655,.T.);
#1616=EDGE_CURVE('',#1243,#1244,#656,.T.);
#1617=EDGE_CURVE('',#1245,#1244,#657,.T.);
#1618=EDGE_CURVE('',#1245,#1246,#658,.T.);
#1619=EDGE_CURVE('',#1243,#1246,#659,.T.);
#1620=EDGE_CURVE('',#1242,#1245,#1005,.T.);
#1621=EDGE_CURVE('',#1246,#1241,#1006,.T.);
#1622=EDGE_CURVE('',#1240,#1243,#1007,.T.);
#1623=EDGE_CURVE('',#1247,#1248,#1008,.T.);
#1624=EDGE_CURVE('',#1248,#1247,#1009,.T.);
#1625=EDGE_CURVE('',#1248,#1249,#660,.T.);
#1626=EDGE_CURVE('',#1249,#1250,#1010,.T.);
#1627=EDGE_CURVE('',#1250,#1251,#661,.T.);
#1628=EDGE_CURVE('',#1251,#1252,#1011,.T.);
#1629=EDGE_CURVE('',#1252,#1253,#662,.T.);
#1630=EDGE_CURVE('',#1253,#1254,#1012,.T.);
#1631=EDGE_CURVE('',#1254,#1255,#663,.T.);
#1632=EDGE_CURVE('',#1255,#1239,#1013,.T.);
#1633=EDGE_CURVE('',#1244,#1237,#1014,.T.);
#1634=EDGE_CURVE('',#1235,#1256,#1015,.T.);
#1635=EDGE_CURVE('',#1256,#1257,#664,.T.);
#1636=EDGE_CURVE('',#1257,#1258,#1016,.T.);
#1637=EDGE_CURVE('',#1258,#1259,#665,.T.);
#1638=EDGE_CURVE('',#1259,#1260,#1017,.T.);
#1639=EDGE_CURVE('',#1260,#1261,#666,.T.);
#1640=EDGE_CURVE('',#1261,#1249,#1018,.T.);
#1641=EDGE_CURVE('',#1262,#1261,#667,.T.);
#1642=EDGE_CURVE('',#1263,#1262,#1019,.T.);
#1643=EDGE_CURVE('',#1250,#1263,#668,.T.);
#1644=EDGE_CURVE('',#1264,#1263,#669,.T.);
#1645=EDGE_CURVE('',#1264,#1251,#670,.T.);
#1646=EDGE_CURVE('',#1260,#1265,#671,.T.);
#1647=EDGE_CURVE('',#1265,#1262,#672,.T.);
#1648=EDGE_CURVE('',#1265,#1264,#1020,.T.);
#1649=EDGE_CURVE('',#1266,#1257,#673,.T.);
#1650=EDGE_CURVE('',#1267,#1266,#1021,.T.);
#1651=EDGE_CURVE('',#1258,#1267,#674,.T.);
#1652=EDGE_CURVE('',#1268,#1267,#675,.T.);
#1653=EDGE_CURVE('',#1268,#1259,#676,.T.);
#1654=EDGE_CURVE('',#1256,#1269,#677,.T.);
#1655=EDGE_CURVE('',#1269,#1266,#678,.T.);
#1656=EDGE_CURVE('',#1269,#1268,#1022,.T.);
#1657=EDGE_CURVE('',#1270,#1253,#679,.T.);
#1658=EDGE_CURVE('',#1271,#1270,#1023,.T.);
#1659=EDGE_CURVE('',#1254,#1271,#680,.T.);
#1660=EDGE_CURVE('',#1272,#1271,#681,.T.);
#1661=EDGE_CURVE('',#1272,#1255,#682,.T.);
#1662=EDGE_CURVE('',#1252,#1273,#683,.T.);
#1663=EDGE_CURVE('',#1273,#1270,#684,.T.);
#1664=EDGE_CURVE('',#1273,#1272,#1024,.T.);
#1665=EDGE_CURVE('',#1274,#1274,#1025,.T.);
#1666=EDGE_CURVE('',#1275,#1275,#1026,.T.);
#1667=EDGE_CURVE('',#1276,#1276,#1027,.T.);
#1668=EDGE_CURVE('',#1277,#1277,#1028,.T.);
#1669=EDGE_CURVE('',#1278,#1278,#1029,.T.);
#1670=EDGE_CURVE('',#1279,#1279,#1030,.T.);
#1671=EDGE_CURVE('',#1280,#1280,#1031,.T.);
#1672=EDGE_CURVE('',#1281,#1281,#1032,.T.);
#1673=EDGE_CURVE('',#1282,#1282,#1033,.T.);
#1674=EDGE_CURVE('',#1283,#1283,#1034,.T.);
#1675=EDGE_CURVE('',#1284,#1284,#1035,.T.);
#1676=EDGE_CURVE('',#1285,#1285,#1036,.T.);
#1677=EDGE_CURVE('',#1286,#1286,#1037,.T.);
#1678=EDGE_CURVE('',#1283,#1278,#685,.T.);
#1679=EDGE_CURVE('',#1284,#1277,#686,.T.);
#1680=EDGE_CURVE('',#1282,#1276,#687,.T.);
#1681=EDGE_CURVE('',#1285,#1275,#688,.T.);
#1682=EDGE_CURVE('',#1274,#1287,#689,.T.);
#1683=EDGE_CURVE('',#1288,#1287,#1038,.T.);
#1684=EDGE_CURVE('',#1287,#1288,#1039,.T.);
#1685=EDGE_CURVE('',#1288,#1286,#690,.T.);
#1686=EDGE_CURVE('',#1280,#1281,#691,.T.);
#1687=EDGE_CURVE('',#1247,#1279,#692,.T.);
#1688=ORIENTED_EDGE('',*,*,#1289,.F.);
#1689=ORIENTED_EDGE('',*,*,#1290,.T.);
#1690=ORIENTED_EDGE('',*,*,#1291,.T.);
#1691=ORIENTED_EDGE('',*,*,#1290,.F.);
#1692=ORIENTED_EDGE('',*,*,#1292,.F.);
#1693=ORIENTED_EDGE('',*,*,#1293,.T.);
#1694=ORIENTED_EDGE('',*,*,#1294,.T.);
#1695=ORIENTED_EDGE('',*,*,#1293,.F.);
#1696=ORIENTED_EDGE('',*,*,#1295,.F.);
#1697=ORIENTED_EDGE('',*,*,#1296,.T.);
#1698=ORIENTED_EDGE('',*,*,#1297,.T.);
#1699=ORIENTED_EDGE('',*,*,#1296,.F.);
#1700=ORIENTED_EDGE('',*,*,#1298,.F.);
#1701=ORIENTED_EDGE('',*,*,#1299,.T.);
#1702=ORIENTED_EDGE('',*,*,#1300,.T.);
#1703=ORIENTED_EDGE('',*,*,#1299,.F.);
#1704=ORIENTED_EDGE('',*,*,#1301,.T.);
#1705=ORIENTED_EDGE('',*,*,#1302,.T.);
#1706=ORIENTED_EDGE('',*,*,#1303,.F.);
#1707=ORIENTED_EDGE('',*,*,#1302,.F.);
#1708=ORIENTED_EDGE('',*,*,#1304,.F.);
#1709=ORIENTED_EDGE('',*,*,#1305,.F.);
#1710=ORIENTED_EDGE('',*,*,#1306,.F.);
#1711=ORIENTED_EDGE('',*,*,#1307,.F.);
#1712=ORIENTED_EDGE('',*,*,#1308,.F.);
#1713=ORIENTED_EDGE('',*,*,#1309,.F.);
#1714=ORIENTED_EDGE('',*,*,#1310,.F.);
#1715=ORIENTED_EDGE('',*,*,#1311,.F.);
#1716=ORIENTED_EDGE('',*,*,#1312,.F.);
#1717=ORIENTED_EDGE('',*,*,#1313,.F.);
#1718=ORIENTED_EDGE('',*,*,#1314,.F.);
#1719=ORIENTED_EDGE('',*,*,#1315,.F.);
#1720=ORIENTED_EDGE('',*,*,#1316,.F.);
#1721=ORIENTED_EDGE('',*,*,#1317,.F.);
#1722=ORIENTED_EDGE('',*,*,#1318,.F.);
#1723=ORIENTED_EDGE('',*,*,#1319,.F.);
#1724=ORIENTED_EDGE('',*,*,#1320,.F.);
#1725=ORIENTED_EDGE('',*,*,#1321,.F.);
#1726=ORIENTED_EDGE('',*,*,#1322,.F.);
#1727=ORIENTED_EDGE('',*,*,#1323,.T.);
#1728=ORIENTED_EDGE('',*,*,#1324,.F.);
#1729=ORIENTED_EDGE('',*,*,#1325,.F.);
#1730=ORIENTED_EDGE('',*,*,#1326,.F.);
#1731=ORIENTED_EDGE('',*,*,#1327,.F.);
#1732=ORIENTED_EDGE('',*,*,#1328,.F.);
#1733=ORIENTED_EDGE('',*,*,#1329,.F.);
#1734=ORIENTED_EDGE('',*,*,#1330,.F.);
#1735=ORIENTED_EDGE('',*,*,#1324,.T.);
#1736=ORIENTED_EDGE('',*,*,#1331,.F.);
#1737=ORIENTED_EDGE('',*,*,#1332,.F.);
#1738=ORIENTED_EDGE('',*,*,#1333,.F.);
#1739=ORIENTED_EDGE('',*,*,#1334,.F.);
#1740=ORIENTED_EDGE('',*,*,#1329,.T.);
#1741=ORIENTED_EDGE('',*,*,#1335,.F.);
#1742=ORIENTED_EDGE('',*,*,#1336,.F.);
#1743=ORIENTED_EDGE('',*,*,#1337,.F.);
#1744=ORIENTED_EDGE('',*,*,#1338,.F.);
#1745=ORIENTED_EDGE('',*,*,#1337,.T.);
#1746=ORIENTED_EDGE('',*,*,#1339,.F.);
#1747=ORIENTED_EDGE('',*,*,#1340,.F.);
#1748=ORIENTED_EDGE('',*,*,#1341,.F.);
#1749=ORIENTED_EDGE('',*,*,#1342,.F.);
#1750=ORIENTED_EDGE('',*,*,#1343,.F.);
#1751=ORIENTED_EDGE('',*,*,#1344,.F.);
#1752=ORIENTED_EDGE('',*,*,#1345,.F.);
#1753=ORIENTED_EDGE('',*,*,#1346,.F.);
#1754=ORIENTED_EDGE('',*,*,#1347,.F.);
#1755=ORIENTED_EDGE('',*,*,#1348,.F.);
#1756=ORIENTED_EDGE('',*,*,#1314,.T.);
#1757=ORIENTED_EDGE('',*,*,#1349,.F.);
#1758=ORIENTED_EDGE('',*,*,#1340,.T.);
#1759=ORIENTED_EDGE('',*,*,#1350,.F.);
#1760=ORIENTED_EDGE('',*,*,#1351,.F.);
#1761=ORIENTED_EDGE('',*,*,#1352,.F.);
#1762=ORIENTED_EDGE('',*,*,#1353,.F.);
#1763=ORIENTED_EDGE('',*,*,#1354,.F.);
#1764=ORIENTED_EDGE('',*,*,#1355,.F.);
#1765=ORIENTED_EDGE('',*,*,#1346,.T.);
#1766=ORIENTED_EDGE('',*,*,#1356,.F.);
#1767=ORIENTED_EDGE('',*,*,#1357,.F.);
#1768=ORIENTED_EDGE('',*,*,#1358,.F.);
#1769=ORIENTED_EDGE('',*,*,#1359,.F.);
#1770=ORIENTED_EDGE('',*,*,#1360,.F.);
#1771=ORIENTED_EDGE('',*,*,#1353,.T.);
#1772=ORIENTED_EDGE('',*,*,#1352,.T.);
#1773=ORIENTED_EDGE('',*,*,#1351,.T.);
#1774=ORIENTED_EDGE('',*,*,#1356,.T.);
#1775=ORIENTED_EDGE('',*,*,#1361,.F.);
#1776=ORIENTED_EDGE('',*,*,#1362,.F.);
#1777=ORIENTED_EDGE('',*,*,#1363,.F.);
#1778=ORIENTED_EDGE('',*,*,#1364,.F.);
#1779=ORIENTED_EDGE('',*,*,#1354,.T.);
#1780=ORIENTED_EDGE('',*,*,#1365,.F.);
#1781=ORIENTED_EDGE('',*,*,#1366,.F.);
#1782=ORIENTED_EDGE('',*,*,#1367,.F.);
#1783=ORIENTED_EDGE('',*,*,#1368,.F.);
#1784=ORIENTED_EDGE('',*,*,#1369,.F.);
#1785=ORIENTED_EDGE('',*,*,#1370,.F.);
#1786=ORIENTED_EDGE('',*,*,#1371,.F.);
#1787=ORIENTED_EDGE('',*,*,#1365,.T.);
#1788=ORIENTED_EDGE('',*,*,#1306,.T.);
#1789=ORIENTED_EDGE('',*,*,#1372,.F.);
#1790=ORIENTED_EDGE('',*,*,#1373,.F.);
#1791=ORIENTED_EDGE('',*,*,#1374,.F.);
#1792=ORIENTED_EDGE('',*,*,#1307,.T.);
#1793=ORIENTED_EDGE('',*,*,#1372,.T.);
#1794=ORIENTED_EDGE('',*,*,#1305,.T.);
#1795=ORIENTED_EDGE('',*,*,#1375,.F.);
#1796=ORIENTED_EDGE('',*,*,#1376,.F.);
#1797=ORIENTED_EDGE('',*,*,#1377,.F.);
#1798=ORIENTED_EDGE('',*,*,#1378,.F.);
#1799=ORIENTED_EDGE('',*,*,#1316,.T.);
#1800=ORIENTED_EDGE('',*,*,#1370,.T.);
#1801=ORIENTED_EDGE('',*,*,#1379,.F.);
#1802=ORIENTED_EDGE('',*,*,#1380,.F.);
#1803=ORIENTED_EDGE('',*,*,#1381,.F.);
#1804=ORIENTED_EDGE('',*,*,#1382,.F.);
#1805=ORIENTED_EDGE('',*,*,#1383,.F.);
#1806=ORIENTED_EDGE('',*,*,#1384,.T.);
#1807=ORIENTED_EDGE('',*,*,#1385,.F.);
#1808=ORIENTED_EDGE('',*,*,#1386,.F.);
#1809=ORIENTED_EDGE('',*,*,#1387,.F.);
#1810=ORIENTED_EDGE('',*,*,#1388,.F.);
#1811=ORIENTED_EDGE('',*,*,#1389,.F.);
#1812=ORIENTED_EDGE('',*,*,#1390,.F.);
#1813=ORIENTED_EDGE('',*,*,#1391,.F.);
#1814=ORIENTED_EDGE('',*,*,#1392,.F.);
#1815=ORIENTED_EDGE('',*,*,#1393,.F.);
#1816=ORIENTED_EDGE('',*,*,#1392,.T.);
#1817=ORIENTED_EDGE('',*,*,#1394,.F.);
#1818=ORIENTED_EDGE('',*,*,#1395,.F.);
#1819=ORIENTED_EDGE('',*,*,#1396,.F.);
#1820=ORIENTED_EDGE('',*,*,#1397,.F.);
#1821=ORIENTED_EDGE('',*,*,#1398,.F.);
#1822=ORIENTED_EDGE('',*,*,#1399,.F.);
#1823=ORIENTED_EDGE('',*,*,#1400,.F.);
#1824=ORIENTED_EDGE('',*,*,#1395,.T.);
#1825=ORIENTED_EDGE('',*,*,#1401,.F.);
#1826=ORIENTED_EDGE('',*,*,#1402,.F.);
#1827=ORIENTED_EDGE('',*,*,#1403,.F.);
#1828=ORIENTED_EDGE('',*,*,#1404,.F.);
#1829=ORIENTED_EDGE('',*,*,#1405,.F.);
#1830=ORIENTED_EDGE('',*,*,#1406,.F.);
#1831=ORIENTED_EDGE('',*,*,#1397,.T.);
#1832=ORIENTED_EDGE('',*,*,#1407,.F.);
#1833=ORIENTED_EDGE('',*,*,#1405,.T.);
#1834=ORIENTED_EDGE('',*,*,#1312,.T.);
#1835=ORIENTED_EDGE('',*,*,#1311,.T.);
#1836=ORIENTED_EDGE('',*,*,#1408,.F.);
#1837=ORIENTED_EDGE('',*,*,#1409,.F.);
#1838=ORIENTED_EDGE('',*,*,#1410,.F.);
#1839=ORIENTED_EDGE('',*,*,#1357,.T.);
#1840=ORIENTED_EDGE('',*,*,#1411,.F.);
#1841=ORIENTED_EDGE('',*,*,#1412,.F.);
#1842=ORIENTED_EDGE('',*,*,#1410,.T.);
#1843=ORIENTED_EDGE('',*,*,#1413,.F.);
#1844=ORIENTED_EDGE('',*,*,#1414,.F.);
#1845=ORIENTED_EDGE('',*,*,#1358,.T.);
#1846=ORIENTED_EDGE('',*,*,#1415,.F.);
#1847=ORIENTED_EDGE('',*,*,#1416,.F.);
#1848=ORIENTED_EDGE('',*,*,#1417,.F.);
#1849=ORIENTED_EDGE('',*,*,#1418,.F.);
#1850=ORIENTED_EDGE('',*,*,#1359,.T.);
#1851=ORIENTED_EDGE('',*,*,#1414,.T.);
#1852=ORIENTED_EDGE('',*,*,#1419,.F.);
#1853=ORIENTED_EDGE('',*,*,#1420,.F.);
#1854=ORIENTED_EDGE('',*,*,#1421,.F.);
#1855=ORIENTED_EDGE('',*,*,#1417,.T.);
#1856=ORIENTED_EDGE('',*,*,#1422,.F.);
#1857=ORIENTED_EDGE('',*,*,#1423,.F.);
#1858=ORIENTED_EDGE('',*,*,#1424,.F.);
#1859=ORIENTED_EDGE('',*,*,#1423,.T.);
#1860=ORIENTED_EDGE('',*,*,#1318,.T.);
#1861=ORIENTED_EDGE('',*,*,#1425,.F.);
#1862=ORIENTED_EDGE('',*,*,#1426,.F.);
#1863=ORIENTED_EDGE('',*,*,#1427,.F.);
#1864=ORIENTED_EDGE('',*,*,#1428,.F.);
#1865=ORIENTED_EDGE('',*,*,#1429,.F.);
#1866=ORIENTED_EDGE('',*,*,#1309,.T.);
#1867=ORIENTED_EDGE('',*,*,#1430,.F.);
#1868=ORIENTED_EDGE('',*,*,#1431,.F.);
#1869=ORIENTED_EDGE('',*,*,#1432,.F.);
#1870=ORIENTED_EDGE('',*,*,#1433,.F.);
#1871=ORIENTED_EDGE('',*,*,#1434,.F.);
#1872=ORIENTED_EDGE('',*,*,#1435,.F.);
#1873=ORIENTED_EDGE('',*,*,#1436,.F.);
#1874=ORIENTED_EDGE('',*,*,#1437,.F.);
#1875=ORIENTED_EDGE('',*,*,#1438,.F.);
#1876=ORIENTED_EDGE('',*,*,#1439,.F.);
#1877=ORIENTED_EDGE('',*,*,#1440,.F.);
#1878=ORIENTED_EDGE('',*,*,#1375,.T.);
#1879=ORIENTED_EDGE('',*,*,#1304,.T.);
#1880=ORIENTED_EDGE('',*,*,#1441,.F.);
#1881=ORIENTED_EDGE('',*,*,#1343,.T.);
#1882=ORIENTED_EDGE('',*,*,#1342,.T.);
#1883=ORIENTED_EDGE('',*,*,#1341,.T.);
#1884=ORIENTED_EDGE('',*,*,#1349,.T.);
#1885=ORIENTED_EDGE('',*,*,#1313,.T.);
#1886=ORIENTED_EDGE('',*,*,#1404,.T.);
#1887=ORIENTED_EDGE('',*,*,#1396,.T.);
#1888=ORIENTED_EDGE('',*,*,#1442,.F.);
#1889=ORIENTED_EDGE('',*,*,#1328,.T.);
#1890=ORIENTED_EDGE('',*,*,#1443,.F.);
#1891=ORIENTED_EDGE('',*,*,#1443,.T.);
#1892=ORIENTED_EDGE('',*,*,#1331,.T.);
#1893=ORIENTED_EDGE('',*,*,#1444,.F.);
#1894=ORIENTED_EDGE('',*,*,#1393,.T.);
#1895=ORIENTED_EDGE('',*,*,#1445,.T.);
#1896=ORIENTED_EDGE('',*,*,#1322,.T.);
#1897=ORIENTED_EDGE('',*,*,#1446,.F.);
#1898=ORIENTED_EDGE('',*,*,#1385,.T.);
#1899=ORIENTED_EDGE('',*,*,#1447,.F.);
#1900=ORIENTED_EDGE('',*,*,#1371,.T.);
#1901=ORIENTED_EDGE('',*,*,#1315,.T.);
#1902=ORIENTED_EDGE('',*,*,#1422,.T.);
#1903=ORIENTED_EDGE('',*,*,#1429,.T.);
#1904=ORIENTED_EDGE('',*,*,#1448,.F.);
#1905=ORIENTED_EDGE('',*,*,#1432,.T.);
#1906=ORIENTED_EDGE('',*,*,#1436,.T.);
#1907=ORIENTED_EDGE('',*,*,#1435,.T.);
#1908=ORIENTED_EDGE('',*,*,#1434,.T.);
#1909=ORIENTED_EDGE('',*,*,#1449,.F.);
#1910=ORIENTED_EDGE('',*,*,#1450,.F.);
#1911=ORIENTED_EDGE('',*,*,#1451,.F.);
#1912=ORIENTED_EDGE('',*,*,#1386,.T.);
#1913=ORIENTED_EDGE('',*,*,#1452,.F.);
#1914=ORIENTED_EDGE('',*,*,#1453,.T.);
#1915=ORIENTED_EDGE('',*,*,#1388,.T.);
#1916=ORIENTED_EDGE('',*,*,#1454,.F.);
#1917=ORIENTED_EDGE('',*,*,#1440,.T.);
#1918=ORIENTED_EDGE('',*,*,#1439,.T.);
#1919=ORIENTED_EDGE('',*,*,#1438,.T.);
#1920=ORIENTED_EDGE('',*,*,#1381,.T.);
#1921=ORIENTED_EDGE('',*,*,#1455,.F.);
#1922=ORIENTED_EDGE('',*,*,#1376,.T.);
#1923=ORIENTED_EDGE('',*,*,#1321,.T.);
#1924=ORIENTED_EDGE('',*,*,#1456,.F.);
#1925=ORIENTED_EDGE('',*,*,#1457,.F.);
#1926=ORIENTED_EDGE('',*,*,#1458,.F.);
#1927=ORIENTED_EDGE('',*,*,#1459,.F.);
#1928=ORIENTED_EDGE('',*,*,#1319,.T.);
#1929=ORIENTED_EDGE('',*,*,#1460,.T.);
#1930=ORIENTED_EDGE('',*,*,#1461,.F.);
#1931=ORIENTED_EDGE('',*,*,#1462,.F.);
#1932=ORIENTED_EDGE('',*,*,#1463,.F.);
#1933=ORIENTED_EDGE('',*,*,#1464,.T.);
#1934=ORIENTED_EDGE('',*,*,#1465,.F.);
#1935=ORIENTED_EDGE('',*,*,#1464,.F.);
#1936=ORIENTED_EDGE('',*,*,#1466,.F.);
#1937=ORIENTED_EDGE('',*,*,#1461,.T.);
#1938=ORIENTED_EDGE('',*,*,#1467,.F.);
#1939=ORIENTED_EDGE('',*,*,#1326,.T.);
#1940=ORIENTED_EDGE('',*,*,#1468,.F.);
#1941=ORIENTED_EDGE('',*,*,#1457,.T.);
#1942=ORIENTED_EDGE('',*,*,#1469,.F.);
#1943=ORIENTED_EDGE('',*,*,#1335,.T.);
#1944=ORIENTED_EDGE('',*,*,#1333,.T.);
#1945=ORIENTED_EDGE('',*,*,#1470,.F.);
#1946=ORIENTED_EDGE('',*,*,#1344,.T.);
#1947=ORIENTED_EDGE('',*,*,#1471,.F.);
#1948=ORIENTED_EDGE('',*,*,#1367,.T.);
#1949=ORIENTED_EDGE('',*,*,#1472,.F.);
#1950=ORIENTED_EDGE('',*,*,#1348,.T.);
#1951=ORIENTED_EDGE('',*,*,#1473,.F.);
#1952=ORIENTED_EDGE('',*,*,#1374,.T.);
#1953=ORIENTED_EDGE('',*,*,#1474,.F.);
#1954=ORIENTED_EDGE('',*,*,#1363,.T.);
#1955=ORIENTED_EDGE('',*,*,#1475,.F.);
#1956=ORIENTED_EDGE('',*,*,#1476,.F.);
#1957=ORIENTED_EDGE('',*,*,#1383,.T.);
#1958=ORIENTED_EDGE('',*,*,#1477,.F.);
#1959=ORIENTED_EDGE('',*,*,#1378,.T.);
#1960=ORIENTED_EDGE('',*,*,#1390,.T.);
#1961=ORIENTED_EDGE('',*,*,#1478,.F.);
#1962=ORIENTED_EDGE('',*,*,#1452,.T.);
#1963=ORIENTED_EDGE('',*,*,#1479,.F.);
#1964=ORIENTED_EDGE('',*,*,#1480,.F.);
#1965=ORIENTED_EDGE('',*,*,#1399,.T.);
#1966=ORIENTED_EDGE('',*,*,#1481,.F.);
#1967=ORIENTED_EDGE('',*,*,#1482,.F.);
#1968=ORIENTED_EDGE('',*,*,#1450,.T.);
#1969=ORIENTED_EDGE('',*,*,#1483,.F.);
#1970=ORIENTED_EDGE('',*,*,#1484,.F.);
#1971=ORIENTED_EDGE('',*,*,#1485,.F.);
#1972=ORIENTED_EDGE('',*,*,#1412,.T.);
#1973=ORIENTED_EDGE('',*,*,#1486,.F.);
#1974=ORIENTED_EDGE('',*,*,#1402,.T.);
#1975=ORIENTED_EDGE('',*,*,#1487,.F.);
#1976=ORIENTED_EDGE('',*,*,#1488,.F.);
#1977=ORIENTED_EDGE('',*,*,#1408,.T.);
#1978=ORIENTED_EDGE('',*,*,#1489,.F.);
#1979=ORIENTED_EDGE('',*,*,#1415,.T.);
#1980=ORIENTED_EDGE('',*,*,#1490,.F.);
#1981=ORIENTED_EDGE('',*,*,#1420,.T.);
#1982=ORIENTED_EDGE('',*,*,#1491,.F.);
#1983=ORIENTED_EDGE('',*,*,#1492,.F.);
#1984=ORIENTED_EDGE('',*,*,#1427,.T.);
#1985=ORIENTED_EDGE('',*,*,#1425,.T.);
#1986=ORIENTED_EDGE('',*,*,#1493,.F.);
#1987=ORIENTED_EDGE('',*,*,#1430,.T.);
#1988=ORIENTED_EDGE('',*,*,#1494,.F.);
#1989=ORIENTED_EDGE('',*,*,#1495,.F.);
#1990=ORIENTED_EDGE('',*,*,#1496,.F.);
#1991=ORIENTED_EDGE('',*,*,#1338,.T.);
#1992=ORIENTED_EDGE('',*,*,#1441,.T.);
#1993=ORIENTED_EDGE('',*,*,#1400,.T.);
#1994=ORIENTED_EDGE('',*,*,#1444,.T.);
#1995=ORIENTED_EDGE('',*,*,#1327,.T.);
#1996=ORIENTED_EDGE('',*,*,#1497,.F.);
#1997=ORIENTED_EDGE('',*,*,#1389,.T.);
#1998=ORIENTED_EDGE('',*,*,#1403,.T.);
#1999=ORIENTED_EDGE('',*,*,#1498,.F.);
#2000=ORIENTED_EDGE('',*,*,#1332,.T.);
#2001=ORIENTED_EDGE('',*,*,#1442,.T.);
#2002=ORIENTED_EDGE('',*,*,#1382,.T.);
#2003=ORIENTED_EDGE('',*,*,#1437,.T.);
#2004=ORIENTED_EDGE('',*,*,#1431,.T.);
#2005=ORIENTED_EDGE('',*,*,#1499,.F.);
#2006=ORIENTED_EDGE('',*,*,#1411,.T.);
#2007=ORIENTED_EDGE('',*,*,#1361,.T.);
#2008=ORIENTED_EDGE('',*,*,#1345,.T.);
#2009=ORIENTED_EDGE('',*,*,#1500,.F.);
#2010=ORIENTED_EDGE('',*,*,#1421,.T.);
#2011=ORIENTED_EDGE('',*,*,#1501,.F.);
#2012=ORIENTED_EDGE('',*,*,#1362,.T.);
#2013=ORIENTED_EDGE('',*,*,#1360,.T.);
#2014=ORIENTED_EDGE('',*,*,#1502,.F.);
#2015=ORIENTED_EDGE('',*,*,#1366,.T.);
#2016=ORIENTED_EDGE('',*,*,#1447,.T.);
#2017=ORIENTED_EDGE('',*,*,#1416,.T.);
#2018=ORIENTED_EDGE('',*,*,#1446,.T.);
#2019=ORIENTED_EDGE('',*,*,#1458,.T.);
#2020=ORIENTED_EDGE('',*,*,#1503,.F.);
#2021=ORIENTED_EDGE('',*,*,#1449,.T.);
#2022=ORIENTED_EDGE('',*,*,#1504,.F.);
#2023=ORIENTED_EDGE('',*,*,#1505,.T.);
#2024=ORIENTED_EDGE('',*,*,#1506,.F.);
#2025=ORIENTED_EDGE('',*,*,#1505,.F.);
#2026=ORIENTED_EDGE('',*,*,#1507,.F.);
#2027=ORIENTED_EDGE('',*,*,#1508,.T.);
#2028=ORIENTED_EDGE('',*,*,#1509,.F.);
#2029=ORIENTED_EDGE('',*,*,#1508,.F.);
#2030=ORIENTED_EDGE('',*,*,#1510,.F.);
#2031=ORIENTED_EDGE('',*,*,#1511,.T.);
#2032=ORIENTED_EDGE('',*,*,#1512,.F.);
#2033=ORIENTED_EDGE('',*,*,#1511,.F.);
#2034=ORIENTED_EDGE('',*,*,#1513,.F.);
#2035=ORIENTED_EDGE('',*,*,#1514,.T.);
#2036=ORIENTED_EDGE('',*,*,#1515,.F.);
#2037=ORIENTED_EDGE('',*,*,#1514,.F.);
#2038=ORIENTED_EDGE('',*,*,#1516,.F.);
#2039=ORIENTED_EDGE('',*,*,#1517,.T.);
#2040=ORIENTED_EDGE('',*,*,#1518,.F.);
#2041=ORIENTED_EDGE('',*,*,#1517,.F.);
#2042=ORIENTED_EDGE('',*,*,#1519,.F.);
#2043=ORIENTED_EDGE('',*,*,#1520,.T.);
#2044=ORIENTED_EDGE('',*,*,#1521,.F.);
#2045=ORIENTED_EDGE('',*,*,#1520,.F.);
#2046=ORIENTED_EDGE('',*,*,#1522,.F.);
#2047=ORIENTED_EDGE('',*,*,#1523,.F.);
#2048=ORIENTED_EDGE('',*,*,#1419,.T.);
#2049=ORIENTED_EDGE('',*,*,#1524,.F.);
#2050=ORIENTED_EDGE('',*,*,#1525,.F.);
#2051=ORIENTED_EDGE('',*,*,#1524,.T.);
#2052=ORIENTED_EDGE('',*,*,#1413,.T.);
#2053=ORIENTED_EDGE('',*,*,#1526,.F.);
#2054=ORIENTED_EDGE('',*,*,#1527,.F.);
#2055=ORIENTED_EDGE('',*,*,#1526,.T.);
#2056=ORIENTED_EDGE('',*,*,#1409,.T.);
#2057=ORIENTED_EDGE('',*,*,#1528,.F.);
#2058=ORIENTED_EDGE('',*,*,#1529,.F.);
#2059=ORIENTED_EDGE('',*,*,#1454,.T.);
#2060=ORIENTED_EDGE('',*,*,#1530,.F.);
#2061=ORIENTED_EDGE('',*,*,#1531,.F.);
#2062=ORIENTED_EDGE('',*,*,#1530,.T.);
#2063=ORIENTED_EDGE('',*,*,#1387,.T.);
#2064=ORIENTED_EDGE('',*,*,#1532,.F.);
#2065=ORIENTED_EDGE('',*,*,#1533,.F.);
#2066=ORIENTED_EDGE('',*,*,#1532,.T.);
#2067=ORIENTED_EDGE('',*,*,#1451,.T.);
#2068=ORIENTED_EDGE('',*,*,#1534,.F.);
#2069=ORIENTED_EDGE('',*,*,#1535,.F.);
#2070=ORIENTED_EDGE('',*,*,#1536,.F.);
#2071=ORIENTED_EDGE('',*,*,#1418,.T.);
#2072=ORIENTED_EDGE('',*,*,#1537,.F.);
#2073=ORIENTED_EDGE('',*,*,#1538,.F.);
#2074=ORIENTED_EDGE('',*,*,#1537,.T.);
#2075=ORIENTED_EDGE('',*,*,#1424,.T.);
#2076=ORIENTED_EDGE('',*,*,#1539,.F.);
#2077=ORIENTED_EDGE('',*,*,#1540,.F.);
#2078=ORIENTED_EDGE('',*,*,#1539,.T.);
#2079=ORIENTED_EDGE('',*,*,#1426,.T.);
#2080=ORIENTED_EDGE('',*,*,#1541,.F.);
#2081=ORIENTED_EDGE('',*,*,#1542,.F.);
#2082=ORIENTED_EDGE('',*,*,#1543,.F.);
#2083=ORIENTED_EDGE('',*,*,#1544,.F.);
#2084=ORIENTED_EDGE('',*,*,#1545,.F.);
#2085=ORIENTED_EDGE('',*,*,#1546,.F.);
#2086=ORIENTED_EDGE('',*,*,#1547,.F.);
#2087=ORIENTED_EDGE('',*,*,#1548,.F.);
#2088=ORIENTED_EDGE('',*,*,#1549,.F.);
#2089=ORIENTED_EDGE('',*,*,#1550,.F.);
#2090=ORIENTED_EDGE('',*,*,#1551,.F.);
#2091=ORIENTED_EDGE('',*,*,#1552,.F.);
#2092=ORIENTED_EDGE('',*,*,#1553,.F.);
#2093=ORIENTED_EDGE('',*,*,#1554,.F.);
#2094=ORIENTED_EDGE('',*,*,#1555,.F.);
#2095=ORIENTED_EDGE('',*,*,#1556,.F.);
#2096=ORIENTED_EDGE('',*,*,#1557,.F.);
#2097=ORIENTED_EDGE('',*,*,#1558,.F.);
#2098=ORIENTED_EDGE('',*,*,#1559,.F.);
#2099=ORIENTED_EDGE('',*,*,#1560,.F.);
#2100=ORIENTED_EDGE('',*,*,#1561,.F.);
#2101=ORIENTED_EDGE('',*,*,#1562,.F.);
#2102=ORIENTED_EDGE('',*,*,#1563,.F.);
#2103=ORIENTED_EDGE('',*,*,#1564,.F.);
#2104=ORIENTED_EDGE('',*,*,#1565,.F.);
#2105=ORIENTED_EDGE('',*,*,#1566,.F.);
#2106=ORIENTED_EDGE('',*,*,#1567,.F.);
#2107=ORIENTED_EDGE('',*,*,#1554,.T.);
#2108=ORIENTED_EDGE('',*,*,#1568,.F.);
#2109=ORIENTED_EDGE('',*,*,#1569,.F.);
#2110=ORIENTED_EDGE('',*,*,#1570,.F.);
#2111=ORIENTED_EDGE('',*,*,#1571,.F.);
#2112=ORIENTED_EDGE('',*,*,#1572,.F.);
#2113=ORIENTED_EDGE('',*,*,#1543,.T.);
#2114=ORIENTED_EDGE('',*,*,#1573,.F.);
#2115=ORIENTED_EDGE('',*,*,#1545,.T.);
#2116=ORIENTED_EDGE('',*,*,#1574,.F.);
#2117=ORIENTED_EDGE('',*,*,#1552,.T.);
#2118=ORIENTED_EDGE('',*,*,#1549,.T.);
#2119=ORIENTED_EDGE('',*,*,#1575,.F.);
#2120=ORIENTED_EDGE('',*,*,#1576,.F.);
#2121=ORIENTED_EDGE('',*,*,#1577,.F.);
#2122=ORIENTED_EDGE('',*,*,#1578,.F.);
#2123=ORIENTED_EDGE('',*,*,#1579,.F.);
#2124=ORIENTED_EDGE('',*,*,#1580,.F.);
#2125=ORIENTED_EDGE('',*,*,#1560,.T.);
#2126=ORIENTED_EDGE('',*,*,#1562,.T.);
#2127=ORIENTED_EDGE('',*,*,#1581,.F.);
#2128=ORIENTED_EDGE('',*,*,#1547,.T.);
#2129=ORIENTED_EDGE('',*,*,#1582,.F.);
#2130=ORIENTED_EDGE('',*,*,#1583,.F.);
#2131=ORIENTED_EDGE('',*,*,#1584,.F.);
#2132=ORIENTED_EDGE('',*,*,#1563,.T.);
#2133=ORIENTED_EDGE('',*,*,#1585,.F.);
#2134=ORIENTED_EDGE('',*,*,#1565,.T.);
#2135=ORIENTED_EDGE('',*,*,#1586,.F.);
#2136=ORIENTED_EDGE('',*,*,#1555,.T.);
#2137=ORIENTED_EDGE('',*,*,#1587,.F.);
#2138=ORIENTED_EDGE('',*,*,#1557,.T.);
#2139=ORIENTED_EDGE('',*,*,#1588,.F.);
#2140=ORIENTED_EDGE('',*,*,#1589,.F.);
#2141=ORIENTED_EDGE('',*,*,#1590,.F.);
#2142=ORIENTED_EDGE('',*,*,#1497,.T.);
#2143=ORIENTED_EDGE('',*,*,#1467,.T.);
#2144=ORIENTED_EDGE('',*,*,#1591,.T.);
#2145=ORIENTED_EDGE('',*,*,#1478,.T.);
#2146=ORIENTED_EDGE('',*,*,#1483,.T.);
#2147=ORIENTED_EDGE('',*,*,#1503,.T.);
#2148=ORIENTED_EDGE('',*,*,#1468,.T.);
#2149=ORIENTED_EDGE('',*,*,#1496,.T.);
#2150=ORIENTED_EDGE('',*,*,#1308,.T.);
#2151=ORIENTED_EDGE('',*,*,#1475,.T.);
#2152=ORIENTED_EDGE('',*,*,#1501,.T.);
#2153=ORIENTED_EDGE('',*,*,#1490,.T.);
#2154=ORIENTED_EDGE('',*,*,#1486,.T.);
#2155=ORIENTED_EDGE('',*,*,#1500,.T.);
#2156=ORIENTED_EDGE('',*,*,#1470,.T.);
#2157=ORIENTED_EDGE('',*,*,#1498,.T.);
#2158=ORIENTED_EDGE('',*,*,#1489,.T.);
#2159=ORIENTED_EDGE('',*,*,#1310,.T.);
#2160=ORIENTED_EDGE('',*,*,#1472,.T.);
#2161=ORIENTED_EDGE('',*,*,#1502,.T.);
#2162=ORIENTED_EDGE('',*,*,#1317,.T.);
#2163=ORIENTED_EDGE('',*,*,#1477,.T.);
#2164=ORIENTED_EDGE('',*,*,#1499,.T.);
#2165=ORIENTED_EDGE('',*,*,#1493,.T.);
#2166=ORIENTED_EDGE('',*,*,#1334,.T.);
#2167=ORIENTED_EDGE('',*,*,#1471,.T.);
#2168=ORIENTED_EDGE('',*,*,#1347,.T.);
#2169=ORIENTED_EDGE('',*,*,#1355,.T.);
#2170=ORIENTED_EDGE('',*,*,#1364,.T.);
#2171=ORIENTED_EDGE('',*,*,#1474,.T.);
#2172=ORIENTED_EDGE('',*,*,#1373,.T.);
#2173=ORIENTED_EDGE('',*,*,#1377,.T.);
#2174=ORIENTED_EDGE('',*,*,#1455,.T.);
#2175=ORIENTED_EDGE('',*,*,#1380,.T.);
#2176=ORIENTED_EDGE('',*,*,#1476,.T.);
#2177=ORIENTED_EDGE('',*,*,#1379,.T.);
#2178=ORIENTED_EDGE('',*,*,#1369,.T.);
#2179=ORIENTED_EDGE('',*,*,#1368,.T.);
#2180=ORIENTED_EDGE('',*,*,#1473,.T.);
#2181=ORIENTED_EDGE('',*,*,#1350,.T.);
#2182=ORIENTED_EDGE('',*,*,#1339,.T.);
#2183=ORIENTED_EDGE('',*,*,#1336,.T.);
#2184=ORIENTED_EDGE('',*,*,#1469,.T.);
#2185=ORIENTED_EDGE('',*,*,#1456,.T.);
#2186=ORIENTED_EDGE('',*,*,#1320,.T.);
#2187=ORIENTED_EDGE('',*,*,#1459,.T.);
#2188=ORIENTED_EDGE('',*,*,#1466,.T.);
#2189=ORIENTED_EDGE('',*,*,#1325,.T.);
#2190=ORIENTED_EDGE('',*,*,#1330,.T.);
#2191=ORIENTED_EDGE('',*,*,#1515,.T.);
#2192=ORIENTED_EDGE('',*,*,#1518,.T.);
#2193=ORIENTED_EDGE('',*,*,#1465,.T.);
#2194=ORIENTED_EDGE('',*,*,#1512,.T.);
#2195=ORIENTED_EDGE('',*,*,#1521,.T.);
#2196=ORIENTED_EDGE('',*,*,#1509,.T.);
#2197=ORIENTED_EDGE('',*,*,#1506,.T.);
#2198=ORIENTED_EDGE('',*,*,#1541,.T.);
#2199=ORIENTED_EDGE('',*,*,#1495,.T.);
#2200=ORIENTED_EDGE('',*,*,#1571,.T.);
#2201=ORIENTED_EDGE('',*,*,#1592,.F.);
#2202=ORIENTED_EDGE('',*,*,#1569,.T.);
#2203=ORIENTED_EDGE('',*,*,#1491,.T.);
#2204=ORIENTED_EDGE('',*,*,#1523,.T.);
#2205=ORIENTED_EDGE('',*,*,#1593,.F.);
#2206=ORIENTED_EDGE('',*,*,#1594,.F.);
#2207=ORIENTED_EDGE('',*,*,#1528,.T.);
#2208=ORIENTED_EDGE('',*,*,#1485,.T.);
#2209=ORIENTED_EDGE('',*,*,#1579,.T.);
#2210=ORIENTED_EDGE('',*,*,#1576,.T.);
#2211=ORIENTED_EDGE('',*,*,#1479,.T.);
#2212=ORIENTED_EDGE('',*,*,#1529,.T.);
#2213=ORIENTED_EDGE('',*,*,#1595,.F.);
#2214=ORIENTED_EDGE('',*,*,#1596,.F.);
#2215=ORIENTED_EDGE('',*,*,#1534,.T.);
#2216=ORIENTED_EDGE('',*,*,#1482,.T.);
#2217=ORIENTED_EDGE('',*,*,#1583,.T.);
#2218=ORIENTED_EDGE('',*,*,#1597,.F.);
#2219=ORIENTED_EDGE('',*,*,#1589,.T.);
#2220=ORIENTED_EDGE('',*,*,#1487,.T.);
#2221=ORIENTED_EDGE('',*,*,#1536,.T.);
#2222=ORIENTED_EDGE('',*,*,#1550,.T.);
#2223=ORIENTED_EDGE('',*,*,#1577,.T.);
#2224=ORIENTED_EDGE('',*,*,#1595,.T.);
#2225=ORIENTED_EDGE('',*,*,#1531,.T.);
#2226=ORIENTED_EDGE('',*,*,#1533,.T.);
#2227=ORIENTED_EDGE('',*,*,#1535,.T.);
#2228=ORIENTED_EDGE('',*,*,#1596,.T.);
#2229=ORIENTED_EDGE('',*,*,#1585,.T.);
#2230=ORIENTED_EDGE('',*,*,#1566,.T.);
#2231=ORIENTED_EDGE('',*,*,#1587,.T.);
#2232=ORIENTED_EDGE('',*,*,#1558,.T.);
#2233=ORIENTED_EDGE('',*,*,#1590,.T.);
#2234=ORIENTED_EDGE('',*,*,#1597,.T.);
#2235=ORIENTED_EDGE('',*,*,#1538,.T.);
#2236=ORIENTED_EDGE('',*,*,#1540,.T.);
#2237=ORIENTED_EDGE('',*,*,#1542,.T.);
#2238=ORIENTED_EDGE('',*,*,#1592,.T.);
#2239=ORIENTED_EDGE('',*,*,#1570,.T.);
#2240=ORIENTED_EDGE('',*,*,#1546,.T.);
#2241=ORIENTED_EDGE('',*,*,#1573,.T.);
#2242=ORIENTED_EDGE('',*,*,#1551,.T.);
#2243=ORIENTED_EDGE('',*,*,#1567,.T.);
#2244=ORIENTED_EDGE('',*,*,#1593,.T.);
#2245=ORIENTED_EDGE('',*,*,#1522,.T.);
#2246=ORIENTED_EDGE('',*,*,#1525,.T.);
#2247=ORIENTED_EDGE('',*,*,#1527,.T.);
#2248=ORIENTED_EDGE('',*,*,#1594,.T.);
#2249=ORIENTED_EDGE('',*,*,#1578,.T.);
#2250=ORIENTED_EDGE('',*,*,#1559,.T.);
#2251=ORIENTED_EDGE('',*,*,#1582,.T.);
#2252=ORIENTED_EDGE('',*,*,#1298,.T.);
#2253=ORIENTED_EDGE('',*,*,#1295,.T.);
#2254=ORIENTED_EDGE('',*,*,#1292,.T.);
#2255=ORIENTED_EDGE('',*,*,#1289,.T.);
#2256=ORIENTED_EDGE('',*,*,#1303,.T.);
#2257=ORIENTED_EDGE('',*,*,#1492,.T.);
#2258=ORIENTED_EDGE('',*,*,#1568,.T.);
#2259=ORIENTED_EDGE('',*,*,#1553,.T.);
#2260=ORIENTED_EDGE('',*,*,#1574,.T.);
#2261=ORIENTED_EDGE('',*,*,#1544,.T.);
#2262=ORIENTED_EDGE('',*,*,#1572,.T.);
#2263=ORIENTED_EDGE('',*,*,#1494,.T.);
#2264=ORIENTED_EDGE('',*,*,#1433,.T.);
#2265=ORIENTED_EDGE('',*,*,#1448,.T.);
#2266=ORIENTED_EDGE('',*,*,#1428,.T.);
#2267=ORIENTED_EDGE('',*,*,#1510,.T.);
#2268=ORIENTED_EDGE('',*,*,#1507,.T.);
#2269=ORIENTED_EDGE('',*,*,#1406,.T.);
#2270=ORIENTED_EDGE('',*,*,#1407,.T.);
#2271=ORIENTED_EDGE('',*,*,#1488,.T.);
#2272=ORIENTED_EDGE('',*,*,#1588,.T.);
#2273=ORIENTED_EDGE('',*,*,#1556,.T.);
#2274=ORIENTED_EDGE('',*,*,#1586,.T.);
#2275=ORIENTED_EDGE('',*,*,#1564,.T.);
#2276=ORIENTED_EDGE('',*,*,#1584,.T.);
#2277=ORIENTED_EDGE('',*,*,#1481,.T.);
#2278=ORIENTED_EDGE('',*,*,#1398,.T.);
#2279=ORIENTED_EDGE('',*,*,#1519,.T.);
#2280=ORIENTED_EDGE('',*,*,#1504,.T.);
#2281=ORIENTED_EDGE('',*,*,#1391,.T.);
#2282=ORIENTED_EDGE('',*,*,#1480,.T.);
#2283=ORIENTED_EDGE('',*,*,#1575,.T.);
#2284=ORIENTED_EDGE('',*,*,#1548,.T.);
#2285=ORIENTED_EDGE('',*,*,#1581,.T.);
#2286=ORIENTED_EDGE('',*,*,#1561,.T.);
#2287=ORIENTED_EDGE('',*,*,#1580,.T.);
#2288=ORIENTED_EDGE('',*,*,#1484,.T.);
#2289=ORIENTED_EDGE('',*,*,#1401,.T.);
#2290=ORIENTED_EDGE('',*,*,#1394,.T.);
#2291=ORIENTED_EDGE('',*,*,#1513,.T.);
#2292=ORIENTED_EDGE('',*,*,#1516,.T.);
#2293=ORIENTED_EDGE('',*,*,#1323,.F.);
#2294=ORIENTED_EDGE('',*,*,#1445,.F.);
#2295=ORIENTED_EDGE('',*,*,#1384,.F.);
#2296=ORIENTED_EDGE('',*,*,#1598,.F.);
#2297=ORIENTED_EDGE('',*,*,#1460,.F.);
#2298=ORIENTED_EDGE('',*,*,#1598,.T.);
#2299=ORIENTED_EDGE('',*,*,#1453,.F.);
#2300=ORIENTED_EDGE('',*,*,#1591,.F.);
#2301=ORIENTED_EDGE('',*,*,#1599,.T.);
#2302=ORIENTED_EDGE('',*,*,#1294,.F.);
#2303=ORIENTED_EDGE('',*,*,#1291,.F.);
#2304=ORIENTED_EDGE('',*,*,#1297,.F.);
#2305=ORIENTED_EDGE('',*,*,#1300,.F.);
#2306=ORIENTED_EDGE('',*,*,#1301,.F.);
#2307=ORIENTED_EDGE('',*,*,#1462,.T.);
#2308=ORIENTED_EDGE('',*,*,#1600,.T.);
#2309=ORIENTED_EDGE('',*,*,#1599,.F.);
#2310=ORIENTED_EDGE('',*,*,#1600,.F.);
#2311=ORIENTED_EDGE('',*,*,#1463,.T.);
#2312=ORIENTED_EDGE('',*,*,#1601,.F.);
#2313=ORIENTED_EDGE('',*,*,#1602,.F.);
#2314=ORIENTED_EDGE('',*,*,#1603,.F.);
#2315=ORIENTED_EDGE('',*,*,#1604,.F.);
#2316=ORIENTED_EDGE('',*,*,#1605,.F.);
#2317=ORIENTED_EDGE('',*,*,#1604,.T.);
#2318=ORIENTED_EDGE('',*,*,#1606,.F.);
#2319=ORIENTED_EDGE('',*,*,#1607,.T.);
#2320=ORIENTED_EDGE('',*,*,#1608,.F.);
#2321=ORIENTED_EDGE('',*,*,#1609,.T.);
#2322=ORIENTED_EDGE('',*,*,#1610,.T.);
#2323=ORIENTED_EDGE('',*,*,#1602,.T.);
#2324=ORIENTED_EDGE('',*,*,#1611,.T.);
#2325=ORIENTED_EDGE('',*,*,#1606,.T.);
#2326=ORIENTED_EDGE('',*,*,#1603,.T.);
#2327=ORIENTED_EDGE('',*,*,#1610,.F.);
#2328=ORIENTED_EDGE('',*,*,#1612,.T.);
#2329=ORIENTED_EDGE('',*,*,#1613,.T.);
#2330=ORIENTED_EDGE('',*,*,#1614,.T.);
#2331=ORIENTED_EDGE('',*,*,#1615,.F.);
#2332=ORIENTED_EDGE('',*,*,#1616,.T.);
#2333=ORIENTED_EDGE('',*,*,#1617,.F.);
#2334=ORIENTED_EDGE('',*,*,#1618,.T.);
#2335=ORIENTED_EDGE('',*,*,#1619,.F.);
#2336=ORIENTED_EDGE('',*,*,#1620,.F.);
#2337=ORIENTED_EDGE('',*,*,#1614,.F.);
#2338=ORIENTED_EDGE('',*,*,#1621,.F.);
#2339=ORIENTED_EDGE('',*,*,#1618,.F.);
#2340=ORIENTED_EDGE('',*,*,#1622,.T.);
#2341=ORIENTED_EDGE('',*,*,#1619,.T.);
#2342=ORIENTED_EDGE('',*,*,#1621,.T.);
#2343=ORIENTED_EDGE('',*,*,#1613,.F.);
#2344=ORIENTED_EDGE('',*,*,#1623,.F.);
#2345=ORIENTED_EDGE('',*,*,#1624,.F.);
#2346=ORIENTED_EDGE('',*,*,#1625,.T.);
#2347=ORIENTED_EDGE('',*,*,#1626,.T.);
#2348=ORIENTED_EDGE('',*,*,#1627,.T.);
#2349=ORIENTED_EDGE('',*,*,#1628,.T.);
#2350=ORIENTED_EDGE('',*,*,#1629,.T.);
#2351=ORIENTED_EDGE('',*,*,#1630,.T.);
#2352=ORIENTED_EDGE('',*,*,#1631,.T.);
#2353=ORIENTED_EDGE('',*,*,#1632,.T.);
#2354=ORIENTED_EDGE('',*,*,#1615,.T.);
#2355=ORIENTED_EDGE('',*,*,#1620,.T.);
#2356=ORIENTED_EDGE('',*,*,#1617,.T.);
#2357=ORIENTED_EDGE('',*,*,#1633,.T.);
#2358=ORIENTED_EDGE('',*,*,#1608,.T.);
#2359=ORIENTED_EDGE('',*,*,#1601,.T.);
#2360=ORIENTED_EDGE('',*,*,#1605,.T.);
#2361=ORIENTED_EDGE('',*,*,#1634,.T.);
#2362=ORIENTED_EDGE('',*,*,#1635,.T.);
#2363=ORIENTED_EDGE('',*,*,#1636,.T.);
#2364=ORIENTED_EDGE('',*,*,#1637,.T.);
#2365=ORIENTED_EDGE('',*,*,#1638,.T.);
#2366=ORIENTED_EDGE('',*,*,#1639,.T.);
#2367=ORIENTED_EDGE('',*,*,#1640,.T.);
#2368=ORIENTED_EDGE('',*,*,#1625,.F.);
#2369=ORIENTED_EDGE('',*,*,#1640,.F.);
#2370=ORIENTED_EDGE('',*,*,#1641,.F.);
#2371=ORIENTED_EDGE('',*,*,#1642,.F.);
#2372=ORIENTED_EDGE('',*,*,#1643,.F.);
#2373=ORIENTED_EDGE('',*,*,#1626,.F.);
#2374=ORIENTED_EDGE('',*,*,#1627,.F.);
#2375=ORIENTED_EDGE('',*,*,#1643,.T.);
#2376=ORIENTED_EDGE('',*,*,#1644,.F.);
#2377=ORIENTED_EDGE('',*,*,#1645,.T.);
#2378=ORIENTED_EDGE('',*,*,#1639,.F.);
#2379=ORIENTED_EDGE('',*,*,#1646,.T.);
#2380=ORIENTED_EDGE('',*,*,#1647,.T.);
#2381=ORIENTED_EDGE('',*,*,#1641,.T.);
#2382=ORIENTED_EDGE('',*,*,#1648,.T.);
#2383=ORIENTED_EDGE('',*,*,#1644,.T.);
#2384=ORIENTED_EDGE('',*,*,#1642,.T.);
#2385=ORIENTED_EDGE('',*,*,#1647,.F.);
#2386=ORIENTED_EDGE('',*,*,#1636,.F.);
#2387=ORIENTED_EDGE('',*,*,#1649,.F.);
#2388=ORIENTED_EDGE('',*,*,#1650,.F.);
#2389=ORIENTED_EDGE('',*,*,#1651,.F.);
#2390=ORIENTED_EDGE('',*,*,#1637,.F.);
#2391=ORIENTED_EDGE('',*,*,#1651,.T.);
#2392=ORIENTED_EDGE('',*,*,#1652,.F.);
#2393=ORIENTED_EDGE('',*,*,#1653,.T.);
#2394=ORIENTED_EDGE('',*,*,#1635,.F.);
#2395=ORIENTED_EDGE('',*,*,#1654,.T.);
#2396=ORIENTED_EDGE('',*,*,#1655,.T.);
#2397=ORIENTED_EDGE('',*,*,#1649,.T.);
#2398=ORIENTED_EDGE('',*,*,#1656,.T.);
#2399=ORIENTED_EDGE('',*,*,#1652,.T.);
#2400=ORIENTED_EDGE('',*,*,#1650,.T.);
#2401=ORIENTED_EDGE('',*,*,#1655,.F.);
#2402=ORIENTED_EDGE('',*,*,#1630,.F.);
#2403=ORIENTED_EDGE('',*,*,#1657,.F.);
#2404=ORIENTED_EDGE('',*,*,#1658,.F.);
#2405=ORIENTED_EDGE('',*,*,#1659,.F.);
#2406=ORIENTED_EDGE('',*,*,#1631,.F.);
#2407=ORIENTED_EDGE('',*,*,#1659,.T.);
#2408=ORIENTED_EDGE('',*,*,#1660,.F.);
#2409=ORIENTED_EDGE('',*,*,#1661,.T.);
#2410=ORIENTED_EDGE('',*,*,#1629,.F.);
#2411=ORIENTED_EDGE('',*,*,#1662,.T.);
#2412=ORIENTED_EDGE('',*,*,#1663,.T.);
#2413=ORIENTED_EDGE('',*,*,#1657,.T.);
#2414=ORIENTED_EDGE('',*,*,#1664,.T.);
#2415=ORIENTED_EDGE('',*,*,#1660,.T.);
#2416=ORIENTED_EDGE('',*,*,#1658,.T.);
#2417=ORIENTED_EDGE('',*,*,#1663,.F.);
#2418=ORIENTED_EDGE('',*,*,#1633,.F.);
#2419=ORIENTED_EDGE('',*,*,#1616,.F.);
#2420=ORIENTED_EDGE('',*,*,#1622,.F.);
#2421=ORIENTED_EDGE('',*,*,#1612,.F.);
#2422=ORIENTED_EDGE('',*,*,#1632,.F.);
#2423=ORIENTED_EDGE('',*,*,#1661,.F.);
#2424=ORIENTED_EDGE('',*,*,#1664,.F.);
#2425=ORIENTED_EDGE('',*,*,#1662,.F.);
#2426=ORIENTED_EDGE('',*,*,#1628,.F.);
#2427=ORIENTED_EDGE('',*,*,#1645,.F.);
#2428=ORIENTED_EDGE('',*,*,#1648,.F.);
#2429=ORIENTED_EDGE('',*,*,#1646,.F.);
#2430=ORIENTED_EDGE('',*,*,#1638,.F.);
#2431=ORIENTED_EDGE('',*,*,#1653,.F.);
#2432=ORIENTED_EDGE('',*,*,#1656,.F.);
#2433=ORIENTED_EDGE('',*,*,#1654,.F.);
#2434=ORIENTED_EDGE('',*,*,#1634,.F.);
#2435=ORIENTED_EDGE('',*,*,#1607,.F.);
#2436=ORIENTED_EDGE('',*,*,#1611,.F.);
#2437=ORIENTED_EDGE('',*,*,#1609,.F.);
#2438=ORIENTED_EDGE('',*,*,#1665,.F.);
#2439=ORIENTED_EDGE('',*,*,#1666,.F.);
#2440=ORIENTED_EDGE('',*,*,#1667,.F.);
#2441=ORIENTED_EDGE('',*,*,#1668,.F.);
#2442=ORIENTED_EDGE('',*,*,#1669,.F.);
#2443=ORIENTED_EDGE('',*,*,#1670,.F.);
#2444=ORIENTED_EDGE('',*,*,#1671,.F.);
#2445=ORIENTED_EDGE('',*,*,#1672,.F.);
#2446=ORIENTED_EDGE('',*,*,#1673,.F.);
#2447=ORIENTED_EDGE('',*,*,#1674,.F.);
#2448=ORIENTED_EDGE('',*,*,#1675,.F.);
#2449=ORIENTED_EDGE('',*,*,#1676,.F.);
#2450=ORIENTED_EDGE('',*,*,#1677,.F.);
#2451=ORIENTED_EDGE('',*,*,#1674,.T.);
#2452=ORIENTED_EDGE('',*,*,#1678,.T.);
#2453=ORIENTED_EDGE('',*,*,#1669,.T.);
#2454=ORIENTED_EDGE('',*,*,#1678,.F.);
#2455=ORIENTED_EDGE('',*,*,#1675,.T.);
#2456=ORIENTED_EDGE('',*,*,#1679,.T.);
#2457=ORIENTED_EDGE('',*,*,#1668,.T.);
#2458=ORIENTED_EDGE('',*,*,#1679,.F.);
#2459=ORIENTED_EDGE('',*,*,#1673,.T.);
#2460=ORIENTED_EDGE('',*,*,#1680,.T.);
#2461=ORIENTED_EDGE('',*,*,#1667,.T.);
#2462=ORIENTED_EDGE('',*,*,#1680,.F.);
#2463=ORIENTED_EDGE('',*,*,#1676,.T.);
#2464=ORIENTED_EDGE('',*,*,#1681,.T.);
#2465=ORIENTED_EDGE('',*,*,#1666,.T.);
#2466=ORIENTED_EDGE('',*,*,#1681,.F.);
#2467=ORIENTED_EDGE('',*,*,#1665,.T.);
#2468=ORIENTED_EDGE('',*,*,#1682,.T.);
#2469=ORIENTED_EDGE('',*,*,#1683,.F.);
#2470=ORIENTED_EDGE('',*,*,#1684,.F.);
#2471=ORIENTED_EDGE('',*,*,#1682,.F.);
#2472=ORIENTED_EDGE('',*,*,#1683,.T.);
#2473=ORIENTED_EDGE('',*,*,#1684,.T.);
#2474=ORIENTED_EDGE('',*,*,#1685,.T.);
#2475=ORIENTED_EDGE('',*,*,#1677,.T.);
#2476=ORIENTED_EDGE('',*,*,#1685,.F.);
#2477=ORIENTED_EDGE('',*,*,#1671,.T.);
#2478=ORIENTED_EDGE('',*,*,#1686,.T.);
#2479=ORIENTED_EDGE('',*,*,#1672,.T.);
#2480=ORIENTED_EDGE('',*,*,#1686,.F.);
#2481=ORIENTED_EDGE('',*,*,#1623,.T.);
#2482=ORIENTED_EDGE('',*,*,#1624,.T.);
#2483=ORIENTED_EDGE('',*,*,#1687,.T.);
#2484=ORIENTED_EDGE('',*,*,#1670,.T.);
#2485=ORIENTED_EDGE('',*,*,#1687,.F.);
#2486=CYLINDRICAL_SURFACE('',#2718,1.75);
#2487=CYLINDRICAL_SURFACE('',#2721,1.75);
#2488=CYLINDRICAL_SURFACE('',#2724,1.75);
#2489=CYLINDRICAL_SURFACE('',#2727,1.75);
#2490=CYLINDRICAL_SURFACE('',#2730,3.441421356);
#2491=CYLINDRICAL_SURFACE('',#2733,0.999480795503692);
#2492=CYLINDRICAL_SURFACE('',#2735,1.00015698852435);
#2493=CYLINDRICAL_SURFACE('',#2736,0.999985201494309);
#2494=CYLINDRICAL_SURFACE('',#2845,19.4992190354736);
#2495=CYLINDRICAL_SURFACE('',#2846,19.4998543842378);
#2496=CYLINDRICAL_SURFACE('',#2867,0.299993799764319);
#2497=CYLINDRICAL_SURFACE('',#2868,0.300013353131195);
#2498=CYLINDRICAL_SURFACE('',#2869,0.300009990074061);
#2499=CYLINDRICAL_SURFACE('',#2870,0.299985878059707);
#2500=CYLINDRICAL_SURFACE('',#2871,0.300024367236316);
#2501=CYLINDRICAL_SURFACE('',#2872,0.299988997475737);
#2502=CYLINDRICAL_SURFACE('',#2873,0.299993800308742);
#2503=CYLINDRICAL_SURFACE('',#2874,0.29999197187253);
#2504=CYLINDRICAL_SURFACE('',#2875,0.300004395507126);
#2505=CYLINDRICAL_SURFACE('',#2876,0.299977971166777);
#2506=CYLINDRICAL_SURFACE('',#2877,0.299994892827626);
#2507=CYLINDRICAL_SURFACE('',#2878,0.299997604837419);
#2508=CYLINDRICAL_SURFACE('',#2879,1.00000759374812);
#2509=CYLINDRICAL_SURFACE('',#2880,0.999994742428571);
#2510=CYLINDRICAL_SURFACE('',#2881,1.00001251287241);
#2511=CYLINDRICAL_SURFACE('',#2882,1.00001073199764);
#2512=CYLINDRICAL_SURFACE('',#2883,0.999986687617414);
#2513=CYLINDRICAL_SURFACE('',#2884,1.00000399966719);
#2514=CYLINDRICAL_SURFACE('',#2885,1.00001751450292);
#2515=CYLINDRICAL_SURFACE('',#2886,0.999992757111246);
#2516=CYLINDRICAL_SURFACE('',#2887,2.15264786878854);
#2517=CYLINDRICAL_SURFACE('',#2890,2.15264969051489);
#2518=CYLINDRICAL_SURFACE('',#2893,2.15265027074914);
#2519=CYLINDRICAL_SURFACE('',#2896,2.15265006981903);
#2520=CYLINDRICAL_SURFACE('',#2899,2.15264697698088);
#2521=CYLINDRICAL_SURFACE('',#2902,2.15265050280888);
#2522=CYLINDRICAL_SURFACE('',#2905,1.29999723990205);
#2523=CYLINDRICAL_SURFACE('',#2907,19.1997704850615);
#2524=CYLINDRICAL_SURFACE('',#2909,1.30000855464137);
#2525=CYLINDRICAL_SURFACE('',#2911,1.29997837661024);
#2526=CYLINDRICAL_SURFACE('',#2913,19.200330627312);
#2527=CYLINDRICAL_SURFACE('',#2915,1.29999882520335);
#2528=CYLINDRICAL_SURFACE('',#2917,1.30001074546566);
#2529=CYLINDRICAL_SURFACE('',#2919,19.19967985274);
#2530=CYLINDRICAL_SURFACE('',#2921,1.29998375020093);
#2531=CYLINDRICAL_SURFACE('',#2923,3.74999847134967);
#2532=CYLINDRICAL_SURFACE('',#2926,3.7499890588472);
#2533=CYLINDRICAL_SURFACE('',#2929,3.75000321483441);
#2534=CYLINDRICAL_SURFACE('',#2932,3.749993984082);
#2535=CYLINDRICAL_SURFACE('',#2935,3.74999683315675);
#2536=CYLINDRICAL_SURFACE('',#2938,3.74999731206323);
#2537=CYLINDRICAL_SURFACE('',#2941,23.8084380065651);
#2538=CYLINDRICAL_SURFACE('',#2944,23.8186369342869);
#2539=CYLINDRICAL_SURFACE('',#2947,23.8125032553444);
#2540=CYLINDRICAL_SURFACE('',#2950,23.8081442543801);
#2541=CYLINDRICAL_SURFACE('',#2953,23.8139549916508);
#2542=CYLINDRICAL_SURFACE('',#2956,23.8122944743633);
#2543=CYLINDRICAL_SURFACE('',#2959,23.8160659398233);
#2544=CYLINDRICAL_SURFACE('',#2962,23.8126379147111);
#2545=CYLINDRICAL_SURFACE('',#2965,23.8067345914053);
#2546=CYLINDRICAL_SURFACE('',#2987,14.3001978870814);
#2547=CYLINDRICAL_SURFACE('',#2993,15.);
#2548=CYLINDRICAL_SURFACE('',#3000,15.);
#2549=CYLINDRICAL_SURFACE('',#3002,15.2);
#2550=CYLINDRICAL_SURFACE('',#3018,15.);
#2551=CYLINDRICAL_SURFACE('',#3024,15.);
#2552=CYLINDRICAL_SURFACE('',#3030,15.);
#2553=CYLINDRICAL_SURFACE('',#3048,1.75);
#2554=CYLINDRICAL_SURFACE('',#3049,1.75);
#2555=CYLINDRICAL_SURFACE('',#3050,1.75);
#2556=CYLINDRICAL_SURFACE('',#3051,1.75);
#2557=CYLINDRICAL_SURFACE('',#3052,1.5);
#2558=CYLINDRICAL_SURFACE('',#3056,9.7);
#2559=ADVANCED_FACE('',(#186),#2486,.F.);
#2560=ADVANCED_FACE('',(#187),#2487,.F.);
#2561=ADVANCED_FACE('',(#188),#2488,.F.);
#2562=ADVANCED_FACE('',(#189),#2489,.F.);
#2563=ADVANCED_FACE('',(#190),#2490,.F.);
#2564=ADVANCED_FACE('',(#191),#2491,.T.);
#2565=ADVANCED_FACE('',(#192),#2492,.T.);
#2566=ADVANCED_FACE('',(#193),#2493,.F.);
#2567=ADVANCED_FACE('',(#194),#96,.T.);
#2568=ADVANCED_FACE('',(#195),#97,.T.);
#2569=ADVANCED_FACE('',(#196),#98,.T.);
#2570=ADVANCED_FACE('',(#197),#99,.T.);
#2571=ADVANCED_FACE('',(#198),#100,.T.);
#2572=ADVANCED_FACE('',(#199),#101,.T.);
#2573=ADVANCED_FACE('',(#200),#102,.T.);
#2574=ADVANCED_FACE('',(#201),#103,.T.);
#2575=ADVANCED_FACE('',(#202),#104,.T.);
#2576=ADVANCED_FACE('',(#203),#89,.T.);
#2577=ADVANCED_FACE('',(#204),#105,.T.);
#2578=ADVANCED_FACE('',(#205),#106,.T.);
#2579=ADVANCED_FACE('',(#206),#107,.T.);
#2580=ADVANCED_FACE('',(#207),#108,.T.);
#2581=ADVANCED_FACE('',(#208),#109,.T.);
#2582=ADVANCED_FACE('',(#209),#110,.T.);
#2583=ADVANCED_FACE('',(#210),#111,.T.);
#2584=ADVANCED_FACE('',(#211),#112,.T.);
#2585=ADVANCED_FACE('',(#212),#113,.T.);
#2586=ADVANCED_FACE('',(#213),#114,.T.);
#2587=ADVANCED_FACE('',(#214),#115,.T.);
#2588=ADVANCED_FACE('',(#215),#116,.T.);
#2589=ADVANCED_FACE('',(#216),#117,.T.);
#2590=ADVANCED_FACE('',(#217),#118,.T.);
#2591=ADVANCED_FACE('',(#218),#119,.T.);
#2592=ADVANCED_FACE('',(#219),#120,.T.);
#2593=ADVANCED_FACE('',(#220),#121,.T.);
#2594=ADVANCED_FACE('',(#221),#122,.T.);
#2595=ADVANCED_FACE('',(#222),#123,.T.);
#2596=ADVANCED_FACE('',(#223),#124,.T.);
#2597=ADVANCED_FACE('',(#224),#125,.T.);
#2598=ADVANCED_FACE('',(#225),#126,.T.);
#2599=ADVANCED_FACE('',(#226),#90,.T.);
#2600=ADVANCED_FACE('',(#227),#91,.T.);
#2601=ADVANCED_FACE('',(#228),#92,.T.);
#2602=ADVANCED_FACE('',(#229),#93,.T.);
#2603=ADVANCED_FACE('',(#230),#2494,.T.);
#2604=ADVANCED_FACE('',(#231),#2495,.T.);
#2605=ADVANCED_FACE('',(#232),#127,.T.);
#2606=ADVANCED_FACE('',(#233),#128,.T.);
#2607=ADVANCED_FACE('',(#234),#129,.T.);
#2608=ADVANCED_FACE('',(#235),#130,.T.);
#2609=ADVANCED_FACE('',(#236),#131,.T.);
#2610=ADVANCED_FACE('',(#237),#132,.T.);
#2611=ADVANCED_FACE('',(#238),#133,.F.);
#2612=ADVANCED_FACE('',(#239),#2496,.T.);
#2613=ADVANCED_FACE('',(#240),#2497,.T.);
#2614=ADVANCED_FACE('',(#241),#2498,.T.);
#2615=ADVANCED_FACE('',(#242),#2499,.T.);
#2616=ADVANCED_FACE('',(#243),#2500,.T.);
#2617=ADVANCED_FACE('',(#244),#2501,.T.);
#2618=ADVANCED_FACE('',(#245),#2502,.T.);
#2619=ADVANCED_FACE('',(#246),#2503,.T.);
#2620=ADVANCED_FACE('',(#247),#2504,.T.);
#2621=ADVANCED_FACE('',(#248),#2505,.T.);
#2622=ADVANCED_FACE('',(#249),#2506,.T.);
#2623=ADVANCED_FACE('',(#250),#2507,.T.);
#2624=ADVANCED_FACE('',(#251),#2508,.T.);
#2625=ADVANCED_FACE('',(#252),#2509,.T.);
#2626=ADVANCED_FACE('',(#253),#2510,.T.);
#2627=ADVANCED_FACE('',(#254),#2511,.T.);
#2628=ADVANCED_FACE('',(#255),#2512,.F.);
#2629=ADVANCED_FACE('',(#256),#2513,.F.);
#2630=ADVANCED_FACE('',(#257),#2514,.F.);
#2631=ADVANCED_FACE('',(#258),#2515,.F.);
#2632=ADVANCED_FACE('',(#259),#2516,.F.);
#2633=ADVANCED_FACE('',(#260),#2517,.F.);
#2634=ADVANCED_FACE('',(#261),#2518,.F.);
#2635=ADVANCED_FACE('',(#262),#2519,.F.);
#2636=ADVANCED_FACE('',(#263),#2520,.F.);
#2637=ADVANCED_FACE('',(#264),#2521,.F.);
#2638=ADVANCED_FACE('',(#265),#2522,.F.);
#2639=ADVANCED_FACE('',(#266),#2523,.T.);
#2640=ADVANCED_FACE('',(#267),#2524,.F.);
#2641=ADVANCED_FACE('',(#268),#2525,.F.);
#2642=ADVANCED_FACE('',(#269),#2526,.T.);
#2643=ADVANCED_FACE('',(#270),#2527,.F.);
#2644=ADVANCED_FACE('',(#271),#2528,.F.);
#2645=ADVANCED_FACE('',(#272),#2529,.T.);
#2646=ADVANCED_FACE('',(#273),#2530,.F.);
#2647=ADVANCED_FACE('',(#274),#2531,.F.);
#2648=ADVANCED_FACE('',(#275),#2532,.F.);
#2649=ADVANCED_FACE('',(#276),#2533,.F.);
#2650=ADVANCED_FACE('',(#277),#2534,.F.);
#2651=ADVANCED_FACE('',(#278),#2535,.F.);
#2652=ADVANCED_FACE('',(#279),#2536,.F.);
#2653=ADVANCED_FACE('',(#280),#2537,.T.);
#2654=ADVANCED_FACE('',(#281),#2538,.T.);
#2655=ADVANCED_FACE('',(#282),#2539,.T.);
#2656=ADVANCED_FACE('',(#283),#2540,.T.);
#2657=ADVANCED_FACE('',(#284),#2541,.T.);
#2658=ADVANCED_FACE('',(#285),#2542,.T.);
#2659=ADVANCED_FACE('',(#286),#2543,.T.);
#2660=ADVANCED_FACE('',(#287),#2544,.T.);
#2661=ADVANCED_FACE('',(#288),#2545,.T.);
#2662=ADVANCED_FACE('',(#289),#53,.F.);
#2663=ADVANCED_FACE('',(#290),#54,.T.);
#2664=ADVANCED_FACE('',(#291),#55,.T.);
#2665=ADVANCED_FACE('',(#292),#56,.T.);
#2666=ADVANCED_FACE('',(#293),#57,.T.);
#2667=ADVANCED_FACE('',(#294),#58,.F.);
#2668=ADVANCED_FACE('',(#295,#19,#20,#21,#22,#23,#24,#25),#59,.T.);
#2669=ADVANCED_FACE('',(#296),#60,.T.);
#2670=ADVANCED_FACE('',(#297),#61,.T.);
#2671=ADVANCED_FACE('',(#298),#62,.F.);
#2672=ADVANCED_FACE('',(#299),#63,.F.);
#2673=ADVANCED_FACE('',(#300),#64,.T.);
#2674=ADVANCED_FACE('',(#301),#65,.F.);
#2675=ADVANCED_FACE('',(#302,#26,#27,#28,#29,#30),#66,.F.);
#2676=ADVANCED_FACE('',(#303,#31,#32),#67,.F.);
#2677=ADVANCED_FACE('',(#304,#33,#34),#68,.F.);
#2678=ADVANCED_FACE('',(#305,#35,#36),#69,.F.);
#2679=ADVANCED_FACE('',(#306),#17,.F.);
#2680=ADVANCED_FACE('',(#307),#18,.F.);
#2681=ADVANCED_FACE('',(#308,#37,#38,#39,#40,#41),#70,.T.);
#2682=ADVANCED_FACE('',(#309),#2546,.T.);
#2683=ADVANCED_FACE('',(#310),#71,.T.);
#2684=ADVANCED_FACE('',(#311),#72,.F.);
#2685=ADVANCED_FACE('',(#312),#73,.F.);
#2686=ADVANCED_FACE('',(#313),#2547,.T.);
#2687=ADVANCED_FACE('',(#314),#74,.F.);
#2688=ADVANCED_FACE('',(#315),#75,.F.);
#2689=ADVANCED_FACE('',(#316),#76,.T.);
#2690=ADVANCED_FACE('',(#317),#2548,.T.);
#2691=ADVANCED_FACE('',(#318),#2549,.T.);
#2692=ADVANCED_FACE('',(#319),#77,.T.);
#2693=ADVANCED_FACE('',(#320),#78,.F.);
#2694=ADVANCED_FACE('',(#321),#79,.F.);
#2695=ADVANCED_FACE('',(#322),#2550,.T.);
#2696=ADVANCED_FACE('',(#323),#80,.T.);
#2697=ADVANCED_FACE('',(#324),#81,.F.);
#2698=ADVANCED_FACE('',(#325),#82,.F.);
#2699=ADVANCED_FACE('',(#326),#2551,.T.);
#2700=ADVANCED_FACE('',(#327),#83,.T.);
#2701=ADVANCED_FACE('',(#328),#84,.F.);
#2702=ADVANCED_FACE('',(#329),#85,.F.);
#2703=ADVANCED_FACE('',(#330),#2552,.T.);
#2704=ADVANCED_FACE('',(#331,#42,#43,#44,#45,#46),#86,.T.);
#2705=ADVANCED_FACE('',(#332,#47),#87,.T.);
#2706=ADVANCED_FACE('',(#333,#48,#49,#50,#51,#52),#88,.T.);
#2707=ADVANCED_FACE('',(#334),#2553,.F.);
#2708=ADVANCED_FACE('',(#335),#2554,.F.);
#2709=ADVANCED_FACE('',(#336),#2555,.F.);
#2710=ADVANCED_FACE('',(#337),#2556,.F.);
#2711=ADVANCED_FACE('',(#338),#2557,.F.);
#2712=ADVANCED_FACE('',(#339),#94,.F.);
#2713=ADVANCED_FACE('',(#340),#2558,.F.);
#2714=ADVANCED_FACE('',(#341),#95,.T.);
#2715=CLOSED_SHELL('',(#2559,#2560,#2561,#2562,#2563,#2564,#2565,#2566,
#2567,#2568,#2569,#2570,#2571,#2572,#2573,#2574,#2575,#2576,#2577,#2578,
#2579,#2580,#2581,#2582,#2583,#2584,#2585,#2586,#2587,#2588,#2589,#2590,
#2591,#2592,#2593,#2594,#2595,#2596,#2597,#2598,#2599,#2600,#2601,#2602,
#2603,#2604,#2605,#2606,#2607,#2608,#2609,#2610,#2611,#2612,#2613,#2614,
#2615,#2616,#2617,#2618,#2619,#2620,#2621,#2622,#2623,#2624,#2625,#2626,
#2627,#2628,#2629,#2630,#2631,#2632,#2633,#2634,#2635,#2636,#2637,#2638,
#2639,#2640,#2641,#2642,#2643,#2644,#2645,#2646,#2647,#2648,#2649,#2650,
#2651,#2652,#2653,#2654,#2655,#2656,#2657,#2658,#2659,#2660,#2661,#2662,
#2663,#2664,#2665,#2666,#2667,#2668,#2669,#2670,#2671,#2672,#2673,#2674,
#2675,#2676,#2677,#2678,#2679,#2680,#2681,#2682));
#2716=CLOSED_SHELL('',(#2683,#2684,#2685,#2686,#2687,#2688,#2689,#2690,
#2691,#2692,#2693,#2694,#2695,#2696,#2697,#2698,#2699,#2700,#2701,#2702,
#2703,#2704,#2705,#2706,#2707,#2708,#2709,#2710,#2711,#2712,#2713,#2714));
#2717=AXIS2_PLACEMENT_3D('',#3901,#3058,#3059);
#2718=AXIS2_PLACEMENT_3D('',#3902,#3060,#3061);
#2719=AXIS2_PLACEMENT_3D('',#3904,#3062,#3063);
#2720=AXIS2_PLACEMENT_3D('',#3907,#3065,#3066);
#2721=AXIS2_PLACEMENT_3D('',#3908,#3067,#3068);
#2722=AXIS2_PLACEMENT_3D('',#3910,#3069,#3070);
#2723=AXIS2_PLACEMENT_3D('',#3913,#3072,#3073);
#2724=AXIS2_PLACEMENT_3D('',#3914,#3074,#3075);
#2725=AXIS2_PLACEMENT_3D('',#3916,#3076,#3077);
#2726=AXIS2_PLACEMENT_3D('',#3919,#3079,#3080);
#2727=AXIS2_PLACEMENT_3D('',#3920,#3081,#3082);
#2728=AXIS2_PLACEMENT_3D('',#3922,#3083,#3084);
#2729=AXIS2_PLACEMENT_3D('',#3925,#3086,#3087);
#2730=AXIS2_PLACEMENT_3D('',#3926,#3088,#3089);
#2731=AXIS2_PLACEMENT_3D('',#3928,#3090,#3091);
#2732=AXIS2_PLACEMENT_3D('',#3931,#3093,#3094);
#2733=AXIS2_PLACEMENT_3D('',#3932,#3095,#3096);
#2734=AXIS2_PLACEMENT_3D('',#3944,#3098,#3099);
#2735=AXIS2_PLACEMENT_3D('',#3992,#3101,#3102);
#2736=AXIS2_PLACEMENT_3D('',#4049,#3105,#3106);
#2737=AXIS2_PLACEMENT_3D('',#4054,#3108,#3109);
#2738=AXIS2_PLACEMENT_3D('',#4057,#3111,#3112);
#2739=AXIS2_PLACEMENT_3D('',#4058,#3113,#3114);
#2740=AXIS2_PLACEMENT_3D('',#4061,#3115,#3116);
#2741=AXIS2_PLACEMENT_3D('',#4089,#3117,#3118);
#2742=AXIS2_PLACEMENT_3D('',#4091,#3119,#3120);
#2743=AXIS2_PLACEMENT_3D('',#4092,#3121,#3122);
#2744=AXIS2_PLACEMENT_3D('',#4093,#3123,#3124);
#2745=AXIS2_PLACEMENT_3D('',#4096,#3125,#3126);
#2746=AXIS2_PLACEMENT_3D('',#4108,#3127,#3128);
#2747=AXIS2_PLACEMENT_3D('',#4146,#3129,#3130);
#2748=AXIS2_PLACEMENT_3D('',#4149,#3131,#3132);
#2749=AXIS2_PLACEMENT_3D('',#4151,#3133,#3134);
#2750=AXIS2_PLACEMENT_3D('',#4178,#3135,#3136);
#2751=AXIS2_PLACEMENT_3D('',#4179,#3137,#3138);
#2752=AXIS2_PLACEMENT_3D('',#4219,#3139,#3140);
#2753=AXIS2_PLACEMENT_3D('',#4229,#3141,#3142);
#2754=AXIS2_PLACEMENT_3D('',#4232,#3143,#3144);
#2755=AXIS2_PLACEMENT_3D('',#4244,#3145,#3146);
#2756=AXIS2_PLACEMENT_3D('',#4282,#3147,#3148);
#2757=AXIS2_PLACEMENT_3D('',#4284,#3149,#3150);
#2758=AXIS2_PLACEMENT_3D('',#4286,#3151,#3152);
#2759=AXIS2_PLACEMENT_3D('',#4366,#3154,#3155);
#2760=AXIS2_PLACEMENT_3D('',#4369,#3156,#3157);
#2761=AXIS2_PLACEMENT_3D('',#4371,#3158,#3159);
#2762=AXIS2_PLACEMENT_3D('',#4373,#3160,#3161);
#2763=AXIS2_PLACEMENT_3D('',#4411,#3162,#3163);
#2764=AXIS2_PLACEMENT_3D('',#4413,#3164,#3165);
#2765=AXIS2_PLACEMENT_3D('',#4424,#3167,#3168);
#2766=AXIS2_PLACEMENT_3D('',#4481,#3171,#3172);
#2767=AXIS2_PLACEMENT_3D('',#4568,#3173,#3174);
#2768=AXIS2_PLACEMENT_3D('',#4584,#3179,#3180);
#2769=AXIS2_PLACEMENT_3D('',#4586,#3181,#3182);
#2770=AXIS2_PLACEMENT_3D('',#4588,#3183,#3184);
#2771=AXIS2_PLACEMENT_3D('',#4589,#3185,#3186);
#2772=AXIS2_PLACEMENT_3D('',#4590,#3187,#3188);
#2773=AXIS2_PLACEMENT_3D('',#4593,#3189,#3190);
#2774=AXIS2_PLACEMENT_3D('',#4595,#3191,#3192);
#2775=AXIS2_PLACEMENT_3D('',#4597,#3193,#3194);
#2776=AXIS2_PLACEMENT_3D('',#4598,#3195,#3196);
#2777=AXIS2_PLACEMENT_3D('',#4599,#3197,#3198);
#2778=AXIS2_PLACEMENT_3D('',#4601,#3199,#3200);
#2779=AXIS2_PLACEMENT_3D('',#4602,#3201,#3202);
#2780=AXIS2_PLACEMENT_3D('',#4603,#3203,#3204);
#2781=AXIS2_PLACEMENT_3D('',#4604,#3205,#3206);
#2782=AXIS2_PLACEMENT_3D('',#4698,#3207,#3208);
#2783=AXIS2_PLACEMENT_3D('',#4699,#3209,#3210);
#2784=AXIS2_PLACEMENT_3D('',#4700,#3211,#3212);
#2785=AXIS2_PLACEMENT_3D('',#4704,#3214,#3215);
#2786=AXIS2_PLACEMENT_3D('',#4724,#3216,#3217);
#2787=AXIS2_PLACEMENT_3D('',#4726,#3218,#3219);
#2788=AXIS2_PLACEMENT_3D('',#4727,#3220,#3221);
#2789=AXIS2_PLACEMENT_3D('',#4728,#3222,#3223);
#2790=AXIS2_PLACEMENT_3D('',#4741,#3224,#3225);
#2791=AXIS2_PLACEMENT_3D('',#4780,#3226,#3227);
#2792=AXIS2_PLACEMENT_3D('',#4781,#3228,#3229);
#2793=AXIS2_PLACEMENT_3D('',#4784,#3230,#3231);
#2794=AXIS2_PLACEMENT_3D('',#4786,#3232,#3233);
#2795=AXIS2_PLACEMENT_3D('',#4788,#3234,#3235);
#2796=AXIS2_PLACEMENT_3D('',#4796,#3236,#3237);
#2797=AXIS2_PLACEMENT_3D('',#4797,#3238,#3239);
#2798=AXIS2_PLACEMENT_3D('',#4838,#3240,#3241);
#2799=AXIS2_PLACEMENT_3D('',#4849,#3242,#3243);
#2800=AXIS2_PLACEMENT_3D('',#4850,#3244,#3245);
#2801=AXIS2_PLACEMENT_3D('',#4852,#3246,#3247);
#2802=AXIS2_PLACEMENT_3D('',#4881,#3248,#3249);
#2803=AXIS2_PLACEMENT_3D('',#4882,#3250,#3251);
#2804=AXIS2_PLACEMENT_3D('',#4883,#3252,#3253);
#2805=AXIS2_PLACEMENT_3D('',#4886,#3254,#3255);
#2806=AXIS2_PLACEMENT_3D('',#4898,#3256,#3257);
#2807=AXIS2_PLACEMENT_3D('',#4936,#3258,#3259);
#2808=AXIS2_PLACEMENT_3D('',#4948,#3260,#3261);
#2809=AXIS2_PLACEMENT_3D('',#4986,#3262,#3263);
#2810=AXIS2_PLACEMENT_3D('',#4987,#3264,#3265);
#2811=AXIS2_PLACEMENT_3D('',#4989,#3266,#3267);
#2812=AXIS2_PLACEMENT_3D('',#4990,#3268,#3269);
#2813=AXIS2_PLACEMENT_3D('',#4991,#3270,#3271);
#2814=AXIS2_PLACEMENT_3D('',#5002,#3272,#3273);
#2815=AXIS2_PLACEMENT_3D('',#5003,#3274,#3275);
#2816=AXIS2_PLACEMENT_3D('',#5019,#3276,#3277);
#2817=AXIS2_PLACEMENT_3D('',#5021,#3278,#3279);
#2818=AXIS2_PLACEMENT_3D('',#5022,#3280,#3281);
#2819=AXIS2_PLACEMENT_3D('',#5023,#3282,#3283);
#2820=AXIS2_PLACEMENT_3D('',#5031,#3284,#3285);
#2821=AXIS2_PLACEMENT_3D('',#5032,#3286,#3287);
#2822=AXIS2_PLACEMENT_3D('',#5035,#3288,#3289);
#2823=AXIS2_PLACEMENT_3D('',#5037,#3290,#3291);
#2824=AXIS2_PLACEMENT_3D('',#5039,#3292,#3293);
#2825=AXIS2_PLACEMENT_3D('',#5052,#3294,#3295);
#2826=AXIS2_PLACEMENT_3D('',#5068,#3296,#3297);
#2827=AXIS2_PLACEMENT_3D('',#5069,#3298,#3299);
#2828=AXIS2_PLACEMENT_3D('',#5070,#3300,#3301);
#2829=AXIS2_PLACEMENT_3D('',#5071,#3302,#3303);
#2830=AXIS2_PLACEMENT_3D('',#5073,#3304,#3305);
#2831=AXIS2_PLACEMENT_3D('',#5080,#3306,#3307);
#2832=AXIS2_PLACEMENT_3D('',#5082,#3308,#3309);
#2833=AXIS2_PLACEMENT_3D('',#5095,#3310,#3311);
#2834=AXIS2_PLACEMENT_3D('',#5097,#3312,#3313);
#2835=AXIS2_PLACEMENT_3D('',#5108,#3314,#3315);
#2836=AXIS2_PLACEMENT_3D('',#5109,#3316,#3317);
#2837=AXIS2_PLACEMENT_3D('',#5112,#3318,#3319);
#2838=AXIS2_PLACEMENT_3D('',#5152,#3320,#3321);
#2839=AXIS2_PLACEMENT_3D('',#5162,#3322,#3323);
#2840=AXIS2_PLACEMENT_3D('',#5353,#3327,#3328);
#2841=AXIS2_PLACEMENT_3D('',#5355,#3329,#3330);
#2842=AXIS2_PLACEMENT_3D('',#5429,#3331,#3332);
#2843=AXIS2_PLACEMENT_3D('',#5431,#3334,#3335);
#2844=AXIS2_PLACEMENT_3D('',#5437,#3337,#3338);
#2845=AXIS2_PLACEMENT_3D('',#5439,#3340,#3341);
#2846=AXIS2_PLACEMENT_3D('',#5442,#3344,#3345);
#2847=AXIS2_PLACEMENT_3D('',#5444,#3347,#3348);
#2848=AXIS2_PLACEMENT_3D('',#5471,#3349,#3350);
#2849=AXIS2_PLACEMENT_3D('',#5473,#3351,#3352);
#2850=AXIS2_PLACEMENT_3D('',#5475,#3353,#3354);
#2851=AXIS2_PLACEMENT_3D('',#5488,#3355,#3356);
#2852=AXIS2_PLACEMENT_3D('',#5491,#3357,#3358);
#2853=AXIS2_PLACEMENT_3D('',#5492,#3359,#3360);
#2854=AXIS2_PLACEMENT_3D('',#5505,#3361,#3362);
#2855=AXIS2_PLACEMENT_3D('',#5532,#3363,#3364);
#2856=AXIS2_PLACEMENT_3D('',#5572,#3365,#3366);
#2857=AXIS2_PLACEMENT_3D('',#5573,#3367,#3368);
#2858=AXIS2_PLACEMENT_3D('',#5574,#3369,#3370);
#2859=AXIS2_PLACEMENT_3D('',#5576,#3371,#3372);
#2860=AXIS2_PLACEMENT_3D('',#5578,#3373,#3374);
#2861=AXIS2_PLACEMENT_3D('',#5579,#3375,#3376);
#2862=AXIS2_PLACEMENT_3D('',#5580,#3377,#3378);
#2863=AXIS2_PLACEMENT_3D('',#5583,#3379,#3380);
#2864=AXIS2_PLACEMENT_3D('',#5584,#3381,#3382);
#2865=AXIS2_PLACEMENT_3D('',#5586,#3383,#3384);
#2866=AXIS2_PLACEMENT_3D('',#5587,#3385,#3386);
#2867=AXIS2_PLACEMENT_3D('',#5588,#3387,#3388);
#2868=AXIS2_PLACEMENT_3D('',#5591,#3391,#3392);
#2869=AXIS2_PLACEMENT_3D('',#5594,#3395,#3396);
#2870=AXIS2_PLACEMENT_3D('',#5597,#3399,#3400);
#2871=AXIS2_PLACEMENT_3D('',#5600,#3403,#3404);
#2872=AXIS2_PLACEMENT_3D('',#5603,#3407,#3408);
#2873=AXIS2_PLACEMENT_3D('',#5606,#3411,#3412);
#2874=AXIS2_PLACEMENT_3D('',#5611,#3416,#3417);
#2875=AXIS2_PLACEMENT_3D('',#5616,#3421,#3422);
#2876=AXIS2_PLACEMENT_3D('',#5621,#3426,#3427);
#2877=AXIS2_PLACEMENT_3D('',#5626,#3431,#3432);
#2878=AXIS2_PLACEMENT_3D('',#5631,#3436,#3437);
#2879=AXIS2_PLACEMENT_3D('',#5636,#3441,#3442);
#2880=AXIS2_PLACEMENT_3D('',#5638,#3444,#3445);
#2881=AXIS2_PLACEMENT_3D('',#5640,#3447,#3448);
#2882=AXIS2_PLACEMENT_3D('',#5642,#3450,#3451);
#2883=AXIS2_PLACEMENT_3D('',#5644,#3453,#3454);
#2884=AXIS2_PLACEMENT_3D('',#5646,#3456,#3457);
#2885=AXIS2_PLACEMENT_3D('',#5648,#3459,#3460);
#2886=AXIS2_PLACEMENT_3D('',#5650,#3462,#3463);
#2887=AXIS2_PLACEMENT_3D('',#5652,#3465,#3466);
#2888=AXIS2_PLACEMENT_3D('',#5654,#3467,#3468);
#2889=AXIS2_PLACEMENT_3D('',#5657,#3470,#3471);
#2890=AXIS2_PLACEMENT_3D('',#5658,#3472,#3473);
#2891=AXIS2_PLACEMENT_3D('',#5660,#3474,#3475);
#2892=AXIS2_PLACEMENT_3D('',#5663,#3477,#3478);
#2893=AXIS2_PLACEMENT_3D('',#5664,#3479,#3480);
#2894=AXIS2_PLACEMENT_3D('',#5666,#3481,#3482);
#2895=AXIS2_PLACEMENT_3D('',#5669,#3484,#3485);
#2896=AXIS2_PLACEMENT_3D('',#5670,#3486,#3487);
#2897=AXIS2_PLACEMENT_3D('',#5672,#3488,#3489);
#2898=AXIS2_PLACEMENT_3D('',#5675,#3491,#3492);
#2899=AXIS2_PLACEMENT_3D('',#5676,#3493,#3494);
#2900=AXIS2_PLACEMENT_3D('',#5678,#3495,#3496);
#2901=AXIS2_PLACEMENT_3D('',#5681,#3498,#3499);
#2902=AXIS2_PLACEMENT_3D('',#5682,#3500,#3501);
#2903=AXIS2_PLACEMENT_3D('',#5684,#3502,#3503);
#2904=AXIS2_PLACEMENT_3D('',#5687,#3505,#3506);
#2905=AXIS2_PLACEMENT_3D('',#5688,#3507,#3508);
#2906=AXIS2_PLACEMENT_3D('',#5691,#3509,#3510);
#2907=AXIS2_PLACEMENT_3D('',#5694,#3513,#3514);
#2908=AXIS2_PLACEMENT_3D('',#5696,#3515,#3516);
#2909=AXIS2_PLACEMENT_3D('',#5698,#3518,#3519);
#2910=AXIS2_PLACEMENT_3D('',#5700,#3520,#3521);
#2911=AXIS2_PLACEMENT_3D('',#5702,#3523,#3524);
#2912=AXIS2_PLACEMENT_3D('',#5707,#3527,#3528);
#2913=AXIS2_PLACEMENT_3D('',#5708,#3529,#3530);
#2914=AXIS2_PLACEMENT_3D('',#5711,#3532,#3533);
#2915=AXIS2_PLACEMENT_3D('',#5712,#3534,#3535);
#2916=AXIS2_PLACEMENT_3D('',#5715,#3537,#3538);
#2917=AXIS2_PLACEMENT_3D('',#5716,#3539,#3540);
#2918=AXIS2_PLACEMENT_3D('',#5721,#3543,#3544);
#2919=AXIS2_PLACEMENT_3D('',#5722,#3545,#3546);
#2920=AXIS2_PLACEMENT_3D('',#5725,#3548,#3549);
#2921=AXIS2_PLACEMENT_3D('',#5726,#3550,#3551);
#2922=AXIS2_PLACEMENT_3D('',#5729,#3553,#3554);
#2923=AXIS2_PLACEMENT_3D('',#5730,#3555,#3556);
#2924=AXIS2_PLACEMENT_3D('',#5735,#3558,#3559);
#2925=AXIS2_PLACEMENT_3D('',#5738,#3561,#3562);
#2926=AXIS2_PLACEMENT_3D('',#5739,#3563,#3564);
#2927=AXIS2_PLACEMENT_3D('',#5744,#3566,#3567);
#2928=AXIS2_PLACEMENT_3D('',#5747,#3569,#3570);
#2929=AXIS2_PLACEMENT_3D('',#5748,#3571,#3572);
#2930=AXIS2_PLACEMENT_3D('',#5751,#3573,#3574);
#2931=AXIS2_PLACEMENT_3D('',#5755,#3576,#3577);
#2932=AXIS2_PLACEMENT_3D('',#5757,#3579,#3580);
#2933=AXIS2_PLACEMENT_3D('',#5762,#3582,#3583);
#2934=AXIS2_PLACEMENT_3D('',#5765,#3585,#3586);
#2935=AXIS2_PLACEMENT_3D('',#5766,#3587,#3588);
#2936=AXIS2_PLACEMENT_3D('',#5769,#3589,#3590);
#2937=AXIS2_PLACEMENT_3D('',#5773,#3592,#3593);
#2938=AXIS2_PLACEMENT_3D('',#5775,#3595,#3596);
#2939=AXIS2_PLACEMENT_3D('',#5780,#3598,#3599);
#2940=AXIS2_PLACEMENT_3D('',#5783,#3601,#3602);
#2941=AXIS2_PLACEMENT_3D('',#5784,#3603,#3604);
#2942=AXIS2_PLACEMENT_3D('',#5786,#3605,#3606);
#2943=AXIS2_PLACEMENT_3D('',#5787,#3607,#3608);
#2944=AXIS2_PLACEMENT_3D('',#5789,#3610,#3611);
#2945=AXIS2_PLACEMENT_3D('',#5791,#3612,#3613);
#2946=AXIS2_PLACEMENT_3D('',#5793,#3615,#3616);
#2947=AXIS2_PLACEMENT_3D('',#5794,#3617,#3618);
#2948=AXIS2_PLACEMENT_3D('',#5795,#3619,#3620);
#2949=AXIS2_PLACEMENT_3D('',#5796,#3621,#3622);
#2950=AXIS2_PLACEMENT_3D('',#5797,#3623,#3624);
#2951=AXIS2_PLACEMENT_3D('',#5798,#3625,#3626);
#2952=AXIS2_PLACEMENT_3D('',#5801,#3628,#3629);
#2953=AXIS2_PLACEMENT_3D('',#5802,#3630,#3631);
#2954=AXIS2_PLACEMENT_3D('',#5804,#3632,#3633);
#2955=AXIS2_PLACEMENT_3D('',#5806,#3635,#3636);
#2956=AXIS2_PLACEMENT_3D('',#5807,#3637,#3638);
#2957=AXIS2_PLACEMENT_3D('',#5808,#3639,#3640);
#2958=AXIS2_PLACEMENT_3D('',#5809,#3641,#3642);
#2959=AXIS2_PLACEMENT_3D('',#5810,#3643,#3644);
#2960=AXIS2_PLACEMENT_3D('',#5813,#3646,#3647);
#2961=AXIS2_PLACEMENT_3D('',#5814,#3648,#3649);
#2962=AXIS2_PLACEMENT_3D('',#5815,#3650,#3651);
#2963=AXIS2_PLACEMENT_3D('',#5816,#3652,#3653);
#2964=AXIS2_PLACEMENT_3D('',#5817,#3654,#3655);
#2965=AXIS2_PLACEMENT_3D('',#5818,#3656,#3657);
#2966=AXIS2_PLACEMENT_3D('',#5819,#3658,#3659);
#2967=AXIS2_PLACEMENT_3D('',#5822,#3661,#3662);
#2968=AXIS2_PLACEMENT_3D('',#5823,#3663,#3664);
#2969=AXIS2_PLACEMENT_3D('',#5825,#3666,#3667);
#2970=AXIS2_PLACEMENT_3D('',#5826,#3668,#3669);
#2971=AXIS2_PLACEMENT_3D('',#5827,#3670,#3671);
#2972=AXIS2_PLACEMENT_3D('',#5828,#3672,#3673);
#2973=AXIS2_PLACEMENT_3D('',#5829,#3674,#3675);
#2974=AXIS2_PLACEMENT_3D('',#5830,#3676,#3677);
#2975=AXIS2_PLACEMENT_3D('',#5831,#3678,#3679);
#2976=AXIS2_PLACEMENT_3D('',#5833,#3681,#3682);
#2977=AXIS2_PLACEMENT_3D('',#5835,#3684,#3685);
#2978=AXIS2_PLACEMENT_3D('',#5837,#3687,#3688);
#2979=AXIS2_PLACEMENT_3D('',#5839,#3690,#3691);
#2980=AXIS2_PLACEMENT_3D('',#5841,#3693,#3694);
#2981=AXIS2_PLACEMENT_3D('',#5843,#3696,#3697);
#2982=AXIS2_PLACEMENT_3D('',#5844,#3698,#3699);
#2983=AXIS2_PLACEMENT_3D('',#5845,#3700,#3701);
#2984=AXIS2_PLACEMENT_3D('',#5846,#3702,#3703);
#2985=AXIS2_PLACEMENT_3D('',#5884,#3705,#3706);
#2986=AXIS2_PLACEMENT_3D('',#5886,#3707,#3708);
#2987=AXIS2_PLACEMENT_3D('',#5887,#3709,#3710);
#2988=AXIS2_PLACEMENT_3D('',#5889,#3712,#3713);
#2989=AXIS2_PLACEMENT_3D('',#5892,#3714,#3715);
#2990=AXIS2_PLACEMENT_3D('',#5896,#3717,#3718);
#2991=AXIS2_PLACEMENT_3D('',#5898,#3720,#3721);
#2992=AXIS2_PLACEMENT_3D('',#5904,#3725,#3726);
#2993=AXIS2_PLACEMENT_3D('',#5910,#3730,#3731);
#2994=AXIS2_PLACEMENT_3D('',#5911,#3732,#3733);
#2995=AXIS2_PLACEMENT_3D('',#5912,#3734,#3735);
#2996=AXIS2_PLACEMENT_3D('',#5921,#3740,#3741);
#2997=AXIS2_PLACEMENT_3D('',#5930,#3746,#3747);
#2998=AXIS2_PLACEMENT_3D('',#5931,#3748,#3749);
#2999=AXIS2_PLACEMENT_3D('',#5932,#3750,#3751);
#3000=AXIS2_PLACEMENT_3D('',#5933,#3752,#3753);
#3001=AXIS2_PLACEMENT_3D('',#5934,#3754,#3755);
#3002=AXIS2_PLACEMENT_3D('',#5935,#3756,#3757);
#3003=AXIS2_PLACEMENT_3D('',#5938,#3758,#3759);
#3004=AXIS2_PLACEMENT_3D('',#5939,#3760,#3761);
#3005=AXIS2_PLACEMENT_3D('',#5943,#3763,#3764);
#3006=AXIS2_PLACEMENT_3D('',#5947,#3766,#3767);
#3007=AXIS2_PLACEMENT_3D('',#5951,#3769,#3770);
#3008=AXIS2_PLACEMENT_3D('',#5954,#3772,#3773);
#3009=AXIS2_PLACEMENT_3D('',#5955,#3774,#3775);
#3010=AXIS2_PLACEMENT_3D('',#5957,#3776,#3777);
#3011=AXIS2_PLACEMENT_3D('',#5961,#3779,#3780);
#3012=AXIS2_PLACEMENT_3D('',#5965,#3782,#3783);
#3013=AXIS2_PLACEMENT_3D('',#5968,#3785,#3786);
#3014=AXIS2_PLACEMENT_3D('',#5969,#3787,#3788);
#3015=AXIS2_PLACEMENT_3D('',#5973,#3790,#3791);
#3016=AXIS2_PLACEMENT_3D('',#5975,#3793,#3794);
#3017=AXIS2_PLACEMENT_3D('',#5979,#3797,#3798);
#3018=AXIS2_PLACEMENT_3D('',#5983,#3801,#3802);
#3019=AXIS2_PLACEMENT_3D('',#5984,#3803,#3804);
#3020=AXIS2_PLACEMENT_3D('',#5985,#3805,#3806);
#3021=AXIS2_PLACEMENT_3D('',#5989,#3808,#3809);
#3022=AXIS2_PLACEMENT_3D('',#5991,#3811,#3812);
#3023=AXIS2_PLACEMENT_3D('',#5995,#3815,#3816);
#3024=AXIS2_PLACEMENT_3D('',#5999,#3819,#3820);
#3025=AXIS2_PLACEMENT_3D('',#6000,#3821,#3822);
#3026=AXIS2_PLACEMENT_3D('',#6001,#3823,#3824);
#3027=AXIS2_PLACEMENT_3D('',#6005,#3826,#3827);
#3028=AXIS2_PLACEMENT_3D('',#6007,#3829,#3830);
#3029=AXIS2_PLACEMENT_3D('',#6011,#3833,#3834);
#3030=AXIS2_PLACEMENT_3D('',#6015,#3837,#3838);
#3031=AXIS2_PLACEMENT_3D('',#6016,#3839,#3840);
#3032=AXIS2_PLACEMENT_3D('',#6017,#3841,#3842);
#3033=AXIS2_PLACEMENT_3D('',#6019,#3843,#3844);
#3034=AXIS2_PLACEMENT_3D('',#6021,#3845,#3846);
#3035=AXIS2_PLACEMENT_3D('',#6023,#3847,#3848);
#3036=AXIS2_PLACEMENT_3D('',#6025,#3849,#3850);
#3037=AXIS2_PLACEMENT_3D('',#6027,#3851,#3852);
#3038=AXIS2_PLACEMENT_3D('',#6028,#3853,#3854);
#3039=AXIS2_PLACEMENT_3D('',#6030,#3855,#3856);
#3040=AXIS2_PLACEMENT_3D('',#6032,#3857,#3858);
#3041=AXIS2_PLACEMENT_3D('',#6033,#3859,#3860);
#3042=AXIS2_PLACEMENT_3D('',#6035,#3861,#3862);
#3043=AXIS2_PLACEMENT_3D('',#6037,#3863,#3864);
#3044=AXIS2_PLACEMENT_3D('',#6039,#3865,#3866);
#3045=AXIS2_PLACEMENT_3D('',#6041,#3867,#3868);
#3046=AXIS2_PLACEMENT_3D('',#6043,#3869,#3870);
#3047=AXIS2_PLACEMENT_3D('',#6045,#3871,#3872);
#3048=AXIS2_PLACEMENT_3D('',#6046,#3873,#3874);
#3049=AXIS2_PLACEMENT_3D('',#6048,#3876,#3877);
#3050=AXIS2_PLACEMENT_3D('',#6050,#3879,#3880);
#3051=AXIS2_PLACEMENT_3D('',#6052,#3882,#3883);
#3052=AXIS2_PLACEMENT_3D('',#6054,#3885,#3886);
#3053=AXIS2_PLACEMENT_3D('',#6058,#3888,#3889);
#3054=AXIS2_PLACEMENT_3D('',#6059,#3890,#3891);
#3055=AXIS2_PLACEMENT_3D('',#6060,#3892,#3893);
#3056=AXIS2_PLACEMENT_3D('',#6062,#3895,#3896);
#3057=AXIS2_PLACEMENT_3D('',#6064,#3898,#3899);
#3058=DIRECTION('axis',(0.,0.,1.));
#3059=DIRECTION('refdir',(1.,0.,0.));
#3060=DIRECTION('center_axis',(1.4363510381088E-14,0.,1.));
#3061=DIRECTION('ref_axis',(1.,0.,-1.4363510381088E-14));
#3062=DIRECTION('center_axis',(0.,0.,1.));
#3063=DIRECTION('ref_axis',(1.,0.,-1.4363510381088E-14));
#3064=DIRECTION('',(1.4363510381088E-14,0.,1.));
#3065=DIRECTION('center_axis',(0.,0.,1.));
#3066=DIRECTION('ref_axis',(1.,0.,-1.4363510381088E-14));
#3067=DIRECTION('center_axis',(1.4363510381088E-14,0.,1.));
#3068=DIRECTION('ref_axis',(1.,0.,-1.4363510381088E-14));
#3069=DIRECTION('center_axis',(0.,0.,1.));
#3070=DIRECTION('ref_axis',(1.,0.,-1.4363510381088E-14));
#3071=DIRECTION('',(1.4363510381088E-14,0.,1.));
#3072=DIRECTION('center_axis',(0.,0.,1.));
#3073=DIRECTION('ref_axis',(1.,0.,-1.4363510381088E-14));
#3074=DIRECTION('center_axis',(1.4363510381088E-14,0.,1.));
#3075=DIRECTION('ref_axis',(1.,0.,-1.4363510381088E-14));
#3076=DIRECTION('center_axis',(0.,0.,1.));
#3077=DIRECTION('ref_axis',(1.,0.,-1.4363510381088E-14));
#3078=DIRECTION('',(1.4363510381088E-14,0.,1.));
#3079=DIRECTION('center_axis',(0.,0.,1.));
#3080=DIRECTION('ref_axis',(1.,0.,-1.4363510381088E-14));
#3081=DIRECTION('center_axis',(1.4363510381088E-14,0.,1.));
#3082=DIRECTION('ref_axis',(1.,0.,-1.4363510381088E-14));
#3083=DIRECTION('center_axis',(0.,0.,1.));
#3084=DIRECTION('ref_axis',(1.,0.,-1.4363510381088E-14));
#3085=DIRECTION('',(1.4363510381088E-14,0.,1.));
#3086=DIRECTION('center_axis',(0.,0.,1.));
#3087=DIRECTION('ref_axis',(1.,0.,-1.4363510381088E-14));
#3088=DIRECTION('center_axis',(1.50307117180021E-14,0.,1.));
#3089=DIRECTION('ref_axis',(0.,-1.,0.));
#3090=DIRECTION('center_axis',(0.,0.,1.));
#3091=DIRECTION('ref_axis',(0.,-1.,0.));
#3092=DIRECTION('',(-1.50307117180021E-14,0.,-1.));
#3093=DIRECTION('center_axis',(1.4363510381088E-14,0.,1.));
#3094=DIRECTION('ref_axis',(0.,-1.,0.));
#3095=DIRECTION('center_axis',(0.00423706239047785,0.0174312981093192,0.999839085627544));
#3096=DIRECTION('ref_axis',(-0.999991020882543,0.,0.00423770625323937));
#3097=DIRECTION('',(-0.00455027705462774,-0.0168620943977481,-0.999847470743037));
#3098=DIRECTION('center_axis',(-0.809943411215438,0.586508031163221,-3.12126368078295E-6));
#3099=DIRECTION('ref_axis',(-0.586508030974674,-0.809943410794243,3.02191824760721E-5));
#3100=DIRECTION('',(0.00452657734386335,0.0168620930898365,0.999847578340909));
#3101=DIRECTION('center_axis',(0.0164955696397429,0.00397407380477582,-0.999856041097745));
#3102=DIRECTION('ref_axis',(0.99986393668578,0.,0.0164956999007175));
#3103=DIRECTION('',(-0.0168620939931099,-0.00451472790679894,0.999847631901029));
#3104=DIRECTION('',(0.0168857915274664,0.00449102806239281,-0.999847338702981));
#3105=DIRECTION('center_axis',(-4.16308144849631E-7,-1.5507531998513E-6,
0.999999999998711));
#3106=DIRECTION('ref_axis',(-0.25927520654267,-0.965803482738428,-1.60566122170911E-6));
#3107=DIRECTION('',(0.,0.,-1.));
#3108=DIRECTION('center_axis',(3.88523557919137E-6,1.21295031271462E-6,
-0.999999999991717));
#3109=DIRECTION('ref_axis',(0.999999999992452,3.42530763907824E-16,3.88523557919423E-6));
#3110=DIRECTION('',(-4.16308144849632E-7,-1.5507531998513E-6,0.999999999998711));
#3111=DIRECTION('center_axis',(3.88294900247373E-6,1.21157098491024E-6,
0.999999999991727));
#3112=DIRECTION('ref_axis',(0.999999999992461,-1.66143917313749E-15,-3.88294900247657E-6));
#3113=DIRECTION('center_axis',(1.81860082159873E-6,-4.08891258919237E-6,
-0.999999999989987));
#3114=DIRECTION('ref_axis',(-0.999999999998346,0.,-1.81860082164499E-6));
#3115=DIRECTION('center_axis',(-0.739404925656821,-0.673260986477346,1.40822291813975E-6));
#3116=DIRECTION('ref_axis',(-0.673260986476362,0.739404925646856,-4.24775509217867E-6));
#3117=DIRECTION('center_axis',(0.952673612276767,0.303995046787438,4.8952384014558E-7));
#3118=DIRECTION('ref_axis',(-0.303995046782392,0.952673612268118,-4.44824476845697E-6));
#3119=DIRECTION('center_axis',(1.81860082159873E-6,-4.08891258919237E-6,
-0.999999999989987));
#3120=DIRECTION('ref_axis',(-0.999999999998346,-7.83284661739494E-17,-1.81860082161393E-6));
#3121=DIRECTION('center_axis',(-1.81860082159873E-6,4.08891258919237E-6,
0.999999999989987));
#3122=DIRECTION('ref_axis',(-0.999999999998346,4.97957439349388E-17,-1.81860082161393E-6));
#3123=DIRECTION('center_axis',(4.54371416092547E-6,-3.33347343046755E-5,
0.999999999434075));
#3124=DIRECTION('ref_axis',(0.999999999989677,0.,-4.54371416799082E-6));
#3125=DIRECTION('center_axis',(-0.67940861588449,-0.733760132608151,-2.13726605269023E-5));
#3126=DIRECTION('ref_axis',(-0.73376013290535,0.679408615402884,2.59819020001416E-5));
#3127=DIRECTION('center_axis',(0.706814098282369,-0.707399342487284,-2.67925303717857E-5));
#3128=DIRECTION('ref_axis',(0.707399342980071,0.706814098004103,2.03472397594487E-5));
#3129=DIRECTION('center_axis',(-4.01990373980532E-7,2.42449126220245E-8,
0.999999999999919));
#3130=DIRECTION('ref_axis',(-0.999999999999711,6.44601989000637E-7,-4.01990389306073E-7));
#3131=DIRECTION('center_axis',(-1.34626675910554E-5,-1.98972626976668E-5,
-0.999999999711428));
#3132=DIRECTION('ref_axis',(0.999999999909378,5.7480713286711E-17,-1.34626675937229E-5));
#3133=DIRECTION('center_axis',(0.67928178422173,-0.7338775494757,2.90857535539784E-7));
#3134=DIRECTION('ref_axis',(-0.733877549475648,-0.679281784221792,-2.78542583076672E-7));
#3135=DIRECTION('center_axis',(-2.58193637740173E-5,1.2867153283375E-5,
-0.999999999583898));
#3136=DIRECTION('ref_axis',(-0.99999999966668,2.18791368421466E-17,2.58193637761642E-5));
#3137=DIRECTION('center_axis',(-5.42536221946797E-7,2.51362494844795E-5,
0.999999999683937));
#3138=DIRECTION('ref_axis',(0.999999999999853,0.,5.4253622522636E-7));
#3139=DIRECTION('center_axis',(0.707449765453221,0.706763630259837,-1.73815698192952E-5));
#3140=DIRECTION('ref_axis',(0.706763630473363,-0.707449765220192,1.81660786723722E-5));
#3141=DIRECTION('center_axis',(4.70248858735228E-5,-2.24755821525126E-5,
0.999999998641754));
#3142=DIRECTION('ref_axis',(-0.856129570278852,0.51676121778172,5.18739046071237E-5));
#3143=DIRECTION('center_axis',(0.258333986687233,-0.966055666188925,-3.38607897765401E-5));
#3144=DIRECTION('ref_axis',(-0.966055665637825,-0.258333987928652,3.96224507092155E-5));
#3145=DIRECTION('center_axis',(0.975197657715245,0.221335781984515,-5.91279001349655E-8));
#3146=DIRECTION('ref_axis',(-0.221335781984517,0.975197657715245,-4.04237584697307E-8));
#3147=DIRECTION('center_axis',(-4.87141655265598E-8,-5.25082745849231E-8,
-0.999999999999997));
#3148=DIRECTION('ref_axis',(-0.999999999999999,0.,4.87141654640609E-8));
#3149=DIRECTION('center_axis',(4.87141655265598E-8,5.25082745849231E-8,
0.999999999999997));
#3150=DIRECTION('ref_axis',(-0.999999999999999,1.11051740684006E-17,4.87141655265913E-8));
#3151=DIRECTION('center_axis',(0.295750529401553,-0.955265211339373,1.90642322535569E-5));
#3152=DIRECTION('ref_axis',(0.955265211271452,0.295750529726699,1.73460555374369E-5));
#3153=DIRECTION('',(0.015366989326213,-0.145592373231685,0.989225311289503));
#3154=DIRECTION('center_axis',(-3.1953938263798E-8,3.88485875681969E-6,
0.999999999992453));
#3155=DIRECTION('ref_axis',(1.,0.,3.1953935136537E-8));
#3156=DIRECTION('center_axis',(-0.707447961287254,-0.706765436381189,2.72307814608368E-6));
#3157=DIRECTION('ref_axis',(-0.706765436386435,0.707447961281828,-2.77091934667348E-6));
#3158=DIRECTION('center_axis',(-3.1953938263798E-8,3.88485875681969E-6,
0.999999999992453));
#3159=DIRECTION('ref_axis',(0.999999999999999,-2.95627263571179E-16,3.19539382640413E-8));
#3160=DIRECTION('center_axis',(0.739606915036876,-0.673039085958104,1.52146243333409E-6));
#3161=DIRECTION('ref_axis',(-0.673039085946442,-0.739606915006026,7.97790201835195E-6));
#3162=DIRECTION('center_axis',(-2.22083401966902E-5,1.30812927431983E-5,
0.999999999667835));
#3163=DIRECTION('ref_axis',(0.999999999753395,0.,2.22083401994935E-5));
#3164=DIRECTION('center_axis',(-0.966029540698055,-0.25843166634927,-1.80732924042508E-5));
#3165=DIRECTION('ref_axis',(0.258431666027006,-0.966029540778552,1.8376253584415E-5));
#3166=DIRECTION('',(0.139878204595802,0.0433425422691218,-0.989219647959291));
#3167=DIRECTION('center_axis',(4.24415574568641E-6,6.92451518570079E-6,
0.999999999967019));
#3168=DIRECTION('ref_axis',(0.999999999990994,0.,-4.24415574591222E-6));
#3169=DIRECTION('',(0.0483201743402928,0.121190114676057,0.991452528796275));
#3170=DIRECTION('',(-0.941277687963636,0.33763340199369,0.));
#3171=DIRECTION('center_axis',(0.952762242311991,-0.3037171539786,-1.94057730016286E-6));
#3172=DIRECTION('ref_axis',(-0.303717153955146,-0.952762242288804,7.88643951935075E-6));
#3173=DIRECTION('center_axis',(0.184589325237268,0.311237301529063,-0.932232869590725));
#3174=DIRECTION('ref_axis',(-0.980954704961526,0.,-0.194236625830054));
#3175=DIRECTION('',(-0.0880669631277395,-0.0962501765157153,0.991453535737379));
#3176=DIRECTION('',(0.0397467950377141,0.124306153108145,-0.991447513781584));
#3177=DIRECTION('',(0.,0.,-1.));
#3178=DIRECTION('',(0.,0.,1.));
#3179=DIRECTION('center_axis',(3.25666856936496E-6,2.02832180198993E-6,
0.99999999999264));
#3180=DIRECTION('ref_axis',(0.999999999994697,0.,-3.25666856981401E-6));
#3181=DIRECTION('center_axis',(-4.32438803962211E-8,1.16089252507912E-8,
0.999999999999999));
#3182=DIRECTION('ref_axis',(0.965804209942064,-0.259272497689562,4.47749967861655E-8));
#3183=DIRECTION('center_axis',(-0.259281463604804,-0.965801802971548,2.80335064652971E-6));
#3184=DIRECTION('ref_axis',(0.965801802970125,-0.259281463612025,-2.61939013066108E-6));
#3185=DIRECTION('center_axis',(-3.25666856936496E-6,-2.02832180198993E-6,
-0.99999999999264));
#3186=DIRECTION('ref_axis',(0.999999999994697,4.45141481433256E-16,-3.25666856934309E-6));
#3187=DIRECTION('center_axis',(-5.96355292334206E-6,3.12344400552327E-6,
0.99999999997734));
#3188=DIRECTION('ref_axis',(-0.853969205744912,0.52032354895226,-6.7178920226065E-6));
#3189=DIRECTION('center_axis',(0.213361714733238,-0.976973274291257,-2.59077837544249E-6));
#3190=DIRECTION('ref_axis',(0.976973274214687,0.213361714748953,-1.2231916343389E-5));
#3191=DIRECTION('center_axis',(-5.96355292334206E-6,3.12344400552327E-6,
0.99999999997734));
#3192=DIRECTION('ref_axis',(0.999999999982218,1.69434476431586E-15,5.96355292337114E-6));
#3193=DIRECTION('center_axis',(0.966048264657549,0.258361665794558,0.));
#3194=DIRECTION('ref_axis',(2.34322931070606E-15,-8.7616977304989E-15,1.));
#3195=DIRECTION('center_axis',(5.96355292334206E-6,-3.12344400552327E-6,
-0.99999999997734));
#3196=DIRECTION('ref_axis',(0.999999999982218,2.6043306640985E-15,5.96355292336953E-6));
#3197=DIRECTION('center_axis',(-1.25030282775894E-5,-7.87014132811822E-8,
-0.999999999921834));
#3198=DIRECTION('ref_axis',(0.999999989003359,0.000147773327944217,-1.25030397712211E-5));
#3199=DIRECTION('center_axis',(1.25030282775894E-5,7.87014132811822E-8,
0.999999999921834));
#3200=DIRECTION('ref_axis',(-0.999999999921837,-7.98477045166483E-17,1.2503028277585E-5));
#3201=DIRECTION('center_axis',(-0.213055344672376,-0.977040132288579,-2.01287133946883E-6));
#3202=DIRECTION('ref_axis',(-0.977040132282927,0.213055344678432,-3.53760553733195E-6));
#3203=DIRECTION('center_axis',(2.65293055239633E-12,2.63646851784925E-15,
-1.));
#3204=DIRECTION('ref_axis',(1.,-6.91331000699742E-27,2.65293055239633E-12));
#3205=DIRECTION('center_axis',(1.51957462656589E-5,2.63064739541833E-5,
0.999999999538529));
#3206=DIRECTION('ref_axis',(-0.939413254804577,-0.342786721088969,2.3292595422004E-5));
#3207=DIRECTION('center_axis',(1.51957462656589E-5,2.63064739541833E-5,
0.999999999538529));
#3208=DIRECTION('ref_axis',(0.999999999884545,2.48248643648589E-17,-1.51957462708697E-5));
#3209=DIRECTION('center_axis',(0.259272497689562,0.965804209942065,0.));
#3210=DIRECTION('ref_axis',(-2.64681662023612E-15,7.1053516751612E-16,1.));
#3211=DIRECTION('center_axis',(-3.3915280482714E-6,-7.76018029079119E-5,
-0.999999996983229));
#3212=DIRECTION('ref_axis',(-0.999999999994249,0.,3.39152805214804E-6));
#3213=DIRECTION('',(-0.0323089721961133,-0.143026303746209,-0.989191390354934));
#3214=DIRECTION('center_axis',(0.975197473961806,-0.221336591594092,-1.50027548212117E-7));
#3215=DIRECTION('ref_axis',(-0.221336591594099,-0.975197473961815,-3.82584980691697E-8));
#3216=DIRECTION('center_axis',(-3.88523557919137E-6,-1.21295031271462E-6,
0.999999999991717));
#3217=DIRECTION('ref_axis',(-0.854140152159599,-0.520042883282889,-3.94932189103684E-6));
#3218=DIRECTION('center_axis',(0.965803482739674,-0.259275206543001,0.));
#3219=DIRECTION('ref_axis',(0.,1.48035165818367E-15,1.));
#3220=DIRECTION('center_axis',(3.88523557919137E-6,1.21295031271462E-6,
-0.999999999991717));
#3221=DIRECTION('ref_axis',(0.999999999992452,-7.48560183019518E-16,3.88523557920412E-6));
#3222=DIRECTION('center_axis',(-3.03097368848474E-5,-2.06323399593447E-5,
0.999999999327813));
#3223=DIRECTION('ref_axis',(0.99999999954066,0.,3.03097368975909E-5));
#3224=DIRECTION('center_axis',(-0.295916524133371,-0.955213803682099,-2.65693414651888E-8));
#3225=DIRECTION('ref_axis',(0.955213803682089,-0.295916524133363,-1.52532121187043E-7));
#3226=DIRECTION('center_axis',(-0.965796880241491,0.259299798579731,-2.39230877447203E-5));
#3227=DIRECTION('ref_axis',(0.259299797911844,0.965796880317398,2.77859582341994E-5));
#3228=DIRECTION('center_axis',(-4.98016188720551E-6,9.56917097354705E-6,
-0.999999999941815));
#3229=DIRECTION('ref_axis',(-0.999999999987599,0.,4.98016188793361E-6));
#3230=DIRECTION('center_axis',(-4.98016188720551E-6,9.56917097354705E-6,
-0.999999999941815));
#3231=DIRECTION('ref_axis',(-0.999999999987599,-4.75720348242096E-17,4.98016188743352E-6));
#3232=DIRECTION('center_axis',(4.98016188720551E-6,-9.56917097354705E-6,
0.999999999941815));
#3233=DIRECTION('ref_axis',(-0.999999999987599,7.0164682547919E-17,4.98016188743352E-6));
#3234=DIRECTION('center_axis',(0.952671419207234,0.304001919390633,5.6995891488849E-6));
#3235=DIRECTION('ref_axis',(0.30400191935924,-0.952671419216878,5.76169593660001E-6));
#3236=DIRECTION('center_axis',(-0.739412426261307,-0.673252748864441,6.06964144391158E-6));
#3237=DIRECTION('ref_axis',(0.67325274888975,-0.739412426251264,4.19711687679666E-6));
#3238=DIRECTION('center_axis',(-1.2884118774991E-6,3.31014682945571E-5,
0.999999999451316));
#3239=DIRECTION('ref_axis',(0.99999999999917,0.,1.28841187665303E-6));
#3240=DIRECTION('center_axis',(0.706826312229213,-0.707387138523656,2.43262363671707E-5));
#3241=DIRECTION('ref_axis',(0.707387138940758,0.706826311872731,-2.24855827729405E-5));
#3242=DIRECTION('center_axis',(-0.679460792698386,-0.733711817158196,2.34115131102419E-5));
#3243=DIRECTION('ref_axis',(-0.733711817530576,0.679460792295413,-2.34364729072185E-5));
#3244=DIRECTION('center_axis',(-2.26403051912287E-7,-1.78572613727009E-8,
-0.999999999999974));
#3245=DIRECTION('ref_axis',(-0.999999999999974,0.,2.26403052065341E-7));
#3246=DIRECTION('center_axis',(2.58193637740173E-5,-1.2867153283375E-5,
0.999999999583898));
#3247=DIRECTION('ref_axis',(-0.99999999966668,4.3629760984342E-17,2.58193637761565E-5));
#3248=DIRECTION('center_axis',(0.67948533864084,-0.733689085534333,-1.84373931405814E-5));
#3249=DIRECTION('ref_axis',(-0.733689085759514,-0.679485338525921,-1.28717901624705E-5));
#3250=DIRECTION('center_axis',(2.26403051912287E-7,1.78572613727009E-8,
0.999999999999974));
#3251=DIRECTION('ref_axis',(-0.999999999999974,-2.67927928097582E-18,2.26403051912265E-7));
#3252=DIRECTION('center_axis',(-4.41564863208502E-5,2.52099913551675E-5,
0.999999998707331));
#3253=DIRECTION('ref_axis',(-0.856144780509316,0.516736017926793,-5.08312559021433E-5));
#3254=DIRECTION('center_axis',(0.975183486947226,0.22139820863197,6.98441519960069E-8));
#3255=DIRECTION('ref_axis',(-0.221398208631971,0.975183486947228,7.25508710657864E-9));
#3256=DIRECTION('center_axis',(0.258333151728021,-0.966055889397396,3.57613449470451E-5));
#3257=DIRECTION('ref_axis',(-0.966055889050148,-0.258333152973177,-3.61450571438552E-5));
#3258=DIRECTION('center_axis',(3.08404636591895E-6,-2.22735068147951E-5,
0.99999999974719));
#3259=DIRECTION('ref_axis',(0.999999999995244,0.,-3.08404636495487E-6));
#3260=DIRECTION('center_axis',(0.707445107228142,0.706768293060094,1.35604148833492E-5));
#3261=DIRECTION('ref_axis',(0.706768293183453,-0.707445107007471,-1.79369896030286E-5));
#3262=DIRECTION('center_axis',(6.65046003964918E-8,2.25384112823553E-8,
-0.999999999999998));
#3263=DIRECTION('ref_axis',(-0.999999999999998,0.,-6.65046004521622E-8));
#3264=DIRECTION('center_axis',(-6.65046003964918E-8,-2.25384112823553E-8,
0.999999999999998));
#3265=DIRECTION('ref_axis',(-0.999999999999998,1.59923537872457E-17,-6.65046003964779E-8));
#3266=DIRECTION('center_axis',(0.295649470738013,-0.955296492474393,-4.38001698939238E-5));
#3267=DIRECTION('ref_axis',(0.955296491878029,0.295649472585978,-4.43301804001987E-5));
#3268=DIRECTION('center_axis',(6.65046003964918E-8,2.25384112823553E-8,
-0.999999999999998));
#3269=DIRECTION('ref_axis',(-0.999999999999998,-1.81625348249169E-17,-6.65046003951393E-8));
#3270=DIRECTION('center_axis',(5.52979629750111E-5,-2.87359542704024E-5,
0.99999999805819));
#3271=DIRECTION('ref_axis',(0.999999998471068,0.,-5.5297962993763E-5));
#3272=DIRECTION('center_axis',(-0.966048264657549,-0.258361665794558,0.));
#3273=DIRECTION('ref_axis',(-2.96081214312343E-15,7.40203035780858E-16,
-1.));
#3274=DIRECTION('center_axis',(-3.19220036909297E-8,3.88339945106156E-6,
-0.999999999992459));
#3275=DIRECTION('ref_axis',(-1.,0.,3.19220043878165E-8));
#3276=DIRECTION('center_axis',(0.739607176267287,-0.673038798886792,-2.63728824517063E-6));
#3277=DIRECTION('ref_axis',(0.673038798891958,0.739607176261794,2.85070535534117E-6));
#3278=DIRECTION('center_axis',(-3.19220036909297E-8,3.88339945106156E-6,
-0.999999999992459));
#3279=DIRECTION('ref_axis',(-0.999999999999999,4.23027491035152E-16,3.19220036911714E-8));
#3280=DIRECTION('center_axis',(-0.707442048467063,-0.706771354867135,0.));
#3281=DIRECTION('ref_axis',(0.,1.48027567762591E-15,-1.));
#3282=DIRECTION('center_axis',(-5.0704960823293E-6,-8.52756465484915E-6,
0.999999999950785));
#3283=DIRECTION('ref_axis',(0.999999999987145,0.,5.07049608254232E-6));
#3284=DIRECTION('center_axis',(0.952761526633745,-0.303719399051745,2.48658137923122E-6));
#3285=DIRECTION('ref_axis',(0.303719399044467,0.952761526634831,2.92140114309276E-6));
#3286=DIRECTION('center_axis',(-5.96984475350919E-6,3.12724271241022E-6,
-0.999999999977291));
#3287=DIRECTION('ref_axis',(-0.99999999998218,0.,5.96984475001888E-6));
#3288=DIRECTION('center_axis',(0.966048264657549,0.258361665794558,0.));
#3289=DIRECTION('ref_axis',(-2.68700416629332E-15,1.00470607829918E-14,
-1.));
#3290=DIRECTION('center_axis',(-5.96984475350919E-6,3.12724271241022E-6,
-0.999999999977291));
#3291=DIRECTION('ref_axis',(-0.99999999998218,-2.12839657533402E-15,5.96984475353838E-6));
#3292=DIRECTION('center_axis',(0.213338094160155,-0.976978432495505,-4.32884398544748E-6));
#3293=DIRECTION('ref_axis',(-0.976978432486856,-0.213338094181153,5.16524956943867E-6));
#3294=DIRECTION('center_axis',(3.25640527062988E-6,2.02817561108643E-6,
-0.999999999992641));
#3295=DIRECTION('ref_axis',(0.877599075488675,0.479395309412548,3.83011612995231E-6));
#3296=DIRECTION('center_axis',(-0.259281463923062,-0.965801802886108,-2.80314118747323E-6));
#3297=DIRECTION('ref_axis',(0.965801802884686,-0.259281463930282,2.61917373961587E-6));
#3298=DIRECTION('center_axis',(4.32438803962211E-8,-1.16089252507912E-8,
-0.999999999999999));
#3299=DIRECTION('ref_axis',(0.965804209942064,-0.259272497689561,4.47749964821398E-8));
#3300=DIRECTION('center_axis',(2.95167114240265E-5,-7.24565063337094E-8,
0.999999999564379));
#3301=DIRECTION('ref_axis',(0.999999999564382,0.,-2.95167114238362E-5));
#3302=DIRECTION('center_axis',(-2.65293055239633E-12,-2.63646851784925E-15,
1.));
#3303=DIRECTION('ref_axis',(1.,1.62319247860917E-17,2.65294042899366E-12));
#3304=DIRECTION('center_axis',(-0.213055346026143,-0.977040131993377,2.01103651835659E-6));
#3305=DIRECTION('ref_axis',(-0.977040131987731,0.21305534603219,3.53566533052426E-6));
#3306=DIRECTION('center_axis',(3.88294900247373E-6,1.21157098491024E-6,
0.999999999991727));
#3307=DIRECTION('ref_axis',(-0.854140152339445,-0.520042882987522,3.94665152451435E-6));
#3308=DIRECTION('center_axis',(0.965803482739674,-0.259275206543001,0.));
#3309=DIRECTION('ref_axis',(0.,-4.44092755431231E-15,-1.));
#3310=DIRECTION('center_axis',(-3.5867284267393E-5,-2.22938234320959E-5,
0.999999999108262));
#3311=DIRECTION('ref_axis',(-0.856372889842914,-0.516357891155878,-4.2227361576181E-5));
#3312=DIRECTION('center_axis',(0.25919701596324,0.965824469541618,3.08286132706631E-5));
#3313=DIRECTION('ref_axis',(-0.965824469367644,0.259197016837842,-2.88630082935928E-5));
#3314=DIRECTION('center_axis',(0.975142784061478,-0.221577412636471,3.00359157501561E-5));
#3315=DIRECTION('ref_axis',(-0.221577411769266,-0.975142784269213,-2.96870410954541E-5));
#3316=DIRECTION('center_axis',(2.71170489386738E-5,1.56984474789793E-5,
0.999999999509112));
#3317=DIRECTION('ref_axis',(0.999999999632333,0.,-2.71170489446956E-5));
#3318=DIRECTION('center_axis',(-0.965797070534544,0.259299089966865,2.2118973292179E-5));
#3319=DIRECTION('ref_axis',(0.259299089492345,0.965797070660247,-2.21929406991814E-5));
#3320=DIRECTION('center_axis',(-0.295855988130798,-0.9552325550813,1.73260765601275E-8));
#3321=DIRECTION('ref_axis',(0.955232555081297,-0.295855988130798,-7.54560791142104E-8));
#3322=DIRECTION('center_axis',(-0.000322681976330308,-0.000694682261283875,
-0.999999706646406));
#3323=DIRECTION('ref_axis',(0.999999947938145,0.,-0.000322682054190826));
#3324=DIRECTION('',(-0.981362602056799,0.192165145862379,0.));
#3325=DIRECTION('',(-0.0188856479166013,-0.112928466113555,0.993423622551835));
#3326=DIRECTION('',(0.0168739443251753,-0.00450287840138105,-0.999847485414157));
#3327=DIRECTION('center_axis',(0.000322681976330308,0.000694682261283875,
0.999999706646406));
#3328=DIRECTION('ref_axis',(0.999999947938145,1.62256456070308E-17,-0.000322682054190829));
#3329=DIRECTION('center_axis',(0.513608635761387,0.858024573815533,-1.02904213341511E-8));
#3330=DIRECTION('ref_axis',(0.858024573815522,-0.513608635761382,-1.54486520862185E-7));
#3331=DIRECTION('center_axis',(0.00134820017181532,0.00159088361386936,
-0.999997825720448));
#3332=DIRECTION('ref_axis',(-0.999999091175435,0.,-0.00134820187790566));
#3333=DIRECTION('',(-0.00453842761918831,0.0168620953057571,-0.999847524583946));
#3334=DIRECTION('center_axis',(-1.34626675910554E-5,-1.98972626976668E-5,
-0.999999999711428));
#3335=DIRECTION('ref_axis',(0.999999999909378,0.,-1.34626675937203E-5));
#3336=DIRECTION('',(-0.0123473635089128,-0.0123710628630566,-0.999847238040901));
#3337=DIRECTION('center_axis',(-2.58193637740173E-5,1.2867153283375E-5,
-0.999999999583898));
#3338=DIRECTION('ref_axis',(-0.99999999966668,0.,2.58193637761546E-5));
#3339=DIRECTION('',(0.0123355156358123,-0.0123710646722267,0.999847384260655));
#3340=DIRECTION('center_axis',(-3.16591275748774E-12,5.96216164642694E-12,
1.));
#3341=DIRECTION('ref_axis',(-1.,0.,-3.16591275748774E-12));
#3342=DIRECTION('',(-3.16591275748774E-12,5.96216164642694E-12,1.));
#3343=DIRECTION('',(8.79737590499345E-7,2.352809508858E-7,0.999999999999585));
#3344=DIRECTION('center_axis',(2.65293055239633E-12,2.63646851784925E-15,
-1.));
#3345=DIRECTION('ref_axis',(1.,0.,2.65293055239633E-12));
#3346=DIRECTION('',(0.,0.,-1.));
#3347=DIRECTION('center_axis',(7.7204126744091E-8,-5.77370046297424E-9,
0.999999999999997));
#3348=DIRECTION('ref_axis',(0.999999999999997,0.,-7.72041269757136E-8));
#3349=DIRECTION('center_axis',(-7.18140230703266E-6,3.75631700395239E-6,
0.999999999967159));
#3350=DIRECTION('ref_axis',(0.999999999974214,0.,7.18140230449247E-6));
#3351=DIRECTION('center_axis',(7.18140230703266E-6,-3.75631700395239E-6,
-0.999999999967159));
#3352=DIRECTION('ref_axis',(0.999999999974214,-5.03674604064158E-16,7.18140230708333E-6));
#3353=DIRECTION('center_axis',(-0.25836408974613,0.966047616388371,0.));
#3354=DIRECTION('ref_axis',(2.2205054709202E-15,0.,-1.));
#3355=DIRECTION('center_axis',(-1.66224783184294E-6,-7.18980316013587E-6,
-0.999999999972772));
#3356=DIRECTION('ref_axis',(-0.999999999998618,0.,1.66224783250651E-6));
#3357=DIRECTION('center_axis',(-0.706772434576717,0.707440969779458,0.));
#3358=DIRECTION('ref_axis',(-1.48032795808788E-15,-1.48032795808788E-15,
-1.));
#3359=DIRECTION('center_axis',(1.66224783184294E-6,7.18980316013587E-6,
0.999999999972772));
#3360=DIRECTION('ref_axis',(-0.999999999998618,5.41982787875288E-16,1.6622478318859E-6));
#3361=DIRECTION('center_axis',(1.3783848047926E-7,-7.05161768399797E-8,
0.999999999999988));
#3362=DIRECTION('ref_axis',(0.999999999999991,0.,-1.3783848048348E-7));
#3363=DIRECTION('center_axis',(7.18161313227539E-6,-3.75643395063514E-6,
0.999999999967157));
#3364=DIRECTION('ref_axis',(0.999999999974212,0.,-7.18161313850743E-6));
#3365=DIRECTION('center_axis',(-0.25836408974613,0.966047616388371,0.));
#3366=DIRECTION('ref_axis',(0.,0.,1.));
#3367=DIRECTION('center_axis',(7.18161313227539E-6,-3.75643395063514E-6,
0.999999999967157));
#3368=DIRECTION('ref_axis',(0.999999999974212,-3.66933171922151E-16,-7.18161313232606E-6));
#3369=DIRECTION('center_axis',(-1.66190979485464E-6,-7.17509667073738E-6,
0.999999999972878));
#3370=DIRECTION('ref_axis',(0.999999999998619,0.,1.66190980202438E-6));
#3371=DIRECTION('center_axis',(1.66190979485464E-6,7.17509667073738E-6,
-0.999999999972878));
#3372=DIRECTION('ref_axis',(0.999999999998619,1.9203176697711E-15,1.66190979485336E-6));
#3373=DIRECTION('center_axis',(1.66190979485464E-6,7.17509667073738E-6,
-0.999999999972878));
#3374=DIRECTION('ref_axis',(0.999999999998619,-1.77981225513394E-15,1.6619097948974E-6));
#3375=DIRECTION('center_axis',(-0.706772434576717,0.707440969779458,0.));
#3376=DIRECTION('ref_axis',(0.,0.,1.));
#3377=DIRECTION('center_axis',(-2.81524136130431E-9,9.8254487529865E-9,
1.));
#3378=DIRECTION('ref_axis',(1.,0.,2.81524117620276E-9));
#3379=DIRECTION('center_axis',(-1.8468993031026E-16,-1.4953878113867E-16,
1.));
#3380=DIRECTION('ref_axis',(1.,-6.64026647370562E-17,1.86328558537464E-16));
#3381=DIRECTION('center_axis',(-1.8468993031026E-16,-1.4953878113867E-16,
1.));
#3382=DIRECTION('ref_axis',(1.,-6.64026647370562E-17,1.86328558537464E-16));
#3383=DIRECTION('center_axis',(2.76610149797276E-17,1.,-9.8254487529865E-9));
#3384=DIRECTION('ref_axis',(-1.,0.,-2.8152418963378E-9));
#3385=DIRECTION('center_axis',(1.40762068065215E-9,-4.91272437649325E-9,
-1.));
#3386=DIRECTION('ref_axis',(1.,0.,1.40762068065215E-9));
#3387=DIRECTION('center_axis',(0.706772434576717,-0.707440969779458,0.));
#3388=DIRECTION('ref_axis',(0.,0.,1.));
#3389=DIRECTION('',(-0.706772434576717,0.707440969779458,0.));
#3390=DIRECTION('',(0.706772434576717,-0.707440969779458,0.));
#3391=DIRECTION('center_axis',(0.25836408974613,-0.966047616388371,0.));
#3392=DIRECTION('ref_axis',(0.,0.,1.));
#3393=DIRECTION('',(-0.25836408974613,0.966047616388371,0.));
#3394=DIRECTION('',(0.25836408974613,-0.966047616388371,0.));
#3395=DIRECTION('center_axis',(-0.707442048467063,-0.706771354867135,0.));
#3396=DIRECTION('ref_axis',(0.,0.,1.));
#3397=DIRECTION('',(-0.707442048467063,-0.706771354867135,0.));
#3398=DIRECTION('',(0.707442048467063,0.706771354867135,0.));
#3399=DIRECTION('center_axis',(0.966048264657549,0.258361665794558,0.));
#3400=DIRECTION('ref_axis',(0.,0.,1.));
#3401=DIRECTION('',(-0.966048264657549,-0.258361665794558,0.));
#3402=DIRECTION('',(0.966048264657549,0.258361665794558,0.));
#3403=DIRECTION('center_axis',(0.259272497689562,0.965804209942065,0.));
#3404=DIRECTION('ref_axis',(0.,0.,1.));
#3405=DIRECTION('',(-0.259272497689562,-0.965804209942065,0.));
#3406=DIRECTION('',(0.259272497689562,0.965804209942065,0.));
#3407=DIRECTION('center_axis',(-0.965803482739674,0.259275206543001,0.));
#3408=DIRECTION('ref_axis',(0.,0.,1.));
#3409=DIRECTION('',(-0.965803482739674,0.259275206543001,0.));
#3410=DIRECTION('',(0.965803482739674,-0.259275206543001,0.));
#3411=DIRECTION('center_axis',(0.706772434576717,-0.707440969779458,0.));
#3412=DIRECTION('ref_axis',(0.,0.,-1.));
#3413=DIRECTION('',(-0.706772434576717,0.707440969779458,0.));
#3414=DIRECTION('',(0.706770100265405,-0.70744330187714,-5.87634621432842E-11));
#3415=DIRECTION('',(0.706772434576717,-0.707440969779458,0.));
#3416=DIRECTION('center_axis',(0.25836408974613,-0.966047616388371,0.));
#3417=DIRECTION('ref_axis',(0.,0.,-1.));
#3418=DIRECTION('',(-0.25836408974613,0.966047616388371,0.));
#3419=DIRECTION('',(-0.258361739898796,0.966048244838976,-3.28727724125996E-11));
#3420=DIRECTION('',(0.25836408974613,-0.966047616388371,0.));
#3421=DIRECTION('center_axis',(-0.707442048467063,-0.706771354867135,0.));
#3422=DIRECTION('ref_axis',(0.,0.,-1.));
#3423=DIRECTION('',(-0.707442048467063,-0.706771354867135,0.));
#3424=DIRECTION('',(-0.707445431609507,-0.706767968498034,-1.27298513370087E-10));
#3425=DIRECTION('',(0.707442048467063,0.706771354867135,0.));
#3426=DIRECTION('center_axis',(0.966048264657549,0.258361665794558,0.));
#3427=DIRECTION('ref_axis',(0.,0.,-1.));
#3428=DIRECTION('',(-0.966048005601487,-0.258362634437313,-1.08082800613792E-11));
#3429=DIRECTION('',(-0.966048264657549,-0.258361665794558,0.));
#3430=DIRECTION('',(0.966048264657549,0.258361665794558,0.));
#3431=DIRECTION('center_axis',(-0.259272497689562,-0.965804209942065,0.));
#3432=DIRECTION('ref_axis',(0.,0.,-1.));
#3433=DIRECTION('',(-0.259272497689562,-0.965804209942065,0.));
#3434=DIRECTION('',(0.2592790241233,0.965802457881357,4.07742758763201E-10));
#3435=DIRECTION('',(0.259272497689562,0.965804209942065,0.));
#3436=DIRECTION('center_axis',(-0.965803482739674,0.259275206543001,0.));
#3437=DIRECTION('ref_axis',(0.,0.,-1.));
#3438=DIRECTION('',(-0.965803482739674,0.259275206543001,0.));
#3439=DIRECTION('',(0.965803482739674,-0.259275206543001,0.));
#3440=DIRECTION('',(0.965803427564034,-0.259275412072884,-2.51599581309582E-13));
#3441=DIRECTION('center_axis',(-0.00451384740102374,0.0168741755449436,
-0.99984743205217));
#3442=DIRECTION('ref_axis',(-0.966047616387971,-0.258364089746021,9.10656551117081E-7));
#3443=DIRECTION('',(-0.00451384740102374,0.0168741755449436,-0.99984743205217));
#3444=DIRECTION('center_axis',(-0.0123474056124479,0.0123591701690131,-0.999847384597957));
#3445=DIRECTION('ref_axis',(0.707440969779459,0.706772434576714,6.01981578744549E-8));
#3446=DIRECTION('',(0.0123474056124479,-0.0123591701690131,0.999847384597957));
#3447=DIRECTION('center_axis',(-0.0123562189807982,-0.0123385135380659,
-0.999847530844663));
#3448=DIRECTION('ref_axis',(0.706771354860785,-0.707442048460707,-4.23898400040918E-6));
#3449=DIRECTION('',(-0.0123562189807982,-0.0123385135380659,-0.999847530844663));
#3450=DIRECTION('center_axis',(0.0168735231513889,-0.00452812695561605,
-0.999847378494705));
#3451=DIRECTION('ref_axis',(0.259275206542667,0.965803482738429,1.60566122135673E-6));
#3452=DIRECTION('',(0.0168735231513889,-0.00452812695561605,-0.999847378494705));
#3453=DIRECTION('center_axis',(2.99599246501621E-6,-2.99883552445528E-6,
0.999999999991016));
#3454=DIRECTION('ref_axis',(-0.706771354860785,0.707442048460707,4.23898399993261E-6));
#3455=DIRECTION('',(2.99599246501621E-6,-2.99883552445528E-6,0.999999999991016));
#3456=DIRECTION('center_axis',(-4.32438803962211E-8,1.16089252507912E-8,
0.999999999999999));
#3457=DIRECTION('ref_axis',(0.965804209942064,-0.259272497689562,4.47749964821399E-8));
#3458=DIRECTION('',(4.32438803962211E-8,-1.16089252507912E-8,-0.999999999999999));
#3459=DIRECTION('center_axis',(6.36489162508106E-7,-2.37991673038379E-6,
0.999999999996965));
#3460=DIRECTION('ref_axis',(-0.258361665793772,0.966048264654618,2.46355882774685E-6));
#3461=DIRECTION('',(-6.36489162508106E-7,2.37991673038379E-6,-0.999999999996965));
#3462=DIRECTION('center_axis',(8.79737590499345E-7,2.352809508858E-7,0.999999999999585));
#3463=DIRECTION('ref_axis',(0.96604761638797,0.258364089746025,-9.10656551227526E-7));
#3464=DIRECTION('',(8.79737590499345E-7,2.352809508858E-7,0.999999999999585));
#3465=DIRECTION('center_axis',(6.38920921413957E-17,-3.85830919729642E-17,
1.));
#3466=DIRECTION('ref_axis',(-1.,0.,6.38920921413957E-17));
#3467=DIRECTION('center_axis',(0.,0.,1.));
#3468=DIRECTION('ref_axis',(-1.,0.,6.38920921413957E-17));
#3469=DIRECTION('',(6.38920921413957E-17,-3.85830919729642E-17,1.));
#3470=DIRECTION('center_axis',(0.,0.,-1.));
#3471=DIRECTION('ref_axis',(-1.,0.,6.38920921413957E-17));
#3472=DIRECTION('center_axis',(5.10770409190961E-17,1.32382010221876E-16,
1.));
#3473=DIRECTION('ref_axis',(-1.,0.,5.10770409190961E-17));
#3474=DIRECTION('center_axis',(0.,0.,1.));
#3475=DIRECTION('ref_axis',(-1.,0.,5.10770409190961E-17));
#3476=DIRECTION('',(5.10770409190961E-17,1.32382010221876E-16,1.));
#3477=DIRECTION('center_axis',(0.,0.,-1.));
#3478=DIRECTION('ref_axis',(-1.,0.,5.10770409190961E-17));
#3479=DIRECTION('center_axis',(-4.88035229258892E-17,3.65090196767252E-17,
1.));
#3480=DIRECTION('ref_axis',(-1.,0.,-4.88035229258892E-17));
#3481=DIRECTION('center_axis',(0.,0.,1.));
#3482=DIRECTION('ref_axis',(-1.,0.,-4.88035229258892E-17));
#3483=DIRECTION('',(-4.88035229258892E-17,3.65090196767252E-17,1.));
#3484=DIRECTION('center_axis',(0.,0.,-1.));
#3485=DIRECTION('ref_axis',(-1.,0.,-4.88035229258892E-17));
#3486=DIRECTION('center_axis',(-6.28033584947871E-16,1.48590745710301E-15,
1.));
#3487=DIRECTION('ref_axis',(-1.,0.,-6.28033584947871E-16));
#3488=DIRECTION('center_axis',(0.,0.,1.));
#3489=DIRECTION('ref_axis',(-1.,0.,-6.28033584947871E-16));
#3490=DIRECTION('',(-6.28033584947871E-16,1.48590745710301E-15,1.));
#3491=DIRECTION('center_axis',(0.,0.,-1.));
#3492=DIRECTION('ref_axis',(-1.,0.,-6.28033584947871E-16));
#3493=DIRECTION('center_axis',(-4.98680207415494E-17,1.11125955782529E-15,
1.));
#3494=DIRECTION('ref_axis',(-1.,0.,-4.98680207415494E-17));
#3495=DIRECTION('center_axis',(0.,0.,1.));
#3496=DIRECTION('ref_axis',(-1.,0.,-4.98680207415494E-17));
#3497=DIRECTION('',(-4.98680207415494E-17,1.11125955782529E-15,1.));
#3498=DIRECTION('center_axis',(0.,0.,-1.));
#3499=DIRECTION('ref_axis',(-1.,0.,-4.98680207415494E-17));
#3500=DIRECTION('center_axis',(3.20740846845616E-17,-2.83693086876485E-17,
1.));
#3501=DIRECTION('ref_axis',(-1.,0.,3.20740846845616E-17));
#3502=DIRECTION('center_axis',(0.,0.,1.));
#3503=DIRECTION('ref_axis',(-1.,0.,3.20740846845616E-17));
#3504=DIRECTION('',(3.20740846845616E-17,-2.83693086876485E-17,1.));
#3505=DIRECTION('center_axis',(0.,0.,-1.));
#3506=DIRECTION('ref_axis',(-1.,0.,3.20740846845616E-17));
#3507=DIRECTION('center_axis',(0.,0.,-1.));
#3508=DIRECTION('ref_axis',(0.965802457881356,-0.2592790241233,0.));
#3509=DIRECTION('center_axis',(0.,0.,1.));
#3510=DIRECTION('ref_axis',(0.965802457881356,-0.2592790241233,0.));
#3511=DIRECTION('',(0.,0.,-1.));
#3512=DIRECTION('',(0.,0.,1.));
#3513=DIRECTION('center_axis',(1.95762843667782E-13,5.37893960524831E-13,
1.));
#3514=DIRECTION('ref_axis',(-1.,0.,1.95762843667782E-13));
#3515=DIRECTION('center_axis',(0.,0.,-1.));
#3516=DIRECTION('ref_axis',(-1.,0.,1.95762843667782E-13));
#3517=DIRECTION('',(0.,0.,1.));
#3518=DIRECTION('center_axis',(0.,0.,-1.));
#3519=DIRECTION('ref_axis',(-0.706767968498034,0.707445431609508,0.));
#3520=DIRECTION('center_axis',(0.,0.,1.));
#3521=DIRECTION('ref_axis',(-0.706767968498034,0.707445431609508,0.));
#3522=DIRECTION('',(0.,0.,1.));
#3523=DIRECTION('center_axis',(0.,0.,-1.));
#3524=DIRECTION('ref_axis',(-0.707443301877141,-0.706770100265404,0.));
#3525=DIRECTION('',(0.,0.,-1.));
#3526=DIRECTION('',(4.86866869508948E-12,-8.40837774509002E-12,1.));
#3527=DIRECTION('center_axis',(0.,0.,1.));
#3528=DIRECTION('ref_axis',(-0.707443301877141,-0.706770100265404,0.));
#3529=DIRECTION('center_axis',(4.86866869508948E-12,-8.40837774509002E-12,
1.));
#3530=DIRECTION('ref_axis',(-1.,0.,4.86866869508948E-12));
#3531=DIRECTION('',(0.,0.,1.));
#3532=DIRECTION('center_axis',(0.,0.,-1.));
#3533=DIRECTION('ref_axis',(-1.,0.,4.86866869508948E-12));
#3534=DIRECTION('center_axis',(0.,0.,-1.));
#3535=DIRECTION('ref_axis',(0.966048244838976,0.258361739898798,0.));
#3536=DIRECTION('',(0.,0.,1.));
#3537=DIRECTION('center_axis',(0.,0.,1.));
#3538=DIRECTION('ref_axis',(0.966048244838976,0.258361739898798,0.));
#3539=DIRECTION('center_axis',(0.,0.,-1.));
#3540=DIRECTION('ref_axis',(-0.258362634437311,0.966048005601488,0.));
#3541=DIRECTION('',(0.,0.,-1.));
#3542=DIRECTION('',(0.,0.,1.));
#3543=DIRECTION('center_axis',(0.,0.,1.));
#3544=DIRECTION('ref_axis',(-0.258362634437311,0.966048005601488,0.));
#3545=DIRECTION('center_axis',(-3.13304369327113E-11,-5.033251330876E-15,
1.));
#3546=DIRECTION('ref_axis',(0.999999988913962,0.000148902908749461,3.13304373348466E-11));
#3547=DIRECTION('',(0.,0.,1.));
#3548=DIRECTION('center_axis',(0.,0.,-1.));
#3549=DIRECTION('ref_axis',(-1.,0.,-3.13304369327113E-11));
#3550=DIRECTION('center_axis',(0.,0.,-1.));
#3551=DIRECTION('ref_axis',(-0.259275412072882,-0.965803427564034,0.));
#3552=DIRECTION('',(0.,0.,1.));
#3553=DIRECTION('center_axis',(0.,0.,1.));
#3554=DIRECTION('ref_axis',(-0.259275412072882,-0.965803427564034,0.));
#3555=DIRECTION('center_axis',(-4.74099447722604E-15,2.68221001540543E-15,
1.));
#3556=DIRECTION('ref_axis',(-1.,0.,-4.74099447722604E-15));
#3557=DIRECTION('',(0.,0.,-1.));
#3558=DIRECTION('center_axis',(0.,0.,-1.));
#3559=DIRECTION('ref_axis',(-1.,0.,-4.74099447722604E-15));
#3560=DIRECTION('',(1.96820671103995E-12,-3.4240949372559E-12,1.));
#3561=DIRECTION('center_axis',(0.,0.,1.));
#3562=DIRECTION('ref_axis',(-1.,0.,-4.74099447722604E-15));
#3563=DIRECTION('center_axis',(-6.03328586974725E-16,5.29995226422109E-16,
1.));
#3564=DIRECTION('ref_axis',(0.865790260014732,-0.500407059965807,7.87569367240967E-16));
#3565=DIRECTION('',(8.57806537266028E-13,7.83690472699581E-16,-1.));
#3566=DIRECTION('center_axis',(0.,0.,-1.));
#3567=DIRECTION('ref_axis',(-1.,0.,-6.03328586974725E-16));
#3568=DIRECTION('',(-9.52104608690731E-14,8.42710665374385E-14,1.));
#3569=DIRECTION('center_axis',(0.,0.,1.));
#3570=DIRECTION('ref_axis',(-1.,0.,-6.03328586974725E-16));
#3571=DIRECTION('center_axis',(5.26428016777288E-17,-2.44941699077635E-15,
1.));
#3572=DIRECTION('ref_axis',(-1.,0.,5.26428016777288E-17));
#3573=DIRECTION('center_axis',(0.,0.,1.));
#3574=DIRECTION('ref_axis',(-1.,0.,5.26428016777288E-17));
#3575=DIRECTION('',(-1.96820671103995E-12,3.4240949372559E-12,-1.));
#3576=DIRECTION('center_axis',(0.,0.,-1.));
#3577=DIRECTION('ref_axis',(-1.,0.,5.26428016777288E-17));
#3578=DIRECTION('',(-1.09161781192528E-15,-5.9216205768467E-15,1.));
#3579=DIRECTION('center_axis',(1.02394594079057E-16,-2.64599700875668E-18,
1.));
#3580=DIRECTION('ref_axis',(-1.,0.,1.02394594079057E-16));
#3581=DIRECTION('',(-2.40126506532906E-13,-4.15492810940198E-13,-1.));
#3582=DIRECTION('center_axis',(0.,0.,-1.));
#3583=DIRECTION('ref_axis',(-1.,0.,1.02394594079057E-16));
#3584=DIRECTION('',(2.81465330070975E-13,9.16407676038214E-14,1.));
#3585=DIRECTION('center_axis',(0.,0.,1.));
#3586=DIRECTION('ref_axis',(-1.,0.,1.02394594079057E-16));
#3587=DIRECTION('center_axis',(-1.71923803805656E-17,2.14239531242556E-17,
1.));
#3588=DIRECTION('ref_axis',(0.866261962038296,0.499590045062511,4.18991145381352E-18));
#3589=DIRECTION('center_axis',(0.,0.,1.));
#3590=DIRECTION('ref_axis',(-1.,0.,-1.71923803805656E-17));
#3591=DIRECTION('',(4.83531775116383E-13,4.27513635252273E-13,-1.));
#3592=DIRECTION('center_axis',(0.,0.,-1.));
#3593=DIRECTION('ref_axis',(-1.,0.,-1.71923803805656E-17));
#3594=DIRECTION('',(-8.57806537266028E-13,-7.83690472699581E-16,1.));
#3595=DIRECTION('center_axis',(2.6061828160565E-17,-9.90755840957659E-16,
-1.));
#3596=DIRECTION('ref_axis',(1.,0.,2.6061828160565E-17));
#3597=DIRECTION('',(-3.58046208374524E-15,-1.21205236003456E-15,-1.));
#3598=DIRECTION('center_axis',(0.,0.,-1.));
#3599=DIRECTION('ref_axis',(1.,0.,2.6061828160565E-17));
#3600=DIRECTION('',(2.40126506532906E-13,4.15492810940198E-13,1.));
#3601=DIRECTION('center_axis',(0.,0.,1.));
#3602=DIRECTION('ref_axis',(1.,0.,2.6061828160565E-17));
#3603=DIRECTION('center_axis',(-1.09161781192528E-15,-5.9216205768467E-15,
1.));
#3604=DIRECTION('ref_axis',(-1.,0.,-1.09161781192528E-15));
#3605=DIRECTION('center_axis',(0.,0.,-1.));
#3606=DIRECTION('ref_axis',(-1.,0.,-1.09161781192528E-15));
#3607=DIRECTION('center_axis',(0.,0.,1.));
#3608=DIRECTION('ref_axis',(-1.,0.,-1.09161781192528E-15));
#3609=DIRECTION('',(-1.09161781192528E-15,-5.9216205768467E-15,1.));
#3610=DIRECTION('center_axis',(0.,0.,1.));
#3611=DIRECTION('ref_axis',(-1.,0.,0.));
#3612=DIRECTION('center_axis',(0.,0.,-1.));
#3613=DIRECTION('ref_axis',(-1.,0.,0.));
#3614=DIRECTION('',(0.,0.,-1.));
#3615=DIRECTION('center_axis',(0.,0.,1.));
#3616=DIRECTION('ref_axis',(-1.,0.,0.));
#3617=DIRECTION('center_axis',(-1.96820671103995E-12,3.4240949372559E-12,
-1.));
#3618=DIRECTION('ref_axis',(1.,0.,-1.96820671103995E-12));
#3619=DIRECTION('center_axis',(0.,0.,-1.));
#3620=DIRECTION('ref_axis',(1.,0.,-1.96820671103995E-12));
#3621=DIRECTION('center_axis',(0.,0.,1.));
#3622=DIRECTION('ref_axis',(1.,0.,-1.96820671103995E-12));
#3623=DIRECTION('center_axis',(-9.52104608690731E-14,8.42710665374385E-14,
1.));
#3624=DIRECTION('ref_axis',(-1.,0.,-9.52104608690731E-14));
#3625=DIRECTION('center_axis',(0.,0.,1.));
#3626=DIRECTION('ref_axis',(-1.,0.,-9.52104608690731E-14));
#3627=DIRECTION('',(-9.52104608690731E-14,8.42710665374385E-14,1.));
#3628=DIRECTION('center_axis',(0.,0.,-1.));
#3629=DIRECTION('ref_axis',(-1.,0.,-9.52104608690731E-14));
#3630=DIRECTION('center_axis',(-4.83531775116383E-13,-4.27513635252273E-13,
1.));
#3631=DIRECTION('ref_axis',(-1.,0.,-4.83531775116383E-13));
#3632=DIRECTION('center_axis',(0.,0.,-1.));
#3633=DIRECTION('ref_axis',(-1.,0.,-4.83531775116383E-13));
#3634=DIRECTION('',(4.83531775116383E-13,4.27513635252273E-13,-1.));
#3635=DIRECTION('center_axis',(0.,0.,1.));
#3636=DIRECTION('ref_axis',(-1.,0.,-4.83531775116383E-13));
#3637=DIRECTION('center_axis',(8.57806537266028E-13,7.83690472699581E-16,
-1.));
#3638=DIRECTION('ref_axis',(-0.999999888049432,0.000473181913138367,-8.57806070405942E-13));
#3639=DIRECTION('center_axis',(0.,0.,1.));
#3640=DIRECTION('ref_axis',(1.,0.,8.57806537266028E-13));
#3641=DIRECTION('center_axis',(0.,0.,-1.));
#3642=DIRECTION('ref_axis',(1.,0.,8.57806537266028E-13));
#3643=DIRECTION('center_axis',(3.58046208374524E-15,1.21205236003456E-15,
1.));
#3644=DIRECTION('ref_axis',(-1.,0.,3.58046208374524E-15));
#3645=DIRECTION('',(-3.58046208374524E-15,-1.21205236003456E-15,-1.));
#3646=DIRECTION('center_axis',(0.,0.,1.));
#3647=DIRECTION('ref_axis',(-1.,0.,3.58046208374524E-15));
#3648=DIRECTION('center_axis',(0.,0.,-1.));
#3649=DIRECTION('ref_axis',(-1.,0.,3.58046208374524E-15));
#3650=DIRECTION('center_axis',(-2.40126506532906E-13,-4.15492810940198E-13,
-1.));
#3651=DIRECTION('ref_axis',(1.,0.,-2.40126506532906E-13));
#3652=DIRECTION('center_axis',(0.,0.,1.));
#3653=DIRECTION('ref_axis',(1.,0.,-2.40126506532906E-13));
#3654=DIRECTION('center_axis',(0.,0.,-1.));
#3655=DIRECTION('ref_axis',(1.,0.,-2.40126506532906E-13));
#3656=DIRECTION('center_axis',(2.81465330070975E-13,9.16407676038214E-14,
1.));
#3657=DIRECTION('ref_axis',(-1.,0.,2.81465330070975E-13));
#3658=DIRECTION('center_axis',(0.,0.,1.));
#3659=DIRECTION('ref_axis',(-1.,0.,2.81465330070975E-13));
#3660=DIRECTION('',(2.81465330070975E-13,9.16407676038214E-14,1.));
#3661=DIRECTION('center_axis',(0.,0.,-1.));
#3662=DIRECTION('ref_axis',(-1.,0.,2.81465330070975E-13));
#3663=DIRECTION('center_axis',(-0.707440969779457,-0.706772434576716,-6.01981579911039E-8));
#3664=DIRECTION('ref_axis',(-8.50928353921463E-8,0.,0.999999999999996));
#3665=DIRECTION('',(8.50928353921463E-8,0.,-0.999999999999996));
#3666=DIRECTION('center_axis',(-0.966047616387971,-0.258364089746023,9.10656551059355E-7));
#3667=DIRECTION('ref_axis',(9.42662178976098E-7,0.,0.999999999999556));
#3668=DIRECTION('center_axis',(-0.965804209942064,0.259272497689561,-4.47749967861655E-8));
#3669=DIRECTION('ref_axis',(-4.6360324717213E-8,0.,0.999999999999999));
#3670=DIRECTION('center_axis',(0.706771354860785,-0.707442048460707,-4.23898400010768E-6));
#3671=DIRECTION('ref_axis',(-5.99767374678959E-6,0.,-0.999999999982014));
#3672=DIRECTION('center_axis',(0.258361665793774,-0.966048264654617,-2.4635588277025E-6));
#3673=DIRECTION('ref_axis',(0.,2.55014052385391E-6,-0.999999999996748));
#3674=DIRECTION('center_axis',(-0.259275206542667,-0.965803482738429,-1.6056612215275E-6));
#3675=DIRECTION('ref_axis',(0.,1.66251338934149E-6,-0.999999999998618));
#3676=DIRECTION('center_axis',(0.,0.,1.));
#3677=DIRECTION('ref_axis',(1.,0.,0.));
#3678=DIRECTION('center_axis',(0.259275412072884,0.965803427564034,0.));
#3679=DIRECTION('ref_axis',(0.,0.,1.));
#3680=DIRECTION('',(0.965803427564034,-0.259275412072884,0.));
#3681=DIRECTION('center_axis',(-0.965802457881357,0.2592790241233,0.));
#3682=DIRECTION('ref_axis',(0.,0.,1.));
#3683=DIRECTION('',(0.2592790241233,0.965802457881357,0.));
#3684=DIRECTION('center_axis',(-0.706767968498034,0.707445431609507,0.));
#3685=DIRECTION('ref_axis',(0.,0.,1.));
#3686=DIRECTION('',(-0.707445431609507,-0.706767968498034,0.));
#3687=DIRECTION('center_axis',(-0.70744330187714,-0.706770100265405,0.));
#3688=DIRECTION('ref_axis',(0.,0.,1.));
#3689=DIRECTION('',(0.706770100265405,-0.70744330187714,0.));
#3690=DIRECTION('center_axis',(-0.966048244838976,-0.258361739898796,0.));
#3691=DIRECTION('ref_axis',(0.,0.,1.));
#3692=DIRECTION('',(-0.258361739898796,0.966048244838976,0.));
#3693=DIRECTION('center_axis',(-0.258362634437313,0.966048005601487,0.));
#3694=DIRECTION('ref_axis',(0.,0.,1.));
#3695=DIRECTION('',(-0.966048005601487,-0.258362634437313,0.));
#3696=DIRECTION('center_axis',(0.,0.,1.));
#3697=DIRECTION('ref_axis',(1.,0.,0.));
#3698=DIRECTION('center_axis',(0.,0.,1.));
#3699=DIRECTION('ref_axis',(1.,0.,0.));
#3700=DIRECTION('center_axis',(0.,0.,1.));
#3701=DIRECTION('ref_axis',(1.,0.,0.));
#3702=DIRECTION('center_axis',(0.,0.,1.));
#3703=DIRECTION('ref_axis',(1.,0.,0.));
#3704=DIRECTION('',(1.57836117419878E-7,1.18047433061446E-6,-0.999999999999291));
#3705=DIRECTION('center_axis',(0.,0.,1.));
#3706=DIRECTION('ref_axis',(1.,0.,0.));
#3707=DIRECTION('center_axis',(0.,0.,1.));
#3708=DIRECTION('ref_axis',(1.,0.,1.8468993031026E-16));
#3709=DIRECTION('center_axis',(1.8468993031026E-16,1.4953878113867E-16,
-1.));
#3710=DIRECTION('ref_axis',(1.,0.,1.8468993031026E-16));
#3711=DIRECTION('',(-1.8468993031026E-16,-1.4953878113867E-16,1.));
#3712=DIRECTION('center_axis',(1.4363510381088E-14,0.,1.));
#3713=DIRECTION('ref_axis',(0.,-1.,0.));
#3714=DIRECTION('center_axis',(-1.4363510381088E-14,0.,-1.));
#3715=DIRECTION('ref_axis',(0.,-1.,0.));
#3716=DIRECTION('',(0.309016994122548,-0.951056516377163,-4.43856880301182E-15));
#3717=DIRECTION('center_axis',(1.4363510381088E-14,0.,1.));
#3718=DIRECTION('ref_axis',(-1.,0.,1.4363510381088E-14));
#3719=DIRECTION('',(0.809016994384486,0.587785252279345,-1.16203239973181E-14));
#3720=DIRECTION('center_axis',(-0.587785252279345,0.809016994384486,9.28103424875569E-15));
#3721=DIRECTION('ref_axis',(0.809016994384486,0.587785252279345,-1.16203239973181E-14));
#3722=DIRECTION('',(1.4363510381088E-14,0.,1.));
#3723=DIRECTION('',(-1.57898385724467E-14,0.,-1.));
#3724=DIRECTION('',(-0.809016994384486,-0.587785252279345,0.));
#3725=DIRECTION('center_axis',(0.951056516377163,0.309016994122548,-1.50170288668689E-14));
#3726=DIRECTION('ref_axis',(0.309016994122548,-0.951056516377163,-4.43856880301182E-15));
#3727=DIRECTION('',(-1.4363510381088E-14,0.,-1.));
#3728=DIRECTION('',(-0.309016994122548,0.951056516377163,0.));
#3729=DIRECTION('',(-1.57898385724467E-14,0.,-1.));
#3730=DIRECTION('center_axis',(-1.57898385724467E-14,0.,-1.));
#3731=DIRECTION('ref_axis',(-1.,0.,1.57898385724467E-14));
#3732=DIRECTION('center_axis',(0.,0.,-1.));
#3733=DIRECTION('ref_axis',(-1.,0.,1.42322030197316E-14));
#3734=DIRECTION('center_axis',(0.,1.,0.));
#3735=DIRECTION('ref_axis',(1.,0.,-1.4363510381088E-14));
#3736=DIRECTION('',(-1.,0.,0.));
#3737=DIRECTION('',(-1.57898385724467E-14,0.,-1.));
#3738=DIRECTION('',(1.,0.,-1.4363510381088E-14));
#3739=DIRECTION('',(-1.4363510381088E-14,0.,-1.));
#3740=DIRECTION('center_axis',(-0.951056516377163,-0.309016994122548,1.50170288668689E-14));
#3741=DIRECTION('ref_axis',(-0.309016994122548,0.951056516377163,4.43856880301182E-15));
#3742=DIRECTION('',(0.309016994122548,-0.951056516377163,0.));
#3743=DIRECTION('',(1.4363510381088E-14,0.,1.));
#3744=DIRECTION('',(-0.309016994122548,0.951056516377163,4.43856880301182E-15));
#3745=DIRECTION('',(-1.57898385724467E-14,0.,-1.));
#3746=DIRECTION('center_axis',(1.4363510381088E-14,0.,1.));
#3747=DIRECTION('ref_axis',(0.,-1.,0.));
#3748=DIRECTION('center_axis',(-1.4363510381088E-14,0.,-1.));
#3749=DIRECTION('ref_axis',(0.,-1.,0.));
#3750=DIRECTION('center_axis',(1.4363510381088E-14,0.,1.));
#3751=DIRECTION('ref_axis',(-1.,0.,1.4363510381088E-14));
#3752=DIRECTION('center_axis',(-1.57898385724467E-14,0.,-1.));
#3753=DIRECTION('ref_axis',(-1.,0.,1.57898385724467E-14));
#3754=DIRECTION('center_axis',(0.,0.,-1.));
#3755=DIRECTION('ref_axis',(-1.,0.,1.42322030197316E-14));
#3756=DIRECTION('center_axis',(-1.4363510381088E-14,0.,-1.));
#3757=DIRECTION('ref_axis',(0.,-1.,0.));
#3758=DIRECTION('center_axis',(-1.4363510381088E-14,0.,-1.));
#3759=DIRECTION('ref_axis',(1.,0.,-1.4363510381088E-14));
#3760=DIRECTION('center_axis',(-1.4363510381088E-14,0.,-1.));
#3761=DIRECTION('ref_axis',(1.,0.,-1.4363510381088E-14));
#3762=DIRECTION('',(1.4363510381088E-14,0.,1.));
#3763=DIRECTION('center_axis',(-1.4363510381088E-14,0.,-1.));
#3764=DIRECTION('ref_axis',(0.,-1.,0.));
#3765=DIRECTION('',(1.4363510381088E-14,0.,1.));
#3766=DIRECTION('center_axis',(-1.4363510381088E-14,0.,-1.));
#3767=DIRECTION('ref_axis',(0.,-1.,0.));
#3768=DIRECTION('',(-1.4363510381088E-14,0.,-1.));
#3769=DIRECTION('center_axis',(-1.4363510381088E-14,0.,-1.));
#3770=DIRECTION('ref_axis',(0.,-1.,0.));
#3771=DIRECTION('',(1.4363510381088E-14,0.,1.));
#3772=DIRECTION('center_axis',(-1.4363510381088E-14,0.,-1.));
#3773=DIRECTION('ref_axis',(0.,-1.,0.));
#3774=DIRECTION('center_axis',(-1.4363510381088E-14,0.,-1.));
#3775=DIRECTION('ref_axis',(0.,-1.,0.));
#3776=DIRECTION('center_axis',(-1.4363510381088E-14,0.,-1.));
#3777=DIRECTION('ref_axis',(0.,-1.,0.));
#3778=DIRECTION('',(-1.4363510381088E-14,0.,-1.));
#3779=DIRECTION('center_axis',(-1.4363510381088E-14,0.,-1.));
#3780=DIRECTION('ref_axis',(0.,-1.,0.));
#3781=DIRECTION('',(1.4363510381088E-14,0.,1.));
#3782=DIRECTION('center_axis',(-1.4363510381088E-14,0.,-1.));
#3783=DIRECTION('ref_axis',(0.,-1.,0.));
#3784=DIRECTION('',(-1.4363510381088E-14,0.,-1.));
#3785=DIRECTION('center_axis',(-1.4363510381088E-14,0.,-1.));
#3786=DIRECTION('ref_axis',(0.,-1.,0.));
#3787=DIRECTION('center_axis',(1.4363510381088E-14,0.,1.));
#3788=DIRECTION('ref_axis',(0.,-1.,0.));
#3789=DIRECTION('',(-0.809016994384486,0.587785252279345,1.16203239973181E-14));
#3790=DIRECTION('center_axis',(1.4363510381088E-14,0.,1.));
#3791=DIRECTION('ref_axis',(-1.,0.,1.4363510381088E-14));
#3792=DIRECTION('',(-0.309016994122548,-0.951056516377163,4.43856880301182E-15));
#3793=DIRECTION('center_axis',(0.951056516377163,-0.309016994122548,-1.50170288668689E-14));
#3794=DIRECTION('ref_axis',(-0.309016994122548,-0.951056516377163,4.43856880301182E-15));
#3795=DIRECTION('',(-1.57898385724467E-14,0.,-1.));
#3796=DIRECTION('',(0.309016994122548,0.951056516377163,0.));
#3797=DIRECTION('center_axis',(-0.587785252279345,-0.809016994384486,9.28103424875569E-15));
#3798=DIRECTION('ref_axis',(-0.809016994384486,0.587785252279345,1.16203239973181E-14));
#3799=DIRECTION('',(0.809016994384486,-0.587785252279345,0.));
#3800=DIRECTION('',(-1.57898385724467E-14,0.,-1.));
#3801=DIRECTION('center_axis',(-1.57898385724467E-14,0.,-1.));
#3802=DIRECTION('ref_axis',(-1.,0.,1.57898385724467E-14));
#3803=DIRECTION('center_axis',(0.,0.,-1.));
#3804=DIRECTION('ref_axis',(-1.,0.,1.42322030197316E-14));
#3805=DIRECTION('center_axis',(1.4363510381088E-14,0.,1.));
#3806=DIRECTION('ref_axis',(0.,-1.,0.));
#3807=DIRECTION('',(-0.809016994384486,-0.587785252279345,1.16203239973181E-14));
#3808=DIRECTION('center_axis',(1.4363510381088E-14,0.,1.));
#3809=DIRECTION('ref_axis',(-1.,0.,1.4363510381088E-14));
#3810=DIRECTION('',(0.809016994384486,-0.587785252279345,-1.16203239973181E-14));
#3811=DIRECTION('center_axis',(0.587785252279345,0.809016994384486,-9.28103424875569E-15));
#3812=DIRECTION('ref_axis',(0.809016994384486,-0.587785252279345,-1.16203239973181E-14));
#3813=DIRECTION('',(-1.57898385724467E-14,0.,-1.));
#3814=DIRECTION('',(-0.809016994384486,0.587785252279345,0.));
#3815=DIRECTION('center_axis',(0.587785252279345,-0.809016994384486,-9.28103424875569E-15));
#3816=DIRECTION('ref_axis',(-0.809016994384486,-0.587785252279345,1.16203239973181E-14));
#3817=DIRECTION('',(0.809016994384486,0.587785252279345,0.));
#3818=DIRECTION('',(-1.57898385724467E-14,0.,-1.));
#3819=DIRECTION('center_axis',(-1.57898385724467E-14,0.,-1.));
#3820=DIRECTION('ref_axis',(-1.,0.,1.57898385724467E-14));
#3821=DIRECTION('center_axis',(0.,0.,-1.));
#3822=DIRECTION('ref_axis',(-1.,0.,1.42322030197316E-14));
#3823=DIRECTION('center_axis',(1.4363510381088E-14,0.,1.));
#3824=DIRECTION('ref_axis',(0.,-1.,0.));
#3825=DIRECTION('',(0.309016994122548,0.951056516377163,-4.43856880301181E-15));
#3826=DIRECTION('center_axis',(1.4363510381088E-14,0.,1.));
#3827=DIRECTION('ref_axis',(-1.,0.,1.4363510381088E-14));
#3828=DIRECTION('',(-1.,0.,1.4363510381088E-14));
#3829=DIRECTION('center_axis',(0.,-1.,0.));
#3830=DIRECTION('ref_axis',(-1.,0.,1.4363510381088E-14));
#3831=DIRECTION('',(-1.57898385724467E-14,0.,-1.));
#3832=DIRECTION('',(1.,0.,0.));
#3833=DIRECTION('center_axis',(-0.951056516377163,0.309016994122548,1.50170288668689E-14));
#3834=DIRECTION('ref_axis',(0.309016994122548,0.951056516377163,-4.43856880301182E-15));
#3835=DIRECTION('',(-0.309016994122548,-0.951056516377163,0.));
#3836=DIRECTION('',(-1.57898385724467E-14,0.,-1.));
#3837=DIRECTION('center_axis',(-1.57898385724467E-14,0.,-1.));
#3838=DIRECTION('ref_axis',(-1.,0.,1.57898385724467E-14));
#3839=DIRECTION('center_axis',(0.,0.,-1.));
#3840=DIRECTION('ref_axis',(-1.,0.,1.42322030197316E-14));
#3841=DIRECTION('center_axis',(1.4363510381088E-14,0.,1.));
#3842=DIRECTION('ref_axis',(-1.,0.,1.4363510381088E-14));
#3843=DIRECTION('center_axis',(1.4363510381088E-14,0.,1.));
#3844=DIRECTION('ref_axis',(0.,1.,0.));
#3845=DIRECTION('center_axis',(1.4363510381088E-14,0.,1.));
#3846=DIRECTION('ref_axis',(1.,0.,-1.4363510381088E-14));
#3847=DIRECTION('center_axis',(1.4363510381088E-14,0.,1.));
#3848=DIRECTION('ref_axis',(1.,0.,-1.4363510381088E-14));
#3849=DIRECTION('center_axis',(1.4363510381088E-14,0.,1.));
#3850=DIRECTION('ref_axis',(1.,0.,-1.4363510381088E-14));
#3851=DIRECTION('center_axis',(1.4363510381088E-14,0.,1.));
#3852=DIRECTION('ref_axis',(1.,0.,-1.4363510381088E-14));
#3853=DIRECTION('center_axis',(-1.4363510381088E-14,0.,-1.));
#3854=DIRECTION('ref_axis',(0.,1.,0.));
#3855=DIRECTION('center_axis',(1.4363510381088E-14,0.,1.));
#3856=DIRECTION('ref_axis',(0.,-1.,0.));
#3857=DIRECTION('center_axis',(-1.4363510381088E-14,0.,-1.));
#3858=DIRECTION('ref_axis',(0.,-1.,0.));
#3859=DIRECTION('center_axis',(-1.4363510381088E-14,0.,-1.));
#3860=DIRECTION('ref_axis',(1.,0.,-1.4363510381088E-14));
#3861=DIRECTION('center_axis',(1.4363510381088E-14,0.,1.));
#3862=DIRECTION('ref_axis',(0.,-1.,0.));
#3863=DIRECTION('center_axis',(-1.4363510381088E-14,0.,-1.));
#3864=DIRECTION('ref_axis',(0.,-1.,0.));
#3865=DIRECTION('center_axis',(-1.4363510381088E-14,0.,-1.));
#3866=DIRECTION('ref_axis',(0.,-1.,0.));
#3867=DIRECTION('center_axis',(-1.4363510381088E-14,0.,-1.));
#3868=DIRECTION('ref_axis',(0.,-1.,0.));
#3869=DIRECTION('center_axis',(-1.4363510381088E-14,0.,-1.));
#3870=DIRECTION('ref_axis',(0.,-1.,0.));
#3871=DIRECTION('center_axis',(-1.4363510381088E-14,0.,-1.));
#3872=DIRECTION('ref_axis',(0.,-1.,0.));
#3873=DIRECTION('center_axis',(1.4363510381088E-14,0.,1.));
#3874=DIRECTION('ref_axis',(1.,0.,-1.4363510381088E-14));
#3875=DIRECTION('',(1.4363510381088E-14,0.,1.));
#3876=DIRECTION('center_axis',(1.4363510381088E-14,0.,1.));
#3877=DIRECTION('ref_axis',(1.,0.,-1.4363510381088E-14));
#3878=DIRECTION('',(1.4363510381088E-14,0.,1.));
#3879=DIRECTION('center_axis',(1.4363510381088E-14,0.,1.));
#3880=DIRECTION('ref_axis',(1.,0.,-1.4363510381088E-14));
#3881=DIRECTION('',(1.4363510381088E-14,0.,1.));
#3882=DIRECTION('center_axis',(1.4363510381088E-14,0.,1.));
#3883=DIRECTION('ref_axis',(1.,0.,-1.4363510381088E-14));
#3884=DIRECTION('',(1.4363510381088E-14,0.,1.));
#3885=DIRECTION('center_axis',(-1.4363510381088E-14,0.,-1.));
#3886=DIRECTION('ref_axis',(0.,1.,0.));
#3887=DIRECTION('',(-1.4363510381088E-14,0.,-1.));
#3888=DIRECTION('center_axis',(1.4363510381088E-14,0.,1.));
#3889=DIRECTION('ref_axis',(1.,0.,-1.4363510381088E-14));
#3890=DIRECTION('center_axis',(1.4363510381088E-14,0.,1.));
#3891=DIRECTION('ref_axis',(1.,0.,-1.4363510381088E-14));
#3892=DIRECTION('center_axis',(-1.4363510381088E-14,0.,-1.));
#3893=DIRECTION('ref_axis',(1.,0.,-1.4363510381088E-14));
#3894=DIRECTION('',(-0.707106781186557,8.65956056235493E-17,-0.707106781186538));
#3895=DIRECTION('center_axis',(1.4363510381088E-14,0.,1.));
#3896=DIRECTION('ref_axis',(0.,1.,0.));
#3897=DIRECTION('',(1.4363510381088E-14,0.,1.));
#3898=DIRECTION('center_axis',(1.4363510381088E-14,0.,1.));
#3899=DIRECTION('ref_axis',(-1.,0.,1.4363510381088E-14));
#3900=DIRECTION('',(-0.707106781186557,-8.65956056235493E-17,-0.707106781186538));
#3901=CARTESIAN_POINT('',(0.,0.,0.));
#3902=CARTESIAN_POINT('Origin',(245.646749146522,279.555582642109,80.6596563021193));
#3903=CARTESIAN_POINT('',(243.896749146522,279.555582642109,87.6596563011194));
#3904=CARTESIAN_POINT('Origin',(245.646749146522,279.555582642109,87.6596563011193));
#3905=CARTESIAN_POINT('',(243.896749146522,279.555582642109,98.1596563011194));
#3906=CARTESIAN_POINT('',(243.896749146522,279.555582642109,80.6596563021193));
#3907=CARTESIAN_POINT('Origin',(245.646749146522,279.555582642109,98.1596563011194));
#3908=CARTESIAN_POINT('Origin',(245.646749146522,293.555582642109,80.6596563001193));
#3909=CARTESIAN_POINT('',(243.896749146522,293.555582642109,87.6596563011194));
#3910=CARTESIAN_POINT('Origin',(245.646749146522,293.555582642109,87.6596563011193));
#3911=CARTESIAN_POINT('',(243.896749146522,293.555582642109,98.1596563011194));
#3912=CARTESIAN_POINT('',(243.896749146522,293.555582642109,80.6596563001193));
#3913=CARTESIAN_POINT('Origin',(245.646749146522,293.555582642109,98.1596563011194));
#3914=CARTESIAN_POINT('Origin',(238.646749146522,286.555582642109,80.6596563011195));
#3915=CARTESIAN_POINT('',(236.896749146522,286.555582642109,87.6596563011195));
#3916=CARTESIAN_POINT('Origin',(238.646749146522,286.555582642109,87.6596563011194));
#3917=CARTESIAN_POINT('',(236.896749146522,286.555582642109,98.1596563011194));
#3918=CARTESIAN_POINT('',(236.896749146522,286.555582642109,80.6596563011195));
#3919=CARTESIAN_POINT('Origin',(238.646749146522,286.555582642109,98.1596563011195));
#3920=CARTESIAN_POINT('Origin',(252.646749146522,286.555582642109,80.6596563011192));
#3921=CARTESIAN_POINT('',(250.896749146522,286.555582642109,87.6596563011193));
#3922=CARTESIAN_POINT('Origin',(252.646749146522,286.555582642109,87.6596563011192));
#3923=CARTESIAN_POINT('',(250.896749146522,286.555582642109,98.1596563011194));
#3924=CARTESIAN_POINT('',(250.896749146522,286.555582642109,80.6596563011193));
#3925=CARTESIAN_POINT('Origin',(252.646749146522,286.555582642109,98.1596563011193));
#3926=CARTESIAN_POINT('Origin',(245.646749146522,286.555582642109,75.6596563011194));
#3927=CARTESIAN_POINT('',(245.646749146522,289.997003998109,98.1596563011194));
#3928=CARTESIAN_POINT('Origin',(245.646749146522,286.555582642109,98.1596563011194));
#3929=CARTESIAN_POINT('',(245.646749146522,289.997003998109,87.6596563011193));
#3930=CARTESIAN_POINT('',(245.646749146522,289.997003998109,75.6596563011194));
#3931=CARTESIAN_POINT('Origin',(245.646749146522,286.555582642109,87.6596563011193));
#3932=CARTESIAN_POINT('Origin',(239.694544601361,260.33440548376,94.5345477965625));
#3933=CARTESIAN_POINT('',(239.473789713684,259.358704471025,94.5547556258283));
#3934=CARTESIAN_POINT('',(239.462031044637,259.31414701253,91.9648921638513));
#3935=CARTESIAN_POINT('',(239.473749794637,259.357573526201,94.5398919731164));
#3936=CARTESIAN_POINT('',(239.111043664678,259.525882677793,94.5813845795761));
#3937=CARTESIAN_POINT('Ctrl Pts',(239.109922959297,259.524276237655,94.5690480749036));
#3938=CARTESIAN_POINT('Ctrl Pts',(239.192056127156,259.4650277797,94.5693891418084));
#3939=CARTESIAN_POINT('Ctrl Pts',(239.282853712085,259.418526532755,94.570475607509));
#3940=CARTESIAN_POINT('Ctrl Pts',(239.410392727723,259.376150457905,94.5726194628067));
#3941=CARTESIAN_POINT('Ctrl Pts',(239.441958558802,259.36736560715,94.5731941051868));
#3942=CARTESIAN_POINT('Ctrl Pts',(239.473840884753,259.360154196413,94.5738089113958));
#3943=CARTESIAN_POINT('',(239.108747527662,259.522765131763,94.5395514080063));
#3944=CARTESIAN_POINT('Origin',(239.284684937195,259.765727414926,94.5346518118183));
#3945=CARTESIAN_POINT('',(238.729303993856,260.592101114092,94.5346563011194));
#3946=CARTESIAN_POINT('Ctrl Pts',(238.729303993856,260.592101114092,94.5346563011194));
#3947=CARTESIAN_POINT('Ctrl Pts',(238.69432951793,260.462547747582,94.5353592312138));
#3948=CARTESIAN_POINT('Ctrl Pts',(238.682033392663,260.257547053168,94.5364134282816));
#3949=CARTESIAN_POINT('Ctrl Pts',(238.746565248966,259.995837613301,94.5376498750424));
#3950=CARTESIAN_POINT('Ctrl Pts',(238.861481361203,259.752220768912,94.5387273794042));
#3951=CARTESIAN_POINT('Ctrl Pts',(239.000311023665,259.601369389349,94.5393010608741));
#3952=CARTESIAN_POINT('Ctrl Pts',(239.108726690379,259.522736365117,94.5395519827784));
#3953=CARTESIAN_POINT('',(238.717986684243,260.54860599184,91.9596573529547));
#3954=CARTESIAN_POINT('',(238.717646279012,260.54867460042,91.9596560150171));
#3955=CARTESIAN_POINT('Ctrl Pts',(239.462171283635,259.314809076609,91.9648800391604));
#3956=CARTESIAN_POINT('Ctrl Pts',(239.418958079173,259.32462855113,91.9649459961846));
#3957=CARTESIAN_POINT('Ctrl Pts',(239.376398979584,259.337326148811,91.9649820289351));
#3958=CARTESIAN_POINT('Ctrl Pts',(239.334869558023,259.352789868966,91.9649900329537));
#3959=CARTESIAN_POINT('Ctrl Pts',(239.29334329697,259.368252412287,91.9649980363633));
#3960=CARTESIAN_POINT('Ctrl Pts',(239.252846990612,259.386480495008,91.9649780162959));
#3961=CARTESIAN_POINT('Ctrl Pts',(239.213737946444,259.407313319475,91.9649327960796));
#3962=CARTESIAN_POINT('Ctrl Pts',(239.174133289242,259.428410149866,91.9648870028058));
#3963=CARTESIAN_POINT('Ctrl Pts',(239.135951757454,259.452178030521,91.9648153668217));
#3964=CARTESIAN_POINT('Ctrl Pts',(239.099538786656,259.478401939161,91.96472176619));
#3965=CARTESIAN_POINT('Ctrl Pts',(239.063578208757,259.504300043293,91.9646293284477));
#3966=CARTESIAN_POINT('Ctrl Pts',(239.029342838302,259.532593162584,91.964515473453));
#3967=CARTESIAN_POINT('Ctrl Pts',(238.997134755659,259.563031630557,91.9643848083404));
#3968=CARTESIAN_POINT('Ctrl Pts',(238.964318894637,259.594044483629,91.964251677529));
#3969=CARTESIAN_POINT('Ctrl Pts',(238.933608031423,259.627284201095,91.9641010979202));
#3970=CARTESIAN_POINT('Ctrl Pts',(238.90528340649,259.662446324154,91.9639388087405));
#3971=CARTESIAN_POINT('Ctrl Pts',(238.876958781557,259.697608447212,91.9637765195608));
#3972=CARTESIAN_POINT('Ctrl Pts',(238.851020713298,259.734692579907,91.9636025263642));
#3973=CARTESIAN_POINT('Ctrl Pts',(238.827706688203,259.773359063379,91.9634233674769));
#3974=CARTESIAN_POINT('Ctrl Pts',(238.804815447769,259.811324355355,91.9632474575194));
#3975=CARTESIAN_POINT('Ctrl Pts',(238.784454044213,259.850814634271,91.9630665757151));
#3976=CARTESIAN_POINT('Ctrl Pts',(238.766802097522,259.891481195675,91.9628800618512));
#3977=CARTESIAN_POINT('Ctrl Pts',(238.749151311496,259.93214508314,91.9626935602511));
#3978=CARTESIAN_POINT('Ctrl Pts',(238.734209809039,259.973984674383,91.9625014339492));
#3979=CARTESIAN_POINT('Ctrl Pts',(238.722109366279,260.016630617247,91.9623035866363));
#3980=CARTESIAN_POINT('Ctrl Pts',(238.709863133591,260.059790371798,91.9621033555969));
#3981=CARTESIAN_POINT('Ctrl Pts',(238.700527067607,260.103775591299,91.9618972714323));
#3982=CARTESIAN_POINT('Ctrl Pts',(238.694185482844,260.14818863128,91.9616857135559));
#3983=CARTESIAN_POINT('Ctrl Pts',(238.687918801422,260.192077088646,91.9614766544857));
#3984=CARTESIAN_POINT('Ctrl Pts',(238.684576243759,260.236382839493,91.961262258775));
#3985=CARTESIAN_POINT('Ctrl Pts',(238.684187268983,260.280714744687,91.9610432418488));
#3986=CARTESIAN_POINT('Ctrl Pts',(238.683791320299,260.325841474355,91.9608202981793));
#3987=CARTESIAN_POINT('Ctrl Pts',(238.68645597984,260.370994814299,91.9605925739439));
#3988=CARTESIAN_POINT('Ctrl Pts',(238.692156856657,260.415761770151,91.9603610664105));
#3989=CARTESIAN_POINT('Ctrl Pts',(238.697857733473,260.460528726003,91.9601295588772));
#3990=CARTESIAN_POINT('Ctrl Pts',(238.706594763804,260.504908796983,91.9598942770468));
#3991=CARTESIAN_POINT('Ctrl Pts',(238.71828804849,260.548496058031,91.9596563301702));
#3992=CARTESIAN_POINT('Origin',(271.331971462107,294.512776106894,94.5347816807693));
#3993=CARTESIAN_POINT('',(271.6339374189,293.55825733401,91.9596560224338));
#3994=CARTESIAN_POINT('',(271.590510048544,293.546629922686,94.5346563011194));
#3995=CARTESIAN_POINT('',(271.633936562215,293.558257119951,91.9596560150171));
#3996=CARTESIAN_POINT('',(272.329676308309,294.225066201983,91.9640801101709));
#3997=CARTESIAN_POINT('Ctrl Pts',(272.329676308309,294.225066201983,91.9640801101709));
#3998=CARTESIAN_POINT('Ctrl Pts',(272.310608220856,294.162470143417,91.9744607956382));
#3999=CARTESIAN_POINT('Ctrl Pts',(272.256419320864,294.036696454766,91.9585586972525));
#4000=CARTESIAN_POINT('Ctrl Pts',(272.141781607089,293.871524227783,91.963958744603));
#4001=CARTESIAN_POINT('Ctrl Pts',(271.947274385101,293.684440970461,91.9605399077418));
#4002=CARTESIAN_POINT('Ctrl Pts',(271.76366508267,293.592806112348,91.9607968084369));
#4003=CARTESIAN_POINT('Ctrl Pts',(271.633942243924,293.558258633072,91.9596560649811));
#4004=CARTESIAN_POINT('',(272.330901008751,294.820145741977,91.9648872069601));
#4005=CARTESIAN_POINT('Ctrl Pts',(272.330901008751,294.820145741977,91.9648872069601));
#4006=CARTESIAN_POINT('Ctrl Pts',(272.366880040095,294.701030100491,91.9202703163623));
#4007=CARTESIAN_POINT('Ctrl Pts',(272.38244983197,294.481170921286,91.8631621607131));
#4008=CARTESIAN_POINT('Ctrl Pts',(272.349403002947,294.289824313454,91.953340878308));
#4009=CARTESIAN_POINT('Ctrl Pts',(272.329676308309,294.225066201983,91.9640801101709));
#4010=CARTESIAN_POINT('',(272.287409221808,294.808592738697,94.5398936760422));
#4011=CARTESIAN_POINT('',(272.287409462606,294.808592813311,94.5398919731164));
#4012=CARTESIAN_POINT('Ctrl Pts',(271.590510718939,293.54663063361,94.5346563054018));
#4013=CARTESIAN_POINT('Ctrl Pts',(271.633349631491,293.558090860445,94.5348871273943));
#4014=CARTESIAN_POINT('Ctrl Pts',(271.675424879863,293.572404656264,94.5351191768817));
#4015=CARTESIAN_POINT('Ctrl Pts',(271.716365209506,293.589445719847,94.5353499758939));
#4016=CARTESIAN_POINT('Ctrl Pts',(271.75730273782,293.606485617401,94.5355807591137));
#4017=CARTESIAN_POINT('Ctrl Pts',(271.797105076038,293.626252231133,94.5358102920139));
#4018=CARTESIAN_POINT('Ctrl Pts',(271.835421071479,293.648571180679,94.5360360982976));
#4019=CARTESIAN_POINT('Ctrl Pts',(271.874219877359,293.671171365822,94.5362647499109));
#4020=CARTESIAN_POINT('Ctrl Pts',(271.911494172389,293.69638846861,94.5364895803832));
#4021=CARTESIAN_POINT('Ctrl Pts',(271.946906789104,293.723994411102,94.536708020067));
#4022=CARTESIAN_POINT('Ctrl Pts',(271.981883603603,293.75126062352,94.5369237715422));
#4023=CARTESIAN_POINT('Ctrl Pts',(272.015043974468,293.780856865532,94.5371332885506));
#4024=CARTESIAN_POINT('Ctrl Pts',(272.046095260333,293.812521998248,94.5373340967091));
#4025=CARTESIAN_POINT('Ctrl Pts',(272.07772688289,293.844778940218,94.5375386578956));
#4026=CARTESIAN_POINT('Ctrl Pts',(272.107169381656,293.879182595127,94.5377341816505));
#4027=CARTESIAN_POINT('Ctrl Pts',(272.134153135537,293.915418005666,94.5379180540024));
#4028=CARTESIAN_POINT('Ctrl Pts',(272.161136889417,293.951653416204,94.5381019263544));
#4029=CARTESIAN_POINT('Ctrl Pts',(272.185661596369,293.989720175477,94.5382741473055));
#4030=CARTESIAN_POINT('Ctrl Pts',(272.207502640135,294.029269813395,94.5384321046737));
#4031=CARTESIAN_POINT('Ctrl Pts',(272.228935525028,294.068080359547,94.538587110182));
#4032=CARTESIAN_POINT('Ctrl Pts',(272.247784022604,294.108318387952,94.538728380265));
#4033=CARTESIAN_POINT('Ctrl Pts',(272.263881729054,294.14962897532,94.5388566101066));
#4034=CARTESIAN_POINT('Ctrl Pts',(272.279978073052,294.190936066305,94.5389848290954));
#4035=CARTESIAN_POINT('Ctrl Pts',(272.293323924039,294.233315103756,94.5391000100554));
#4036=CARTESIAN_POINT('Ctrl Pts',(272.303801460655,294.276392313859,94.5392028492585));
#4037=CARTESIAN_POINT('Ctrl Pts',(272.314415636911,294.320031302431,94.5393070296081));
#4038=CARTESIAN_POINT('Ctrl Pts',(272.322085970388,294.364386349919,94.539398544202));
#4039=CARTESIAN_POINT('Ctrl Pts',(272.32674294904,294.409055989411,94.5394781181485));
#4040=CARTESIAN_POINT('Ctrl Pts',(272.331340239266,294.453153098803,94.5395566721969));
#4041=CARTESIAN_POINT('Ctrl Pts',(272.333000987323,294.497556306743,94.5396235897307));
#4042=CARTESIAN_POINT('Ctrl Pts',(272.331710488689,294.541873904595,94.5396795694421));
#4043=CARTESIAN_POINT('Ctrl Pts',(272.330394857478,294.587054591628,94.5397366393633));
#4044=CARTESIAN_POINT('Ctrl Pts',(272.326011745774,294.632145801506,94.5397823412866));
#4045=CARTESIAN_POINT('Ctrl Pts',(272.318601310491,294.676734147207,94.539817416609));
#4046=CARTESIAN_POINT('Ctrl Pts',(272.311190875208,294.721322492908,94.5398524919315));
#4047=CARTESIAN_POINT('Ctrl Pts',(272.300753199712,294.765407471757,94.5398769406607));
#4048=CARTESIAN_POINT('Ctrl Pts',(272.287383980361,294.808584923292,94.5398915051813));
#4049=CARTESIAN_POINT('Origin',(265.676013790481,282.187679560554,94.534656301035));
#4050=CARTESIAN_POINT('',(264.698990108959,282.400785375012,94.5346551168777));
#4051=CARTESIAN_POINT('',(264.698991924583,282.400787163681,91.9596564084201));
#4052=CARTESIAN_POINT('',(264.699000038778,282.400786416826,94.5346563011194));
#4053=CARTESIAN_POINT('',(265.416747135141,281.22189735476,94.5346512144331));
#4054=CARTESIAN_POINT('Origin',(265.67604782374,282.187719894578,94.534659425742));
#4055=CARTESIAN_POINT('',(265.416749050982,281.221900835959,91.9596551022217));
#4056=CARTESIAN_POINT('',(265.416742420824,281.221890370264,94.5346546953975));
#4057=CARTESIAN_POINT('Origin',(265.676047821808,282.187719893415,91.9596528926519));
#4058=CARTESIAN_POINT('Origin',(245.646612434948,286.555827626122,94.5347414847657));
#4059=CARTESIAN_POINT('',(232.720183907283,300.75219120074,94.8346595000826));
#4060=CARTESIAN_POINT('',(232.518214110137,300.974013974261,94.5346578858035));
#4061=CARTESIAN_POINT('Origin',(232.72019423787,300.752190519379,94.534659929084));
#4062=CARTESIAN_POINT('',(239.809992722118,304.846892454293,94.8346589444229));
#4063=CARTESIAN_POINT('Ctrl Pts',(239.809992470419,304.846892373856,94.8346558985016));
#4064=CARTESIAN_POINT('Ctrl Pts',(239.42263639116,304.72328608313,94.8346556994936));
#4065=CARTESIAN_POINT('Ctrl Pts',(239.039208355506,304.587370562353,94.8346555579392));
#4066=CARTESIAN_POINT('Ctrl Pts',(238.660481637444,304.439420371443,94.8346554741112));
#4067=CARTESIAN_POINT('Ctrl Pts',(238.281754644542,304.291470073167,94.8346553902832));
#4068=CARTESIAN_POINT('Ctrl Pts',(237.907729181359,304.131485168719,94.8346553641822));
#4069=CARTESIAN_POINT('Ctrl Pts',(237.539159454573,303.959788733531,94.8346553958866));
#4070=CARTESIAN_POINT('Ctrl Pts',(237.170565116613,303.788080833347,94.8346554275931));
#4071=CARTESIAN_POINT('Ctrl Pts',(236.807427443628,303.604659932075,94.8346555171155));
#4072=CARTESIAN_POINT('Ctrl Pts',(236.450478681235,303.409896377624,94.8346556643152));
#4073=CARTESIAN_POINT('Ctrl Pts',(236.314169040364,303.335521136809,94.834655720527));
#4074=CARTESIAN_POINT('Ctrl Pts',(236.178761671707,303.2594923003,94.8346557851473));
#4075=CARTESIAN_POINT('Ctrl Pts',(236.044296408955,303.181832262022,94.8346558581584));
#4076=CARTESIAN_POINT('Ctrl Pts',(235.69213323183,302.978441399166,94.8346560493735));
#4077=CARTESIAN_POINT('Ctrl Pts',(235.346434011077,302.763858788313,94.8346562981607));
#4078=CARTESIAN_POINT('Ctrl Pts',(235.007896243153,302.538517032541,94.8346566039735));
#4079=CARTESIAN_POINT('Ctrl Pts',(234.669379617591,302.313189349813,94.8346569097671));
#4080=CARTESIAN_POINT('Ctrl Pts',(234.33802373425,302.07710398805,94.8346572725759));
#4081=CARTESIAN_POINT('Ctrl Pts',(234.014497143047,301.830736897962,94.8346576916118));
#4082=CARTESIAN_POINT('Ctrl Pts',(233.690978981637,301.584376227203,94.8346581106368));
#4083=CARTESIAN_POINT('Ctrl Pts',(233.375289880315,301.327734497152,94.8346585858838));
#4084=CARTESIAN_POINT('Ctrl Pts',(233.068066822131,301.0613291343,94.8346591163634));
#4085=CARTESIAN_POINT('Ctrl Pts',(232.950861743591,300.959695937687,94.8346593187404));
#4086=CARTESIAN_POINT('Ctrl Pts',(232.834888480756,300.856642152197,94.8346595291541));
#4087=CARTESIAN_POINT('Ctrl Pts',(232.720181111557,300.752198035105,94.8346597475426));
#4088=CARTESIAN_POINT('',(239.718804469555,305.132694122745,94.5346574718231));
#4089=CARTESIAN_POINT('Origin',(239.809994565382,304.846888247278,94.5346560797396));
#4090=CARTESIAN_POINT('',(233.583639627722,301.876514720145,94.5346570953768));
#4091=CARTESIAN_POINT('Origin',(245.646612434946,286.555827626125,94.5347421993464));
#4092=CARTESIAN_POINT('Origin',(245.64661243495,286.555827626116,94.5347400074575));
#4093=CARTESIAN_POINT('Origin',(225.912955686276,304.821091148222,94.5346140814543));
#4094=CARTESIAN_POINT('',(225.39922157723,305.296793134558,94.8346564849489));
#4095=CARTESIAN_POINT('',(225.179129895757,305.500535522775,94.5398914656248));
#4096=CARTESIAN_POINT('Origin',(225.399255573915,305.296740159963,94.5346322711942));
#4097=CARTESIAN_POINT('',(226.408228554403,305.315947549639,94.8346560150171));
#4098=CARTESIAN_POINT('Ctrl Pts',(226.408228554403,305.315947549639,94.8346560150171));
#4099=CARTESIAN_POINT('Ctrl Pts',(226.341918488787,305.382479441457,94.8346560150171));
#4100=CARTESIAN_POINT('Ctrl Pts',(226.221953063604,305.461760499877,94.8346560150171));
#4101=CARTESIAN_POINT('Ctrl Pts',(226.040686057002,305.514164126494,94.8346560150171));
#4102=CARTESIAN_POINT('Ctrl Pts',(225.899886602742,305.525998378186,94.8346560150171));
#4103=CARTESIAN_POINT('Ctrl Pts',(225.759724571491,305.508719527694,94.8346560150171));
#4104=CARTESIAN_POINT('Ctrl Pts',(225.580733247126,305.448975462379,94.8346560150171));
#4105=CARTESIAN_POINT('Ctrl Pts',(225.463276599601,305.365989641222,94.8346560150171));
#4106=CARTESIAN_POINT('Ctrl Pts',(225.399225868856,305.296797769365,94.8346560150171));
#4107=CARTESIAN_POINT('',(226.620442475986,305.527985478326,94.5346563270583));
#4108=CARTESIAN_POINT('Origin',(226.408200802053,305.315926538263,94.5346283264083));
#4109=CARTESIAN_POINT('Ctrl Pts',(225.179129895757,305.500535522775,94.5398914656248));
#4110=CARTESIAN_POINT('Ctrl Pts',(225.209250936527,305.533067776955,94.5398772681247));
#4111=CARTESIAN_POINT('Ctrl Pts',(225.241538275284,305.563594086665,94.5398535378121));
#4112=CARTESIAN_POINT('Ctrl Pts',(225.2757070914,305.591845158156,94.539819577888));
#4113=CARTESIAN_POINT('Ctrl Pts',(225.309873555014,305.620094284578,94.5397856203021));
#4114=CARTESIAN_POINT('Ctrl Pts',(225.345920879951,305.646068191897,94.5397414345058));
#4115=CARTESIAN_POINT('Ctrl Pts',(225.383531103975,305.669537802133,94.5396863252185));
#4116=CARTESIAN_POINT('Ctrl Pts',(225.421633529171,305.693314556768,94.5396304947216));
#4117=CARTESIAN_POINT('Ctrl Pts',(225.461339679327,305.714520683019,94.5395634529438));
#4118=CARTESIAN_POINT('Ctrl Pts',(225.502290109582,305.732964272145,94.5394844784931));
#4119=CARTESIAN_POINT('Ctrl Pts',(225.542715626046,305.751171446312,94.5394065163585));
#4120=CARTESIAN_POINT('Ctrl Pts',(225.584353251296,305.766686361173,94.5393169255012));
#4121=CARTESIAN_POINT('Ctrl Pts',(225.626835632487,305.779372220501,94.5392150134876));
#4122=CARTESIAN_POINT('Ctrl Pts',(225.670145446065,305.792305163222,94.5391111165263));
#4123=CARTESIAN_POINT('Ctrl Pts',(225.714332818971,305.80229746269,94.5389944137644));
#4124=CARTESIAN_POINT('Ctrl Pts',(225.75899261937,305.809257621112,94.5388641732609));
#4125=CARTESIAN_POINT('Ctrl Pts',(225.803652419768,305.816217779535,94.5387339327574));
#4126=CARTESIAN_POINT('Ctrl Pts',(225.848784144402,305.820145718848,94.5385901545082));
#4127=CARTESIAN_POINT('Ctrl Pts',(225.893974017661,305.821005569338,94.538432108399));
#4128=CARTESIAN_POINT('Ctrl Pts',(225.93831937474,305.821849350793,94.5382770158829));
#4129=CARTESIAN_POINT('Ctrl Pts',(225.982720249864,305.819738811257,94.5381081837856));
#4130=CARTESIAN_POINT('Ctrl Pts',(226.026784819455,305.814692664965,94.5379280817448));
#4131=CARTESIAN_POINT('Ctrl Pts',(226.070844137001,305.809647120122,94.5377480011704));
#4132=CARTESIAN_POINT('Ctrl Pts',(226.114566770299,305.80166672115,94.5375566533395));
#4133=CARTESIAN_POINT('Ctrl Pts',(226.157566962272,305.790821937913,94.5373565090297));
#4134=CARTESIAN_POINT('Ctrl Pts',(226.20110324075,305.779841951979,94.5371538695063));
#4135=CARTESIAN_POINT('Ctrl Pts',(226.243898456725,305.765925724976,94.536942212807));
#4136=CARTESIAN_POINT('Ctrl Pts',(226.285565573465,305.749199154404,94.5367241053303));
#4137=CARTESIAN_POINT('Ctrl Pts',(226.326719787449,305.732678480108,94.5365086826549));
#4138=CARTESIAN_POINT('Ctrl Pts',(226.366773107084,305.713416500329,94.536286967053));
#4139=CARTESIAN_POINT('Ctrl Pts',(226.405372119287,305.6915831971,94.5360614331471));
#4140=CARTESIAN_POINT('Ctrl Pts',(226.444692717612,305.669341732945,94.5358316830158));
#4141=CARTESIAN_POINT('Ctrl Pts',(226.482503611968,305.644432002974,94.5355979704964));
#4142=CARTESIAN_POINT('Ctrl Pts',(226.518458608112,305.617082089545,94.5353629133212));
#4143=CARTESIAN_POINT('Ctrl Pts',(226.554413604255,305.589732176116,94.5351278561459));
#4144=CARTESIAN_POINT('Ctrl Pts',(226.588512298186,305.559942386368,94.5348914543361));
#4145=CARTESIAN_POINT('Ctrl Pts',(226.620442475986,305.527985478326,94.5346563270583));
#4146=CARTESIAN_POINT('Origin',(245.646713880398,286.555577818203,94.5346665763252));
#4147=CARTESIAN_POINT('',(225.179088920104,267.61061259609,94.5399286994822));
#4148=CARTESIAN_POINT('',(217.76946049349,285.722594138653,94.5397999878031));
#4149=CARTESIAN_POINT('Origin',(245.646661302412,286.555575681689,94.5393698403983));
#4150=CARTESIAN_POINT('',(225.399225868856,267.814360635576,94.8346560150171));
#4151=CARTESIAN_POINT('Origin',(225.399223919643,267.814370764817,94.5346588914081));
#4152=CARTESIAN_POINT('Ctrl Pts',(225.399216188114,305.296787311216,94.8346560150171));
#4153=CARTESIAN_POINT('Ctrl Pts',(224.652758076503,304.490384794499,94.8346560150171));
#4154=CARTESIAN_POINT('Ctrl Pts',(223.605541067873,303.213723947435,94.8346560150171));
#4155=CARTESIAN_POINT('Ctrl Pts',(222.368719948331,301.395890831237,94.8346560150171));
#4156=CARTESIAN_POINT('Ctrl Pts',(221.524151280247,299.979563840246,94.8346560150171));
#4157=CARTESIAN_POINT('Ctrl Pts',(220.765729757774,298.515296800903,94.8346560150171));
#4158=CARTESIAN_POINT('Ctrl Pts',(220.096001651935,297.008400851363,94.8346560150171));
#4159=CARTESIAN_POINT('Ctrl Pts',(219.517473825339,295.464197628052,94.8346560150171));
#4160=CARTESIAN_POINT('Ctrl Pts',(219.032204849342,293.888194379159,94.8346560150171));
#4161=CARTESIAN_POINT('Ctrl Pts',(218.641861734673,292.286038071026,94.8346560150171));
#4162=CARTESIAN_POINT('Ctrl Pts',(218.347897208039,290.663432082688,94.8346560150171));
#4163=CARTESIAN_POINT('Ctrl Pts',(218.151343604067,289.026173214763,94.8346560150171));
#4164=CARTESIAN_POINT('Ctrl Pts',(218.052855136941,287.380101956738,94.8346560150171));
#4165=CARTESIAN_POINT('Ctrl Pts',(218.052854715226,285.731071685952,94.8346560150171));
#4166=CARTESIAN_POINT('Ctrl Pts',(218.151345472805,284.084990466208,94.8346560150171));
#4167=CARTESIAN_POINT('Ctrl Pts',(218.347895278856,282.44772114034,94.8346560150171));
#4168=CARTESIAN_POINT('Ctrl Pts',(218.641856502843,280.825113853113,94.8346560150171));
#4169=CARTESIAN_POINT('Ctrl Pts',(219.032216184408,279.222962149746,94.8346560150171));
#4170=CARTESIAN_POINT('Ctrl Pts',(219.517463568611,277.646957446118,94.8346560150171));
#4171=CARTESIAN_POINT('Ctrl Pts',(220.096006063774,276.102753973698,94.8346560150171));
#4172=CARTESIAN_POINT('Ctrl Pts',(220.765729908845,274.595861964036,94.8346560150171));
#4173=CARTESIAN_POINT('Ctrl Pts',(221.524148199696,273.131592349546,94.8346560150171));
#4174=CARTESIAN_POINT('Ctrl Pts',(222.368731342088,271.715277378006,94.8346560150171));
#4175=CARTESIAN_POINT('Ctrl Pts',(223.605477496613,269.897387182963,94.8346560150171));
#4176=CARTESIAN_POINT('Ctrl Pts',(224.65279924338,268.620798695406,94.8346560150171));
#4177=CARTESIAN_POINT('Ctrl Pts',(225.399222864806,267.814363881146,94.8346560150171));
#4178=CARTESIAN_POINT('Origin',(245.646717460374,286.555570555243,94.5391352231866));
#4179=CARTESIAN_POINT('Origin',(225.912900762749,268.290052341781,94.5346249919347));
#4180=CARTESIAN_POINT('',(226.619741107528,267.582523409807,94.534656298025));
#4181=CARTESIAN_POINT('Ctrl Pts',(226.619741107528,267.582523409807,94.534656298025));
#4182=CARTESIAN_POINT('Ctrl Pts',(226.588373263253,267.551186113781,94.5348870463324));
#4183=CARTESIAN_POINT('Ctrl Pts',(226.554918276253,267.521938175878,94.5351190206377));
#4184=CARTESIAN_POINT('Ctrl Pts',(226.519671277539,267.49503767329,94.5353497452819));
#4185=CARTESIAN_POINT('Ctrl Pts',(226.484426813983,267.468139105534,94.5355804533311));
#4186=CARTESIAN_POINT('Ctrl Pts',(226.447390964688,267.443587915686,94.5358099118838));
#4187=CARTESIAN_POINT('Ctrl Pts',(226.408890415925,267.421600708847,94.5360356469634));
#4188=CARTESIAN_POINT('Ctrl Pts',(226.369930258365,267.399351024874,94.5362640768054));
#4189=CARTESIAN_POINT('Ctrl Pts',(226.329470588363,267.379727236991,94.5364886937282));
#4190=CARTESIAN_POINT('Ctrl Pts',(226.287876844302,267.362906624957,94.5367069355107));
#4191=CARTESIAN_POINT('Ctrl Pts',(226.246768121648,267.346282156768,94.5369226323929));
#4192=CARTESIAN_POINT('Ctrl Pts',(226.204552094857,267.332395951141,94.5371321019421));
#4193=CARTESIAN_POINT('Ctrl Pts',(226.161601241721,267.321370557013,94.537332872062));
#4194=CARTESIAN_POINT('Ctrl Pts',(226.1178902549,267.310150038159,94.5375371953623));
#4195=CARTESIAN_POINT('Ctrl Pts',(226.073418638931,267.301892763541,94.5377325085789));
#4196=CARTESIAN_POINT('Ctrl Pts',(226.028592731092,267.296674213413,94.5379162077473));
#4197=CARTESIAN_POINT('Ctrl Pts',(225.983766823253,267.291455663284,94.5380999069156));
#4198=CARTESIAN_POINT('Ctrl Pts',(225.938587124847,267.289275895073,94.538271992038));
#4199=CARTESIAN_POINT('Ctrl Pts',(225.89346642485,267.290154869723,94.5384298608985));
#4200=CARTESIAN_POINT('Ctrl Pts',(225.849134663238,267.291018475444,94.5385849694117));
#4201=CARTESIAN_POINT('Ctrl Pts',(225.804860324549,267.294834633159,94.5387263544927));
#4202=CARTESIAN_POINT('Ctrl Pts',(225.761034056017,267.301569759912,94.5388547119135));
#4203=CARTESIAN_POINT('Ctrl Pts',(225.71721134051,267.308304340643,94.5389830589283));
#4204=CARTESIAN_POINT('Ctrl Pts',(225.673837079158,267.317957346445,94.5390983804006));
#4205=CARTESIAN_POINT('Ctrl Pts',(225.631293923508,267.330443699954,94.5392013731624));
#4206=CARTESIAN_POINT('Ctrl Pts',(225.588240410965,267.343079842459,94.5393056014477));
#4207=CARTESIAN_POINT('Ctrl Pts',(225.546038556526,267.358617686605,94.5393972034557));
#4208=CARTESIAN_POINT('Ctrl Pts',(225.505069639575,267.376916932937,94.5394769025958));
#4209=CARTESIAN_POINT('Ctrl Pts',(225.464584012797,267.395000312055,94.5395556615643));
#4210=CARTESIAN_POINT('Ctrl Pts',(225.425302793814,267.415780041104,94.5396227968409));
#4211=CARTESIAN_POINT('Ctrl Pts',(225.387572582094,267.439072840647,94.5396790076062));
#4212=CARTESIAN_POINT('Ctrl Pts',(225.34916677355,267.462782720844,94.5397362248809));
#4213=CARTESIAN_POINT('Ctrl Pts',(225.312368518335,267.489096355108,94.5397821229165));
#4214=CARTESIAN_POINT('Ctrl Pts',(225.277514214784,267.517773260763,94.5398174401677));
#4215=CARTESIAN_POINT('Ctrl Pts',(225.242659911233,267.546450166418,94.5398527574188));
#4216=CARTESIAN_POINT('Ctrl Pts',(225.209749949794,267.577490022648,94.5398774938927));
#4217=CARTESIAN_POINT('Ctrl Pts',(225.179085188224,267.610609127454,94.5398923889869));
#4218=CARTESIAN_POINT('',(226.407740273153,267.794737832842,94.8346560150171));
#4219=CARTESIAN_POINT('Origin',(226.407700463727,267.794772283222,94.5346377098646));
#4220=CARTESIAN_POINT('Ctrl Pts',(225.399225868856,267.814360635576,94.8346560150171));
#4221=CARTESIAN_POINT('Ctrl Pts',(225.462910100588,267.745382970195,94.8346560150171));
#4222=CARTESIAN_POINT('Ctrl Pts',(225.579688949124,267.661647307563,94.8346560150171));
#4223=CARTESIAN_POINT('Ctrl Pts',(225.758709486267,267.602388587716,94.8346560150171));
#4224=CARTESIAN_POINT('Ctrl Pts',(225.89886729121,267.585193700666,94.8346560150171));
#4225=CARTESIAN_POINT('Ctrl Pts',(226.039515372253,267.597026716445,94.8346560150171));
#4226=CARTESIAN_POINT('Ctrl Pts',(226.220542384434,267.649882406548,94.8346560150171));
#4227=CARTESIAN_POINT('Ctrl Pts',(226.341106555498,267.728073235257,94.8346560150171));
#4228=CARTESIAN_POINT('Ctrl Pts',(226.407740273153,267.794737832842,94.8346560150171));
#4229=CARTESIAN_POINT('Origin',(239.695284180199,312.778333988482,94.5346070514245));
#4230=CARTESIAN_POINT('',(239.018886522436,312.59745235044,94.8346558482009));
#4231=CARTESIAN_POINT('',(238.729103283904,312.519960205645,94.5346563294168));
#4232=CARTESIAN_POINT('Origin',(239.01893858914,312.597471684195,94.5346347915132));
#4233=CARTESIAN_POINT('',(239.540152117023,313.461042490402,94.8346560150171));
#4234=CARTESIAN_POINT('Ctrl Pts',(239.540152117023,313.461042490402,94.8346560150171));
#4235=CARTESIAN_POINT('Ctrl Pts',(239.448555879155,313.440416283755,94.8346560150171));
#4236=CARTESIAN_POINT('Ctrl Pts',(239.317682166619,313.38109228012,94.8346560150171));
#4237=CARTESIAN_POINT('Ctrl Pts',(239.176819048519,313.255721741406,94.8346560150171));
#4238=CARTESIAN_POINT('Ctrl Pts',(239.091862724676,313.14292326691,94.8346560150171));
#4239=CARTESIAN_POINT('Ctrl Pts',(239.031782791414,313.01521012979,94.8346560150171));
#4240=CARTESIAN_POINT('Ctrl Pts',(238.987010185499,312.832010753221,94.8346560150171));
#4241=CARTESIAN_POINT('Ctrl Pts',(238.994502962886,312.688496301576,94.8346560150171));
#4242=CARTESIAN_POINT('Ctrl Pts',(239.018885292684,312.597456949053,94.8346560150171));
#4243=CARTESIAN_POINT('',(239.473750974141,313.753569887581,94.5398919731164));
#4244=CARTESIAN_POINT('Origin',(239.540145682114,313.461048074465,94.5346562913269));
#4245=CARTESIAN_POINT('Ctrl Pts',(238.729103283904,312.519960205645,94.5346563294168));
#4246=CARTESIAN_POINT('Ctrl Pts',(238.71764850878,312.562795052563,94.5348871589609));
#4247=CARTESIAN_POINT('Ctrl Pts',(238.70904678809,312.606392719681,94.5351191938134));
#4248=CARTESIAN_POINT('Ctrl Pts',(238.703374053895,312.650368573397,94.5353499608481));
#4249=CARTESIAN_POINT('Ctrl Pts',(238.697701728729,312.694341256256,94.5355807112434));
#4250=CARTESIAN_POINT('Ctrl Pts',(238.694958026295,312.738691612182,94.5358101939821));
#4251=CARTESIAN_POINT('Ctrl Pts',(238.695167185048,312.783028416753,94.5360359388408));
#4252=CARTESIAN_POINT('Ctrl Pts',(238.695378834369,312.827893163676,94.5362643717658));
#4253=CARTESIAN_POINT('Ctrl Pts',(238.698614189924,312.872743551863,94.5364889772392));
#4254=CARTESIAN_POINT('Ctrl Pts',(238.704844060631,312.9171744958,94.5367071985143));
#4255=CARTESIAN_POINT('Ctrl Pts',(238.711001464262,312.961088610293,94.5369228813967));
#4256=CARTESIAN_POINT('Ctrl Pts',(238.720083955154,313.004592529764,94.537132327735));
#4257=CARTESIAN_POINT('Ctrl Pts',(238.732011422662,313.047302402678,94.5373330718719));
#4258=CARTESIAN_POINT('Ctrl Pts',(238.744149453442,313.090766260505,94.5375373598745));
#4259=CARTESIAN_POINT('Ctrl Pts',(238.759233816793,313.133407272084,94.5377326356977));
#4260=CARTESIAN_POINT('Ctrl Pts',(238.777126728599,313.174835847319,94.5379163039872));
#4261=CARTESIAN_POINT('Ctrl Pts',(238.795019640406,313.216264422553,94.5380999722768));
#4262=CARTESIAN_POINT('Ctrl Pts',(238.815720899801,313.256480098683,94.538272033035));
#4263=CARTESIAN_POINT('Ctrl Pts',(238.839041424376,313.295115453931,94.5384298941663));
#4264=CARTESIAN_POINT('Ctrl Pts',(238.861955202495,313.333076948101,94.5385850019523));
#4265=CARTESIAN_POINT('Ctrl Pts',(238.887397300164,313.369512440951,94.5387264011563));
#4266=CARTESIAN_POINT('Ctrl Pts',(238.915143311226,313.40410040951,94.5388547771701));
#4267=CARTESIAN_POINT('Ctrl Pts',(238.942887080568,313.438685583558,94.5389831428119));
#4268=CARTESIAN_POINT('Ctrl Pts',(238.97293410148,313.471423171727,94.5390984873768));
#4269=CARTESIAN_POINT('Ctrl Pts',(239.005019369757,313.502024322209,94.5392014986765));
#4270=CARTESIAN_POINT('Ctrl Pts',(239.037488922475,313.532991981891,94.53930574374));
#4271=CARTESIAN_POINT('Ctrl Pts',(239.072045564312,313.561771311251,94.5393973583446));
#4272=CARTESIAN_POINT('Ctrl Pts',(239.108377171304,313.588102271829,94.5394770578574));
#4273=CARTESIAN_POINT('Ctrl Pts',(239.144280900048,313.614123132025,94.539555818747));
#4274=CARTESIAN_POINT('Ctrl Pts',(239.181917590601,313.637752760541,94.5396229435578));
#4275=CARTESIAN_POINT('Ctrl Pts',(239.220955218586,313.65878262674,94.5396791249621));
#4276=CARTESIAN_POINT('Ctrl Pts',(239.260690685727,313.680188424184,94.5397363106689));
#4277=CARTESIAN_POINT('Ctrl Pts',(239.301877268216,313.698900305301,94.5397821582307));
#4278=CARTESIAN_POINT('Ctrl Pts',(239.344138535722,313.714747189156,94.5398174003384));
#4279=CARTESIAN_POINT('Ctrl Pts',(239.386399803227,313.730594073011,94.5398526424462));
#4280=CARTESIAN_POINT('Ctrl Pts',(239.429735282772,313.743575781898,94.5398772791174));
#4281=CARTESIAN_POINT('Ctrl Pts',(239.473748886672,313.753573616995,94.5398920450216));
#4282=CARTESIAN_POINT('Origin',(245.64675109109,286.555559779575,94.5346574066095));
#4283=CARTESIAN_POINT('',(272.00087992159,294.719847696123,94.8346560150171));
#4284=CARTESIAN_POINT('Origin',(245.646751105704,286.555559795328,94.8346579684578));
#4285=CARTESIAN_POINT('',(272.27947570551,294.80616470866,94.6161754813713));
#4286=CARTESIAN_POINT('Origin',(272.00083050794,294.719841670808,94.5346293770656));
#4287=CARTESIAN_POINT('',(242.760661984016,314.287264902966,94.6161702207493));
#4288=CARTESIAN_POINT('Ctrl Pts',(242.760344298325,314.290322498465,94.6166249697147));
#4289=CARTESIAN_POINT('Ctrl Pts',(243.295022893105,314.345891896369,94.6166473907387));
#4290=CARTESIAN_POINT('Ctrl Pts',(243.831332782109,314.386000403897,94.616663075511));
#4291=CARTESIAN_POINT('Ctrl Pts',(244.368377327092,314.410576756691,94.6166733466273));
#4292=CARTESIAN_POINT('Ctrl Pts',(244.905371605506,314.435150809174,94.6166836167823));
#4293=CARTESIAN_POINT('Ctrl Pts',(245.443100200902,314.444195602817,94.6166884740046));
#4294=CARTESIAN_POINT('Ctrl Pts',(245.980663862329,314.437691928613,94.6166893194394));
#4295=CARTESIAN_POINT('Ctrl Pts',(246.518189686347,314.431188712183,94.6166901648146));
#4296=CARTESIAN_POINT('Ctrl Pts',(247.05555039779,314.409139216649,94.6166869986948));
#4297=CARTESIAN_POINT('Ctrl Pts',(247.591847096525,314.371576354375,94.6166813050588));
#4298=CARTESIAN_POINT('Ctrl Pts',(248.128089993893,314.334017260413,94.616675611994));
#4299=CARTESIAN_POINT('Ctrl Pts',(248.663268890563,314.280947924173,94.6166673916676));
#4300=CARTESIAN_POINT('Ctrl Pts',(249.196488342796,314.21245326628,94.6166582146621));
#4301=CARTESIAN_POINT('Ctrl Pts',(249.729671214378,314.143963307352,94.6166490382862));
#4302=CARTESIAN_POINT('Ctrl Pts',(250.260894709901,314.060050166603,94.6166389051294));
#4303=CARTESIAN_POINT('Ctrl Pts',(250.789269770335,313.960850495255,94.6166294761359));
#4304=CARTESIAN_POINT('Ctrl Pts',(251.284473654873,313.867878539774,94.6166206390909));
#4305=CARTESIAN_POINT('Ctrl Pts',(251.777175447637,313.761479654097,94.6166124212362));
#4306=CARTESIAN_POINT('Ctrl Pts',(252.266650530523,313.641807262191,94.6166062648612));
#4307=CARTESIAN_POINT('Ctrl Pts',(252.787869639671,313.514373732518,94.6165997092257));
#4308=CARTESIAN_POINT('Ctrl Pts',(253.305429637464,313.371888725835,94.6165954899451));
#4309=CARTESIAN_POINT('Ctrl Pts',(253.818465622491,313.214586923248,94.616592838149));
#4310=CARTESIAN_POINT('Ctrl Pts',(254.331465620234,313.057296154711,94.6165901865388));
#4311=CARTESIAN_POINT('Ctrl Pts',(254.839942044675,312.885190726947,94.6165891020224));
#4312=CARTESIAN_POINT('Ctrl Pts',(255.343045111423,312.698555202873,94.6165889154611));
#4313=CARTESIAN_POINT('Ctrl Pts',(255.846136888463,312.511923866928,94.616588728904));
#4314=CARTESIAN_POINT('Ctrl Pts',(256.343855357385,312.310763155924,94.6165894401134));
#4315=CARTESIAN_POINT('Ctrl Pts',(256.83536862738,312.095406590581,94.6165904819597));
#4316=CARTESIAN_POINT('Ctrl Pts',(257.326846894781,311.880065361626,94.6165915237319));
#4317=CARTESIAN_POINT('Ctrl Pts',(257.812120660035,311.650530380885,94.6165928959701));
#4318=CARTESIAN_POINT('Ctrl Pts',(258.290378883536,311.407182943483,94.6165941356552));
#4319=CARTESIAN_POINT('Ctrl Pts',(258.768632209778,311.163837997905,94.6165953753275));
#4320=CARTESIAN_POINT('Ctrl Pts',(259.239869955811,310.906680969727,94.6165964823488));
#4321=CARTESIAN_POINT('Ctrl Pts',(259.703304549938,310.63613969977,94.6165970993874));
#4322=CARTESIAN_POINT('Ctrl Pts',(260.143837759836,310.378967672532,94.616597685934));
#4323=CARTESIAN_POINT('Ctrl Pts',(260.577320015084,310.109701940596,94.6165978304404));
#4324=CARTESIAN_POINT('Ctrl Pts',(261.003096686916,309.828747809994,94.6165973155977));
#4325=CARTESIAN_POINT('Ctrl Pts',(261.450747839668,309.533359526054,94.6165967743047));
#4326=CARTESIAN_POINT('Ctrl Pts',(261.889880924547,309.225050749391,94.6165955032517));
#4327=CARTESIAN_POINT('Ctrl Pts',(262.319762671168,308.904335207725,94.6165938124243));
#4328=CARTESIAN_POINT('Ctrl Pts',(262.749633361006,308.583627915032,94.6165921216405));
#4329=CARTESIAN_POINT('Ctrl Pts',(263.170253024677,308.250514617409,94.6165900110768));
#4330=CARTESIAN_POINT('Ctrl Pts',(263.580919555103,307.905550825335,94.616587899168));
#4331=CARTESIAN_POINT('Ctrl Pts',(263.99160666883,307.560569743093,94.6165857871533));
#4332=CARTESIAN_POINT('Ctrl Pts',(264.392339494824,307.203737109334,94.6165836737903));
#4333=CARTESIAN_POINT('Ctrl Pts',(264.782449335864,306.835648449774,94.616582086289));
#4334=CARTESIAN_POINT('Ctrl Pts',(265.172547183791,306.467571106331,94.6165804988364));
#4335=CARTESIAN_POINT('Ctrl Pts',(265.552022551728,306.088238569643,94.6165794372369));
#4336=CARTESIAN_POINT('Ctrl Pts',(265.920242603374,305.698284202132,94.6165795371977));
#4337=CARTESIAN_POINT('Ctrl Pts',(266.288484542899,305.308306654801,94.6165796371644));
#4338=CARTESIAN_POINT('Ctrl Pts',(266.645469687838,304.907706162349,94.6165808988768));
#4339=CARTESIAN_POINT('Ctrl Pts',(266.990603057156,304.49715192968,94.616584066186));
#4340=CARTESIAN_POINT('Ctrl Pts',(267.319967385176,304.105355798157,94.6165870887818));
#4341=CARTESIAN_POINT('Ctrl Pts',(267.638538364332,303.704495074407,94.6165918476082));
#4342=CARTESIAN_POINT('Ctrl Pts',(267.945832843716,303.29517978676,94.6165990801296));
#4343=CARTESIAN_POINT('Ctrl Pts',(268.268092075414,302.865931495726,94.6166066648633));
#4344=CARTESIAN_POINT('Ctrl Pts',(268.577949349114,302.427385068713,94.6166169694038));
#4345=CARTESIAN_POINT('Ctrl Pts',(268.874888817943,301.980273983781,94.6166279315753));
#4346=CARTESIAN_POINT('Ctrl Pts',(269.171836703848,301.533150224993,94.6166388940576));
#4347=CARTESIAN_POINT('Ctrl Pts',(269.455865941152,301.077461492968,94.6166505143289));
#4348=CARTESIAN_POINT('Ctrl Pts',(269.726504202124,300.613969958335,94.6166608343174));
#4349=CARTESIAN_POINT('Ctrl Pts',(269.997177670472,300.150418128012,94.6166711556486));
#4350=CARTESIAN_POINT('Ctrl Pts',(270.254456576261,299.67906164093,94.6166801765014));
#4351=CARTESIAN_POINT('Ctrl Pts',(270.497913582651,299.200689004612,94.616686040371));
#4352=CARTESIAN_POINT('Ctrl Pts',(270.741373506283,298.722310636156,94.6166919043109));
#4353=CARTESIAN_POINT('Ctrl Pts',(270.971011108833,298.236916132594,94.61669461136));
#4354=CARTESIAN_POINT('Ctrl Pts',(271.186445653339,297.745317378637,94.6166924049388));
#4355=CARTESIAN_POINT('Ctrl Pts',(271.401907249995,297.253656894545,94.6166901982406));
#4356=CARTESIAN_POINT('Ctrl Pts',(271.603162140984,296.75579078875,94.6166830770269));
#4357=CARTESIAN_POINT('Ctrl Pts',(271.78987735588,296.252551837147,94.616669381398));
#4358=CARTESIAN_POINT('Ctrl Pts',(271.966975569981,295.77523283749,94.6166563911795));
#4359=CARTESIAN_POINT('Ctrl Pts',(272.130993615988,295.293080501972,94.6166374872383));
#4360=CARTESIAN_POINT('Ctrl Pts',(272.281688108798,294.806820228317,94.6166113316265));
#4361=CARTESIAN_POINT('',(242.759791054403,314.295470254717,94.5398919731164));
#4362=CARTESIAN_POINT('',(242.759791054403,314.295470254717,94.5398919731164));
#4363=CARTESIAN_POINT('Ctrl Pts',(239.473750974141,313.753569887581,94.5398919731164));
#4364=CARTESIAN_POINT('Ctrl Pts',(241.100580586866,314.122697422648,94.5398919731164));
#4365=CARTESIAN_POINT('Ctrl Pts',(242.759791054403,314.295470254717,94.5398919731164));
#4366=CARTESIAN_POINT('Origin',(231.849424984691,271.393647015738,94.5346646870047));
#4367=CARTESIAN_POINT('',(231.142659649218,272.101101913477,94.5346552979094));
#4368=CARTESIAN_POINT('',(230.930630941601,272.313325520745,94.8346557016107));
#4369=CARTESIAN_POINT('Origin',(230.930629651775,272.313329631275,94.5346610848085));
#4370=CARTESIAN_POINT('',(232.524662430933,272.135689266406,94.5346348597929));
#4371=CARTESIAN_POINT('Origin',(231.849424984692,271.393647015719,94.5346596289666));
#4372=CARTESIAN_POINT('',(232.724385066144,272.355137213758,94.8346549979202));
#4373=CARTESIAN_POINT('Origin',(232.724375212313,272.355136952364,94.5346588102962));
#4374=CARTESIAN_POINT('Ctrl Pts',(230.930630941601,272.313325520745,94.8346557016107));
#4375=CARTESIAN_POINT('Ctrl Pts',(230.968802676383,272.351465890929,94.8346555547186));
#4376=CARTESIAN_POINT('Ctrl Pts',(231.009352892415,272.387225860632,94.8346554170708));
#4377=CARTESIAN_POINT('Ctrl Pts',(231.051967582967,272.420328711614,94.8346552898059));
#4378=CARTESIAN_POINT('Ctrl Pts',(231.094582570744,272.453431793477,94.8346551625401));
#4379=CARTESIAN_POINT('Ctrl Pts',(231.139261718553,272.483877455276,94.8346550456562));
#4380=CARTESIAN_POINT('Ctrl Pts',(231.185659111801,272.511430188005,94.834654940081));
#4381=CARTESIAN_POINT('Ctrl Pts',(231.233403573895,272.539782867139,94.8346548314406));
#4382=CARTESIAN_POINT('Ctrl Pts',(231.282967226988,272.565071720868,94.8346547347754));
#4383=CARTESIAN_POINT('Ctrl Pts',(231.333943880396,272.587089731839,94.8346546508739));
#4384=CARTESIAN_POINT('Ctrl Pts',(231.383495202587,272.608492108862,94.8346545693184));
#4385=CARTESIAN_POINT('Ctrl Pts',(231.434381097307,272.62680404959,94.8346544998216));
#4386=CARTESIAN_POINT('Ctrl Pts',(231.486207570999,272.641883987386,94.8346544429117));
#4387=CARTESIAN_POINT('Ctrl Pts',(231.54027020775,272.657614581062,94.8346543835464));
#4388=CARTESIAN_POINT('Ctrl Pts',(231.595355972801,272.669827714016,94.8346543378792));
#4389=CARTESIAN_POINT('Ctrl Pts',(231.65100096224,272.678420779022,94.8346543062879));
#4390=CARTESIAN_POINT('Ctrl Pts',(231.706645951678,272.687013844028,94.8346542746967));
#4391=CARTESIAN_POINT('Ctrl Pts',(231.762849636872,272.691986762032,94.8346542571818));
#4392=CARTESIAN_POINT('Ctrl Pts',(231.819138817693,272.693297905524,94.8346542538911));
#4393=CARTESIAN_POINT('Ctrl Pts',(231.873110836931,272.694555075388,94.8346542507359));
#4394=CARTESIAN_POINT('Ctrl Pts',(231.92716099836,272.692446112572,94.834654260657));
#4395=CARTESIAN_POINT('Ctrl Pts',(231.980870897539,272.686987292277,94.8346542835805));
#4396=CARTESIAN_POINT('Ctrl Pts',(232.034575888986,272.68152897078,94.8346543065019));
#4397=CARTESIAN_POINT('Ctrl Pts',(232.087940249824,272.672721447904,94.8346543424229));
#4398=CARTESIAN_POINT('Ctrl Pts',(232.140550930231,272.660632836604,94.8346543910657));
#4399=CARTESIAN_POINT('Ctrl Pts',(232.194657268415,272.64820056076,94.8346544410913));
#4400=CARTESIAN_POINT('Ctrl Pts',(232.247965939733,272.632297838735,94.8346545045729));
#4401=CARTESIAN_POINT('Ctrl Pts',(232.300040556214,272.613054778491,94.8346545809905));
#4402=CARTESIAN_POINT('Ctrl Pts',(232.350676363886,272.594343399256,94.8346546552966));
#4403=CARTESIAN_POINT('Ctrl Pts',(232.400145030253,272.572474107576,94.8346547418322));
#4404=CARTESIAN_POINT('Ctrl Pts',(232.448063587965,272.54761613265,94.8346548399277));
#4405=CARTESIAN_POINT('Ctrl Pts',(232.498024543521,272.521698654333,94.8346549422043));
#4406=CARTESIAN_POINT('Ctrl Pts',(232.546299801433,272.492532160709,94.8346550570477));
#4407=CARTESIAN_POINT('Ctrl Pts',(232.592483143652,272.460361983916,94.8346551834932));
#4408=CARTESIAN_POINT('Ctrl Pts',(232.63866648587,272.428191807123,94.8346553099387));
#4409=CARTESIAN_POINT('Ctrl Pts',(232.682757474146,272.393018251455,94.8346554479853));
#4410=CARTESIAN_POINT('Ctrl Pts',(232.724385066166,272.355137213785,94.8346555964737));
#4411=CARTESIAN_POINT('Origin',(271.332046247513,294.512785769514,94.534617233036));
#4412=CARTESIAN_POINT('',(271.512995400106,293.836424844561,94.8346560150171));
#4413=CARTESIAN_POINT('Origin',(271.512975091771,293.836465367226,94.5346300983105));
#4414=CARTESIAN_POINT('',(272.276575722372,294.805235879717,94.6165082603479));
#4415=CARTESIAN_POINT('Ctrl Pts',(271.512995400106,293.836424844561,94.8346560150171));
#4416=CARTESIAN_POINT('Ctrl Pts',(271.603761619553,293.860610269753,94.8346560150171));
#4417=CARTESIAN_POINT('Ctrl Pts',(271.732361443074,293.924882520861,94.8346560150171));
#4418=CARTESIAN_POINT('Ctrl Pts',(271.868442592988,294.055598299129,94.8346560150171));
#4419=CARTESIAN_POINT('Ctrl Pts',(271.949021430837,294.171670926027,94.8346560150171));
#4420=CARTESIAN_POINT('Ctrl Pts',(272.004180125946,294.301668090697,94.8346560150171));
#4421=CARTESIAN_POINT('Ctrl Pts',(272.041901534393,294.486563499401,94.8346560150171));
#4422=CARTESIAN_POINT('Ctrl Pts',(272.028862832282,294.629777206389,94.8346560150171));
#4423=CARTESIAN_POINT('Ctrl Pts',(272.00087992159,294.719847696123,94.8346560150171));
#4424=CARTESIAN_POINT('Origin',(245.646785738415,286.555655738301,94.5345056338653));
#4425=CARTESIAN_POINT('',(238.411654075961,268.452346512593,94.6122687250071));
#4426=CARTESIAN_POINT('',(235.897653461154,269.6639269966,94.5346404775712));
#4427=CARTESIAN_POINT('Ctrl Pts',(238.411564252591,268.452119842296,94.6123007935957));
#4428=CARTESIAN_POINT('Ctrl Pts',(238.406677900321,268.454045740796,94.6122266458989));
#4429=CARTESIAN_POINT('Ctrl Pts',(238.393766926182,268.459131944285,94.6122953737474));
#4430=CARTESIAN_POINT('Ctrl Pts',(238.373962400957,268.466986242846,94.6124559566858));
#4431=CARTESIAN_POINT('Ctrl Pts',(238.348250488992,268.477183358448,94.6126644390568));
#4432=CARTESIAN_POINT('Ctrl Pts',(238.310919680018,268.492047541324,94.613028284242));
#4433=CARTESIAN_POINT('Ctrl Pts',(238.264479972838,268.510798768861,94.6134688727087));
#4434=CARTESIAN_POINT('Ctrl Pts',(238.215016656538,268.530770856434,94.6139381471295));
#4435=CARTESIAN_POINT('Ctrl Pts',(238.15522226987,268.555158721008,94.6144970280344));
#4436=CARTESIAN_POINT('Ctrl Pts',(238.088137002029,268.583030783421,94.6150556171101));
#4437=CARTESIAN_POINT('Ctrl Pts',(238.034346931742,268.605379061135,94.6155035030112));
#4438=CARTESIAN_POINT('Ctrl Pts',(237.975870028801,268.629968353491,94.6159516398335));
#4439=CARTESIAN_POINT('Ctrl Pts',(237.914260206619,268.65628570392,94.6163401259213));
#4440=CARTESIAN_POINT('Ctrl Pts',(237.856808197895,268.680826996086,94.616702394555));
#4441=CARTESIAN_POINT('Ctrl Pts',(237.796632108235,268.706871344061,94.6170129640691));
#4442=CARTESIAN_POINT('Ctrl Pts',(237.734974261062,268.733962961021,94.6172064492808));
#4443=CARTESIAN_POINT('Ctrl Pts',(237.675643316587,268.760032168677,94.6173926325628));
#4444=CARTESIAN_POINT('Ctrl Pts',(237.614940466388,268.787071182571,94.6174704567681));
#4445=CARTESIAN_POINT('Ctrl Pts',(237.553952972336,268.814632482245,94.617363946152));
#4446=CARTESIAN_POINT('Ctrl Pts',(237.493212832203,268.84208199842,94.6172578675232));
#4447=CARTESIAN_POINT('Ctrl Pts',(237.432190450497,268.870049617016,94.6169689806115));
#4448=CARTESIAN_POINT('Ctrl Pts',(237.37193826769,268.898050086854,94.616403536888));
#4449=CARTESIAN_POINT('Ctrl Pts',(237.310594261472,268.926557950233,94.6158278468188));
#4450=CARTESIAN_POINT('Ctrl Pts',(237.250048661633,268.955099814528,94.6149654771068));
#4451=CARTESIAN_POINT('Ctrl Pts',(237.191388460142,268.983118529651,94.6136977594841));
#4452=CARTESIAN_POINT('Ctrl Pts',(237.171474263467,268.992630433623,94.6132673897031));
#4453=CARTESIAN_POINT('Ctrl Pts',(237.151777158026,269.002081674081,94.6127901404634));
#4454=CARTESIAN_POINT('Ctrl Pts',(237.132339074393,269.011449350525,94.6122608825012));
#4455=CARTESIAN_POINT('Ctrl Pts',(237.063101012222,269.044816825235,94.6103756763058));
#4456=CARTESIAN_POINT('Ctrl Pts',(236.997146959841,269.077119683954,94.6078286649096));
#4457=CARTESIAN_POINT('Ctrl Pts',(236.933596077489,269.108673502262,94.6047673627086));
#4458=CARTESIAN_POINT('Ctrl Pts',(236.868016466317,269.141234610133,94.6016083348463));
#4459=CARTESIAN_POINT('Ctrl Pts',(236.804995993208,269.172998349987,94.5979017603397));
#4460=CARTESIAN_POINT('Ctrl Pts',(236.743592399493,269.204357822541,94.5938302845302));
#4461=CARTESIAN_POINT('Ctrl Pts',(236.680775193234,269.236439242152,94.5896650765964));
#4462=CARTESIAN_POINT('Ctrl Pts',(236.61965021723,269.268097754468,94.585118044879));
#4463=CARTESIAN_POINT('Ctrl Pts',(236.559233911688,269.299798351607,94.5804044758554));
#4464=CARTESIAN_POINT('Ctrl Pts',(236.498342375781,269.331748303391,94.5756538302329));
#4465=CARTESIAN_POINT('Ctrl Pts',(236.438170684947,269.363741110778,94.5707340489305));
#4466=CARTESIAN_POINT('Ctrl Pts',(236.377736916575,269.396294691964,94.5658844726486));
#4467=CARTESIAN_POINT('Ctrl Pts',(236.317879469954,269.428537828552,94.5610811439593));
#4468=CARTESIAN_POINT('Ctrl Pts',(236.257764822182,269.461331116071,94.5563466754321));
#4469=CARTESIAN_POINT('Ctrl Pts',(236.196464086842,269.495217596024,94.5519319051217));
#4470=CARTESIAN_POINT('Ctrl Pts',(236.137206602005,269.527974585982,94.5476642860912));
#4471=CARTESIAN_POINT('Ctrl Pts',(236.076840655448,269.561753121639,94.5436953884693));
#4472=CARTESIAN_POINT('Ctrl Pts',(236.014552360662,269.597080670266,94.5402691118985));
#4473=CARTESIAN_POINT('Ctrl Pts',(235.976368664996,269.618737008267,94.5381687509511));
#4474=CARTESIAN_POINT('Ctrl Pts',(235.937463064396,269.640976160358,94.5362726358892));
#4475=CARTESIAN_POINT('Ctrl Pts',(235.897653461154,269.6639269966,94.5346404775712));
#4476=CARTESIAN_POINT('',(238.409968056356,268.448149698076,94.5346563011194));
#4477=CARTESIAN_POINT('',(238.409968056356,268.448149698076,94.5346563011194));
#4478=CARTESIAN_POINT('',(239.724268593465,267.976714151201,94.5346563011194));
#4479=CARTESIAN_POINT('',(239.724268593465,267.976714151201,94.5346563011194));
#4480=CARTESIAN_POINT('',(239.815393065556,268.262542111765,94.8346529425299));
#4481=CARTESIAN_POINT('Origin',(239.815389272475,268.262535642144,94.534657054208));
#4482=CARTESIAN_POINT('Ctrl Pts',(232.724390663759,272.355132119928,94.8346546986549));
#4483=CARTESIAN_POINT('Ctrl Pts',(233.025086476338,272.08149726996,94.8346553172809));
#4484=CARTESIAN_POINT('Ctrl Pts',(233.334477538587,271.817417541287,94.8346558327959));
#4485=CARTESIAN_POINT('Ctrl Pts',(233.651939360932,271.563425129862,94.8346562442133));
#4486=CARTESIAN_POINT('Ctrl Pts',(233.969407585576,271.309427596135,94.834656655639));
#4487=CARTESIAN_POINT('Ctrl Pts',(234.294946722371,271.065517923308,94.8346569629563));
#4488=CARTESIAN_POINT('Ctrl Pts',(234.627899804882,270.832187531283,94.83465716555));
#4489=CARTESIAN_POINT('Ctrl Pts',(234.96088462229,270.59883489974,94.834657368163));
#4490=CARTESIAN_POINT('Ctrl Pts',(235.301284617361,270.376063691795,94.8346574660316));
#4491=CARTESIAN_POINT('Ctrl Pts',(235.648412852854,270.16432267991,94.8346574589691));
#4492=CARTESIAN_POINT('Ctrl Pts',(235.781043003045,270.083421043752,94.8346574562707));
#4493=CARTESIAN_POINT('Ctrl Pts',(235.914655072245,270.004129183106,94.8346574382585));
#4494=CARTESIAN_POINT('Ctrl Pts',(236.049209683984,269.926470422947,94.8346574049381));
#4495=CARTESIAN_POINT('Ctrl Pts',(236.401401198651,269.723201608791,94.8346573177233));
#4496=CARTESIAN_POINT('Ctrl Pts',(236.760051942766,269.53112459665,94.834657125598));
#4497=CARTESIAN_POINT('Ctrl Pts',(237.124438942567,269.350627631398,94.8346568289313));
#4498=CARTESIAN_POINT('Ctrl Pts',(237.488783054408,269.170151910446,94.8346565322996));
#4499=CARTESIAN_POINT('Ctrl Pts',(237.858861874597,269.001253609927,94.8346561311529));
#4500=CARTESIAN_POINT('Ctrl Pts',(238.233929341625,268.844274246805,94.8346556263142));
#4501=CARTESIAN_POINT('Ctrl Pts',(238.608956875607,268.687311597113,94.8346551215292));
#4502=CARTESIAN_POINT('Ctrl Pts',(238.988971791195,268.542265433652,94.8346545130877));
#4503=CARTESIAN_POINT('Ctrl Pts',(239.373207927036,268.409429185402,94.8346538021511));
#4504=CARTESIAN_POINT('Ctrl Pts',(239.520001531446,268.358680414377,94.8346535305449));
#4505=CARTESIAN_POINT('Ctrl Pts',(239.667411047225,268.309713231778,94.8346532439813));
#4506=CARTESIAN_POINT('Ctrl Pts',(239.815393065556,268.262542111765,94.8346529425299));
#4507=CARTESIAN_POINT('Ctrl Pts',(235.897653461154,269.6639269966,94.5346404775712));
#4508=CARTESIAN_POINT('Ctrl Pts',(235.831299536059,269.702181034441,94.5319200256712));
#4509=CARTESIAN_POINT('Ctrl Pts',(235.762437019795,269.742417002671,94.5299350455504));
#4510=CARTESIAN_POINT('Ctrl Pts',(235.692044642713,269.784177864932,94.5285711930898));
#4511=CARTESIAN_POINT('Ctrl Pts',(235.623595673769,269.824785784177,94.5272449941661));
#4512=CARTESIAN_POINT('Ctrl Pts',(235.55370039671,269.866835657522,94.5265061808344));
#4513=CARTESIAN_POINT('Ctrl Pts',(235.483235476465,269.909867547668,94.5262317619327));
#4514=CARTESIAN_POINT('Ctrl Pts',(235.413789892362,269.952276944228,94.5259613127383));
#4515=CARTESIAN_POINT('Ctrl Pts',(235.343791188339,269.995640142849,94.5261419485022));
#4516=CARTESIAN_POINT('Ctrl Pts',(235.274052624695,270.039477043316,94.526637509274));
#4517=CARTESIAN_POINT('Ctrl Pts',(235.204144742218,270.083420375754,94.5271342732219));
#4518=CARTESIAN_POINT('Ctrl Pts',(235.134498386974,270.127839660858,94.5279475000131));
#4519=CARTESIAN_POINT('Ctrl Pts',(235.065904295075,270.172211275707,94.5289210395505));
#4520=CARTESIAN_POINT('Ctrl Pts',(234.995708773723,270.217618810835,94.529917307793));
#4521=CARTESIAN_POINT('Ctrl Pts',(234.926615324577,270.262976348732,94.5310814567592));
#4522=CARTESIAN_POINT('Ctrl Pts',(234.859439690216,270.307681614068,94.5322261427922));
#4523=CARTESIAN_POINT('Ctrl Pts',(234.809876539718,270.340665802679,94.5330707086332));
#4524=CARTESIAN_POINT('Ctrl Pts',(234.761356694205,270.373294006454,94.5339042387497));
#4525=CARTESIAN_POINT('Ctrl Pts',(234.714197036769,270.405311281392,94.5346450032874));
#4526=CARTESIAN_POINT('Ctrl Pts',(234.644504675569,270.452626287711,94.535739702285));
#4527=CARTESIAN_POINT('Ctrl Pts',(234.577778952829,270.498601639977,94.5366292275209));
#4528=CARTESIAN_POINT('Ctrl Pts',(234.513271806815,270.543621414193,94.5373086920245));
#4529=CARTESIAN_POINT('Ctrl Pts',(234.446934561597,270.58991842137,94.5380074332676));
#4530=CARTESIAN_POINT('Ctrl Pts',(234.382943608893,270.635205097414,94.538484113689));
#4531=CARTESIAN_POINT('Ctrl Pts',(234.320513746502,270.679942660326,94.5387535608245));
#4532=CARTESIAN_POINT('Ctrl Pts',(234.25635062407,270.725922286367,94.5390304887062));
#4533=CARTESIAN_POINT('Ctrl Pts',(234.193836465384,270.771322020954,94.5390885594186));
#4534=CARTESIAN_POINT('Ctrl Pts',(234.132148050374,270.816684957186,94.5389638050783));
#4535=CARTESIAN_POINT('Ctrl Pts',(234.070159027383,270.862268947251,94.5388384428094));
#4536=CARTESIAN_POINT('Ctrl Pts',(234.009003810008,270.907815916265,94.5385285139443));
#4537=CARTESIAN_POINT('Ctrl Pts',(233.947876113926,270.95391681891,94.5380896434637));
#4538=CARTESIAN_POINT('Ctrl Pts',(233.88756029929,270.999405421896,94.5376566019415));
#4539=CARTESIAN_POINT('Ctrl Pts',(233.827271239359,271.045433427988,94.537098041959));
#4540=CARTESIAN_POINT('Ctrl Pts',(233.766262752305,271.092605483045,94.5364853533534));
#4541=CARTESIAN_POINT('Ctrl Pts',(233.707913988132,271.137721027603,94.535899375489));
#4542=CARTESIAN_POINT('Ctrl Pts',(233.648907156868,271.183883169998,94.535263927698));
#4543=CARTESIAN_POINT('Ctrl Pts',(233.588615737383,271.231653128356,94.5346574328635));
#4544=CARTESIAN_POINT('Ctrl Pts',(233.53517711096,271.273993497529,94.5341198729394));
#4545=CARTESIAN_POINT('Ctrl Pts',(233.480733464735,271.317602360958,94.5336076824699));
#4546=CARTESIAN_POINT('Ctrl Pts',(233.426190607494,271.361796071221,94.533162999963));
#4547=CARTESIAN_POINT('Ctrl Pts',(233.371760655583,271.405898299193,94.532719237962));
#4548=CARTESIAN_POINT('Ctrl Pts',(233.317232033216,271.450582968043,94.532342734801));
#4549=CARTESIAN_POINT('Ctrl Pts',(233.263475500933,271.495131221728,94.5320563702313));
#4550=CARTESIAN_POINT('Ctrl Pts',(233.208702058694,271.540522192769,94.5317645885156));
#4551=CARTESIAN_POINT('Ctrl Pts',(233.154730268357,271.585771465385,94.5315663781814));
#4552=CARTESIAN_POINT('Ctrl Pts',(233.102448897051,271.630077843412,94.5314659256532));
#4553=CARTESIAN_POINT('Ctrl Pts',(233.04801414311,271.676209127379,94.5313613356525));
#4554=CARTESIAN_POINT('Ctrl Pts',(232.995411893951,271.721318027017,94.5313626430539));
#4555=CARTESIAN_POINT('Ctrl Pts',(232.945609936487,271.764458348193,94.5314535894573));
#4556=CARTESIAN_POINT('Ctrl Pts',(232.891535955012,271.8112992566,94.5315523372653));
#4557=CARTESIAN_POINT('Ctrl Pts',(232.840763050743,271.855818885315,94.5317565526768));
#4558=CARTESIAN_POINT('Ctrl Pts',(232.794490494108,271.896762466722,94.5320230398499));
#4559=CARTESIAN_POINT('Ctrl Pts',(232.720362958729,271.962353110508,94.5324499459643));
#4560=CARTESIAN_POINT('Ctrl Pts',(232.657783803699,272.018763713297,94.5330355545197));
#4561=CARTESIAN_POINT('Ctrl Pts',(232.611570661927,272.060727760784,94.5335439131442));
#4562=CARTESIAN_POINT('Ctrl Pts',(232.584894426982,272.084951233743,94.5338373598476));
#4563=CARTESIAN_POINT('Ctrl Pts',(232.563669318234,272.104359051462,94.5341039913836));
#4564=CARTESIAN_POINT('Ctrl Pts',(232.548832020124,272.117953128997,94.5343053853767));
#4565=CARTESIAN_POINT('Ctrl Pts',(232.537965609953,272.127909040194,94.5344528805419));
#4566=CARTESIAN_POINT('Ctrl Pts',(232.53052551765,272.134746821851,94.5345654623783));
#4567=CARTESIAN_POINT('Ctrl Pts',(232.526890832466,272.138087483735,94.5346346098897));
#4568=CARTESIAN_POINT('Origin',(246.902199765727,288.683987308007,86.8378886556946));
#4569=CARTESIAN_POINT('',(232.529352821981,272.140807168779,91.8820102363611));
#4570=CARTESIAN_POINT('',(232.522455820397,272.133269295153,91.9596557819027));
#4571=CARTESIAN_POINT('',(232.529352821981,272.140807168779,91.8820102363611));
#4572=CARTESIAN_POINT('',(239.727381386429,267.986449258606,91.8820102363611));
#4573=CARTESIAN_POINT('Ctrl Pts',(239.72738051143,267.98644953751,91.8820102363611));
#4574=CARTESIAN_POINT('Ctrl Pts',(238.840750698859,268.269042272021,91.8820102363611));
#4575=CARTESIAN_POINT('Ctrl Pts',(237.541257586033,268.788428001313,91.8820102363611));
#4576=CARTESIAN_POINT('Ctrl Pts',(235.896026996916,269.661084670483,91.8820102363611));
#4577=CARTESIAN_POINT('Ctrl Pts',(234.317394267272,270.649114227826,91.8820102363611));
#4578=CARTESIAN_POINT('Ctrl Pts',(233.217577151496,271.514462741661,91.8820102363611));
#4579=CARTESIAN_POINT('Ctrl Pts',(232.529352821981,272.140807168779,91.8820102363611));
#4580=CARTESIAN_POINT('',(239.724268593604,267.976714151634,91.9596560044455));
#4581=CARTESIAN_POINT('',(239.724268593465,267.976714151201,91.9596560150171));
#4582=CARTESIAN_POINT('',(239.724268593465,267.976714151201,94.5346563011194));
#4583=CARTESIAN_POINT('',(232.522455849325,272.133269326983,91.9596560150171));
#4584=CARTESIAN_POINT('Origin',(239.420555367191,267.023949012986,94.5346572353422));
#4585=CARTESIAN_POINT('',(240.386351003262,266.764672757619,94.5346501379939));
#4586=CARTESIAN_POINT('Origin',(239.420539322178,267.023951568081,94.5346562776948));
#4587=CARTESIAN_POINT('',(240.676104186601,266.686882242643,94.8346569763084));
#4588=CARTESIAN_POINT('Origin',(240.676099093586,266.686882739132,94.5346538301313));
#4589=CARTESIAN_POINT('Origin',(239.420556344202,267.023949621489,94.8346603815572));
#4590=CARTESIAN_POINT('Origin',(265.674754826575,290.929338418827,94.5346673698492));
#4591=CARTESIAN_POINT('',(264.697752424072,290.716002883075,94.5346563011191));
#4592=CARTESIAN_POINT('',(264.404661886739,290.651977451679,94.8346586304787));
#4593=CARTESIAN_POINT('Origin',(264.40466362741,290.65199199111,94.5346616147312));
#4594=CARTESIAN_POINT('',(265.416373378481,291.895406606526,94.5346586034756));
#4595=CARTESIAN_POINT('Origin',(265.674754826607,290.92933841881,94.5346619391933));
#4596=CARTESIAN_POINT('',(265.338860256208,292.1852171362,94.8346573543419));
#4597=CARTESIAN_POINT('Origin',(265.338864761177,292.185210956842,94.5346701369574));
#4598=CARTESIAN_POINT('Origin',(265.674753037533,290.929339355848,94.8346632801202));
#4599=CARTESIAN_POINT('Origin',(245.647347840363,286.555571785932,94.5348964603749));
#4600=CARTESIAN_POINT('',(264.405868432929,282.464694812255,94.8346592597439));
#4601=CARTESIAN_POINT('Origin',(245.647351591234,286.555571809542,94.8348934760526));
#4602=CARTESIAN_POINT('Origin',(264.40586767518,282.464697943305,94.5346483622005));
#4603=CARTESIAN_POINT('Origin',(245.646901711873,286.555566205989,94.5346563010682));
#4604=CARTESIAN_POINT('Origin',(239.695384330327,260.332886344926,94.534630650983));
#4605=CARTESIAN_POINT('',(239.095549954821,259.971516745624,94.8346636845465));
#4606=CARTESIAN_POINT('Ctrl Pts',(239.095514929685,259.971495644466,94.8346636772812));
#4607=CARTESIAN_POINT('Ctrl Pts',(239.095937971157,259.969136424578,94.8346634999739));
#4608=CARTESIAN_POINT('Ctrl Pts',(239.096605647158,259.964949797716,94.8346609395436));
#4609=CARTESIAN_POINT('Ctrl Pts',(239.097594348649,259.959290802923,94.8346272695519));
#4610=CARTESIAN_POINT('Ctrl Pts',(239.098740448195,259.9527309146,94.8345882394073));
#4611=CARTESIAN_POINT('Ctrl Pts',(239.100322514292,259.944190445572,94.8345053438882));
#4612=CARTESIAN_POINT('Ctrl Pts',(239.102499573217,259.934234777725,94.8343278177255));
#4613=CARTESIAN_POINT('Ctrl Pts',(239.104286230073,259.92606441448,94.8341821265215));
#4614=CARTESIAN_POINT('Ctrl Pts',(239.106475699507,259.916941114684,94.8339722159267));
#4615=CARTESIAN_POINT('Ctrl Pts',(239.10913517986,259.907194891396,94.8336823840394));
#4616=CARTESIAN_POINT('Ctrl Pts',(239.111637693153,259.898023906811,94.8334096585238));
#4617=CARTESIAN_POINT('Ctrl Pts',(239.114557238267,259.888301718097,94.8330660412039));
#4618=CARTESIAN_POINT('Ctrl Pts',(239.117911361809,259.878316388101,94.8326541531657));
#4619=CARTESIAN_POINT('Ctrl Pts',(239.121150675448,259.868672850754,94.8322563638407));
#4620=CARTESIAN_POINT('Ctrl Pts',(239.124795677428,259.858784370281,94.8317949496027));
#4621=CARTESIAN_POINT('Ctrl Pts',(239.128816612866,259.848916804977,94.8312878405677));
#4622=CARTESIAN_POINT('Ctrl Pts',(239.132381872362,259.840167489936,94.8308382000971));
#4623=CARTESIAN_POINT('Ctrl Pts',(239.136242082678,259.831434966062,94.8303529260987));
#4624=CARTESIAN_POINT('Ctrl Pts',(239.140343424551,259.822903877023,94.8298541382612));
#4625=CARTESIAN_POINT('Ctrl Pts',(239.145961934115,259.811216968972,94.8291708389114));
#4626=CARTESIAN_POINT('Ctrl Pts',(239.152030205818,259.799911170281,94.8284650440681));
#4627=CARTESIAN_POINT('Ctrl Pts',(239.158243189739,259.789102620166,94.8277382829979));
#4628=CARTESIAN_POINT('Ctrl Pts',(239.164704133346,259.777862701689,94.826982516952));
#4629=CARTESIAN_POINT('Ctrl Pts',(239.171321007014,259.767160536447,94.8262039172216));
#4630=CARTESIAN_POINT('Ctrl Pts',(239.177727965991,259.757078086841,94.8253853166791));
#4631=CARTESIAN_POINT('Ctrl Pts',(239.185112318061,259.74545754145,94.8244418371545));
#4632=CARTESIAN_POINT('Ctrl Pts',(239.192217262552,259.734659962438,94.8234456651097));
#4633=CARTESIAN_POINT('Ctrl Pts',(239.198461984076,259.724746109094,94.8223436803165));
#4634=CARTESIAN_POINT('Ctrl Pts',(239.204759539561,259.714748378808,94.8212323720937));
#4635=CARTESIAN_POINT('Ctrl Pts',(239.210181399324,259.705645722439,94.820013745502));
#4636=CARTESIAN_POINT('Ctrl Pts',(239.214124557695,259.697471325521,94.8186031900894));
#4637=CARTESIAN_POINT('Ctrl Pts',(239.21770900029,259.690040567296,94.8173209552849));
#4638=CARTESIAN_POINT('Ctrl Pts',(239.220071118263,259.683373411299,94.8158801517967));
#4639=CARTESIAN_POINT('Ctrl Pts',(239.220760350617,259.677521580789,94.8141907691482));
#4640=CARTESIAN_POINT('Ctrl Pts',(239.221380855076,259.672253274806,94.8126698459605));
#4641=CARTESIAN_POINT('Ctrl Pts',(239.220642464913,259.667646721587,94.8109442644703));
#4642=CARTESIAN_POINT('Ctrl Pts',(239.218946260497,259.663519683084,94.8090218831955));
#4643=CARTESIAN_POINT('Ctrl Pts',(239.21708438634,259.65898955319,94.806911741292));
#4644=CARTESIAN_POINT('Ctrl Pts',(239.214068807996,259.655040692111,94.804563762142));
#4645=CARTESIAN_POINT('Ctrl Pts',(239.210476581461,259.651445537251,94.8020121595207));
#4646=CARTESIAN_POINT('Ctrl Pts',(239.207055575289,259.648021742328,94.7995821768252));
#4647=CARTESIAN_POINT('Ctrl Pts',(239.203112595985,259.644920485693,94.7969676225687));
#4648=CARTESIAN_POINT('Ctrl Pts',(239.199174380633,259.641916890997,94.794222283617));
#4649=CARTESIAN_POINT('Ctrl Pts',(239.195817579023,259.639356728434,94.7918822495185));
#4650=CARTESIAN_POINT('Ctrl Pts',(239.192464787323,259.636866939696,94.7894476517085));
#4651=CARTESIAN_POINT('Ctrl Pts',(239.189453209873,259.634283550081,94.7869652654307));
#4652=CARTESIAN_POINT('Ctrl Pts',(239.184646313057,259.630160100651,94.7830030313872));
#4653=CARTESIAN_POINT('Ctrl Pts',(239.180711955834,259.62578953335,94.7789238801045));
#4654=CARTESIAN_POINT('Ctrl Pts',(239.177316437041,259.621296334083,94.7747025369825));
#4655=CARTESIAN_POINT('Ctrl Pts',(239.173690553358,259.616498299115,94.7701948019125));
#4656=CARTESIAN_POINT('Ctrl Pts',(239.170679172309,259.611560981224,94.7655248839163));
#4657=CARTESIAN_POINT('Ctrl Pts',(239.167856482882,259.606683885067,94.7606304059701));
#4658=CARTESIAN_POINT('Ctrl Pts',(239.165613413243,259.602808266938,94.7567409752826));
#4659=CARTESIAN_POINT('Ctrl Pts',(239.163489006253,259.598971535664,94.7527090677935));
#4660=CARTESIAN_POINT('Ctrl Pts',(239.161262018286,259.595291822339,94.7484908658528));
#4661=CARTESIAN_POINT('Ctrl Pts',(239.158447300761,259.590640987339,94.7431594284582));
#4662=CARTESIAN_POINT('Ctrl Pts',(239.15546895747,259.58624595098,94.7375259225772));
#4663=CARTESIAN_POINT('Ctrl Pts',(239.152509028989,259.582142213787,94.7317176452926));
#4664=CARTESIAN_POINT('Ctrl Pts',(239.149517017118,259.577993995179,94.7258464106666));
#4665=CARTESIAN_POINT('Ctrl Pts',(239.146544180031,259.574143837569,94.7197970908152));
#4666=CARTESIAN_POINT('Ctrl Pts',(239.143763556157,259.570589200287,94.713735488662));
#4667=CARTESIAN_POINT('Ctrl Pts',(239.141917709743,259.568229544766,94.7097116482932));
#4668=CARTESIAN_POINT('Ctrl Pts',(239.140156226183,259.565999241201,94.7056831121894));
#4669=CARTESIAN_POINT('Ctrl Pts',(239.138525183275,259.563887523185,94.701704598661));
#4670=CARTESIAN_POINT('Ctrl Pts',(239.136655035461,259.561466235056,94.6971428496468));
#4671=CARTESIAN_POINT('Ctrl Pts',(239.134953918444,259.559197040838,94.6926497295795));
#4672=CARTESIAN_POINT('Ctrl Pts',(239.133330009794,259.55698249524,94.6880334007703));
#4673=CARTESIAN_POINT('Ctrl Pts',(239.131734961736,259.554807307212,94.6834991147427));
#4674=CARTESIAN_POINT('Ctrl Pts',(239.130214238414,259.552684656837,94.6788455882079));
#4675=CARTESIAN_POINT('Ctrl Pts',(239.128705292706,259.550557242723,94.6738667891312));
#4676=CARTESIAN_POINT('Ctrl Pts',(239.127300803568,259.548577098574,94.6692326467738));
#4677=CARTESIAN_POINT('Ctrl Pts',(239.125906352356,259.546592612043,94.664316400725));
#4678=CARTESIAN_POINT('Ctrl Pts',(239.124495007525,259.544590779907,94.6589354622359));
#4679=CARTESIAN_POINT('Ctrl Pts',(239.12365618229,259.543401001708,94.655737330292));
#4680=CARTESIAN_POINT('Ctrl Pts',(239.122811838632,259.542205729653,94.6523747464834));
#4681=CARTESIAN_POINT('Ctrl Pts',(239.12196129628,259.541009224521,94.6488069726669));
#4682=CARTESIAN_POINT('Ctrl Pts',(239.12092896078,259.539556980878,94.6444766303169));
#4683=CARTESIAN_POINT('Ctrl Pts',(239.119890286848,259.538106794685,94.6398420931725));
#4684=CARTESIAN_POINT('Ctrl Pts',(239.118916347862,259.536753661861,94.6351527823944));
#4685=CARTESIAN_POINT('Ctrl Pts',(239.117910793053,259.535356603896,94.6303112481001));
#4686=CARTESIAN_POINT('Ctrl Pts',(239.116974529948,259.534063399825,94.6254116617802));
#4687=CARTESIAN_POINT('Ctrl Pts',(239.116153133613,259.532933417776,94.6207484788658));
#4688=CARTESIAN_POINT('Ctrl Pts',(239.115279511591,259.531731589669,94.6157888033518));
#4689=CARTESIAN_POINT('Ctrl Pts',(239.114535457195,259.530713886298,94.6110972646265));
#4690=CARTESIAN_POINT('Ctrl Pts',(239.113939062004,259.529900877135,94.6070420018559));
#4691=CARTESIAN_POINT('Ctrl Pts',(239.11318939828,259.528878931475,94.6019445707625));
#4692=CARTESIAN_POINT('Ctrl Pts',(239.112669850655,259.528175997352,94.5978542618747));
#4693=CARTESIAN_POINT('Ctrl Pts',(239.112380920252,259.527783871446,94.5955028185274));
#4694=CARTESIAN_POINT('Ctrl Pts',(239.112276298457,259.527641882525,94.5946513601059));
#4695=CARTESIAN_POINT('Ctrl Pts',(239.112201961138,259.527540709847,94.5940277483924));
#4696=CARTESIAN_POINT('Ctrl Pts',(239.11215935878,259.527481934671,94.5936659210818));
#4697=CARTESIAN_POINT('',(239.019017675219,260.514339600515,94.8346505677563));
#4698=CARTESIAN_POINT('Origin',(239.69538888927,260.332894237247,94.8346450629786));
#4699=CARTESIAN_POINT('Origin',(239.019071560058,260.514323139474,94.5346316477807));
#4700=CARTESIAN_POINT('Origin',(239.69764047509,260.338338395489,94.5346038473584));
#4701=CARTESIAN_POINT('',(239.475492154893,259.365289619399,94.6161434921818));
#4702=CARTESIAN_POINT('',(239.476252236044,259.368651407061,94.6165082603479));
#4703=CARTESIAN_POINT('',(239.54012552693,259.650084512212,94.8346599669709));
#4704=CARTESIAN_POINT('Origin',(239.540132147298,259.650109845714,94.5346540120017));
#4705=CARTESIAN_POINT('Ctrl Pts',(239.095514908559,259.971495555259,94.8346350761941));
#4706=CARTESIAN_POINT('Ctrl Pts',(239.113485884271,259.941899995821,94.834637474801));
#4707=CARTESIAN_POINT('Ctrl Pts',(239.133652520508,259.913648668268,94.8346396893751));
#4708=CARTESIAN_POINT('Ctrl Pts',(239.155783983705,259.88703334075,94.8346417580994));
#4709=CARTESIAN_POINT('Ctrl Pts',(239.178208164912,259.860065990157,94.8346438541853));
#4710=CARTESIAN_POINT('Ctrl Pts',(239.20264909539,259.834778474593,94.8346457997285));
#4711=CARTESIAN_POINT('Ctrl Pts',(239.228832473437,259.811432773796,94.8346476142654));
#4712=CARTESIAN_POINT('Ctrl Pts',(239.246849336088,259.795368525555,94.8346488628538));
#4713=CARTESIAN_POINT('Ctrl Pts',(239.265690508772,259.780222820786,94.8346500494733));
#4714=CARTESIAN_POINT('Ctrl Pts',(239.285258922322,259.766068964259,94.8346511722644));
#4715=CARTESIAN_POINT('Ctrl Pts',(239.31233889683,259.746481986859,94.8346527260517));
#4716=CARTESIAN_POINT('Ctrl Pts',(239.34081369272,259.728795981914,94.8346541529218));
#4717=CARTESIAN_POINT('Ctrl Pts',(239.370405185929,259.713207061602,94.8346553799159));
#4718=CARTESIAN_POINT('Ctrl Pts',(239.399721176515,259.697763277206,94.8346565954865));
#4719=CARTESIAN_POINT('Ctrl Pts',(239.430132745973,259.6843780824,94.8346576136507));
#4720=CARTESIAN_POINT('Ctrl Pts',(239.461338019825,259.673202110628,94.8346584134643));
#4721=CARTESIAN_POINT('Ctrl Pts',(239.487120524275,259.663968269472,94.8346590742883));
#4722=CARTESIAN_POINT('Ctrl Pts',(239.513444151618,259.656241911179,94.8346595877202));
#4723=CARTESIAN_POINT('Ctrl Pts',(239.54012552693,259.650084512212,94.8346599669709));
#4724=CARTESIAN_POINT('Origin',(265.676047823765,282.187719894586,94.534652961189));
#4725=CARTESIAN_POINT('',(265.338954521932,280.932161727161,94.8346584744823));
#4726=CARTESIAN_POINT('Origin',(265.338965365137,280.932159239326,94.5346670175413));
#4727=CARTESIAN_POINT('Origin',(265.676046658162,282.18771953069,94.8346613070939));
#4728=CARTESIAN_POINT('Origin',(271.332076654917,278.59832142127,94.5346225122764));
#4729=CARTESIAN_POINT('',(272.00087992159,278.391325967608,94.8346560150171));
#4730=CARTESIAN_POINT('',(271.513633863506,279.274535842013,94.8346559636795));
#4731=CARTESIAN_POINT('Ctrl Pts',(272.00087992159,278.391325967608,94.8346560150171));
#4732=CARTESIAN_POINT('Ctrl Pts',(272.02879595655,278.480954118475,94.8346560150171));
#4733=CARTESIAN_POINT('Ctrl Pts',(272.042890686535,278.62395882413,94.8346560150171));
#4734=CARTESIAN_POINT('Ctrl Pts',(272.004704485901,278.808617638004,94.8346560150171));
#4735=CARTESIAN_POINT('Ctrl Pts',(271.949545411127,278.938612198359,94.8346560150171));
#4736=CARTESIAN_POINT('Ctrl Pts',(271.86894328471,279.054469134684,94.8346560150171));
#4737=CARTESIAN_POINT('Ctrl Pts',(271.732725173232,279.18488523012,94.8346560150171));
#4738=CARTESIAN_POINT('Ctrl Pts',(271.604667387616,279.250139238092,94.8346560150171));
#4739=CARTESIAN_POINT('Ctrl Pts',(271.513636269247,279.274535196123,94.8346560150171));
#4740=CARTESIAN_POINT('',(272.287376533183,278.302561957914,94.5376562343049));
#4741=CARTESIAN_POINT('Origin',(272.000883517081,278.391313036959,94.534650859219));
#4742=CARTESIAN_POINT('',(271.591396926775,279.564235355104,94.5346563544928));
#4743=CARTESIAN_POINT('Ctrl Pts',(271.591396926775,279.564235355104,94.5346563544928));
#4744=CARTESIAN_POINT('Ctrl Pts',(271.634220024476,279.552738566412,94.5348871276414));
#4745=CARTESIAN_POINT('Ctrl Pts',(271.676277250744,279.538389566318,94.5351191234351));
#4746=CARTESIAN_POINT('Ctrl Pts',(271.717197537681,279.52131490788,94.5353498658838));
#4747=CARTESIAN_POINT('Ctrl Pts',(271.758114876555,279.504241479569,94.5355805917089));
#4748=CARTESIAN_POINT('Ctrl Pts',(271.797895013099,279.484442964375,94.5358100643519));
#4749=CARTESIAN_POINT('Ctrl Pts',(271.836187017802,279.462093978992,94.5360358100466));
#4750=CARTESIAN_POINT('Ctrl Pts',(271.874935399809,279.439478630701,94.5362642462562));
#4751=CARTESIAN_POINT('Ctrl Pts',(271.912159496463,279.41425180663,94.536488866131));
#4752=CARTESIAN_POINT('Ctrl Pts',(271.947523077904,279.386641332992,94.5367071084106));
#4753=CARTESIAN_POINT('Ctrl Pts',(271.982474943712,279.359352310496,94.5369228098345));
#4754=CARTESIAN_POINT('Ctrl Pts',(272.015609055946,279.329735189172,94.5371322812935));
#4755=CARTESIAN_POINT('Ctrl Pts',(272.046633043971,279.298051269462,94.5373330520759));
#4756=CARTESIAN_POINT('Ctrl Pts',(272.078205202769,279.265807518477,94.5375373703286));
#4757=CARTESIAN_POINT('Ctrl Pts',(272.107591551962,279.23142352638,94.5377326777083));
#4758=CARTESIAN_POINT('Ctrl Pts',(272.134523575597,279.195213424381,94.5379163725707));
#4759=CARTESIAN_POINT('Ctrl Pts',(272.161455599233,279.159003322382,94.5381000674332));
#4760=CARTESIAN_POINT('Ctrl Pts',(272.185932996959,279.120967515848,94.538272149781));
#4761=CARTESIAN_POINT('Ctrl Pts',(272.207732102867,279.081453479613,94.5384300203665));
#4762=CARTESIAN_POINT('Ctrl Pts',(272.229150664617,279.042629234774,94.5385851350257));
#4763=CARTESIAN_POINT('Ctrl Pts',(272.247983532257,279.002378407582,94.5387265298115));
#4764=CARTESIAN_POINT('Ctrl Pts',(272.264064461646,278.961056099238,94.5388548951794));
#4765=CARTESIAN_POINT('Ctrl Pts',(272.280144089761,278.91973713471,94.5389832501601));
#4766=CARTESIAN_POINT('Ctrl Pts',(272.293472057885,278.877347293249,94.5390985778387));
#4767=CARTESIAN_POINT('Ctrl Pts',(272.303930714951,278.834260499416,94.5392015703056));
#4768=CARTESIAN_POINT('Ctrl Pts',(272.314514835081,278.790656832229,94.5393057982802));
#4769=CARTESIAN_POINT('Ctrl Pts',(272.322160172229,278.746339833871,94.5393973933238));
#4770=CARTESIAN_POINT('Ctrl Pts',(272.326797584866,278.70170985199,94.5394770744948));
#4771=CARTESIAN_POINT('Ctrl Pts',(272.331380294421,278.657606326943,94.5395558157439));
#4772=CARTESIAN_POINT('Ctrl Pts',(272.333025678662,278.613197637648,94.5396229225475));
#4773=CARTESIAN_POINT('Ctrl Pts',(272.331719157797,278.568875589135,94.5396790903905));
#4774=CARTESIAN_POINT('Ctrl Pts',(272.330389243332,278.523759942651,94.5397362639336));
#4775=CARTESIAN_POINT('Ctrl Pts',(272.326000620153,278.47873456407,94.539782103285));
#4776=CARTESIAN_POINT('Ctrl Pts',(272.318593348141,278.434211025418,94.5398173434765));
#4777=CARTESIAN_POINT('Ctrl Pts',(272.311186076128,278.389687486766,94.5398525836681));
#4778=CARTESIAN_POINT('Ctrl Pts',(272.300760237888,278.345666286582,94.5398772247116));
#4779=CARTESIAN_POINT('Ctrl Pts',(272.287411092539,278.302549828214,94.5398920029991));
#4780=CARTESIAN_POINT('Origin',(271.513613638394,279.274480267964,94.5346419653538));
#4781=CARTESIAN_POINT('Origin',(245.646548314994,286.555938770886,91.9594504744252));
#4782=CARTESIAN_POINT('',(232.518217328441,300.97401392599,91.9596543706798));
#4783=CARTESIAN_POINT('',(233.583639299705,301.876515136729,91.9596567144411));
#4784=CARTESIAN_POINT('Origin',(245.646548314996,286.555938770881,91.9594509996706));
#4785=CARTESIAN_POINT('',(239.718804450341,305.132694182952,91.9596548443452));
#4786=CARTESIAN_POINT('Origin',(245.646548314979,286.555938770914,91.9594475389631));
#4787=CARTESIAN_POINT('',(239.809994450649,304.846893005871,91.6596534154025));
#4788=CARTESIAN_POINT('Origin',(239.809996217944,304.846881842876,91.9596611352228));
#4789=CARTESIAN_POINT('',(232.720182008699,300.75219908719,91.6596540062662));
#4790=CARTESIAN_POINT('Ctrl Pts',(232.720180635847,300.752198017219,91.6596510408205));
#4791=CARTESIAN_POINT('Ctrl Pts',(233.323427029036,301.301471830332,91.6596532923079));
#4792=CARTESIAN_POINT('Ctrl Pts',(233.962314022937,301.812873409486,91.6596550042733));
#4793=CARTESIAN_POINT('Ctrl Pts',(236.222311880779,303.395483600078,91.6596588935945));
#4794=CARTESIAN_POINT('Ctrl Pts',(237.968076744438,304.259130785253,91.6596584635271));
#4795=CARTESIAN_POINT('Ctrl Pts',(239.809993709387,304.846891803185,91.6596549149525));
#4796=CARTESIAN_POINT('Origin',(232.720192088197,300.752191367765,91.9596535372747));
#4797=CARTESIAN_POINT('Origin',(225.881161170758,304.85289434889,91.9596902253841));
#4798=CARTESIAN_POINT('',(226.588645304527,305.559813937243,91.9596560283439));
#4799=CARTESIAN_POINT('',(225.147366196133,305.532396576473,91.964891602208));
#4800=CARTESIAN_POINT('Ctrl Pts',(226.588645304527,305.559813937243,91.9596560283439));
#4801=CARTESIAN_POINT('Ctrl Pts',(226.557300707922,305.591183585728,91.9598866511128));
#4802=CARTESIAN_POINT('Ctrl Pts',(226.523866661352,305.62046507006,91.9601185621382));
#4803=CARTESIAN_POINT('Ctrl Pts',(226.488638175227,305.647400023208,91.9603492738064));
#4804=CARTESIAN_POINT('Ctrl Pts',(226.453412086435,305.674333143406,91.9605799697745));
#4805=CARTESIAN_POINT('Ctrl Pts',(226.416392170118,305.698919771459,91.9608094665497));
#4806=CARTESIAN_POINT('Ctrl Pts',(226.377905023742,305.720942988484,91.9610352757895));
#4807=CARTESIAN_POINT('Ctrl Pts',(226.338935379417,305.743242301766,91.9612639159093));
#4808=CARTESIAN_POINT('Ctrl Pts',(226.298461850036,305.762913191381,91.9614887754594));
#4809=CARTESIAN_POINT('Ctrl Pts',(226.256850473625,305.779777730967,91.9617072700272));
#4810=CARTESIAN_POINT('Ctrl Pts',(226.215748523804,305.796435806706,91.9619230896788));
#4811=CARTESIAN_POINT('Ctrl Pts',(226.17353689402,305.810355748861,91.9621326992397));
#4812=CARTESIAN_POINT('Ctrl Pts',(226.130588061522,305.821414686279,91.9623336067821));
#4813=CARTESIAN_POINT('Ctrl Pts',(226.086840753134,305.832679224045,91.9625382494628));
#4814=CARTESIAN_POINT('Ctrl Pts',(226.042329011812,305.84097510274,91.9627338635609));
#4815=CARTESIAN_POINT('Ctrl Pts',(225.997460295228,305.846226315347,91.9629178141706));
#4816=CARTESIAN_POINT('Ctrl Pts',(225.952591578643,305.851477527954,91.9631017647802));
#4817=CARTESIAN_POINT('Ctrl Pts',(225.907366389934,305.853684016371,91.9632740519076));
#4818=CARTESIAN_POINT('Ctrl Pts',(225.862198706422,305.852825483388,91.9634320391665));
#4819=CARTESIAN_POINT('Ctrl Pts',(225.817871589121,305.851982927622,91.9635870862979));
#4820=CARTESIAN_POINT('Ctrl Pts',(225.773600326759,305.848188535067,91.9637283608695));
#4821=CARTESIAN_POINT('Ctrl Pts',(225.729775488655,305.841475640334,91.9638565769911));
#4822=CARTESIAN_POINT('Ctrl Pts',(225.685954386976,305.83476331793,91.9639847821813));
#4823=CARTESIAN_POINT('Ctrl Pts',(225.642580090418,305.82513306137,91.9640999311499));
#4824=CARTESIAN_POINT('Ctrl Pts',(225.600035203982,305.812669704414,91.9642027360438));
#4825=CARTESIAN_POINT('Ctrl Pts',(225.556938073189,305.800044569647,91.9643068753736));
#4826=CARTESIAN_POINT('Ctrl Pts',(225.514692521216,305.784512332511,91.9643983480918));
#4827=CARTESIAN_POINT('Ctrl Pts',(225.473680915192,305.7662134836,91.964477892577));
#4828=CARTESIAN_POINT('Ctrl Pts',(225.433192569897,305.748148106867,91.9645564221664));
#4829=CARTESIAN_POINT('Ctrl Pts',(225.393907268929,305.727386560393,91.9646233259531));
#4830=CARTESIAN_POINT('Ctrl Pts',(225.356171595259,305.70411194537,91.9646793126733));
#4831=CARTESIAN_POINT('Ctrl Pts',(225.317704392702,305.680386137839,91.96473638473));
#4832=CARTESIAN_POINT('Ctrl Pts',(225.280847994677,305.65404899225,91.9647821123469));
#4833=CARTESIAN_POINT('Ctrl Pts',(225.245940242043,305.625341894976,91.9648172445387));
#4834=CARTESIAN_POINT('Ctrl Pts',(225.211032489408,305.596634797703,91.9648523767305));
#4835=CARTESIAN_POINT('Ctrl Pts',(225.178073775677,305.565558072134,91.9648769134861));
#4836=CARTESIAN_POINT('Ctrl Pts',(225.147366196133,305.532396576473,91.964891602208));
#4837=CARTESIAN_POINT('',(226.376429237997,305.347777383623,91.6596563011194));
#4838=CARTESIAN_POINT('Origin',(226.376415704678,305.347756237633,91.9596744828208));
#4839=CARTESIAN_POINT('',(225.367454133352,305.328639690949,91.659656468705));
#4840=CARTESIAN_POINT('Ctrl Pts',(225.367457070028,305.328642862139,91.6596563011194));
#4841=CARTESIAN_POINT('Ctrl Pts',(225.431497479548,305.397869211679,91.6596563011194));
#4842=CARTESIAN_POINT('Ctrl Pts',(225.548989867342,305.480774050148,91.6596563011194));
#4843=CARTESIAN_POINT('Ctrl Pts',(225.72796200918,305.540564037826,91.6596563011194));
#4844=CARTESIAN_POINT('Ctrl Pts',(225.868118098721,305.557797753598,91.6596563011194));
#4845=CARTESIAN_POINT('Ctrl Pts',(226.008912325627,305.546011453707,91.6596563011194));
#4846=CARTESIAN_POINT('Ctrl Pts',(226.190150405789,305.493542011772,91.6596563011194));
#4847=CARTESIAN_POINT('Ctrl Pts',(226.310129867852,305.414331403775,91.6596563011194));
#4848=CARTESIAN_POINT('Ctrl Pts',(226.376429237997,305.347777383623,91.6596563011194));
#4849=CARTESIAN_POINT('Origin',(225.367476253095,305.328597142284,91.9596738170854));
#4850=CARTESIAN_POINT('Origin',(245.646736299746,286.555574658576,91.9596517347407));
#4851=CARTESIAN_POINT('',(217.724538995458,285.721220860282,91.9648687027009));
#4852=CARTESIAN_POINT('Origin',(245.646650975485,286.555603688177,91.9641341544545));
#4853=CARTESIAN_POINT('',(225.36742655245,267.782530801592,91.6596563011194));
#4854=CARTESIAN_POINT('Ctrl Pts',(225.367416008887,267.782542191413,91.6596563011194));
#4855=CARTESIAN_POINT('Ctrl Pts',(224.61966012413,268.590315702855,91.6596563011194));
#4856=CARTESIAN_POINT('Ctrl Pts',(223.57050170902,269.869061915375,91.6596563011194));
#4857=CARTESIAN_POINT('Ctrl Pts',(222.331500515901,271.689978543957,91.6596563011194));
#4858=CARTESIAN_POINT('Ctrl Pts',(221.485434405067,273.108699842562,91.6596563011194));
#4859=CARTESIAN_POINT('Ctrl Pts',(220.725624329643,274.575427133652,91.6596563011194));
#4860=CARTESIAN_POINT('Ctrl Pts',(220.054723443217,276.084890376997,91.6596563011194));
#4861=CARTESIAN_POINT('Ctrl Pts',(219.475144209809,277.631722367885,91.6596563011194));
#4862=CARTESIAN_POINT('Ctrl Pts',(218.98898848114,279.210407064167,91.6596563011194));
#4863=CARTESIAN_POINT('Ctrl Pts',(218.597991432215,280.815316486891,91.6596563011194));
#4864=CARTESIAN_POINT('Ctrl Pts',(218.303459135161,282.440696251899,91.6596563011194));
#4865=CARTESIAN_POINT('Ctrl Pts',(218.106537007145,284.080769313404,91.6596563011194));
#4866=CARTESIAN_POINT('Ctrl Pts',(218.007912524345,285.729676259088,91.6596563011194));
#4867=CARTESIAN_POINT('Ctrl Pts',(218.007899663664,287.381528878429,91.6596563011194));
#4868=CARTESIAN_POINT('Ctrl Pts',(218.106575679693,289.030434339111,91.6596563011194));
#4869=CARTESIAN_POINT('Ctrl Pts',(218.303499850536,290.670503657398,91.6596563011194));
#4870=CARTESIAN_POINT('Ctrl Pts',(218.597971794925,292.295896308372,91.6596563011194));
#4871=CARTESIAN_POINT('Ctrl Pts',(218.989031556923,293.900791718815,91.6596563011194));
#4872=CARTESIAN_POINT('Ctrl Pts',(219.475171171579,295.479482643645,91.6596563011194));
#4873=CARTESIAN_POINT('Ctrl Pts',(220.054754916916,297.02631357894,91.6596563011194));
#4874=CARTESIAN_POINT('Ctrl Pts',(220.725654578571,298.535777118916,91.6596563011194));
#4875=CARTESIAN_POINT('Ctrl Pts',(221.485465041122,300.002504279083,91.6596563011194));
#4876=CARTESIAN_POINT('Ctrl Pts',(222.33153082822,301.421225804748,91.6596563011194));
#4877=CARTESIAN_POINT('Ctrl Pts',(223.570529244425,303.242135536849,91.6596563011194));
#4878=CARTESIAN_POINT('Ctrl Pts',(224.619677227984,304.520881347414,91.6596563011194));
#4879=CARTESIAN_POINT('Ctrl Pts',(225.367447717322,305.328632759229,91.6596563011194));
#4880=CARTESIAN_POINT('',(225.147315263821,267.578755901799,91.9648919015223));
#4881=CARTESIAN_POINT('Origin',(225.367430827197,267.782569529746,91.9596897531411));
#4882=CARTESIAN_POINT('Origin',(245.646736300931,286.555574658669,91.9648863293684));
#4883=CARTESIAN_POINT('Origin',(239.683652528321,312.82178950388,91.959706855386));
#4884=CARTESIAN_POINT('',(239.528471111035,313.504489091355,91.6596552436291));
#4885=CARTESIAN_POINT('',(239.462061562215,313.796996133623,91.9648921638513));
#4886=CARTESIAN_POINT('Origin',(239.528475338314,313.504490272321,91.9596545349341));
#4887=CARTESIAN_POINT('',(239.007256461082,312.640903517028,91.6596584086238));
#4888=CARTESIAN_POINT('Ctrl Pts',(239.007258095419,312.640913980303,91.6596563011194));
#4889=CARTESIAN_POINT('Ctrl Pts',(238.98287745069,312.731946445351,91.6596563011194));
#4890=CARTESIAN_POINT('Ctrl Pts',(238.975377838178,312.875460833377,91.6596563011194));
#4891=CARTESIAN_POINT('Ctrl Pts',(239.020164343198,313.058642652345,91.6596563011194));
#4892=CARTESIAN_POINT('Ctrl Pts',(239.080192856851,313.186372296483,91.6596563011194));
#4893=CARTESIAN_POINT('Ctrl Pts',(239.165174320571,313.299147377235,91.6596563011194));
#4894=CARTESIAN_POINT('Ctrl Pts',(239.306005052688,313.42453680411,91.6596563011194));
#4895=CARTESIAN_POINT('Ctrl Pts',(239.436888279379,313.483844580495,91.6596563011194));
#4896=CARTESIAN_POINT('Ctrl Pts',(239.528467812215,313.504485147295,91.6596563011194));
#4897=CARTESIAN_POINT('',(238.717479775243,312.563418519817,91.9596560524055));
#4898=CARTESIAN_POINT('Origin',(239.007317487147,312.640930647128,91.9596815502572));
#4899=CARTESIAN_POINT('Ctrl Pts',(239.462058864164,313.797008007536,91.9648923753164));
#4900=CARTESIAN_POINT('Ctrl Pts',(239.418820346915,313.787183396623,91.9648774420995));
#4901=CARTESIAN_POINT('Ctrl Pts',(239.376236432125,313.774479164101,91.964853105309));
#4902=CARTESIAN_POINT('Ctrl Pts',(239.334682806381,313.759007432542,91.9648186461822));
#4903=CARTESIAN_POINT('Ctrl Pts',(239.293131860042,313.743536698611,91.9647841892774));
#4904=CARTESIAN_POINT('Ctrl Pts',(239.252611502827,313.725298984666,91.9647396113577));
#4905=CARTESIAN_POINT('Ctrl Pts',(239.213479154115,313.704455218969,91.9646841916477));
#4906=CARTESIAN_POINT('Ctrl Pts',(239.173878260768,313.683361883929,91.9646281083792));
#4907=CARTESIAN_POINT('Ctrl Pts',(239.135699288525,313.659599849827,91.9645609221596));
#4908=CARTESIAN_POINT('Ctrl Pts',(239.099287076425,313.633383817591,91.9644818835421));
#4909=CARTESIAN_POINT('Ctrl Pts',(239.063301933393,313.607475266165,91.9644037719475));
#4910=CARTESIAN_POINT('Ctrl Pts',(239.029042671138,313.579170302789,91.9643140843559));
#4911=CARTESIAN_POINT('Ctrl Pts',(238.996811509535,313.54871871679,91.9642120948312));
#4912=CARTESIAN_POINT('Ctrl Pts',(238.964006572299,313.517725034969,91.9641082896999));
#4913=CARTESIAN_POINT('Ctrl Pts',(238.933303054593,313.484507843196,91.963991740755));
#4914=CARTESIAN_POINT('Ctrl Pts',(238.904981490735,313.449370770844,91.9638616797838));
#4915=CARTESIAN_POINT('Ctrl Pts',(238.876659926877,313.414233698492,91.9637316188126));
#4916=CARTESIAN_POINT('Ctrl Pts',(238.850720633488,313.377177138729,91.9635880458155));
#4917=CARTESIAN_POINT('Ctrl Pts',(238.82740059179,313.338539806209,91.9634301896989));
#4918=CARTESIAN_POINT('Ctrl Pts',(238.804484282249,313.300571389029,91.9632750664929));
#4919=CARTESIAN_POINT('Ctrl Pts',(238.784097426566,313.261076946354,91.9631061504098));
#4920=CARTESIAN_POINT('Ctrl Pts',(238.766419872158,313.220404985665,91.962925942287));
#4921=CARTESIAN_POINT('Ctrl Pts',(238.748744508619,313.179738065655,91.9627457564983));
#4922=CARTESIAN_POINT('Ctrl Pts',(238.733777958888,313.13789434344,91.9625542814627));
#4923=CARTESIAN_POINT('Ctrl Pts',(238.721652226216,313.095242974914,91.9623540147847));
#4924=CARTESIAN_POINT('Ctrl Pts',(238.709384589124,313.052092468077,91.9621514044359));
#4925=CARTESIAN_POINT('Ctrl Pts',(238.700024881747,313.008115735524,91.9619397954673));
#4926=CARTESIAN_POINT('Ctrl Pts',(238.693657587657,312.963709872806,91.9617217718851));
#4927=CARTESIAN_POINT('Ctrl Pts',(238.687363944985,312.919817659176,91.9615062702134));
#4928=CARTESIAN_POINT('Ctrl Pts',(238.683993855008,312.875506666105,91.961284501459));
#4929=CARTESIAN_POINT('Ctrl Pts',(238.683577018607,312.831167838204,91.9610589588237));
#4930=CARTESIAN_POINT('Ctrl Pts',(238.683152865157,312.786050696909,91.9608294570658));
#4931=CARTESIAN_POINT('Ctrl Pts',(238.685786720504,312.74090522553,91.9605960477742));
#4932=CARTESIAN_POINT('Ctrl Pts',(238.691454484248,312.696143801033,91.9603613555388));
#4933=CARTESIAN_POINT('Ctrl Pts',(238.697122247993,312.651382376536,91.9601266633033));
#4934=CARTESIAN_POINT('Ctrl Pts',(238.705823856676,312.60700549989,91.959890688118));
#4935=CARTESIAN_POINT('Ctrl Pts',(238.717479775243,312.563418519817,91.9596560524055));
#4936=CARTESIAN_POINT('Origin',(225.881076778759,268.258268160206,91.9596987645099));
#4937=CARTESIAN_POINT('',(226.375940516559,267.762938076072,91.6596563011194));
#4938=CARTESIAN_POINT('Ctrl Pts',(226.375940516559,267.762938076072,91.6596563011193));
#4939=CARTESIAN_POINT('Ctrl Pts',(226.309306095347,267.696277078746,91.6596563011194));
#4940=CARTESIAN_POINT('Ctrl Pts',(226.188736070078,267.618070864177,91.6596563011194));
#4941=CARTESIAN_POINT('Ctrl Pts',(226.007704284105,267.565235681932,91.6596563011194));
#4942=CARTESIAN_POINT('Ctrl Pts',(225.867067848966,267.553391038884,91.6596563011194));
#4943=CARTESIAN_POINT('Ctrl Pts',(225.726922415732,267.570598504123,91.6596563011194));
#4944=CARTESIAN_POINT('Ctrl Pts',(225.54790241756,267.629834582661,91.6596563011194));
#4945=CARTESIAN_POINT('Ctrl Pts',(225.431118166924,267.71357079596,91.6596563011194));
#4946=CARTESIAN_POINT('Ctrl Pts',(225.36742655245,267.782530801592,91.6596563011194));
#4947=CARTESIAN_POINT('',(226.58792877747,267.550737089761,91.9596560175504));
#4948=CARTESIAN_POINT('Origin',(226.375875842194,267.762995268433,91.9596862070625));
#4949=CARTESIAN_POINT('Ctrl Pts',(225.147312742301,267.578753566606,91.9648921722167));
#4950=CARTESIAN_POINT('Ctrl Pts',(225.177440480509,267.546220200499,91.9648774009206));
#4951=CARTESIAN_POINT('Ctrl Pts',(225.209734751813,267.515693567462,91.9648531765679));
#4952=CARTESIAN_POINT('Ctrl Pts',(225.243910608747,267.48744296117,91.9648187900112));
#4953=CARTESIAN_POINT('Ctrl Pts',(225.278084252471,267.459194184372,91.9647844056815));
#4954=CARTESIAN_POINT('Ctrl Pts',(225.314138881258,267.433221433405,91.9647398604725));
#4955=CARTESIAN_POINT('Ctrl Pts',(225.351756414641,267.409753778954,91.9646844444665));
#4956=CARTESIAN_POINT('Ctrl Pts',(225.389823858993,267.386005448068,91.9646283656773));
#4957=CARTESIAN_POINT('Ctrl Pts',(225.429491464077,267.364822840007,91.9645611545129));
#4958=CARTESIAN_POINT('Ctrl Pts',(225.470400885174,267.346397237053,91.9644820742086));
#4959=CARTESIAN_POINT('Ctrl Pts',(225.510830981977,267.328187521756,91.9644039204663));
#4960=CARTESIAN_POINT('Ctrl Pts',(225.552473493584,267.312670682693,91.9643141740922));
#4961=CARTESIAN_POINT('Ctrl Pts',(225.594960984439,267.299983556041,91.9642121227952));
#4962=CARTESIAN_POINT('Ctrl Pts',(225.63820404929,267.287070808558,91.9641082566744));
#4963=CARTESIAN_POINT('Ctrl Pts',(225.682321988586,267.277089607266,91.9639916440976));
#4964=CARTESIAN_POINT('Ctrl Pts',(225.726911604392,267.270131083706,91.9638615328468));
#4965=CARTESIAN_POINT('Ctrl Pts',(225.771501220198,267.263172560147,91.9637314215961));
#4966=CARTESIAN_POINT('Ctrl Pts',(225.816562013756,267.259236791943,91.963587811671));
#4967=CARTESIAN_POINT('Ctrl Pts',(225.861682179121,267.258359653854,91.9634299495798));
#4968=CARTESIAN_POINT('Ctrl Pts',(225.906021724901,267.257497691046,91.9632748186453));
#4969=CARTESIAN_POINT('Ctrl Pts',(225.950418129959,267.259589291714,91.963105924401));
#4970=CARTESIAN_POINT('Ctrl Pts',(225.994479656434,267.264615956455,91.9629257535483));
#4971=CARTESIAN_POINT('Ctrl Pts',(226.038535747427,267.269642001102,91.9627456049216));
#4972=CARTESIAN_POINT('Ctrl Pts',(226.082256583269,267.277602333128,91.9625541824654));
#4973=CARTESIAN_POINT('Ctrl Pts',(226.125256465377,267.288426694546,91.9623539711162));
#4974=CARTESIAN_POINT('Ctrl Pts',(226.168761134905,267.299378126114,91.9621514094311));
#4975=CARTESIAN_POINT('Ctrl Pts',(226.211527331481,267.31326120969,91.9619398512929));
#4976=CARTESIAN_POINT('Ctrl Pts',(226.253168878406,267.329950549797,91.9617218693295));
#4977=CARTESIAN_POINT('Ctrl Pts',(226.294327313093,267.346446265387,91.9615064163249));
#4978=CARTESIAN_POINT('Ctrl Pts',(226.334386643181,267.365683230926,91.9612846876854));
#4979=CARTESIAN_POINT('Ctrl Pts',(226.372993451183,267.387491695471,91.9610591666948));
#4980=CARTESIAN_POINT('Ctrl Pts',(226.41228000156,267.409684137306,91.960829675001));
#4981=CARTESIAN_POINT('Ctrl Pts',(226.450061924011,267.434539324004,91.9605962562442));
#4982=CARTESIAN_POINT('Ctrl Pts',(226.48599408783,267.46183015857,91.9603615262692));
#4983=CARTESIAN_POINT('Ctrl Pts',(226.52192625165,267.489120993137,91.9601267962942));
#4984=CARTESIAN_POINT('Ctrl Pts',(226.55600825462,267.518847170044,91.9598907551047));
#4985=CARTESIAN_POINT('Ctrl Pts',(226.58792877747,267.550737089761,91.9596560175504));
#4986=CARTESIAN_POINT('Origin',(245.6467531531,286.55556629321,91.9596543344418));
#4987=CARTESIAN_POINT('Origin',(245.646753152751,286.555566293092,91.9648909567745));
#4988=CARTESIAN_POINT('',(272.044350330873,294.731425844976,91.6596569829696));
#4989=CARTESIAN_POINT('Origin',(272.044313830173,294.731418090177,91.9596706197558));
#4990=CARTESIAN_POINT('Origin',(245.646753173051,286.555566299972,91.6596550431371));
#4991=CARTESIAN_POINT('Origin',(271.37547156727,294.52442176605,91.9597016571337));
#4992=CARTESIAN_POINT('',(271.556452431356,293.848052041826,91.6596563011194));
#4993=CARTESIAN_POINT('Ctrl Pts',(272.044367470419,294.731413858233,91.6596563011194));
#4994=CARTESIAN_POINT('Ctrl Pts',(272.072308852535,294.641348577142,91.6596563011194));
#4995=CARTESIAN_POINT('Ctrl Pts',(272.085361289612,294.498146779179,91.6596563011194));
#4996=CARTESIAN_POINT('Ctrl Pts',(272.047632964062,294.313267291997,91.6596563011194));
#4997=CARTESIAN_POINT('Ctrl Pts',(271.992493419602,294.183260334823,91.6596563011194));
#4998=CARTESIAN_POINT('Ctrl Pts',(271.911855242841,294.067241396944,91.6596563011194));
#4999=CARTESIAN_POINT('Ctrl Pts',(271.775825799096,293.936496467339,91.6596563011194));
#5000=CARTESIAN_POINT('Ctrl Pts',(271.647235525481,293.872193277116,91.6596563011194));
#5001=CARTESIAN_POINT('Ctrl Pts',(271.556452431356,293.848052041826,91.6596563011194));
#5002=CARTESIAN_POINT('Origin',(271.556446155823,293.848050363487,91.9596342722861));
#5003=CARTESIAN_POINT('Origin',(231.849424984646,271.393647017707,91.959647500223));
#5004=CARTESIAN_POINT('',(232.724384401188,272.355137379636,91.6596565546428));
#5005=CARTESIAN_POINT('',(230.930631267663,272.31332584615,91.6596563015437));
#5006=CARTESIAN_POINT('Ctrl Pts',(232.724385172244,272.355137117207,91.6596567636222));
#5007=CARTESIAN_POINT('Ctrl Pts',(232.633399189361,272.437933230366,91.6596570880323));
#5008=CARTESIAN_POINT('Ctrl Pts',(232.530943555807,272.507555435875,91.6596573616572));
#5009=CARTESIAN_POINT('Ctrl Pts',(232.267888017184,272.636044242402,91.6596578690046));
#5010=CARTESIAN_POINT('Ctrl Pts',(232.102725077441,272.679919864555,91.6596580446631));
#5011=CARTESIAN_POINT('Ctrl Pts',(231.764877641038,272.701891935096,91.6596581407839));
#5012=CARTESIAN_POINT('Ctrl Pts',(231.595423160086,272.679778357333,91.659658060327));
#5013=CARTESIAN_POINT('Ctrl Pts',(231.274528889982,272.571841439603,91.6596576514224));
#5014=CARTESIAN_POINT('Ctrl Pts',(231.12615701275,272.487050081871,91.6596573268839));
#5015=CARTESIAN_POINT('Ctrl Pts',(230.998211745522,272.376208458284,91.6596569005244));
#5016=CARTESIAN_POINT('Ctrl Pts',(230.974931618657,272.356040404281,91.6596568229467));
#5017=CARTESIAN_POINT('Ctrl Pts',(230.952391144877,272.335064819242,91.6596567422092));
#5018=CARTESIAN_POINT('Ctrl Pts',(230.930629862164,272.313324441989,91.6596566584767));
#5019=CARTESIAN_POINT('Origin',(232.724375515203,272.355136447943,91.9596512061404));
#5020=CARTESIAN_POINT('',(231.142659946466,272.101104506077,91.9596556340827));
#5021=CARTESIAN_POINT('Origin',(231.849424984646,271.393647017686,91.9596526884254));
#5022=CARTESIAN_POINT('Origin',(230.930619990032,272.313337134483,91.9596606966265));
#5023=CARTESIAN_POINT('Origin',(245.64679037009,286.555669883138,91.9598488868542));
#5024=CARTESIAN_POINT('',(239.815392924613,268.262541005998,91.6596566729107));
#5025=CARTESIAN_POINT('Ctrl Pts',(239.815392258593,268.262538916681,91.6596588376314));
#5026=CARTESIAN_POINT('Ctrl Pts',(239.340105032111,268.414046930189,91.6596577197077));
#5027=CARTESIAN_POINT('Ctrl Pts',(238.870188491072,268.584248243459,91.6596567884343));
#5028=CARTESIAN_POINT('Ctrl Pts',(236.315161523017,269.624490380441,91.6596527040752));
#5029=CARTESIAN_POINT('Ctrl Pts',(234.391866462232,270.837723862082,91.6596532977533));
#5030=CARTESIAN_POINT('Ctrl Pts',(232.72438397558,272.355135802184,91.6596577825635));
#5031=CARTESIAN_POINT('Origin',(239.815390948975,268.262540134937,91.9596587482573));
#5032=CARTESIAN_POINT('Origin',(265.674754834114,290.929338414276,91.959644806917));
#5033=CARTESIAN_POINT('',(265.416371743254,291.895409743707,91.9596525054257));
#5034=CARTESIAN_POINT('',(265.338864761178,292.18521095684,91.6596563011234));
#5035=CARTESIAN_POINT('Origin',(265.338865165033,292.185209446773,91.9596342722861));
#5036=CARTESIAN_POINT('',(264.697752554336,290.716001425383,91.9596554701883));
#5037=CARTESIAN_POINT('Origin',(265.674754834147,290.929338414259,91.9596503706243));
#5038=CARTESIAN_POINT('',(264.404655911513,290.651988767001,91.6596559439576));
#5039=CARTESIAN_POINT('Origin',(264.404665467643,290.651995091361,91.9596515218334));
#5040=CARTESIAN_POINT('Ctrl Pts',(265.338863430164,292.185210600874,91.6596550039744));
#5041=CARTESIAN_POINT('Ctrl Pts',(265.247278956776,292.160717092044,91.6596554741038));
#5042=CARTESIAN_POINT('Ctrl Pts',(265.158433531559,292.126221172386,91.6596558966094));
#5043=CARTESIAN_POINT('Ctrl Pts',(264.923850109258,292.003978650471,91.6596569147431));
#5044=CARTESIAN_POINT('Ctrl Pts',(264.790444650015,291.897176309199,91.6596573771712));
#5045=CARTESIAN_POINT('Ctrl Pts',(264.572081482687,291.638446870873,91.6596578717036));
#5046=CARTESIAN_POINT('Ctrl Pts',(264.489211474657,291.488993329317,91.6596578990789));
#5047=CARTESIAN_POINT('Ctrl Pts',(264.385423624686,291.166733085898,91.6596575109402));
#5048=CARTESIAN_POINT('Ctrl Pts',(264.365498107095,290.997007343644,91.6596570991361));
#5049=CARTESIAN_POINT('Ctrl Pts',(264.383296315274,290.768834906069,91.6596562793363));
#5050=CARTESIAN_POINT('Ctrl Pts',(264.3919983811,290.709948847919,91.6596560432344));
#5051=CARTESIAN_POINT('Ctrl Pts',(264.404656102341,290.651985281944,91.6596557864011));
#5052=CARTESIAN_POINT('Origin',(239.420555367762,267.023949013297,91.9596549504323));
#5053=CARTESIAN_POINT('',(240.6761097197,266.686880757169,91.6596553837444));
#5054=CARTESIAN_POINT('Ctrl Pts',(240.676110787453,266.686884734522,91.6596553837559));
#5055=CARTESIAN_POINT('Ctrl Pts',(240.717700177077,266.841801341235,91.6596558334067));
#5056=CARTESIAN_POINT('Ctrl Pts',(240.730280286702,267.003163818605,91.6596562016551));
#5057=CARTESIAN_POINT('Ctrl Pts',(240.71313254444,267.162797115349,91.6596564695771));
#5058=CARTESIAN_POINT('Ctrl Pts',(240.70289587205,267.258093262005,91.6596566295184));
#5059=CARTESIAN_POINT('Ctrl Pts',(240.682151730942,267.351965742006,91.659656752351));
#5060=CARTESIAN_POINT('Ctrl Pts',(240.620405591163,267.533437422391,91.6596569193173));
#5061=CARTESIAN_POINT('Ctrl Pts',(240.579592540544,267.620481347328,91.6596569629402));
#5062=CARTESIAN_POINT('Ctrl Pts',(240.441260127606,267.846655188468,91.6596569711501));
#5063=CARTESIAN_POINT('Ctrl Pts',(240.325573893127,267.972432995857,91.6596568494937));
#5064=CARTESIAN_POINT('Ctrl Pts',(240.075442080803,268.155751018232,91.6596564067116));
#5065=CARTESIAN_POINT('Ctrl Pts',(239.949221905453,268.219881905748,91.6596561257371));
#5066=CARTESIAN_POINT('Ctrl Pts',(239.815393257609,268.262542050628,91.6596557764507));
#5067=CARTESIAN_POINT('',(240.386351864745,266.764672522819,91.9596547100129));
#5068=CARTESIAN_POINT('Origin',(240.676098864089,266.686882800764,91.9596583553613));
#5069=CARTESIAN_POINT('Origin',(239.420539433531,267.023951538188,91.9596559915925));
#5070=CARTESIAN_POINT('Origin',(245.646533679116,286.55557166474,91.960214281733));
#5071=CARTESIAN_POINT('Origin',(245.64690171188,286.555566205989,91.9596560149659));
#5072=CARTESIAN_POINT('',(264.405879932066,282.464694598561,91.6596558281284));
#5073=CARTESIAN_POINT('Origin',(264.405867906955,282.464697893024,91.9596638244891));
#5074=CARTESIAN_POINT('Ctrl Pts',(264.404660350829,290.651977116205,91.6596640613326));
#5075=CARTESIAN_POINT('Ctrl Pts',(264.908847211774,288.343305570316,91.6596490116051));
#5076=CARTESIAN_POINT('Ctrl Pts',(264.982747509742,285.960055564286,91.6596466583711));
#5077=CARTESIAN_POINT('Ctrl Pts',(264.561334272887,283.233921670557,91.6596588993397));
#5078=CARTESIAN_POINT('Ctrl Pts',(264.489433828487,282.847833059875,91.6596609935905));
#5079=CARTESIAN_POINT('Ctrl Pts',(264.40587993526,282.46469223109,91.6596634320362));
#5080=CARTESIAN_POINT('Origin',(265.676047821833,282.187719893423,91.9596592280238));
#5081=CARTESIAN_POINT('',(265.338963173128,280.932155931157,91.6596562099181));
#5082=CARTESIAN_POINT('Origin',(265.33896420546,280.932154919516,91.9596539059568));
#5083=CARTESIAN_POINT('Ctrl Pts',(264.405879174482,282.464692396961,91.6596556522655));
#5084=CARTESIAN_POINT('Ctrl Pts',(264.392755061357,282.404515509971,91.659655776051));
#5085=CARTESIAN_POINT('Ctrl Pts',(264.383895524544,282.343351088619,91.6596558844962));
#5086=CARTESIAN_POINT('Ctrl Pts',(264.367188568968,282.112818240211,91.6596562285114));
#5087=CARTESIAN_POINT('Ctrl Pts',(264.388046854299,281.943208749297,91.6596563530203));
#5088=CARTESIAN_POINT('Ctrl Pts',(264.493603176203,281.621531322926,91.6596563329279));
#5089=CARTESIAN_POINT('Ctrl Pts',(264.577292218052,281.472538843029,91.6596561885144));
#5090=CARTESIAN_POINT('Ctrl Pts',(264.797071043623,281.215019075165,91.6596556471232));
#5091=CARTESIAN_POINT('Ctrl Pts',(264.931059767275,281.108953945784,91.6596552553211));
#5092=CARTESIAN_POINT('Ctrl Pts',(265.163813200218,280.989288657618,91.6596544965077));
#5093=CARTESIAN_POINT('Ctrl Pts',(265.250099199091,280.95601156205,91.6596542017792));
#5094=CARTESIAN_POINT('Ctrl Pts',(265.338959020636,280.932157045926,91.6596538856655));
#5095=CARTESIAN_POINT('Origin',(239.683597050627,260.28941816579,91.9597002671562));
#5096=CARTESIAN_POINT('',(239.007380165731,260.470885293779,91.6596563011194));
#5097=CARTESIAN_POINT('Origin',(239.007405800358,260.470886704267,91.95968005964));
#5098=CARTESIAN_POINT('',(239.528441730182,259.606656991045,91.65965662832));
#5099=CARTESIAN_POINT('Ctrl Pts',(239.528437294637,259.606657998858,91.6596563011194));
#5100=CARTESIAN_POINT('Ctrl Pts',(239.436469266579,259.627507140357,91.6596563011194));
#5101=CARTESIAN_POINT('Ctrl Pts',(239.305905192304,259.687790160797,91.6596563011194));
#5102=CARTESIAN_POINT('Ctrl Pts',(239.164668872012,259.812923741323,91.6596563011194));
#5103=CARTESIAN_POINT('Ctrl Pts',(239.079615350989,259.925655109015,91.6596563011194));
#5104=CARTESIAN_POINT('Ctrl Pts',(239.019471857265,260.053505622163,91.6596563011194));
#5105=CARTESIAN_POINT('Ctrl Pts',(238.974240567347,260.236678350645,91.6596563011194));
#5106=CARTESIAN_POINT('Ctrl Pts',(238.982911462152,260.380197002991,91.6596563011194));
#5107=CARTESIAN_POINT('Ctrl Pts',(239.007380165731,260.470885293779,91.6596563011194));
#5108=CARTESIAN_POINT('Origin',(239.528466680826,259.606702994039,91.9596794827197));
#5109=CARTESIAN_POINT('Origin',(271.37551385044,278.586654761057,91.9597022537364));
#5110=CARTESIAN_POINT('',(271.634844518919,279.552576312537,91.9596560279304));
#5111=CARTESIAN_POINT('',(271.557062782919,279.26287748128,91.6596563011194));
#5112=CARTESIAN_POINT('Origin',(271.557048732336,279.262807760672,91.9596867164938));
#5113=CARTESIAN_POINT('',(272.327993118991,278.291842576571,91.9648416842447));
#5114=CARTESIAN_POINT('Ctrl Pts',(272.330880205122,278.290949409242,91.9648924128912));
#5115=CARTESIAN_POINT('Ctrl Pts',(272.343991139964,278.333307451651,91.964877509827));
#5116=CARTESIAN_POINT('Ctrl Pts',(272.35428095364,278.376538404852,91.9648531962805));
#5117=CARTESIAN_POINT('Ctrl Pts',(272.361658902782,278.420260854853,91.9648187537704));
#5118=CARTESIAN_POINT('Ctrl Pts',(272.369036374393,278.463980474955,91.9647843134896));
#5119=CARTESIAN_POINT('Ctrl Pts',(272.373502282331,278.508191072229,91.9647397455663));
#5120=CARTESIAN_POINT('Ctrl Pts',(272.375017283777,278.552502649627,91.964684330285));
#5121=CARTESIAN_POINT('Ctrl Pts',(272.376550429266,278.597344913743,91.9646282513362));
#5122=CARTESIAN_POINT('Ctrl Pts',(272.375061440433,278.64229011317,91.9645610636635));
#5123=CARTESIAN_POINT('Ctrl Pts',(272.370563833291,278.686932255657,91.964482019807));
#5124=CARTESIAN_POINT('Ctrl Pts',(272.366118992075,278.731050656527,91.964403903293));
#5125=CARTESIAN_POINT('Ctrl Pts',(272.358735863106,278.774872611813,91.964314207159));
#5126=CARTESIAN_POINT('Ctrl Pts',(272.348479659406,278.818011498131,91.9642122083238));
#5127=CARTESIAN_POINT('Ctrl Pts',(272.338040824403,278.861918554747,91.9641083932045));
#5128=CARTESIAN_POINT('Ctrl Pts',(272.324625639638,278.905117483274,91.9639918333443));
#5129=CARTESIAN_POINT('Ctrl Pts',(272.308356789683,278.947213514743,91.9638617645655));
#5130=CARTESIAN_POINT('Ctrl Pts',(272.292087939727,278.989309546212,91.9637316957867));
#5131=CARTESIAN_POINT('Ctrl Pts',(272.27296560677,279.030302209816,91.963588118088));
#5132=CARTESIAN_POINT('Ctrl Pts',(272.251164637702,279.069816912503,91.9634302654894));
#5133=CARTESIAN_POINT('Ctrl Pts',(272.229741085064,279.108647540186,91.9632751456208));
#5134=CARTESIAN_POINT('Ctrl Pts',(272.205731204572,279.146050598653,91.9631062407941));
#5135=CARTESIAN_POINT('Ctrl Pts',(272.179346890811,279.181696079513,91.9629260461912));
#5136=CARTESIAN_POINT('Ctrl Pts',(272.152965835687,279.21733715792,91.9627458738435));
#5137=CARTESIAN_POINT('Ctrl Pts',(272.124211208908,279.251220721482,91.962554414503));
#5138=CARTESIAN_POINT('Ctrl Pts',(272.093336709339,279.2830478717,91.9623541611336));
#5139=CARTESIAN_POINT('Ctrl Pts',(272.062100798339,279.315247584909,91.9621515636336));
#5140=CARTESIAN_POINT('Ctrl Pts',(272.028695354268,279.345342040019,91.9619399650166));
#5141=CARTESIAN_POINT('Ctrl Pts',(271.993422035023,279.37305951955,91.9617219455338));
#5142=CARTESIAN_POINT('Ctrl Pts',(271.958556808063,279.400456323573,91.9615064484126));
#5143=CARTESIAN_POINT('Ctrl Pts',(271.921867109379,279.425530623245,91.9612846781344));
#5144=CARTESIAN_POINT('Ctrl Pts',(271.883676659199,279.44806122184,91.961059125208));
#5145=CARTESIAN_POINT('Ctrl Pts',(271.844815688729,279.470987396381,91.9608296121865));
#5146=CARTESIAN_POINT('Ctrl Pts',(271.804401148833,279.491279377675,91.9605961825285));
#5147=CARTESIAN_POINT('Ctrl Pts',(271.762802225468,279.508751844034,91.9603614589571));
#5148=CARTESIAN_POINT('Ctrl Pts',(271.721203302104,279.526224310393,91.9601267353856));
#5149=CARTESIAN_POINT('Ctrl Pts',(271.678420460848,279.54087706629,91.9598907179006));
#5150=CARTESIAN_POINT('Ctrl Pts',(271.634844518919,279.552576312537,91.9596560279304));
#5151=CARTESIAN_POINT('',(272.04433695284,278.379698770342,91.6596563011194));
#5152=CARTESIAN_POINT('Origin',(272.044341991639,278.379690908832,91.9596537637032));
#5153=CARTESIAN_POINT('Ctrl Pts',(271.557062782919,279.26287748128,91.6596563011194));
#5154=CARTESIAN_POINT('Ctrl Pts',(271.648103328212,279.238490004259,91.6596563011194));
#5155=CARTESIAN_POINT('Ctrl Pts',(271.776126535927,279.173213913697,91.6596563011194));
#5156=CARTESIAN_POINT('Ctrl Pts',(271.912394005949,279.042841079285,91.6596563011194));
#5157=CARTESIAN_POINT('Ctrl Pts',(271.99294519028,278.926955576294,91.6596563011194));
#5158=CARTESIAN_POINT('Ctrl Pts',(272.048178320132,278.796992477041,91.6596563011194));
#5159=CARTESIAN_POINT('Ctrl Pts',(272.086337232605,278.612326735838,91.6596563011194));
#5160=CARTESIAN_POINT('Ctrl Pts',(272.072258246884,278.469329374417,91.6596563011194));
#5161=CARTESIAN_POINT('Ctrl Pts',(272.04433695284,278.379698770342,91.6596563011194));
#5162=CARTESIAN_POINT('Origin',(245.643723087062,286.565028307409,93.9914218250516));
#5163=CARTESIAN_POINT('',(241.099695839559,258.993468301592,91.9648921638513));
#5164=CARTESIAN_POINT('',(241.099695839559,258.993468301592,91.9648921638513));
#5165=CARTESIAN_POINT('',(241.100569273815,258.998636431618,91.8866444409962));
#5166=CARTESIAN_POINT('',(241.101191200887,259.002409951983,91.8862331062341));
#5167=CARTESIAN_POINT('Ctrl Pts',(272.327993118991,278.291842576571,91.9648416842447));
#5168=CARTESIAN_POINT('Ctrl Pts',(272.306480885254,278.22244051989,91.9648412233098));
#5169=CARTESIAN_POINT('Ctrl Pts',(272.285892562839,278.156968345106,91.9649717169657));
#5170=CARTESIAN_POINT('Ctrl Pts',(272.265816917702,278.093873871114,91.9651811005184));
#5171=CARTESIAN_POINT('Ctrl Pts',(272.245055384977,278.028623764451,91.9653976376931));
#5172=CARTESIAN_POINT('Ctrl Pts',(272.224841840629,277.965916633349,91.9656985475029));
#5173=CARTESIAN_POINT('Ctrl Pts',(272.204667864397,277.904051835316,91.9660262505489));
#5174=CARTESIAN_POINT('Ctrl Pts',(272.184354803362,277.841760524769,91.9663562128677));
#5175=CARTESIAN_POINT('Ctrl Pts',(272.164081694916,277.780323190588,91.9667133391962));
#5176=CARTESIAN_POINT('Ctrl Pts',(272.143280253436,277.718019547184,91.967038855946));
#5177=CARTESIAN_POINT('Ctrl Pts',(272.122879197027,277.656915121089,91.9673581071661));
#5178=CARTESIAN_POINT('Ctrl Pts',(272.10197000566,277.594977335191,91.9676469539729));
#5179=CARTESIAN_POINT('Ctrl Pts',(272.079970386866,277.530599029571,91.9678499556927));
#5180=CARTESIAN_POINT('Ctrl Pts',(272.059241330621,277.469938818562,91.9680412332829));
#5181=CARTESIAN_POINT('Ctrl Pts',(272.037544210735,277.407111775352,91.9681562952505));
#5182=CARTESIAN_POINT('Ctrl Pts',(272.014350025319,277.340788449834,91.9681487656485));
#5183=CARTESIAN_POINT('Ctrl Pts',(271.994055967909,277.282757984375,91.9681421775243));
#5184=CARTESIAN_POINT('Ctrl Pts',(271.972615523591,277.222050974555,91.9680417381812));
#5185=CARTESIAN_POINT('Ctrl Pts',(271.949643622161,277.157788482343,91.9678163851555));
#5186=CARTESIAN_POINT('Ctrl Pts',(271.929379886985,277.101101919942,91.9676175990843));
#5187=CARTESIAN_POINT('Ctrl Pts',(271.907918565777,277.041650917965,91.9673216159317));
#5188=CARTESIAN_POINT('Ctrl Pts',(271.885882453182,276.981279395443,91.9669215977535));
#5189=CARTESIAN_POINT('Ctrl Pts',(271.863995499148,276.921316517109,91.9665242872279));
#5190=CARTESIAN_POINT('Ctrl Pts',(271.841541310538,276.860445671125,91.9660243452709));
#5191=CARTESIAN_POINT('Ctrl Pts',(271.819178296313,276.80045630121,91.9654150683173));
#5192=CARTESIAN_POINT('Ctrl Pts',(271.795818996437,276.737794369007,91.9647786477112));
#5193=CARTESIAN_POINT('Ctrl Pts',(271.77255906543,276.676094317162,91.9640229331825));
#5194=CARTESIAN_POINT('Ctrl Pts',(271.750204832841,276.617374405343,91.9631402813615));
#5195=CARTESIAN_POINT('Ctrl Pts',(271.729908929173,276.564061294773,91.9623389021927));
#5196=CARTESIAN_POINT('Ctrl Pts',(271.710360843904,276.513204341665,91.9614328856417));
#5197=CARTESIAN_POINT('Ctrl Pts',(271.69219866131,276.466300276845,91.9604165096535));
#5198=CARTESIAN_POINT('Ctrl Pts',(271.669265518612,276.40707514759,91.9591331454185));
#5199=CARTESIAN_POINT('Ctrl Pts',(271.648550270078,276.354149246419,91.9576738261547));
#5200=CARTESIAN_POINT('Ctrl Pts',(271.629640903022,276.306168267688,91.9560710921656));
#5201=CARTESIAN_POINT('Ctrl Pts',(271.609521511616,276.255116950727,91.954365798046));
#5202=CARTESIAN_POINT('Ctrl Pts',(271.591445837722,276.209663862133,91.9524981475969));
#5203=CARTESIAN_POINT('Ctrl Pts',(271.574860354446,276.16819899776,91.9505073399107));
#5204=CARTESIAN_POINT('Ctrl Pts',(271.556707089836,276.12281457076,91.9483283465034));
#5205=CARTESIAN_POINT('Ctrl Pts',(271.540338546666,276.082208149622,91.9460018120092));
#5206=CARTESIAN_POINT('Ctrl Pts',(271.524972122062,276.044290517004,91.9435791386999));
#5207=CARTESIAN_POINT('Ctrl Pts',(271.523500503614,276.040659204639,91.9433471230666));
#5208=CARTESIAN_POINT('Ctrl Pts',(271.522038040144,276.037052566897,91.943114225689));
#5209=CARTESIAN_POINT('Ctrl Pts',(271.520584022369,276.03346877734,91.9428804917172));
#5210=CARTESIAN_POINT('Ctrl Pts',(271.500113544769,275.983014178281,91.9395898537931));
#5211=CARTESIAN_POINT('Ctrl Pts',(271.481321204132,275.937086589288,91.9361333978013));
#5212=CARTESIAN_POINT('Ctrl Pts',(271.46350595921,275.893817401528,91.9326113998629));
#5213=CARTESIAN_POINT('Ctrl Pts',(271.44432524617,275.847231801522,91.9288194547012));
#5214=CARTESIAN_POINT('Ctrl Pts',(271.426276827851,275.803727813544,91.9249515355439));
#5215=CARTESIAN_POINT('Ctrl Pts',(271.40843095449,275.760995415705,91.9211327906158));
#5216=CARTESIAN_POINT('Ctrl Pts',(271.390382001428,275.717776738356,91.9172705897267));
#5217=CARTESIAN_POINT('Ctrl Pts',(271.372540036493,275.675347344248,91.913458688645));
#5218=CARTESIAN_POINT('Ctrl Pts',(271.353894383265,275.631337748553,91.9098265584784));
#5219=CARTESIAN_POINT('Ctrl Pts',(271.335248730037,275.587328152857,91.9061944283118));
#5220=CARTESIAN_POINT('Ctrl Pts',(271.315799968434,275.541738052368,91.9027420690839));
#5221=CARTESIAN_POINT('Ctrl Pts',(271.294486129479,275.492220080653,91.8995989530881));
#5222=CARTESIAN_POINT('Ctrl Pts',(271.276424152057,275.450257087079,91.8969353836452));
#5223=CARTESIAN_POINT('Ctrl Pts',(271.25702304278,275.405473198722,91.8944938931929));
#5224=CARTESIAN_POINT('Ctrl Pts',(271.235469980988,275.356164342984,91.8923512290325));
#5225=CARTESIAN_POINT('Ctrl Pts',(271.215790734297,275.311142380653,91.8903948472898));
#5226=CARTESIAN_POINT('Ctrl Pts',(271.194317694378,275.262347892883,91.8886875908537));
#5227=CARTESIAN_POINT('Ctrl Pts',(271.170392618224,275.208501886638,91.8872878798787));
#5228=CARTESIAN_POINT('Ctrl Pts',(271.160115479625,275.185372059774,91.8866866268839));
#5229=CARTESIAN_POINT('Ctrl Pts',(271.149385351344,275.161310392962,91.8861421214355));
#5230=CARTESIAN_POINT('Ctrl Pts',(271.138147298317,275.136216816889,91.8856589939278));
#5231=CARTESIAN_POINT('Ctrl Pts',(271.107620697577,275.068053623846,91.8843466455613));
#5232=CARTESIAN_POINT('Ctrl Pts',(271.073341489805,274.992278275221,91.8834871815078));
#5233=CARTESIAN_POINT('Ctrl Pts',(271.036126866754,274.911155328788,91.8829542036096));
#5234=CARTESIAN_POINT('Ctrl Pts',(271.003080951085,274.839119611996,91.8824809288258));
#5235=CARTESIAN_POINT('Ctrl Pts',(270.967720020947,274.762867535775,91.8822650922396));
#5236=CARTESIAN_POINT('Ctrl Pts',(270.930656971847,274.683968401549,91.8822181900106));
#5237=CARTESIAN_POINT('Ctrl Pts',(270.919144956155,274.659461835216,91.8822036218838));
#5238=CARTESIAN_POINT('Ctrl Pts',(270.907469066746,274.63469974736,91.8822053519017));
#5239=CARTESIAN_POINT('Ctrl Pts',(270.895648643695,274.609728745613,91.8822207279225));
#5240=CARTESIAN_POINT('Ctrl Pts',(270.85325405888,274.520168901023,91.8822758748507));
#5241=CARTESIAN_POINT('Ctrl Pts',(270.808996912581,274.427923180049,91.8825065554273));
#5242=CARTESIAN_POINT('Ctrl Pts',(270.763358770771,274.334187951384,91.8828431591207));
#5243=CARTESIAN_POINT('Ctrl Pts',(270.718923632294,274.242923546205,91.883170890074));
#5244=CARTESIAN_POINT('Ctrl Pts',(270.673179292372,274.150247254391,91.8835990334858));
#5245=CARTESIAN_POINT('Ctrl Pts',(270.626615601428,274.057242639871,91.8840633394332));
#5246=CARTESIAN_POINT('Ctrl Pts',(270.580234168893,273.964602061633,91.8845258280062));
#5247=CARTESIAN_POINT('Ctrl Pts',(270.533039760813,273.871635846028,91.8850241965009));
#5248=CARTESIAN_POINT('Ctrl Pts',(270.48556291056,273.77939213309,91.885494947329));
#5249=CARTESIAN_POINT('Ctrl Pts',(270.437603044077,273.686209958348,91.8859704874448));
#5250=CARTESIAN_POINT('Ctrl Pts',(270.389355004849,273.593765150399,91.8864178450105));
#5251=CARTESIAN_POINT('Ctrl Pts',(270.341413163449,273.503113231474,91.8867715666348));
#5252=CARTESIAN_POINT('Ctrl Pts',(270.319314184152,273.461326874899,91.886934616001));
#5253=CARTESIAN_POINT('Ctrl Pts',(270.297280919127,273.419921114733,91.887077769777));
#5254=CARTESIAN_POINT('Ctrl Pts',(270.27537482047,273.378997532798,91.8871946174794));
#5255=CARTESIAN_POINT('Ctrl Pts',(270.220508753737,273.276500232278,91.8874872745123));
#5256=CARTESIAN_POINT('Ctrl Pts',(270.166445538784,273.17702506009,91.8876149128199));
#5257=CARTESIAN_POINT('Ctrl Pts',(270.112777742375,273.079630051973,91.8876334180215));
#5258=CARTESIAN_POINT('Ctrl Pts',(270.058347251166,272.980850923932,91.887652186208));
#5259=CARTESIAN_POINT('Ctrl Pts',(270.00432328523,272.884211495813,91.8875586974523));
#5260=CARTESIAN_POINT('Ctrl Pts',(269.950232202076,272.788753820954,91.8874112525197));
#5261=CARTESIAN_POINT('Ctrl Pts',(269.895672686819,272.692469476765,91.8872625307049));
#5262=CARTESIAN_POINT('Ctrl Pts',(269.841044765338,272.597387391587,91.8870589142137));
#5263=CARTESIAN_POINT('Ctrl Pts',(269.785815913943,272.502549912733,91.8868602289822));
#5264=CARTESIAN_POINT('Ctrl Pts',(269.740973023678,272.425546923357,91.8866989071404));
#5265=CARTESIAN_POINT('Ctrl Pts',(269.695733100112,272.348705639263,91.8865408362383));
#5266=CARTESIAN_POINT('Ctrl Pts',(269.649789285435,272.271526166281,91.8864180382315));
#5267=CARTESIAN_POINT('Ctrl Pts',(269.570236213471,272.137887629483,91.8862054098563));
#5268=CARTESIAN_POINT('Ctrl Pts',(269.488564088907,272.00324010088,91.8860985358256));
#5269=CARTESIAN_POINT('Ctrl Pts',(269.405123763185,271.86831261245,91.8860549576545));
#5270=CARTESIAN_POINT('Ctrl Pts',(269.322403465078,271.734549447349,91.8860117555303));
#5271=CARTESIAN_POINT('Ctrl Pts',(269.237945378817,271.600511286366,91.8860307614716));
#5272=CARTESIAN_POINT('Ctrl Pts',(269.152135894507,271.466883162786,91.8860706098846));
#5273=CARTESIAN_POINT('Ctrl Pts',(269.091727500228,271.372811272705,91.8860986624788));
#5274=CARTESIAN_POINT('Ctrl Pts',(269.030650299489,271.27894206704,91.8861370444925));
#5275=CARTESIAN_POINT('Ctrl Pts',(268.969052286514,271.185506366308,91.8861713253943));
#5276=CARTESIAN_POINT('Ctrl Pts',(268.731693997387,270.825466537139,91.8863034214765));
#5277=CARTESIAN_POINT('Ctrl Pts',(268.486619744777,270.471853431012,91.8863746246526));
#5278=CARTESIAN_POINT('Ctrl Pts',(268.233988348344,270.124669488816,91.886405180378));
#5279=CARTESIAN_POINT('Ctrl Pts',(268.003528205729,269.807954852543,91.8864330544939));
#5280=CARTESIAN_POINT('Ctrl Pts',(267.766779739432,269.496589374641,91.8864271031855));
#5281=CARTESIAN_POINT('Ctrl Pts',(267.523755463744,269.190501090193,91.8864087140802));
#5282=CARTESIAN_POINT('Ctrl Pts',(267.280384358951,268.883975975619,91.886390298731));
#5283=CARTESIAN_POINT('Ctrl Pts',(267.030719262624,268.582742788235,91.8863594103775));
#5284=CARTESIAN_POINT('Ctrl Pts',(266.774730438913,268.286759798508,91.8863375207792));
#5285=CARTESIAN_POINT('Ctrl Pts',(266.725910997491,268.230313098925,91.8863333462299));
#5286=CARTESIAN_POINT('Ctrl Pts',(266.676861445164,268.174057446861,91.8863294989354));
#5287=CARTESIAN_POINT('Ctrl Pts',(266.627581413548,268.117992694544,91.8863261277798));
#5288=CARTESIAN_POINT('Ctrl Pts',(266.344721557078,267.796189577262,91.8863067778618));
#5289=CARTESIAN_POINT('Ctrl Pts',(266.054264751989,267.480678807312,91.8863031138318));
#5290=CARTESIAN_POINT('Ctrl Pts',(265.756620217985,267.171945268091,91.8863053384925));
#5291=CARTESIAN_POINT('Ctrl Pts',(265.458975683982,266.86321172887,91.8863075631533));
#5292=CARTESIAN_POINT('Ctrl Pts',(265.154143634923,266.561255656186,91.8863156762719));
#5293=CARTESIAN_POINT('Ctrl Pts',(264.842573125269,266.266525419727,91.8863198931626));
#5294=CARTESIAN_POINT('Ctrl Pts',(264.398504496919,265.846458539896,91.8863259033233));
#5295=CARTESIAN_POINT('Ctrl Pts',(263.940751262742,265.441066783238,91.8863239998563));
#5296=CARTESIAN_POINT('Ctrl Pts',(263.470211003951,265.051124775824,91.8863212794486));
#5297=CARTESIAN_POINT('Ctrl Pts',(263.280463825691,264.893879153989,91.8863201824337));
#5298=CARTESIAN_POINT('Ctrl Pts',(263.088637677497,264.739145415233,91.8863189527698));
#5299=CARTESIAN_POINT('Ctrl Pts',(262.894792937665,264.586972500985,91.886318056617));
#5300=CARTESIAN_POINT('Ctrl Pts',(262.480521095072,264.261758860251,91.8863161414201));
#5301=CARTESIAN_POINT('Ctrl Pts',(262.057027369758,263.948244411537,91.8863157481032));
#5302=CARTESIAN_POINT('Ctrl Pts',(261.625002697337,263.646944812332,91.8863158826026));
#5303=CARTESIAN_POINT('Ctrl Pts',(261.353574732535,263.457647435982,91.8863159671044));
#5304=CARTESIAN_POINT('Ctrl Pts',(261.078780050658,263.273170720378,91.8863162603083));
#5305=CARTESIAN_POINT('Ctrl Pts',(260.800796111429,263.093633975891,91.886316519674));
#5306=CARTESIAN_POINT('Ctrl Pts',(260.346540493732,262.800251649586,91.8863169435055));
#5307=CARTESIAN_POINT('Ctrl Pts',(259.883767313452,262.520062763889,91.8863172758584));
#5308=CARTESIAN_POINT('Ctrl Pts',(259.413253489727,262.253537485934,91.8863174703413));
#5309=CARTESIAN_POINT('Ctrl Pts',(258.942753863092,261.987020250001,91.8863176648184));
#5310=CARTESIAN_POINT('Ctrl Pts',(258.464514231779,261.734165894293,91.8863177213111));
#5311=CARTESIAN_POINT('Ctrl Pts',(257.979337145483,261.495399198021,91.8863176166396));
#5312=CARTESIAN_POINT('Ctrl Pts',(257.494166673774,261.256635756939,91.8863175119696));
#5313=CARTESIAN_POINT('Ctrl Pts',(257.002059112964,261.031959678602,91.886317246022));
#5314=CARTESIAN_POINT('Ctrl Pts',(256.503840067368,260.821748996182,91.8863168206298));
#5315=CARTESIAN_POINT('Ctrl Pts',(256.418118561918,260.78558101682,91.8863167474386));
#5316=CARTESIAN_POINT('Ctrl Pts',(256.332216188381,260.749841146071,91.8863166695896));
#5317=CARTESIAN_POINT('Ctrl Pts',(256.246137214812,260.714531167095,91.8863165871708));
#5318=CARTESIAN_POINT('Ctrl Pts',(255.749010600199,260.510607611983,91.8863161111825));
#5319=CARTESIAN_POINT('Ctrl Pts',(255.245992259749,260.3210263362,91.8863154805305));
#5320=CARTESIAN_POINT('Ctrl Pts',(254.737920796016,260.146104656021,91.8863151260359));
#5321=CARTESIAN_POINT('Ctrl Pts',(254.229871743209,259.971190691599,91.8863147715569));
#5322=CARTESIAN_POINT('Ctrl Pts',(253.716770205266,259.810935096157,91.8863146931027));
#5323=CARTESIAN_POINT('Ctrl Pts',(253.19947174855,259.665605899446,91.886315350137));
#5324=CARTESIAN_POINT('Ctrl Pts',(252.682177548782,259.520277898677,91.8863160071658));
#5325=CARTESIAN_POINT('Ctrl Pts',(252.160686695202,259.389876106398,91.8863173995694));
#5326=CARTESIAN_POINT('Ctrl Pts',(251.635868895544,259.274618385069,91.8863200170758));
#5327=CARTESIAN_POINT('Ctrl Pts',(251.534868948573,259.252437308608,91.8863205208087));
#5328=CARTESIAN_POINT('Ctrl Pts',(251.433745821508,259.230816958928,91.8863210700072));
#5329=CARTESIAN_POINT('Ctrl Pts',(251.332505763875,259.209758673188,91.8863216682954));
#5330=CARTESIAN_POINT('Ctrl Pts',(250.804752481686,259.099984146421,91.8863247871057));
#5331=CARTESIAN_POINT('Ctrl Pts',(250.273820948958,259.005487384276,91.8863292372728));
#5332=CARTESIAN_POINT('Ctrl Pts',(249.740599545329,258.926426628407,91.8863342166436));
#5333=CARTESIAN_POINT('Ctrl Pts',(249.207387874181,258.847367315574,91.8863391959236));
#5334=CARTESIAN_POINT('Ctrl Pts',(248.671886613971,258.783743474888,91.8863447043035));
#5335=CARTESIAN_POINT('Ctrl Pts',(248.13499175914,258.735661781167,91.8863499730178));
#5336=CARTESIAN_POINT('Ctrl Pts',(247.598106162005,258.687580916521,91.8863552416413));
#5337=CARTESIAN_POINT('Ctrl Pts',(247.059827217904,258.655041680766,91.8863602705306));
#5338=CARTESIAN_POINT('Ctrl Pts',(246.521055553758,258.638098831816,91.8863643255121));
#5339=CARTESIAN_POINT('Ctrl Pts',(245.982270836224,258.621155572373,91.8863683805918));
#5340=CARTESIAN_POINT('Ctrl Pts',(245.442993575072,258.619809462249,91.8863714616472));
#5341=CARTESIAN_POINT('Ctrl Pts',(244.904126141928,258.634063163331,91.8863728701022));
#5342=CARTESIAN_POINT('Ctrl Pts',(244.365278615707,258.64831633785,91.8863742785053));
#5343=CARTESIAN_POINT('Ctrl Pts',(243.826841087552,258.678168165723,91.8863740143707));
#5344=CARTESIAN_POINT('Ctrl Pts',(243.289714502799,258.723569202765,91.8863714158248));
#5345=CARTESIAN_POINT('Ctrl Pts',(242.752589520109,258.76897010439,91.8863688172867));
#5346=CARTESIAN_POINT('Ctrl Pts',(242.216775672724,258.829920105921,91.8863638842983));
#5347=CARTESIAN_POINT('Ctrl Pts',(241.683169570602,258.90631782027,91.8863559924725));
#5348=CARTESIAN_POINT('Ctrl Pts',(241.488521002218,258.934186140491,91.8863531136962));
#5349=CARTESIAN_POINT('Ctrl Pts',(241.29416614898,258.96410949848,91.8863498415691));
#5350=CARTESIAN_POINT('Ctrl Pts',(241.100148307994,258.996081260815,91.8863461470455));
#5351=CARTESIAN_POINT('',(272.287409462606,278.302550332842,94.5398919731164));
#5352=CARTESIAN_POINT('',(269.576779050981,272.23120584647,94.5424804451301));
#5353=CARTESIAN_POINT('Origin',(245.643900157088,286.565409510622,94.54016636973));
#5354=CARTESIAN_POINT('',(269.570384458656,272.235032678325,94.6157536009382));
#5355=CARTESIAN_POINT('Origin',(269.319455301863,272.385238380836,94.5346508052976));
#5356=CARTESIAN_POINT('Ctrl Pts',(239.474969134862,259.362993402406,94.6166105721876));
#5357=CARTESIAN_POINT('Ctrl Pts',(239.997542875646,259.244486265854,94.6166208749086));
#5358=CARTESIAN_POINT('Ctrl Pts',(240.523540766711,259.141039985666,94.616627520288));
#5359=CARTESIAN_POINT('Ctrl Pts',(241.052086304693,259.052828143225,94.6166313199347));
#5360=CARTESIAN_POINT('Ctrl Pts',(241.580616680464,258.964618831288,94.6166351194724));
#5361=CARTESIAN_POINT('Ctrl Pts',(242.111694354704,258.891643117236,94.6166360734821));
#5362=CARTESIAN_POINT('Ctrl Pts',(242.644434220007,258.834023174496,94.6166350320055));
#5363=CARTESIAN_POINT('Ctrl Pts',(243.177192437665,258.776401246807,94.616633990493));
#5364=CARTESIAN_POINT('Ctrl Pts',(243.711612756973,258.734136170978,94.6166309534068));
#5365=CARTESIAN_POINT('Ctrl Pts',(244.246804346124,258.707298309449,94.6166268086949));
#5366=CARTESIAN_POINT('Ctrl Pts',(244.781982788622,258.680461107175,94.6166226640849));
#5367=CARTESIAN_POINT('Ctrl Pts',(245.317932258133,258.66905037107,94.6166174119629));
#5368=CARTESIAN_POINT('Ctrl Pts',(245.853759423287,258.673084396481,94.6166119772058));
#5369=CARTESIAN_POINT('Ctrl Pts',(246.389607113399,258.677118576416,94.6166065422405));
#5370=CARTESIAN_POINT('Ctrl Pts',(246.925332284617,258.696598699152,94.6166009246937));
#5371=CARTESIAN_POINT('Ctrl Pts',(247.460042014001,258.731490936165,94.6165960855947));
#5372=CARTESIAN_POINT('Ctrl Pts',(247.695886089023,258.74688083261,94.6165939512163));
#5373=CARTESIAN_POINT('Ctrl Pts',(247.931532642977,258.76526835486,94.6165919687435));
#5374=CARTESIAN_POINT('Ctrl Pts',(248.166905247054,258.786647382744,94.6165902228126));
#5375=CARTESIAN_POINT('Ctrl Pts',(248.703614608103,258.835397000144,94.6165862416464));
#5376=CARTESIAN_POINT('Ctrl Pts',(249.238899111051,258.899704590256,94.6165834881305));
#5377=CARTESIAN_POINT('Ctrl Pts',(249.771861686656,258.979460478913,94.6165816363176));
#5378=CARTESIAN_POINT('Ctrl Pts',(250.304835478099,259.059218045979,94.6165797844658));
#5379=CARTESIAN_POINT('Ctrl Pts',(250.835487047342,259.154424531138,94.6165788344398));
#5380=CARTESIAN_POINT('Ctrl Pts',(251.362927186277,259.264918732187,94.6165784935078));
#5381=CARTESIAN_POINT('Ctrl Pts',(251.890407868644,259.37542142674,94.6165781525495));
#5382=CARTESIAN_POINT('Ctrl Pts',(252.414676431784,259.501214146181,94.6165784208705));
#5383=CARTESIAN_POINT('Ctrl Pts',(252.934854324685,259.642084662317,94.6165790375873));
#5384=CARTESIAN_POINT('Ctrl Pts',(253.455027228617,259.782953827379,94.6165796542982));
#5385=CARTESIAN_POINT('Ctrl Pts',(253.97110934848,259.938900446767,94.6165806194971));
#5386=CARTESIAN_POINT('Ctrl Pts',(254.482235926622,260.109662022735,94.616581702791));
#5387=CARTESIAN_POINT('Ctrl Pts',(254.993380418327,260.280429583421,94.6165827861229));
#5388=CARTESIAN_POINT('Ctrl Pts',(255.499568831875,260.466013075496,94.6165839876632));
#5389=CARTESIAN_POINT('Ctrl Pts',(255.999952948877,260.666100569903,94.6165851059484));
#5390=CARTESIAN_POINT('Ctrl Pts',(256.204840532169,260.748028516421,94.6165855638421));
#5391=CARTESIAN_POINT('Ctrl Pts',(256.408755188197,260.83238760574,94.6165860081052));
#5392=CARTESIAN_POINT('Ctrl Pts',(256.611639603892,260.91915407455,94.6165864262437));
#5393=CARTESIAN_POINT('Ctrl Pts',(257.107243855164,261.131106435024,94.6165874476687));
#5394=CARTESIAN_POINT('Ctrl Pts',(257.596698902888,261.357427458355,94.6165883114161));
#5395=CARTESIAN_POINT('Ctrl Pts',(258.079184324898,261.597737216648,94.6165890595104));
#5396=CARTESIAN_POINT('Ctrl Pts',(258.561667019159,261.83804561634,94.6165898076004));
#5397=CARTESIAN_POINT('Ctrl Pts',(259.037179988289,262.092342503681,94.616590440158));
#5398=CARTESIAN_POINT('Ctrl Pts',(259.50492610135,262.360201320433,94.6165910240935));
#5399=CARTESIAN_POINT('Ctrl Pts',(259.972689013236,262.628069757175,94.6165916080499));
#5400=CARTESIAN_POINT('Ctrl Pts',(260.432684338101,262.909500998654,94.6165921435051));
#5401=CARTESIAN_POINT('Ctrl Pts',(260.884140773634,263.20402321004,94.6165927204354));
#5402=CARTESIAN_POINT('Ctrl Pts',(261.335582054993,263.498535535112,94.6165932973463));
#5403=CARTESIAN_POINT('Ctrl Pts',(261.778484853449,263.806137842236,94.616593915859));
#5404=CARTESIAN_POINT('Ctrl Pts',(262.212106405772,264.126314677236,94.6165946870913));
#5405=CARTESIAN_POINT('Ctrl Pts',(262.645727446487,264.446491134475,94.6165954583228));
#5406=CARTESIAN_POINT('Ctrl Pts',(263.070067102461,264.779241971821,94.6165963824073));
#5407=CARTESIAN_POINT('Ctrl Pts',(263.484413530561,265.124009772725,94.6165975896375));
#5408=CARTESIAN_POINT('Ctrl Pts',(263.653439228411,265.264652032901,94.6165980821069));
#5409=CARTESIAN_POINT('Ctrl Pts',(263.820802328517,265.407293555663,94.6165986219048));
#5410=CARTESIAN_POINT('Ctrl Pts',(263.986456078728,265.551894567558,94.6165992187125));
#5411=CARTESIAN_POINT('Ctrl Pts',(264.390528273198,265.904613706874,94.6166006744804));
#5412=CARTESIAN_POINT('Ctrl Pts',(264.78442741036,266.268994429877,94.6166024683982));
#5413=CARTESIAN_POINT('Ctrl Pts',(265.167495894357,266.644429254573,94.6166044245883));
#5414=CARTESIAN_POINT('Ctrl Pts',(265.550557274472,267.019857116951,94.616606380742));
#5415=CARTESIAN_POINT('Ctrl Pts',(265.922788257208,267.406338528171,94.6166084993084));
#5416=CARTESIAN_POINT('Ctrl Pts',(266.283567736452,267.80322878611,94.6166106185361));
#5417=CARTESIAN_POINT('Ctrl Pts',(266.644363235863,268.200136667691,94.6166127378579));
#5418=CARTESIAN_POINT('Ctrl Pts',(266.993706077178,268.607454169473,94.6166148579905));
#5419=CARTESIAN_POINT('Ctrl Pts',(267.331013655662,269.024501449357,94.6166168290621));
#5420=CARTESIAN_POINT('Ctrl Pts',(267.668314383707,269.441540259356,94.6166188000937));
#5421=CARTESIAN_POINT('Ctrl Pts',(267.993580209835,269.868308293064,94.6166206222224));
#5422=CARTESIAN_POINT('Ctrl Pts',(268.30626913777,270.30409302498,94.6166221552267));
#5423=CARTESIAN_POINT('Ctrl Pts',(268.618970691968,270.739895353723,94.6166236882929));
#5424=CARTESIAN_POINT('Ctrl Pts',(268.919094213571,271.184714942663,94.6166249323653));
#5425=CARTESIAN_POINT('Ctrl Pts',(269.206140067983,271.637808892786,94.6166257545549));
#5426=CARTESIAN_POINT('Ctrl Pts',(269.330939552635,271.834801431104,94.6166261120199));
#5427=CARTESIAN_POINT('Ctrl Pts',(269.453267562285,272.033357672135,94.616626389818));
#5428=CARTESIAN_POINT('Ctrl Pts',(269.573085620844,272.233414900286,94.6166265773478));
#5429=CARTESIAN_POINT('Origin',(245.64507982292,286.553587236761,92.752814368039));
#5430=CARTESIAN_POINT('',(239.473749794637,313.753569619951,94.5398919731164));
#5431=CARTESIAN_POINT('Origin',(245.646655207868,286.555566674207,94.0866702705097));
#5432=CARTESIAN_POINT('',(225.17910257784,267.610625284014,94.5398919731164));
#5433=CARTESIAN_POINT('Ctrl Pts',(217.724543551774,285.721220996106,91.9648921586114));
#5434=CARTESIAN_POINT('Ctrl Pts',(217.739516052067,285.721678705571,92.8231957687566));
#5435=CARTESIAN_POINT('Ctrl Pts',(217.754488552054,285.72213642531,93.6814993789016));
#5436=CARTESIAN_POINT('Ctrl Pts',(217.769461051737,285.722594155322,94.5398029890465));
#5437=CARTESIAN_POINT('Origin',(245.646639499685,286.555609407174,91.5196693045535));
#5438=CARTESIAN_POINT('',(225.147333779012,305.53240873128,91.9648921638513));
#5439=CARTESIAN_POINT('Origin',(245.646377187741,286.556267248707,94.5346563011194));
#5440=CARTESIAN_POINT('',(233.583640849695,301.876513168149,94.5346563009898));
#5441=CARTESIAN_POINT('',(239.718807096587,305.132689742824,94.5346562577841));
#5442=CARTESIAN_POINT('Origin',(245.646901711873,286.555566205989,94.5346563011194));
#5443=CARTESIAN_POINT('',(264.697748818075,290.716002481279,94.5346563011194));
#5444=CARTESIAN_POINT('Origin',(245.646742634233,286.55559299741,91.959655848912));
#5445=CARTESIAN_POINT('Ctrl Pts',(272.044336061832,278.379695893196,91.6596563011194));
#5446=CARTESIAN_POINT('Ctrl Pts',(271.718709243577,277.328218415965,91.6596563011194));
#5447=CARTESIAN_POINT('Ctrl Pts',(271.135814749971,275.780268667123,91.6596563011194));
#5448=CARTESIAN_POINT('Ctrl Pts',(270.178372111719,273.796792466487,91.6596563011194));
#5449=CARTESIAN_POINT('Ctrl Pts',(269.372751429731,272.354713651855,91.6596563011194));
#5450=CARTESIAN_POINT('Ctrl Pts',(268.482457790691,270.963319894383,91.6596563011194));
#5451=CARTESIAN_POINT('Ctrl Pts',(267.510634208197,269.627594908426,91.6596563011194));
#5452=CARTESIAN_POINT('Ctrl Pts',(266.46083821193,268.352235337508,91.6596563011194));
#5453=CARTESIAN_POINT('Ctrl Pts',(265.33671904826,267.141865380192,91.6596563011194));
#5454=CARTESIAN_POINT('Ctrl Pts',(264.142340987424,266.000781511245,91.6596563011194));
#5455=CARTESIAN_POINT('Ctrl Pts',(262.881989005155,264.93302088088,91.6596563011194));
#5456=CARTESIAN_POINT('Ctrl Pts',(261.560079029922,263.942482798505,91.6596563011194));
#5457=CARTESIAN_POINT('Ctrl Pts',(260.181402714409,263.032614187508,91.6596563011194));
#5458=CARTESIAN_POINT('Ctrl Pts',(258.750861892897,262.206670501821,91.6596563011194));
#5459=CARTESIAN_POINT('Ctrl Pts',(257.273546939751,261.467659505377,91.6596563011194));
#5460=CARTESIAN_POINT('Ctrl Pts',(255.754751534854,260.818150921483,91.6596563011194));
#5461=CARTESIAN_POINT('Ctrl Pts',(254.199871834207,260.260510399295,91.6596563011194));
#5462=CARTESIAN_POINT('Ctrl Pts',(252.61447061623,259.796715449528,91.6596563011194));
#5463=CARTESIAN_POINT('Ctrl Pts',(251.004213627892,259.428373497984,91.6596563011194));
#5464=CARTESIAN_POINT('Ctrl Pts',(249.374828110934,259.15689141248,91.6596563011194));
#5465=CARTESIAN_POINT('Ctrl Pts',(247.732138158433,258.983175201721,91.6596563011194));
#5466=CARTESIAN_POINT('Ctrl Pts',(246.081999179464,258.907841532482,91.6596563011194));
#5467=CARTESIAN_POINT('Ctrl Pts',(244.430310338693,258.931167334465,91.6596563011194));
#5468=CARTESIAN_POINT('Ctrl Pts',(242.233854131398,259.093728538399,91.6596563011194));
#5469=CARTESIAN_POINT('Ctrl Pts',(240.601865326361,259.36295950319,91.6596563011194));
#5470=CARTESIAN_POINT('Ctrl Pts',(239.528450799561,259.606654932855,91.6596563011194));
#5471=CARTESIAN_POINT('Origin',(239.41479118947,306.085362626652,91.95965364497));
#5472=CARTESIAN_POINT('',(240.380844654369,306.343720345365,91.9596584093674));
#5473=CARTESIAN_POINT('Origin',(239.414791189503,306.085362626635,91.959649082579));
#5474=CARTESIAN_POINT('',(240.670650531544,306.421228247931,91.6596563012289));
#5475=CARTESIAN_POINT('Origin',(240.670658364646,306.421230342851,91.9596482729919));
#5476=CARTESIAN_POINT('Ctrl Pts',(239.809993429611,304.846892679943,91.6596534153964));
#5477=CARTESIAN_POINT('Ctrl Pts',(239.950552760433,304.891746280317,91.6596542563492));
#5478=CARTESIAN_POINT('Ctrl Pts',(240.082611660634,304.96025509241,91.6596549473991));
#5479=CARTESIAN_POINT('Ctrl Pts',(240.335282087995,305.151906044387,91.6596560420662));
#5480=CARTESIAN_POINT('Ctrl Pts',(240.448882169486,305.279571167243,91.6596563783402));
#5481=CARTESIAN_POINT('Ctrl Pts',(240.620752110235,305.571260108434,91.65965651695));
#5482=CARTESIAN_POINT('Ctrl Pts',(240.677378818163,305.732495209186,91.6596563179608));
#5483=CARTESIAN_POINT('Ctrl Pts',(240.725641035395,306.06759578409,91.6596554057951));
#5484=CARTESIAN_POINT('Ctrl Pts',(240.716815153954,306.238257512123,91.6596547013396));
#5485=CARTESIAN_POINT('Ctrl Pts',(240.673948980654,306.40870763263,91.6596537532154));
#5486=CARTESIAN_POINT('Ctrl Pts',(240.672322503918,306.41497647574,91.6596537179865));
#5487=CARTESIAN_POINT('Ctrl Pts',(240.670649870097,306.42123072111,91.6596536824809));
#5488=CARTESIAN_POINT('Origin',(231.844957025587,301.713434648616,91.9596480809823));
#5489=CARTESIAN_POINT('',(231.137508993551,301.006650039891,91.9596564214421));
#5490=CARTESIAN_POINT('',(230.925284205923,300.794619440667,91.6596562739565));
#5491=CARTESIAN_POINT('Origin',(230.925283874841,300.794619990604,91.9596501014281));
#5492=CARTESIAN_POINT('Origin',(231.84495702559,301.713434648631,91.9596502313705));
#5493=CARTESIAN_POINT('Ctrl Pts',(230.925285823144,300.794617821925,91.6596555351393));
#5494=CARTESIAN_POINT('Ctrl Pts',(230.980579967778,300.739270761499,91.659655841148));
#5495=CARTESIAN_POINT('Ctrl Pts',(231.040887338799,300.688898268522,91.659656103064));
#5496=CARTESIAN_POINT('Ctrl Pts',(231.244763291483,300.547907922973,91.6596567778536));
#5497=CARTESIAN_POINT('Ctrl Pts',(231.401465385399,300.47974012328,91.6596570074933));
#5498=CARTESIAN_POINT('Ctrl Pts',(231.732179327788,300.407307660658,91.6596569785395));
#5499=CARTESIAN_POINT('Ctrl Pts',(231.903029394021,300.40373561104,91.6596567202221));
#5500=CARTESIAN_POINT('Ctrl Pts',(232.236482358305,300.462282110786,91.6596557450271));
#5501=CARTESIAN_POINT('Ctrl Pts',(232.395897231667,300.523841027944,91.6596550374737));
#5502=CARTESIAN_POINT('Ctrl Pts',(232.603481713844,300.654920362138,91.6596537501157));
#5503=CARTESIAN_POINT('Ctrl Pts',(232.664079042555,300.701113839059,91.6596533173198));
#5504=CARTESIAN_POINT('Ctrl Pts',(232.720180842668,300.75219779008,91.659652856851));
#5505=CARTESIAN_POINT('Origin',(245.646757156833,286.555581014489,94.5346550675447));
#5506=CARTESIAN_POINT('Ctrl Pts',(239.540125817613,259.650084446582,94.8346560150171));
#5507=CARTESIAN_POINT('Ctrl Pts',(240.61172557837,259.406860381334,94.8346560150171));
#5508=CARTESIAN_POINT('Ctrl Pts',(242.240952251588,259.138208376812,94.834656015017));
#5509=CARTESIAN_POINT('Ctrl Pts',(244.433664023096,258.976069791928,94.8346560150171));
#5510=CARTESIAN_POINT('Ctrl Pts',(246.082528728049,258.952813330114,94.8346560150171));
#5511=CARTESIAN_POINT('Ctrl Pts',(247.729833879454,259.028100533615,94.8346560150171));
#5512=CARTESIAN_POINT('Ctrl Pts',(249.369703313127,259.20156023842,94.8346560150171));
#5513=CARTESIAN_POINT('Ctrl Pts',(250.996282157803,259.472660495575,94.8346560150171));
#5514=CARTESIAN_POINT('Ctrl Pts',(252.60377755827,259.840413859798,94.8346560150171));
#5515=CARTESIAN_POINT('Ctrl Pts',(254.18645700653,260.303444897556,94.8346560150171));
#5516=CARTESIAN_POINT('Ctrl Pts',(255.738667278854,260.860143927932,94.8346560150171));
#5517=CARTESIAN_POINT('Ctrl Pts',(257.254857148538,261.508544772164,94.8346560150171));
#5518=CARTESIAN_POINT('Ctrl Pts',(258.729639599562,262.2463120222,94.8346560150171));
#5519=CARTESIAN_POINT('Ctrl Pts',(260.157731200617,263.070837724469,94.8346560150171));
#5520=CARTESIAN_POINT('Ctrl Pts',(261.534031381007,263.979164776045,94.8346560150171));
#5521=CARTESIAN_POINT('Ctrl Pts',(262.8536884364,264.967998446464,94.8346560150171));
#5522=CARTESIAN_POINT('Ctrl Pts',(264.11191670478,266.033895595923,94.8346560150171));
#5523=CARTESIAN_POINT('Ctrl Pts',(265.304257323406,267.173022870274,94.8346560150171));
#5524=CARTESIAN_POINT('Ctrl Pts',(266.426480695169,268.381272085359,94.8346560150171));
#5525=CARTESIAN_POINT('Ctrl Pts',(267.47452337597,269.654413838687,94.8346560150171));
#5526=CARTESIAN_POINT('Ctrl Pts',(268.444694048722,270.987837073853,94.8346560150171));
#5527=CARTESIAN_POINT('Ctrl Pts',(269.333553684906,272.376793147777,94.8346560150171));
#5528=CARTESIAN_POINT('Ctrl Pts',(270.137836755563,273.816372332279,94.8346560150171));
#5529=CARTESIAN_POINT('Ctrl Pts',(271.093806124329,275.796374179727,94.8346560150171));
#5530=CARTESIAN_POINT('Ctrl Pts',(271.67572850852,277.341669903228,94.8346560150171));
#5531=CARTESIAN_POINT('Ctrl Pts',(272.000878250437,278.391320572777,94.8346560150171));
#5532=CARTESIAN_POINT('Origin',(239.41479118938,306.085362626703,94.5346585409638));
#5533=CARTESIAN_POINT('',(240.670649649483,306.421231545509,94.8346586773402));
#5534=CARTESIAN_POINT('Ctrl Pts',(240.670649649483,306.421231545509,94.8346586773402));
#5535=CARTESIAN_POINT('Ctrl Pts',(240.684598106074,306.369074204108,94.8346583812106));
#5536=CARTESIAN_POINT('Ctrl Pts',(240.695293554657,306.316047168628,94.8346581051996));
#5537=CARTESIAN_POINT('Ctrl Pts',(240.702653070028,306.26256088259,94.83465785144));
#5538=CARTESIAN_POINT('Ctrl Pts',(240.710011680922,306.209081169958,94.8346575977116));
#5539=CARTESIAN_POINT('Ctrl Pts',(240.714035119149,306.155142748269,94.8346573662305));
#5540=CARTESIAN_POINT('Ctrl Pts',(240.714692096482,306.101163081632,94.834657158778));
#5541=CARTESIAN_POINT('Ctrl Pts',(240.715367705686,306.045652552085,94.8346569454422));
#5542=CARTESIAN_POINT('Ctrl Pts',(240.712482929755,305.990098879114,94.8346567575206));
#5543=CARTESIAN_POINT('Ctrl Pts',(240.706061212716,305.934956779229,94.8346565965419));
#5544=CARTESIAN_POINT('Ctrl Pts',(240.699816992131,305.881338808657,94.8346564400127));
#5545=CARTESIAN_POINT('Ctrl Pts',(240.690228949586,305.828110394246,94.834656308957));
#5546=CARTESIAN_POINT('Ctrl Pts',(240.677371149871,305.775683595257,94.8346562043863));
#5547=CARTESIAN_POINT('Ctrl Pts',(240.663965111872,305.721021392161,94.8346560953569));
#5548=CARTESIAN_POINT('Ctrl Pts',(240.647004255793,305.667231206656,94.8346560151235));
#5549=CARTESIAN_POINT('Ctrl Pts',(240.626631129327,305.614765702272,94.8346559643645));
#5550=CARTESIAN_POINT('Ctrl Pts',(240.606258002861,305.562300197887,94.8346559136054));
#5551=CARTESIAN_POINT('Ctrl Pts',(240.58247279754,305.511159872868,94.8346558923217));
#5552=CARTESIAN_POINT('Ctrl Pts',(240.555475524971,305.461775167684,94.8346559006973));
#5553=CARTESIAN_POINT('Ctrl Pts',(240.529585191326,305.414415328246,94.8346559087295));
#5554=CARTESIAN_POINT('Ctrl Pts',(240.50074135086,305.368670326196,94.8346559440359));
#5555=CARTESIAN_POINT('Ctrl Pts',(240.469167383206,305.324894224018,94.8346560063425));
#5556=CARTESIAN_POINT('Ctrl Pts',(240.437594209216,305.281119222226,94.8346560686475));
#5557=CARTESIAN_POINT('Ctrl Pts',(240.403291299688,305.239313371712,94.8346561579505));
#5558=CARTESIAN_POINT('Ctrl Pts',(240.366524252616,305.199800177406,94.8346562735572));
#5559=CARTESIAN_POINT('Ctrl Pts',(240.328702236954,305.159153218434,94.8346563924811));
#5560=CARTESIAN_POINT('Ctrl Pts',(240.288272778022,305.120932902367,94.8346565392406));
#5561=CARTESIAN_POINT('Ctrl Pts',(240.245567031759,305.085452106872,94.834656712633));
#5562=CARTESIAN_POINT('Ctrl Pts',(240.204045044654,305.050954802367,94.8346568812191));
#5563=CARTESIAN_POINT('Ctrl Pts',(240.16037172245,305.019047344961,94.8346570749787));
#5564=CARTESIAN_POINT('Ctrl Pts',(240.11488522587,304.989976640202,94.8346572924147));
#5565=CARTESIAN_POINT('Ctrl Pts',(240.067453552986,304.959662761088,94.834657519149));
#5566=CARTESIAN_POINT('Ctrl Pts',(240.018050515993,304.932434059514,94.8346577716291));
#5567=CARTESIAN_POINT('Ctrl Pts',(239.967091907326,304.908519545492,94.834658047737));
#5568=CARTESIAN_POINT('Ctrl Pts',(239.916133298658,304.88460503147,94.834658323845));
#5569=CARTESIAN_POINT('Ctrl Pts',(239.863619601936,304.864004930393,94.8346586235786));
#5570=CARTESIAN_POINT('Ctrl Pts',(239.809992722118,304.846892454293,94.8346589444229));
#5571=CARTESIAN_POINT('',(240.380847425432,306.343720330211,94.5346609893967));
#5572=CARTESIAN_POINT('Origin',(240.670681285279,306.421236472848,94.5346426618859));
#5573=CARTESIAN_POINT('Origin',(239.414791189414,306.085362626686,94.5346632337652));
#5574=CARTESIAN_POINT('Origin',(231.844957025134,301.71343462906,94.5346640878141));
#5575=CARTESIAN_POINT('',(230.925289734626,300.794617614859,94.834656821544));
#5576=CARTESIAN_POINT('Origin',(231.84495652656,301.713432476525,94.8346649425328));
#5577=CARTESIAN_POINT('',(231.137508888892,301.006649991391,94.5346558912319));
#5578=CARTESIAN_POINT('Origin',(231.844957025137,301.713434629075,94.5346620723256));
#5579=CARTESIAN_POINT('Origin',(230.925283765565,300.794619881432,94.5346622152527));
#5580=CARTESIAN_POINT('Origin',(245.646746222955,286.55557469297,94.8346560410838));
#5581=CARTESIAN_POINT('',(231.346549465083,286.562346476871,94.8346560150171));
#5582=CARTESIAN_POINT('',(231.346547861423,286.55557469297,94.8346560150171));
#5583=CARTESIAN_POINT('Origin',(245.646745748504,286.55557408236,94.8346560150171));
#5584=CARTESIAN_POINT('Origin',(245.646745748504,286.55557408236,94.8346560150171));
#5585=CARTESIAN_POINT('',(230.846548321194,286.55557469297,94.834655994184));
#5586=CARTESIAN_POINT('Origin',(231.096548284388,286.55557469297,94.8346560001214));
#5587=CARTESIAN_POINT('Origin',(245.646746222955,286.55557469297,94.8346560150171));
#5588=CARTESIAN_POINT('Origin',(226.408215740566,305.315960595687,94.5346622152527));
#5589=CARTESIAN_POINT('',(226.408215740566,305.315960595687,94.8346560150171));
#5590=CARTESIAN_POINT('',(226.620443645199,305.527987943905,94.5346622333118));
#5591=CARTESIAN_POINT('Origin',(239.018891307501,312.597434459086,94.5346426618859));
#5592=CARTESIAN_POINT('',(238.729064122824,312.519921782193,94.534642935095));
#5593=CARTESIAN_POINT('',(239.018891307501,312.597434459086,94.8346560150171));
#5594=CARTESIAN_POINT('Origin',(230.930626213398,272.313335830831,94.534646024943));
#5595=CARTESIAN_POINT('',(231.142664680555,272.101096148895,94.5346447532055));
#5596=CARTESIAN_POINT('',(230.930626213398,272.313335830831,94.8346560150171));
#5597=CARTESIAN_POINT('Origin',(265.338840743421,292.185204533491,94.5346701369574));
#5598=CARTESIAN_POINT('',(265.416345594592,291.89540369657,94.5346693979245));
#5599=CARTESIAN_POINT('',(265.338840743421,292.185204533491,94.8346560150171));
#5600=CARTESIAN_POINT('Origin',(239.019066694321,260.514305014337,94.5346316477807));
#5601=CARTESIAN_POINT('',(239.019066694321,260.514305014337,94.8346560150171));
#5602=CARTESIAN_POINT('',(238.729301897359,260.592093081399,94.5346316343472));
#5603=CARTESIAN_POINT('Origin',(271.5136653033,279.274527401773,94.5346670175413));
#5604=CARTESIAN_POINT('',(271.5136653033,279.274527401773,94.8346560150171));
#5605=CARTESIAN_POINT('',(271.591445012581,279.564257820319,94.534667499222));
#5606=CARTESIAN_POINT('Origin',(228.570391296185,303.151740059341,91.9596501014281));
#5607=CARTESIAN_POINT('',(228.782619201203,303.363767407943,91.9596501194872));
#5608=CARTESIAN_POINT('',(228.570394559932,303.151744460921,91.6596563034595));
#5609=CARTESIAN_POINT('',(229.747843422567,301.973181741533,91.6596563057017));
#5610=CARTESIAN_POINT('',(228.570391296185,303.151740059341,91.6596563011194));
#5611=CARTESIAN_POINT('Origin',(239.007247779304,312.640878873047,91.9596482729919));
#5612=CARTESIAN_POINT('',(239.809412716215,309.64150877475,91.6596563017463));
#5613=CARTESIAN_POINT('',(239.007247779304,312.640878873047,91.6596563011194));
#5614=CARTESIAN_POINT('',(240.240030922567,308.031371133623,91.6596563030551));
#5615=CARTESIAN_POINT('',(238.717441249941,312.563371720303,91.9596485461815));
#5616=CARTESIAN_POINT('Origin',(228.572382606994,269.957335488949,91.9596606966265));
#5617=CARTESIAN_POINT('',(228.572383925403,269.957336806064,91.6596563042687));
#5618=CARTESIAN_POINT('',(228.572382606994,269.957335488949,91.6596563011194));
#5619=CARTESIAN_POINT('',(229.751505531942,271.135329263506,91.6596563107694));
#5620=CARTESIAN_POINT('',(228.784417120071,269.745099764844,91.9596594249126));
#5621=CARTESIAN_POINT('Origin',(265.338863686321,292.185209051303,91.9596342722861));
#5622=CARTESIAN_POINT('',(268.557641919779,293.046047364088,91.6596563012992));
#5623=CARTESIAN_POINT('',(266.948252358114,292.615630166826,91.659656301461));
#5624=CARTESIAN_POINT('',(265.338863686321,292.185209051303,91.6596563011194));
#5625=CARTESIAN_POINT('',(265.416366494653,291.895415852823,91.9596335332728));
#5626=CARTESIAN_POINT('Origin',(239.812213844768,263.468934691396,91.959651193947));
#5627=CARTESIAN_POINT('',(239.522477514314,263.546715116554,91.9596511805147));
#5628=CARTESIAN_POINT('',(239.812216888221,263.468932830454,91.6596563084229));
#5629=CARTESIAN_POINT('',(240.244166054403,265.077910440264,91.6596563164057));
#5630=CARTESIAN_POINT('',(239.812213844768,263.468934691396,91.6596563011194));
#5631=CARTESIAN_POINT('Origin',(271.556994797011,279.262890732,91.9596539059568));
#5632=CARTESIAN_POINT('',(271.634776737967,279.552629463566,91.9596543876513));
#5633=CARTESIAN_POINT('',(268.558436165364,280.067870132514,91.6596563011242));
#5634=CARTESIAN_POINT('',(271.556994797011,279.262890732,91.6596563011194));
#5635=CARTESIAN_POINT('',(266.948694862997,280.5000143221,91.6596563011342));
#5636=CARTESIAN_POINT('Origin',(239.695058552581,312.778514090424,94.5224467547838));
#5637=CARTESIAN_POINT('',(238.72900360027,312.520148038726,94.5224476654473));
#5638=CARTESIAN_POINT('Origin',(225.913010442856,304.821215173392,94.5346437306224));
#5639=CARTESIAN_POINT('',(226.620447693214,305.527983892063,94.5346437908203));
#5640=CARTESIAN_POINT('Origin',(225.912841356791,268.289792088736,94.5224434781099));
#5641=CARTESIAN_POINT('',(226.619621555392,267.582341188143,94.5224392390729));
#5642=CARTESIAN_POINT('Origin',(271.332323614486,278.598401955189,94.5224476453067));
#5643=CARTESIAN_POINT('',(271.59160160357,279.564215802928,94.5224492509851));
#5644=CARTESIAN_POINT('Origin',(231.849430406482,271.393667294372,94.534656301148));
#5645=CARTESIAN_POINT('',(231.142668460432,272.101099925093,94.5346605400755));
#5646=CARTESIAN_POINT('Origin',(239.420539322178,267.023951568081,94.5346563011183));
#5647=CARTESIAN_POINT('',(240.386347395016,266.764678033388,94.5346563458935));
#5648=CARTESIAN_POINT('Origin',(265.674743760986,290.929347063679,94.5346563012024));
#5649=CARTESIAN_POINT('',(265.416377570116,291.895412248188,94.5346587648044));
#5650=CARTESIAN_POINT('Origin',(239.414814804045,306.085356631275,94.5346563010731));
#5651=CARTESIAN_POINT('',(240.380855423457,306.343718849719,94.5346553904232));
#5652=CARTESIAN_POINT('Origin',(266.274614702675,298.452075484978,91.6596563011194));
#5653=CARTESIAN_POINT('',(268.427262571464,298.452075484978,91.6596563011194));
#5654=CARTESIAN_POINT('Origin',(266.274614702675,298.452075484978,91.6596563011194));
#5655=CARTESIAN_POINT('',(268.427262571464,298.452075484978,94.8346560150171));
#5656=CARTESIAN_POINT('',(268.427262571464,298.452075484978,91.6596563011194));
#5657=CARTESIAN_POINT('Origin',(266.274614702675,298.452075484978,94.8346560150171));
#5658=CARTESIAN_POINT('Origin',(266.263355590364,274.639581406488,91.6596563011194));
#5659=CARTESIAN_POINT('',(268.416005280879,274.639581406488,91.6596563011194));
#5660=CARTESIAN_POINT('Origin',(266.263355590364,274.639581406488,91.6596563011194));
#5661=CARTESIAN_POINT('',(268.416005280879,274.639581406488,94.8346560150171));
#5662=CARTESIAN_POINT('',(268.416005280879,274.639581406488,91.6596563011194));
#5663=CARTESIAN_POINT('Origin',(266.263355590364,274.639581406488,94.8346560150171));
#5664=CARTESIAN_POINT('Origin',(245.635487435413,262.743079481678,91.6596563011194));
#5665=CARTESIAN_POINT('',(247.788137706162,262.743079481678,91.6596563011194));
#5666=CARTESIAN_POINT('Origin',(245.635487435413,262.743079481678,91.6596563011194));
#5667=CARTESIAN_POINT('',(247.788137706162,262.743079481678,94.8346560150171));
#5668=CARTESIAN_POINT('',(247.788137706162,262.743079481678,91.6596563011194));
#5669=CARTESIAN_POINT('Origin',(245.635487435413,262.743079481678,94.8346560150171));
#5670=CARTESIAN_POINT('Origin',(225.018888869206,274.659081109918,91.6596563011194));
#5671=CARTESIAN_POINT('',(227.171538939025,274.659081109918,91.6596563011194));
#5672=CARTESIAN_POINT('Origin',(225.018888869206,274.659081109918,91.6596563011194));
#5673=CARTESIAN_POINT('',(227.171538939025,274.659081109918,94.8346560150171));
#5674=CARTESIAN_POINT('',(227.171538939025,274.659081109918,91.6596563011194));
#5675=CARTESIAN_POINT('Origin',(225.018888869206,274.659081109918,94.8346560150171));
#5676=CARTESIAN_POINT('Origin',(225.030148783101,298.471573818162,91.6596563011194));
#5677=CARTESIAN_POINT('',(227.182795760082,298.471573818162,91.6596563011193));
#5678=CARTESIAN_POINT('Origin',(225.030148783101,298.471573818162,91.6596563011193));
#5679=CARTESIAN_POINT('',(227.182795760082,298.471573818162,94.834656015017));
#5680=CARTESIAN_POINT('',(227.182795760082,298.471573818162,91.6596563011194));
#5681=CARTESIAN_POINT('Origin',(225.030148783101,298.471573818162,94.834656015017));
#5682=CARTESIAN_POINT('Origin',(245.658008499491,310.368067244395,91.6596563011194));
#5683=CARTESIAN_POINT('',(247.8106590023,310.368067244395,91.6596563011194));
#5684=CARTESIAN_POINT('Origin',(245.658008499491,310.368067244395,91.6596563011194));
#5685=CARTESIAN_POINT('',(247.8106590023,310.368067244395,94.8346560150171));
#5686=CARTESIAN_POINT('',(247.8106590023,310.368067244395,91.6596563011194));
#5687=CARTESIAN_POINT('Origin',(245.658008499491,310.368067244395,94.8346560150171));
#5688=CARTESIAN_POINT('Origin',(239.420571325648,267.023950727473,87.6596563011194));
#5689=CARTESIAN_POINT('',(240.676111855184,266.686888711748,87.6596563011194));
#5690=CARTESIAN_POINT('',(239.815394081749,268.262541787919,87.6596563011194));
#5691=CARTESIAN_POINT('Origin',(239.420571325648,267.023950727473,87.6596563011194));
#5692=CARTESIAN_POINT('',(240.676111855184,266.686888711748,87.6596563011194));
#5693=CARTESIAN_POINT('',(239.815394081747,268.26254178792,87.6596563011194));
#5694=CARTESIAN_POINT('Origin',(245.646627035696,286.555375975302,87.6596563011194));
#5695=CARTESIAN_POINT('',(232.72439026488,272.355131681603,87.6596563011194));
#5696=CARTESIAN_POINT('Origin',(245.646627035696,286.555375975302,87.6596563011194));
#5697=CARTESIAN_POINT('',(232.724390663778,272.355132119951,87.6596563011194));
#5698=CARTESIAN_POINT('Origin',(231.849432861941,271.393637924886,87.6596563011194));
#5699=CARTESIAN_POINT('',(230.930628456747,272.31332303792,87.6596563011194));
#5700=CARTESIAN_POINT('Origin',(231.849432861941,271.393637924886,87.6596563011194));
#5701=CARTESIAN_POINT('',(230.930628456747,272.31332303792,87.6596563011194));
#5702=CARTESIAN_POINT('Origin',(231.844948875693,301.713401610109,87.6596563011194));
#5703=CARTESIAN_POINT('',(230.925287880575,300.794615762529,87.6596563011194));
#5704=CARTESIAN_POINT('',(230.925287880575,300.794615762529,87.6596563011194));
#5705=CARTESIAN_POINT('',(232.720179100089,300.752196480399,87.6596563011194));
#5706=CARTESIAN_POINT('',(232.720179031134,300.752196556131,87.6596563013017));
#5707=CARTESIAN_POINT('Origin',(231.844948875693,301.713401610109,87.6596563011194));
#5708=CARTESIAN_POINT('Origin',(245.646901086377,286.555276006075,87.6596563011194));
#5709=CARTESIAN_POINT('',(239.809992563673,304.846892081618,87.6596563011194));
#5710=CARTESIAN_POINT('',(239.809992470419,304.846892373858,87.6596563011194));
#5711=CARTESIAN_POINT('Origin',(245.646901086377,286.555276006075,87.6596563011194));
#5712=CARTESIAN_POINT('Origin',(239.414787625319,306.085363235824,87.6596563011194));
#5713=CARTESIAN_POINT('',(240.6706492087,306.42123319417,87.6596563011194));
#5714=CARTESIAN_POINT('',(240.6706492087,306.42123319417,87.6596563011194));
#5715=CARTESIAN_POINT('Origin',(239.414787625319,306.085363235824,87.6596563011194));
#5716=CARTESIAN_POINT('Origin',(265.67473630032,290.929337457034,87.6596563011194));
#5717=CARTESIAN_POINT('',(265.338862099325,292.185210244951,87.6596563011194));
#5718=CARTESIAN_POINT('',(265.338862099325,292.185210244951,87.6596563011194));
#5719=CARTESIAN_POINT('',(264.404658782154,290.651976773677,87.6596563011194));
#5720=CARTESIAN_POINT('',(264.404657997762,290.651976602373,87.6596563011194));
#5721=CARTESIAN_POINT('Origin',(265.67473630032,290.929337457034,87.6596563011194));
#5722=CARTESIAN_POINT('Origin',(245.647077537788,286.555540438444,87.6596563011194));
#5723=CARTESIAN_POINT('',(264.405878954528,282.464690170108,87.6596563011194));
#5724=CARTESIAN_POINT('',(264.405878700887,282.46469022542,87.6596563011194));
#5725=CARTESIAN_POINT('Origin',(245.647077537788,286.555540438444,87.6596563011194));
#5726=CARTESIAN_POINT('Origin',(265.676007474581,282.18768724886,87.6596563011194));
#5727=CARTESIAN_POINT('',(265.338953652059,280.932158487139,87.6596563011194));
#5728=CARTESIAN_POINT('',(265.338953652059,280.932158487139,87.6596563011194));
#5729=CARTESIAN_POINT('Origin',(265.676007474581,282.18768724886,87.6596563011194));
#5730=CARTESIAN_POINT('Origin',(266.263352394495,274.639576407728,87.6596563011194));
#5731=CARTESIAN_POINT('',(267.878415059191,278.023961303668,91.6596563011194));
#5732=CARTESIAN_POINT('',(267.878415059191,278.023961303668,87.6596563011194));
#5733=CARTESIAN_POINT('',(267.878415059177,278.023961303728,91.6596563011195));
#5734=CARTESIAN_POINT('',(264.136992515009,271.550712183106,91.6596563011604));
#5735=CARTESIAN_POINT('Origin',(266.263352394495,274.639576407728,91.6596563011194));
#5736=CARTESIAN_POINT('',(264.136992514999,271.550712183117,87.6596563011194));
#5737=CARTESIAN_POINT('',(264.136992515052,271.550712183095,91.6596563011121));
#5738=CARTESIAN_POINT('Origin',(266.263352394495,274.639576407728,87.6596563011195));
#5739=CARTESIAN_POINT('Origin',(225.030161810914,298.471567272388,87.6596563011194));
#5740=CARTESIAN_POINT('',(223.415101008646,295.087191916869,91.6596563011283));
#5741=CARTESIAN_POINT('',(223.415101008649,295.087191916869,87.6596563011193));
#5742=CARTESIAN_POINT('',(223.415101008673,295.087191916943,91.6596563011177));
#5743=CARTESIAN_POINT('',(227.156491518167,301.560440840046,91.6596563011203));
#5744=CARTESIAN_POINT('Origin',(225.030161810914,298.471567272388,91.6596563011194));
#5745=CARTESIAN_POINT('',(227.156491518167,301.560440840046,87.6596563011193));
#5746=CARTESIAN_POINT('',(227.156491518261,301.56044084007,91.6596563011193));
#5747=CARTESIAN_POINT('Origin',(225.030161810914,298.471567272388,87.6596563011193));
#5748=CARTESIAN_POINT('Origin',(245.635489421777,262.743076977015,87.6596563011194));
#5749=CARTESIAN_POINT('',(249.373988170554,263.03659225136,87.6596563011193));
#5750=CARTESIAN_POINT('',(241.897270136382,263.040130314169,87.6596563011193));
#5751=CARTESIAN_POINT('Origin',(245.635489421777,262.743076977015,87.6596563011193));
#5752=CARTESIAN_POINT('',(249.373988170558,263.036592251346,91.6596563011604));
#5753=CARTESIAN_POINT('',(249.373988170601,263.036592251417,91.6596563011119));
#5754=CARTESIAN_POINT('',(241.897270136382,263.040130314169,91.6596563011194));
#5755=CARTESIAN_POINT('Origin',(245.635489421777,262.743076977015,91.6596563011193));
#5756=CARTESIAN_POINT('',(241.897270136325,263.040130314222,91.6596563011193));
#5757=CARTESIAN_POINT('Origin',(266.274605583337,298.452073806172,87.6596563011194));
#5758=CARTESIAN_POINT('',(264.151179299944,301.542950008856,91.6596563011244));
#5759=CARTESIAN_POINT('',(264.151179299943,301.542950008854,87.6596563011194));
#5760=CARTESIAN_POINT('',(264.151179300002,301.542950008787,91.6596563011184));
#5761=CARTESIAN_POINT('',(267.886468167828,295.066168625892,91.6596563011217));
#5762=CARTESIAN_POINT('Origin',(266.274605583337,298.452073806172,91.6596563011194));
#5763=CARTESIAN_POINT('',(267.886468167827,295.066168625892,87.6596563011194));
#5764=CARTESIAN_POINT('',(267.886468167851,295.066168625973,91.6596563011191));
#5765=CARTESIAN_POINT('Origin',(266.274605583337,298.452073806172,87.6596563011194));
#5766=CARTESIAN_POINT('Origin',(225.018894281392,274.659083394664,87.6596563011194));
#5767=CARTESIAN_POINT('',(227.142325476408,271.568207109699,87.6596563011194));
#5768=CARTESIAN_POINT('',(223.407036948039,278.04499423007,87.6596563011194));
#5769=CARTESIAN_POINT('Origin',(225.018894281392,274.659083394664,87.6596563011194));
#5770=CARTESIAN_POINT('',(227.142325476406,271.568207109697,91.6596563011244));
#5771=CARTESIAN_POINT('',(227.14232547636,271.568207109706,91.6596563011189));
#5772=CARTESIAN_POINT('',(223.407036948036,278.044994230069,91.6596563011283));
#5773=CARTESIAN_POINT('Origin',(225.018894281392,274.659083394664,91.6596563011194));
#5774=CARTESIAN_POINT('',(223.407036948051,278.044994230118,91.6596563011178));
#5775=CARTESIAN_POINT('Origin',(245.658007175097,310.368063438688,91.6596563011194));
#5776=CARTESIAN_POINT('',(241.919513978889,310.074552856168,91.6596563011194));
#5777=CARTESIAN_POINT('',(241.919513978889,310.074552856168,87.6596563011193));
#5778=CARTESIAN_POINT('',(241.919513978847,310.074552856131,91.6596563011193));
#5779=CARTESIAN_POINT('',(249.396221936519,310.071027685636,91.6596563011243));
#5780=CARTESIAN_POINT('Origin',(245.658007175097,310.368063438688,91.6596563011194));
#5781=CARTESIAN_POINT('',(249.396221936518,310.071027685634,87.6596563011193));
#5782=CARTESIAN_POINT('',(249.39622193644,310.071027685695,91.6596563011184));
#5783=CARTESIAN_POINT('Origin',(245.658007175097,310.368063438688,87.6596563011193));
#5784=CARTESIAN_POINT('Origin',(245.645912527632,286.551604120314,91.6596563011194));
#5785=CARTESIAN_POINT('',(239.812220197312,263.468931959014,87.6596563011194));
#5786=CARTESIAN_POINT('Origin',(245.645912527632,286.551604120314,87.6596563011194));
#5787=CARTESIAN_POINT('Origin',(245.645912527632,286.551604120314,91.6596563011194));
#5788=CARTESIAN_POINT('',(239.8122201973,263.468931958983,91.6596563011192));
#5789=CARTESIAN_POINT('Origin',(245.640951195163,286.557581069341,91.6596563011194));
#5790=CARTESIAN_POINT('',(268.558436165411,280.067870132499,87.6596563011194));
#5791=CARTESIAN_POINT('Origin',(245.640951195163,286.557581069341,87.6596563011194));
#5792=CARTESIAN_POINT('',(268.558436165454,280.067870132492,91.6596563011194));
#5793=CARTESIAN_POINT('Origin',(245.640951195163,286.557581069341,91.6596563011194));
#5794=CARTESIAN_POINT('Origin',(245.64674866362,286.555584511787,91.6596563011194));
#5795=CARTESIAN_POINT('Origin',(245.646748663612,286.555584511801,87.6596563011194));
#5796=CARTESIAN_POINT('Origin',(245.64674866362,286.555584511787,91.6596563012015));
#5797=CARTESIAN_POINT('Origin',(245.643348783221,286.558312947588,91.6596563011194));
#5798=CARTESIAN_POINT('Origin',(245.643348783221,286.558312947588,91.6596563011213));
#5799=CARTESIAN_POINT('',(228.570398374323,303.151748311328,87.6596563011194));
#5800=CARTESIAN_POINT('',(228.570398374296,303.151748311363,91.6596563011163));
#5801=CARTESIAN_POINT('Origin',(245.643348783221,286.558312947588,87.6596563011194));
#5802=CARTESIAN_POINT('Origin',(245.647925443915,286.556443236255,91.6596563011194));
#5803=CARTESIAN_POINT('',(228.572383926621,269.957336807295,87.6596563011194));
#5804=CARTESIAN_POINT('Origin',(245.647925443917,286.556443236257,87.6596563011194));
#5805=CARTESIAN_POINT('',(228.572383926678,269.957336807369,91.659656301104));
#5806=CARTESIAN_POINT('Origin',(245.647925443915,286.556443236255,91.6596563011294));
#5807=CARTESIAN_POINT('Origin',(245.646538743513,286.555571650211,91.6596563011194));
#5808=CARTESIAN_POINT('Origin',(245.646538743513,286.555571650211,91.6596563011372));
#5809=CARTESIAN_POINT('Origin',(245.646538743517,286.555571650211,87.6596563011194));
#5810=CARTESIAN_POINT('Origin',(245.647415528352,286.55205836921,91.6596563011194));
#5811=CARTESIAN_POINT('',(239.80941271628,309.641508774504,87.6596563011194));
#5812=CARTESIAN_POINT('',(239.809412716297,309.641508774459,91.6596563011193));
#5813=CARTESIAN_POINT('Origin',(245.647415528352,286.55205836921,91.6596563011194));
#5814=CARTESIAN_POINT('Origin',(245.647415528352,286.55205836921,87.6596563011194));
#5815=CARTESIAN_POINT('Origin',(245.646682973249,286.555443873664,91.6596563011194));
#5816=CARTESIAN_POINT('Origin',(245.646682973249,286.555443873664,91.6596563011293));
#5817=CARTESIAN_POINT('Origin',(245.646682973248,286.555443873663,87.6596563011194));
#5818=CARTESIAN_POINT('Origin',(245.652223377587,286.557410167054,91.6596563011194));
#5819=CARTESIAN_POINT('Origin',(245.652223377587,286.557410167054,91.6596563011239));
#5820=CARTESIAN_POINT('',(268.557641264417,293.046049726979,87.6596563011194));
#5821=CARTESIAN_POINT('',(268.557641264347,293.04604972697,91.6596563011123));
#5822=CARTESIAN_POINT('Origin',(245.652223377585,286.557410167053,87.6596563011194));
#5823=CARTESIAN_POINT('Origin',(228.871027626669,303.275275247393,93.2471561580682));
#5824=CARTESIAN_POINT('',(231.137507118664,301.00665189515,93.2471563509294));
#5825=CARTESIAN_POINT('Origin',(239.552050270712,309.442694680987,93.2471561580682));
#5826=CARTESIAN_POINT('Origin',(239.554911293661,263.667532937822,93.2471561580682));
#5827=CARTESIAN_POINT('Origin',(228.873263039266,269.833853738604,93.2471561580682));
#5828=CARTESIAN_POINT('Origin',(268.514300026571,292.723929422197,93.2471561580682));
#5829=CARTESIAN_POINT('Origin',(268.514933266317,280.390166299639,93.2471561580682));
#5830=CARTESIAN_POINT('Origin',(245.646749089959,286.555575075662,94.8346560150171));
#5831=CARTESIAN_POINT('Origin',(266.948694862997,280.5000143221,89.6596563011194));
#5832=CARTESIAN_POINT('',(256.255536040467,283.370653502854,87.6596563011194));
#5833=CARTESIAN_POINT('Origin',(240.244166054403,265.077910440264,89.6596563011194));
#5834=CARTESIAN_POINT('',(243.114898042705,275.771255262877,87.6596563011194));
#5835=CARTESIAN_POINT('Origin',(229.751505531942,271.135329263506,89.6596563011194));
#5836=CARTESIAN_POINT('',(237.584183416788,278.960506428022,87.6596563011194));
#5837=CARTESIAN_POINT('Origin',(229.747843422567,301.973181741533,89.6596563011194));
#5838=CARTESIAN_POINT('',(237.57318517788,294.140386313972,87.6596563011194));
#5839=CARTESIAN_POINT('Origin',(240.240030922567,308.031371133623,89.6596563011194));
#5840=CARTESIAN_POINT('',(243.100553069948,297.335505712983,87.6596563011194));
#5841=CARTESIAN_POINT('Origin',(266.948252358114,292.615630166826,89.6596563011194));
#5842=CARTESIAN_POINT('',(256.252184808341,289.75504334893,87.6596563011194));
#5843=CARTESIAN_POINT('Origin',(245.646748396377,286.555576142553,87.6596563011194));
#5844=CARTESIAN_POINT('Origin',(256.036551707533,268.546452575251,91.6596563011194));
#5845=CARTESIAN_POINT('Origin',(256.048211533656,304.55796614732,91.6596563011194));
#5846=CARTESIAN_POINT('Origin',(224.855485926221,286.562306840955,91.6596563011194));
#5847=CARTESIAN_POINT('Ctrl Pts',(233.583638521686,301.876516124892,94.5346576817716));
#5848=CARTESIAN_POINT('Ctrl Pts',(233.583638589391,301.876516038898,93.6763232229326));
#5849=CARTESIAN_POINT('Ctrl Pts',(233.583638657096,301.876515952905,92.8179887640937));
#5850=CARTESIAN_POINT('Ctrl Pts',(233.583638724801,301.876515866912,91.9596543052548));
#5851=CARTESIAN_POINT('Ctrl Pts',(233.217876238369,301.58852802615,94.5346575600895));
#5852=CARTESIAN_POINT('Ctrl Pts',(233.217876325333,301.588528325982,93.6763232098375));
#5853=CARTESIAN_POINT('Ctrl Pts',(233.217876412308,301.588528625798,92.8179888595628));
#5854=CARTESIAN_POINT('Ctrl Pts',(233.217876499272,301.58852892563,91.9596545093107));
#5855=CARTESIAN_POINT('Ctrl Pts',(232.862431550417,301.287436287928,94.5346575099371));
#5856=CARTESIAN_POINT('Ctrl Pts',(232.862431659037,301.287436953677,93.6763231859831));
#5857=CARTESIAN_POINT('Ctrl Pts',(232.862431767667,301.28743761941,92.8179888620064));
#5858=CARTESIAN_POINT('Ctrl Pts',(232.862431876288,301.287438285159,91.9596545380524));
#5859=CARTESIAN_POINT('Ctrl Pts',(232.518215401177,300.974012556349,94.534657531443));
#5860=CARTESIAN_POINT('Ctrl Pts',(232.518215536653,300.974013569591,93.6763231514307));
#5861=CARTESIAN_POINT('Ctrl Pts',(232.518215672129,300.974014582833,92.8179887714185));
#5862=CARTESIAN_POINT('Ctrl Pts',(232.518215807605,300.974015596074,91.9596543914062));
#5863=CARTESIAN_POINT('',(232.518215401177,300.974012556349,94.534657531443));
#5864=CARTESIAN_POINT('Ctrl Pts',(232.518215401177,300.974012556349,94.534657531443));
#5865=CARTESIAN_POINT('Ctrl Pts',(232.518215536653,300.974013569591,93.6763231514307));
#5866=CARTESIAN_POINT('Ctrl Pts',(232.518215672129,300.974014582833,92.8179887714185));
#5867=CARTESIAN_POINT('Ctrl Pts',(232.518215807605,300.974015596074,91.9596543914062));
#5868=CARTESIAN_POINT('Ctrl Pts',(232.303506953937,300.778515496311,94.5346561404276));
#5869=CARTESIAN_POINT('Ctrl Pts',(232.303507292856,300.778516200439,93.6763227214361));
#5870=CARTESIAN_POINT('Ctrl Pts',(232.303507616042,300.778516920869,92.8179892612892));
#5871=CARTESIAN_POINT('Ctrl Pts',(232.303507954961,300.778517624997,91.9596558422977));
#5872=CARTESIAN_POINT('Ctrl Pts',(231.772677989439,300.614210111738,94.5346550036635));
#5873=CARTESIAN_POINT('Ctrl Pts',(231.772678307134,300.614210278217,93.6763223741651));
#5874=CARTESIAN_POINT('Ctrl Pts',(231.772678628378,300.61421044108,92.8179897539414));
#5875=CARTESIAN_POINT('Ctrl Pts',(231.772678946072,300.614210607559,91.959657124443));
#5876=CARTESIAN_POINT('Ctrl Pts',(231.291435683982,300.852580852978,94.5346567682643));
#5877=CARTESIAN_POINT('Ctrl Pts',(231.291435769366,300.852580885719,93.6763230093455));
#5878=CARTESIAN_POINT('Ctrl Pts',(231.291435861085,300.852580921129,92.8179892473391));
#5879=CARTESIAN_POINT('Ctrl Pts',(231.291435946468,300.85258095387,91.9596554884203));
#5880=CARTESIAN_POINT('Ctrl Pts',(231.137511761692,301.006648244593,94.5346578942973));
#5881=CARTESIAN_POINT('Ctrl Pts',(231.13751178983,301.006648280309,93.6763233971534));
#5882=CARTESIAN_POINT('Ctrl Pts',(231.137511817968,301.006648316025,92.8179889000096));
#5883=CARTESIAN_POINT('Ctrl Pts',(231.137511846106,301.006648351741,91.9596544028658));
#5884=CARTESIAN_POINT('Origin',(245.64674690251,286.555576751398,98.1596563011194));
#5885=CARTESIAN_POINT('',(231.346547861423,286.55557408236,98.1596563011194));
#5886=CARTESIAN_POINT('Origin',(245.646745748504,286.55557408236,98.1596563011194));
#5887=CARTESIAN_POINT('Origin',(245.646745748504,286.55557408236,101.18465591965));
#5888=CARTESIAN_POINT('',(231.346547861423,286.55557408236,101.18465591965));
#5889=CARTESIAN_POINT('Origin',(-580.257759350478,825.261690016109,87.6332349451311));
#5890=CARTESIAN_POINT('',(248.400856769994,271.607174994525,87.6332349451191));
#5891=CARTESIAN_POINT('',(234.63217571406,276.080890660914,87.6332349451194));
#5892=CARTESIAN_POINT('Origin',(245.646749146522,286.555582642109,87.6332349451192));
#5893=CARTESIAN_POINT('',(248.338503997367,271.79907709961,87.6332349451191));
#5894=CARTESIAN_POINT('',(248.338503996522,271.799077099109,87.6332349451191));
#5895=CARTESIAN_POINT('',(234.795417394522,276.199492684109,87.6332349451194));
#5896=CARTESIAN_POINT('Origin',(245.646749146522,286.555582642109,87.6332349451192));
#5897=CARTESIAN_POINT('',(234.795417394522,276.199492684109,87.6332349451194));
#5898=CARTESIAN_POINT('Origin',(233.001619241041,274.896222038992,96.6332349451194));
#5899=CARTESIAN_POINT('',(234.63217571406,276.080890660914,87.6596563011192));
#5900=CARTESIAN_POINT('',(234.63217571406,276.080890660914,89.6596563011194));
#5901=CARTESIAN_POINT('',(234.795417394522,276.199492684109,87.6596563011193));
#5902=CARTESIAN_POINT('',(234.795417394522,276.199492684109,96.6332349451194));
#5903=CARTESIAN_POINT('',(239.911967655206,279.916884045046,87.6596563011192));
#5904=CARTESIAN_POINT('Origin',(248.338503996456,271.799077099314,96.6332349451191));
#5905=CARTESIAN_POINT('',(248.400856769994,271.607174994525,87.6596563011192));
#5906=CARTESIAN_POINT('',(248.400856769994,271.607174994525,89.6596563011192));
#5907=CARTESIAN_POINT('',(248.338503997367,271.79907709961,87.6596563011191));
#5908=CARTESIAN_POINT('',(246.041570976251,278.868310047976,87.6596563011192));
#5909=CARTESIAN_POINT('',(248.338503997367,271.79907709961,96.6332349451191));
#5910=CARTESIAN_POINT('Origin',(245.646749146522,286.555582642109,96.6332349451192));
#5911=CARTESIAN_POINT('Origin',(245.646749146522,286.555582642109,87.6596563011192));
#5912=CARTESIAN_POINT('Origin',(260.512817893522,284.555582642109,96.633234945119));
#5913=CARTESIAN_POINT('',(260.714595707992,284.555582642109,87.6596563011192));
#5914=CARTESIAN_POINT('',(260.512817893522,284.555582642109,87.659656301119));
#5915=CARTESIAN_POINT('',(253.07978314495,284.555582642109,87.6596563011192));
#5916=CARTESIAN_POINT('',(260.512817893522,284.555582642109,87.633234945119));
#5917=CARTESIAN_POINT('',(260.512817893522,284.555582642109,96.633234945119));
#5918=CARTESIAN_POINT('',(260.714595707992,284.555582642109,87.633234945119));
#5919=CARTESIAN_POINT('',(260.512817893522,284.555582642109,87.633234945119));
#5920=CARTESIAN_POINT('',(260.714595707992,284.555582642109,89.659656301119));
#5921=CARTESIAN_POINT('Origin',(252.827899986784,270.926408876058,96.6332349451191));
#5922=CARTESIAN_POINT('',(252.142730062423,273.035145077372,87.6596563011191));
#5923=CARTESIAN_POINT('',(252.205082835164,272.843242972001,87.6596563011192));
#5924=CARTESIAN_POINT('',(250.188382004161,279.05000992459,87.6596563011192));
#5925=CARTESIAN_POINT('',(252.205082835164,272.843242972001,87.6332349451191));
#5926=CARTESIAN_POINT('',(252.205082835164,272.843242972001,89.6596563011192));
#5927=CARTESIAN_POINT('',(252.142730062423,273.035145077372,87.6332349451191));
#5928=CARTESIAN_POINT('',(252.142730061522,273.035145077109,87.6332349451191));
#5929=CARTESIAN_POINT('',(252.142730062423,273.035145077372,96.6332349451191));
#5930=CARTESIAN_POINT('Origin',(-580.257759350478,825.261690016109,87.6332349451311));
#5931=CARTESIAN_POINT('Origin',(245.646749146522,286.555582642109,87.6332349451192));
#5932=CARTESIAN_POINT('Origin',(245.646749146522,286.555582642109,87.6332349451192));
#5933=CARTESIAN_POINT('Origin',(245.646749146522,286.555582642109,96.6332349451192));
#5934=CARTESIAN_POINT('Origin',(245.646749146522,286.555582642109,87.6596563011192));
#5935=CARTESIAN_POINT('Origin',(245.646749146522,286.555582642109,89.6596563011192));
#5936=CARTESIAN_POINT('',(260.846749146522,286.555582642109,84.159656301119));
#5937=CARTESIAN_POINT('',(245.646749146522,301.755582642109,84.1596563011192));
#5938=CARTESIAN_POINT('Origin',(245.646749146522,286.555582642109,84.1596563011192));
#5939=CARTESIAN_POINT('Origin',(245.646749146522,286.555582642109,84.1596563011192));
#5940=CARTESIAN_POINT('',(245.646749146522,301.755582642109,87.6332349451192));
#5941=CARTESIAN_POINT('',(245.646749146522,301.755582642109,89.6596563011192));
#5942=CARTESIAN_POINT('',(248.4008567703,301.503990289636,87.6332349451191));
#5943=CARTESIAN_POINT('Origin',(245.646749146522,286.555582642109,87.6332349451192));
#5944=CARTESIAN_POINT('',(248.4008567703,301.503990289636,87.6596563011192));
#5945=CARTESIAN_POINT('',(248.4008567703,301.503990289636,89.6596563011192));
#5946=CARTESIAN_POINT('',(252.205082835164,300.267922312217,87.6596563011192));
#5947=CARTESIAN_POINT('Origin',(245.646749146522,286.555582642109,87.6596563011192));
#5948=CARTESIAN_POINT('',(252.205082835164,300.267922312217,87.6332349451191));
#5949=CARTESIAN_POINT('',(252.205082835164,300.267922312217,89.6596563011191));
#5950=CARTESIAN_POINT('',(260.714595707992,288.555582642109,87.633234945119));
#5951=CARTESIAN_POINT('Origin',(245.646749146522,286.555582642109,87.6332349451192));
#5952=CARTESIAN_POINT('',(260.714595707992,288.555582642109,87.6596563011192));
#5953=CARTESIAN_POINT('',(260.714595707992,288.555582642109,89.659656301119));
#5954=CARTESIAN_POINT('Origin',(245.646749146522,286.555582642109,87.6596563011192));
#5955=CARTESIAN_POINT('Origin',(245.646749146522,286.555582642109,87.6596563011192));
#5956=CARTESIAN_POINT('',(232.281034705189,279.316958638008,87.6596563011192));
#5957=CARTESIAN_POINT('Origin',(245.646749146522,286.555582642109,87.6596563011192));
#5958=CARTESIAN_POINT('',(232.281034705189,279.316958638008,87.6332349451194));
#5959=CARTESIAN_POINT('',(232.281034705189,279.316958638008,89.6596563011194));
#5960=CARTESIAN_POINT('',(232.281034704801,293.794206645492,87.6332349451194));
#5961=CARTESIAN_POINT('Origin',(245.646749146522,286.555582642109,87.6332349451192));
#5962=CARTESIAN_POINT('',(232.281034704801,293.794206645492,87.6596563011192));
#5963=CARTESIAN_POINT('',(232.281034704801,293.794206645492,89.6596563011194));
#5964=CARTESIAN_POINT('',(234.632175714469,297.030274623733,87.6596563011192));
#5965=CARTESIAN_POINT('Origin',(245.646749146522,286.555582642109,87.6596563011192));
#5966=CARTESIAN_POINT('',(234.632175714469,297.030274623733,87.6332349451194));
#5967=CARTESIAN_POINT('',(234.632175714469,297.030274623733,89.6596563011194));
#5968=CARTESIAN_POINT('Origin',(245.646749146522,286.555582642109,87.6332349451192));
#5969=CARTESIAN_POINT('Origin',(-580.257759350478,825.261690016109,87.6332349451311));
#5970=CARTESIAN_POINT('',(234.795417395522,296.911672600109,87.6332349451194));
#5971=CARTESIAN_POINT('',(234.795417395522,296.911672600109,87.6332349451194));
#5972=CARTESIAN_POINT('',(248.338503997479,301.312088184141,87.6332349451191));
#5973=CARTESIAN_POINT('Origin',(245.646749146522,286.555582642109,87.6332349451192));
#5974=CARTESIAN_POINT('',(248.338503996522,301.312088184109,87.6332349451191));
#5975=CARTESIAN_POINT('Origin',(249.023673921881,303.420824385457,96.6332349451191));
#5976=CARTESIAN_POINT('',(248.338503997479,301.312088184141,87.6596563011191));
#5977=CARTESIAN_POINT('',(248.338503997479,301.312088184141,96.6332349451191));
#5978=CARTESIAN_POINT('',(246.384154028939,295.297217457568,87.6596563011192));
#5979=CARTESIAN_POINT('Origin',(234.795417395522,296.911672600109,96.6332349451194));
#5980=CARTESIAN_POINT('',(234.795417395522,296.911672600109,87.6596563011193));
#5981=CARTESIAN_POINT('',(240.808869823342,292.54264367131,87.6596563011192));
#5982=CARTESIAN_POINT('',(234.795417395522,296.911672600109,96.6332349451194));
#5983=CARTESIAN_POINT('Origin',(245.646749146522,286.555582642109,96.6332349451192));
#5984=CARTESIAN_POINT('Origin',(245.646749146522,286.555582642109,87.6596563011192));
#5985=CARTESIAN_POINT('Origin',(-580.257759350478,825.261690016109,87.6332349451311));
#5986=CARTESIAN_POINT('',(232.444276385522,279.435560661109,87.6332349451194));
#5987=CARTESIAN_POINT('',(232.444276385522,279.435560661109,87.6332349451194));
#5988=CARTESIAN_POINT('',(232.444276385522,293.675604622109,87.6332349451194));
#5989=CARTESIAN_POINT('Origin',(245.646749146522,286.555582642109,87.6332349451192));
#5990=CARTESIAN_POINT('',(232.444276385522,293.675604622109,87.6332349451194));
#5991=CARTESIAN_POINT('Origin',(230.650478231777,294.978875267418,96.6332349451194));
#5992=CARTESIAN_POINT('',(232.444276385522,293.675604622109,87.6596563011193));
#5993=CARTESIAN_POINT('',(232.444276385522,293.675604622109,96.6332349451194));
#5994=CARTESIAN_POINT('',(237.560829736648,289.958211015834,87.6596563011192));
#5995=CARTESIAN_POINT('Origin',(232.444276385522,279.435560661109,96.6332349451194));
#5996=CARTESIAN_POINT('',(232.444276385522,279.435560661109,87.6596563011193));
#5997=CARTESIAN_POINT('',(238.457725723036,283.804587344669,87.6596563011192));
#5998=CARTESIAN_POINT('',(232.444276385522,279.435560661109,96.6332349451194));
#5999=CARTESIAN_POINT('Origin',(245.646749146522,286.555582642109,96.6332349451192));
#6000=CARTESIAN_POINT('Origin',(245.646749146522,286.555582642109,87.6596563011192));
#6001=CARTESIAN_POINT('Origin',(-580.257759350478,825.261690016109,87.6332349451311));
#6002=CARTESIAN_POINT('',(252.142730062423,300.076020206846,87.6332349451191));
#6003=CARTESIAN_POINT('',(252.142730061522,300.076020207109,87.6332349451191));
#6004=CARTESIAN_POINT('',(260.512817893522,288.555582642109,87.633234945119));
#6005=CARTESIAN_POINT('Origin',(245.646749146522,286.555582642109,87.6332349451192));
#6006=CARTESIAN_POINT('',(260.512817893522,288.555582642109,87.633234945119));
#6007=CARTESIAN_POINT('Origin',(262.730074349772,288.555582642109,96.633234945119));
#6008=CARTESIAN_POINT('',(260.512817893522,288.555582642109,87.659656301119));
#6009=CARTESIAN_POINT('',(260.512817893522,288.555582642109,96.633234945119));
#6010=CARTESIAN_POINT('',(254.188411373075,288.555582642109,87.6596563011192));
#6011=CARTESIAN_POINT('Origin',(252.142730061531,300.076020207136,96.6332349451191));
#6012=CARTESIAN_POINT('',(252.142730062423,300.076020206846,87.6596563011191));
#6013=CARTESIAN_POINT('',(249.845795131363,293.006781380212,87.6596563011192));
#6014=CARTESIAN_POINT('',(252.142730062423,300.076020206846,96.6332349451191));
#6015=CARTESIAN_POINT('Origin',(245.646749146522,286.555582642109,96.6332349451192));
#6016=CARTESIAN_POINT('Origin',(245.646749146522,286.555582642109,87.6596563011192));
#6017=CARTESIAN_POINT('Origin',(245.646749146522,286.555582642109,87.6596563011192));
#6018=CARTESIAN_POINT('',(245.646749146522,285.055582642109,87.6596563011192));
#6019=CARTESIAN_POINT('Origin',(245.646749146522,286.555582642109,87.6596563011192));
#6020=CARTESIAN_POINT('',(250.896749146522,286.555582642109,87.6596563011191));
#6021=CARTESIAN_POINT('Origin',(252.646749146522,286.555582642109,87.6596563011191));
#6022=CARTESIAN_POINT('',(236.896749146522,286.555582642109,87.6596563011193));
#6023=CARTESIAN_POINT('Origin',(238.646749146522,286.555582642109,87.6596563011193));
#6024=CARTESIAN_POINT('',(243.896749146522,293.555582642109,87.6596563011192));
#6025=CARTESIAN_POINT('Origin',(245.646749146522,293.555582642109,87.6596563011192));
#6026=CARTESIAN_POINT('',(243.896749146522,279.555582642109,87.6596563011192));
#6027=CARTESIAN_POINT('Origin',(245.646749146522,279.555582642109,87.6596563011192));
#6028=CARTESIAN_POINT('Origin',(-641.493250853478,-126.094417358891,83.1596563011319));
#6029=CARTESIAN_POINT('',(259.846749146522,286.555582642109,83.159656301119));
#6030=CARTESIAN_POINT('Origin',(245.646749146522,286.555582642109,83.1596563011192));
#6031=CARTESIAN_POINT('',(245.646749146522,276.855582642109,83.1596563011192));
#6032=CARTESIAN_POINT('Origin',(245.646749146522,286.555582642109,83.1596563011192));
#6033=CARTESIAN_POINT('Origin',(246.239165447522,286.555582641109,84.6596563011192));
#6034=CARTESIAN_POINT('',(245.646749146522,276.855582642109,84.6596563011192));
#6035=CARTESIAN_POINT('Origin',(245.646749146522,286.555582642109,84.6596563011192));
#6036=CARTESIAN_POINT('',(236.896749146522,286.555582642109,84.6596563011193));
#6037=CARTESIAN_POINT('Origin',(238.646749146522,286.555582642109,84.6596563011193));
#6038=CARTESIAN_POINT('',(243.896749146522,279.555582642109,84.6596563011192));
#6039=CARTESIAN_POINT('Origin',(245.646749146522,279.555582642109,84.6596563011192));
#6040=CARTESIAN_POINT('',(243.896749146522,293.555582642109,84.6596563011192));
#6041=CARTESIAN_POINT('Origin',(245.646749146522,293.555582642109,84.6596563011192));
#6042=CARTESIAN_POINT('',(250.896749146522,286.555582642109,84.6596563011192));
#6043=CARTESIAN_POINT('Origin',(252.646749146522,286.555582642109,84.6596563011191));
#6044=CARTESIAN_POINT('',(242.205327790522,286.555582642109,84.6596563011192));
#6045=CARTESIAN_POINT('Origin',(245.646749146522,286.555582642109,84.6596563011192));
#6046=CARTESIAN_POINT('Origin',(245.646749146522,279.555582642109,89.6596563021192));
#6047=CARTESIAN_POINT('',(243.896749146522,279.555582642109,89.6596563021192));
#6048=CARTESIAN_POINT('Origin',(245.646749146522,293.555582642109,89.6596563001192));
#6049=CARTESIAN_POINT('',(243.896749146522,293.555582642109,89.6596563001192));
#6050=CARTESIAN_POINT('Origin',(238.646749146522,286.555582642109,89.6596563011193));
#6051=CARTESIAN_POINT('',(236.896749146522,286.555582642109,89.6596563011193));
#6052=CARTESIAN_POINT('Origin',(252.646749146522,286.555582642109,89.6596563011191));
#6053=CARTESIAN_POINT('',(250.896749146522,286.555582642109,89.6596563011191));
#6054=CARTESIAN_POINT('Origin',(245.646749146522,286.555582642109,88.6596563001191));
#6055=CARTESIAN_POINT('',(245.646749146522,285.055582642109,86.6010776571192));
#6056=CARTESIAN_POINT('',(245.646749146522,285.055582642109,88.6596563001191));
#6057=CARTESIAN_POINT('',(244.146749146522,286.555582642109,86.6010776571192));
#6058=CARTESIAN_POINT('Origin',(245.646749146522,286.555582642109,86.6010776571192));
#6059=CARTESIAN_POINT('Origin',(245.646749146522,286.555582642109,86.6010776571192));
#6060=CARTESIAN_POINT('Origin',(245.646749146522,286.555582642109,86.2303669791191));
#6061=CARTESIAN_POINT('',(243.776038468522,286.555582642109,86.2303669791192));
#6062=CARTESIAN_POINT('Origin',(245.646749146522,286.555582642109,83.6596563011192));
#6063=CARTESIAN_POINT('',(245.646749146522,276.855582642109,83.6596563011192));
#6064=CARTESIAN_POINT('Origin',(245.646749146522,286.555582642109,83.1596563011192));
#6065=CARTESIAN_POINT('',(259.846749146522,286.555582642109,83.159656301119));
#6066=UNCERTAINTY_MEASURE_WITH_UNIT(LENGTH_MEASURE(0.01),#6070,
'DISTANCE_ACCURACY_VALUE',
'Maximum model space distance between geometric entities at asserted c
onnectivities');
#6067=UNCERTAINTY_MEASURE_WITH_UNIT(LENGTH_MEASURE(0.01),#6070,
'DISTANCE_ACCURACY_VALUE',
'Maximum model space distance between geometric entities at asserted c
onnectivities');
#6068=(
GEOMETRIC_REPRESENTATION_CONTEXT(3)
GLOBAL_UNCERTAINTY_ASSIGNED_CONTEXT((#6066))
GLOBAL_UNIT_ASSIGNED_CONTEXT((#6070,#6071,#6072))
REPRESENTATION_CONTEXT('','3D')
);
#6069=(
GEOMETRIC_REPRESENTATION_CONTEXT(3)
GLOBAL_UNCERTAINTY_ASSIGNED_CONTEXT((#6067))
GLOBAL_UNIT_ASSIGNED_CONTEXT((#6070,#6071,#6072))
REPRESENTATION_CONTEXT('','3D')
);
#6070=(
LENGTH_UNIT()
NAMED_UNIT(*)
SI_UNIT(.MILLI.,.METRE.)
);
#6071=(
NAMED_UNIT(*)
PLANE_ANGLE_UNIT()
SI_UNIT($,.RADIAN.)
);
#6072=(
NAMED_UNIT(*)
SI_UNIT($,.STERADIAN.)
SOLID_ANGLE_UNIT()
);
#6073=SHAPE_DEFINITION_REPRESENTATION(#6074,#6075);
#6074=PRODUCT_DEFINITION_SHAPE('',$,#6077);
#6075=SHAPE_REPRESENTATION('',(#2717),#6068);
#6076=PRODUCT_DEFINITION_CONTEXT('part definition',#6081,'design');
#6077=PRODUCT_DEFINITION('omnimount_step','omnimount_step v4',#6078,#6076);
#6078=PRODUCT_DEFINITION_FORMATION('',$,#6083);
#6079=PRODUCT_RELATED_PRODUCT_CATEGORY('omnimount_step v4',
'omnimount_step v4',(#6083));
#6080=APPLICATION_PROTOCOL_DEFINITION('international standard',
'automotive_design',2009,#6081);
#6081=APPLICATION_CONTEXT(
'Core Data for Automotive Mechanical Design Process');
#6082=PRODUCT_CONTEXT('part definition',#6081,'mechanical');
#6083=PRODUCT('omnimount_step','omnimount_step v4',$,(#6082));
#6084=PRESENTATION_STYLE_ASSIGNMENT((#6085));
#6085=SURFACE_STYLE_USAGE(.BOTH.,#6086);
#6086=SURFACE_SIDE_STYLE('',(#6087));
#6087=SURFACE_STYLE_FILL_AREA(#6088);
#6088=FILL_AREA_STYLE('Steel - Satin',(#6089));
#6089=FILL_AREA_STYLE_COLOUR('Steel - Satin',#6090);
#6090=COLOUR_RGB('Steel - Satin',0.627450980392157,0.627450980392157,0.627450980392157);
ENDSEC;
END-ISO-10303-21;
