ISO-10303-21;
HEADER;
/* Generated by software containing ST-Developer
 * from STEP Tools, Inc. (www.steptools.com) 
 */

FILE_DESCRIPTION(
/* description */ ('HOOPS Exchange Step'),
/* implementation_level */ '2;1');

FILE_NAME(
/* name */ 'servomount_for_alohamini_v2.step',
/* time_stamp */ '2026-01-18T15:17:53+09:00',
/* author */ (''),
/* organization */ (''),
/* preprocessor_version */ 'ST-DEVELOPER v20.1',
/* originating_system */ 'Autodesk Translation Framework v14.21.0.0',
/* authorisation */ '');

FILE_SCHEMA (('AUTOMOTIVE_DESIGN { 1 0 10303 214 3 1 1 }'));
ENDSEC;

DATA;
#10=MECHANICAL_DESIGN_GEOMETRIC_PRESENTATION_REPRESENTATION('',(#77,#78,
#79,#80,#81,#82,#83,#84,#85,#86,#87,#88,#89,#90,#91),#2677);
#11=ITEM_DEFINED_TRANSFORMATION($,$,#1481,#1620);
#12=(
REPRESENTATION_RELATIONSHIP($,$,#2688,#2687)
REPRESENTATION_RELATIONSHIP_WITH_TRANSFORMATION(#11)
SHAPE_REPRESENTATION_RELATIONSHIP()
);
#13=CONTEXT_DEPENDENT_SHAPE_REPRESENTATION(#12,#2686);
#14=NEXT_ASSEMBLY_USAGE_OCCURRENCE('Circular Pattern 01:2',
'Circular Pattern 01:2','Circular Pattern 01:2',#2690,#2691,
'Circular Pattern 01:2');
#15=SHAPE_REPRESENTATION_RELATIONSHIP('SRR','None',#2688,#16);
#16=ADVANCED_BREP_SHAPE_REPRESENTATION('',(#17),#2676);
#17=MANIFOLD_SOLID_BREP('Body1',#1467);
#18=B_SPLINE_SURFACE_WITH_KNOTS('',3,1,((#2329,#2330),(#2331,#2332),(#2333,
#2334),(#2335,#2336),(#2337,#2338),(#2339,#2340),(#2341,#2342),(#2343,#2344),
(#2345,#2346),(#2347,#2348),(#2349,#2350),(#2351,#2352),(#2353,#2354),(#2355,
#2356),(#2357,#2358),(#2359,#2360),(#2361,#2362),(#2363,#2364),(#2365,#2366),
(#2367,#2368),(#2369,#2370),(#2371,#2372),(#2373,#2374),(#2375,#2376),(#2377,
#2378),(#2379,#2380),(#2381,#2382),(#2383,#2384),(#2385,#2386),(#2387,#2388)),
 .UNSPECIFIED.,.F.,.F.,.F.,(4,2,2,2,2,2,2,2,2,2,2,2,2,2,4),(2,2),(3.41264232730561,
3.53359574997734,3.8820684359567,4.23054112193605,4.58095961629282,4.93137811064958,
5.28179660500635,5.63221509936311,5.98263359371987,6.33305208807664,6.6834705824334,
7.03388907679017,7.38236176276953,7.73083444874888,7.85178787142061),(0.,
4.5),.UNSPECIFIED.);
#19=B_SPLINE_SURFACE_WITH_KNOTS('',3,1,((#2427,#2428),(#2429,#2430),(#2431,
#2432),(#2433,#2434),(#2435,#2436),(#2437,#2438),(#2439,#2440),(#2441,#2442),
(#2443,#2444),(#2445,#2446),(#2447,#2448),(#2449,#2450),(#2451,#2452),(#2453,
#2454),(#2455,#2456),(#2457,#2458),(#2459,#2460),(#2461,#2462),(#2463,#2464),
(#2465,#2466),(#2467,#2468),(#2469,#2470),(#2471,#2472),(#2473,#2474),(#2475,
#2476),(#2477,#2478),(#2479,#2480),(#2481,#2482),(#2483,#2484),(#2485,#2486)),
 .UNSPECIFIED.,.F.,.F.,.F.,(4,2,2,2,2,2,2,2,2,2,2,2,2,2,4),(2,2),(3.41264232730561,
3.53359574997734,3.8820684359567,4.23054112193605,4.58095961629282,4.93137811064958,
5.28179660500635,5.63221509936311,5.98263359371987,6.33305208807664,6.6834705824334,
7.03388907679017,7.38236176276953,7.73083444874888,7.85178787142061),(0.,
4.5),.UNSPECIFIED.);
#20=B_SPLINE_CURVE_WITH_KNOTS('',3,(#2154,#2155,#2156,#2157,#2158,#2159,
#2160,#2161,#2162,#2163,#2164,#2165,#2166,#2167,#2168,#2169,#2170,#2171,
#2172,#2173,#2174,#2175,#2176,#2177,#2178,#2179,#2180,#2181,#2182,#2183,
#2184,#2185,#2186,#2187,#2188,#2189,#2190,#2191,#2192,#2193,#2194,#2195,
#2196),.UNSPECIFIED.,.F.,.F.,(4,3,3,3,3,3,3,3,3,3,3,3,3,3,4),(-7.85178787142061,
-7.73083444874888,-7.38236176276953,-7.03388907679017,-6.6834705824334,
-6.33305208807664,-5.98263359371988,-5.63221509936311,-5.28179660500635,
-4.93137811064958,-4.58095961629282,-4.23054112193605,-3.8820684359567,
-3.53359574997734,-3.41264232730561),.UNSPECIFIED.);
#21=B_SPLINE_CURVE_WITH_KNOTS('',3,(#2253,#2254,#2255,#2256,#2257,#2258,
#2259,#2260,#2261,#2262,#2263,#2264,#2265,#2266,#2267,#2268,#2269,#2270,
#2271,#2272,#2273,#2274,#2275,#2276,#2277,#2278,#2279,#2280,#2281,#2282,
#2283),.UNSPECIFIED.,.F.,.F.,(4,3,3,3,3,3,3,3,3,3,4),(4.20334502071947,
4.23054112193605,4.58095961629281,4.93137811064958,5.28179660500634,5.63221509936311,
5.98263359371987,6.33305208807664,6.6834705824334,7.03388907679017,7.06108517800674),
 .UNSPECIFIED.);
#22=B_SPLINE_CURVE_WITH_KNOTS('',3,(#2390,#2391,#2392,#2393),
 .UNSPECIFIED.,.F.,.F.,(4,4),(0.00499999999999901,2.00500000000002),
 .UNSPECIFIED.);
#23=B_SPLINE_CURVE_WITH_KNOTS('',3,(#2395,#2396,#2397,#2398,#2399,#2400,
#2401,#2402,#2403,#2404,#2405,#2406,#2407,#2408,#2409,#2410,#2411,#2412,
#2413,#2414,#2415,#2416,#2417,#2418,#2419,#2420,#2421,#2422),
 .UNSPECIFIED.,.F.,.F.,(4,2,2,2,2,2,2,2,2,2,2,2,2,4),(0.,0.0933522022832969,
0.220645516112487,0.477619653338522,0.728508338377251,1.0488736814715,1.46165908577687,
1.9666783499784,2.36707979432227,2.67320421417549,2.94337483921295,3.15330308507059,
3.25735656826352,3.34156387975285),.UNSPECIFIED.);
#24=B_SPLINE_CURVE_WITH_KNOTS('',3,(#2423,#2424,#2425,#2426),
 .UNSPECIFIED.,.F.,.F.,(4,4),(0.00499999999999901,2.00500000000002),
 .UNSPECIFIED.);
#25=FACE_BOUND('',#462,.T.);
#26=FACE_BOUND('',#463,.T.);
#27=FACE_BOUND('',#464,.T.);
#28=FACE_BOUND('',#465,.T.);
#29=FACE_BOUND('',#467,.T.);
#30=FACE_BOUND('',#469,.T.);
#31=FACE_BOUND('',#470,.T.);
#32=FACE_BOUND('',#471,.T.);
#33=FACE_BOUND('',#472,.T.);
#34=FACE_BOUND('',#475,.T.);
#35=FACE_BOUND('',#485,.T.);
#36=FACE_BOUND('',#486,.T.);
#37=FACE_BOUND('',#487,.T.);
#38=FACE_BOUND('',#488,.T.);
#39=FACE_BOUND('',#489,.T.);
#40=FACE_BOUND('',#490,.T.);
#41=FACE_BOUND('',#506,.T.);
#42=FACE_BOUND('',#507,.T.);
#43=FACE_BOUND('',#508,.T.);
#44=FACE_BOUND('',#518,.T.);
#45=FACE_BOUND('',#519,.T.);
#46=FACE_BOUND('',#520,.T.);
#47=FACE_BOUND('',#521,.T.);
#48=FACE_BOUND('',#537,.T.);
#49=FACE_BOUND('',#540,.T.);
#50=FACE_BOUND('',#543,.T.);
#51=FACE_BOUND('',#546,.T.);
#52=CYLINDRICAL_SURFACE('',#1502,2.5);
#53=CYLINDRICAL_SURFACE('',#1508,2.5);
#54=CYLINDRICAL_SURFACE('',#1514,2.5);
#55=CYLINDRICAL_SURFACE('',#1532,2.10000000000001);
#56=CYLINDRICAL_SURFACE('',#1533,2.10000000000001);
#57=CYLINDRICAL_SURFACE('',#1534,2.10000000000001);
#58=CYLINDRICAL_SURFACE('',#1535,2.10000000000001);
#59=CYLINDRICAL_SURFACE('',#1536,2.10000000000001);
#60=CYLINDRICAL_SURFACE('',#1537,2.10000000000001);
#61=CYLINDRICAL_SURFACE('',#1538,2.10000000000001);
#62=CYLINDRICAL_SURFACE('',#1539,2.10000000000001);
#63=CYLINDRICAL_SURFACE('',#1547,8.);
#64=CYLINDRICAL_SURFACE('',#1549,18.5);
#65=CYLINDRICAL_SURFACE('',#1564,0.9);
#66=CYLINDRICAL_SURFACE('',#1567,0.9);
#67=CYLINDRICAL_SURFACE('',#1570,0.9);
#68=CYLINDRICAL_SURFACE('',#1573,0.9);
#69=CYLINDRICAL_SURFACE('',#1599,2.5);
#70=CYLINDRICAL_SURFACE('',#1600,2.5);
#71=CYLINDRICAL_SURFACE('',#1601,2.5);
#72=CYLINDRICAL_SURFACE('',#1602,2.);
#73=CYLINDRICAL_SURFACE('',#1605,2.);
#74=CYLINDRICAL_SURFACE('',#1608,2.);
#75=CYLINDRICAL_SURFACE('',#1611,2.);
#76=CYLINDRICAL_SURFACE('',#1619,6.);
#77=STYLED_ITEM('',(#2703),#1392);
#78=STYLED_ITEM('',(#2703),#1395);
#79=STYLED_ITEM('',(#2703),#1398);
#80=STYLED_ITEM('',(#2703),#1402);
#81=STYLED_ITEM('',(#2703),#1406);
#82=STYLED_ITEM('',(#2703),#1415);
#83=STYLED_ITEM('',(#2703),#1418);
#84=STYLED_ITEM('',(#2703),#1419);
#85=STYLED_ITEM('',(#2703),#1422);
#86=STYLED_ITEM('',(#2703),#1462);
#87=STYLED_ITEM('',(#2703),#1463);
#88=STYLED_ITEM('',(#2703),#1464);
#89=STYLED_ITEM('',(#2703),#1465);
#90=STYLED_ITEM('',(#2703),#1466);
#91=STYLED_ITEM('',(#2702),#17);
#92=LINE('',#2048,#226);
#93=LINE('',#2068,#227);
#94=LINE('',#2072,#228);
#95=LINE('',#2076,#229);
#96=LINE('',#2078,#230);
#97=LINE('',#2079,#231);
#98=LINE('',#2082,#232);
#99=LINE('',#2087,#233);
#100=LINE('',#2091,#234);
#101=LINE('',#2095,#235);
#102=LINE('',#2097,#236);
#103=LINE('',#2098,#237);
#104=LINE('',#2101,#238);
#105=LINE('',#2106,#239);
#106=LINE('',#2110,#240);
#107=LINE('',#2114,#241);
#108=LINE('',#2116,#242);
#109=LINE('',#2117,#243);
#110=LINE('',#2120,#244);
#111=LINE('',#2125,#245);
#112=LINE('',#2127,#246);
#113=LINE('',#2129,#247);
#114=LINE('',#2130,#248);
#115=LINE('',#2133,#249);
#116=LINE('',#2135,#250);
#117=LINE('',#2136,#251);
#118=LINE('',#2147,#252);
#119=LINE('',#2149,#253);
#120=LINE('',#2199,#254);
#121=LINE('',#2200,#255);
#122=LINE('',#2205,#256);
#123=LINE('',#2212,#257);
#124=LINE('',#2213,#258);
#125=LINE('',#2216,#259);
#126=LINE('',#2217,#260);
#127=LINE('',#2220,#261);
#128=LINE('',#2222,#262);
#129=LINE('',#2224,#263);
#130=LINE('',#2226,#264);
#131=LINE('',#2228,#265);
#132=LINE('',#2230,#266);
#133=LINE('',#2232,#267);
#134=LINE('',#2233,#268);
#135=LINE('',#2235,#269);
#136=LINE('',#2238,#270);
#137=LINE('',#2240,#271);
#138=LINE('',#2242,#272);
#139=LINE('',#2244,#273);
#140=LINE('',#2246,#274);
#141=LINE('',#2248,#275);
#142=LINE('',#2284,#276);
#143=LINE('',#2293,#277);
#144=LINE('',#2295,#278);
#145=LINE('',#2297,#279);
#146=LINE('',#2299,#280);
#147=LINE('',#2301,#281);
#148=LINE('',#2303,#282);
#149=LINE('',#2305,#283);
#150=LINE('',#2307,#284);
#151=LINE('',#2309,#285);
#152=LINE('',#2311,#286);
#153=LINE('',#2313,#287);
#154=LINE('',#2315,#288);
#155=LINE('',#2317,#289);
#156=LINE('',#2319,#290);
#157=LINE('',#2321,#291);
#158=LINE('',#2323,#292);
#159=LINE('',#2325,#293);
#160=LINE('',#2326,#294);
#161=LINE('',#2490,#295);
#162=LINE('',#2491,#296);
#163=LINE('',#2493,#297);
#164=LINE('',#2505,#298);
#165=LINE('',#2509,#299);
#166=LINE('',#2514,#300);
#167=LINE('',#2515,#301);
#168=LINE('',#2519,#302);
#169=LINE('',#2521,#303);
#170=LINE('',#2523,#304);
#171=LINE('',#2526,#305);
#172=LINE('',#2528,#306);
#173=LINE('',#2529,#307);
#174=LINE('',#2530,#308);
#175=LINE('',#2531,#309);
#176=LINE('',#2539,#310);
#177=LINE('',#2545,#311);
#178=LINE('',#2551,#312);
#179=LINE('',#2557,#313);
#180=LINE('',#2561,#314);
#181=LINE('',#2562,#315);
#182=LINE('',#2563,#316);
#183=LINE('',#2564,#317);
#184=LINE('',#2567,#318);
#185=LINE('',#2569,#319);
#186=LINE('',#2572,#320);
#187=LINE('',#2576,#321);
#188=LINE('',#2578,#322);
#189=LINE('',#2579,#323);
#190=LINE('',#2582,#324);
#191=LINE('',#2583,#325);
#192=LINE('',#2586,#326);
#193=LINE('',#2587,#327);
#194=LINE('',#2590,#328);
#195=LINE('',#2591,#329);
#196=LINE('',#2594,#330);
#197=LINE('',#2595,#331);
#198=LINE('',#2598,#332);
#199=LINE('',#2599,#333);
#200=LINE('',#2602,#334);
#201=LINE('',#2603,#335);
#202=LINE('',#2605,#336);
#203=LINE('',#2608,#337);
#204=LINE('',#2610,#338);
#205=LINE('',#2612,#339);
#206=LINE('',#2614,#340);
#207=LINE('',#2616,#341);
#208=LINE('',#2618,#342);
#209=LINE('',#2619,#343);
#210=LINE('',#2621,#344);
#211=LINE('',#2623,#345);
#212=LINE('',#2625,#346);
#213=LINE('',#2627,#347);
#214=LINE('',#2629,#348);
#215=LINE('',#2631,#349);
#216=LINE('',#2634,#350);
#217=LINE('',#2636,#351);
#218=LINE('',#2638,#352);
#219=LINE('',#2645,#353);
#220=LINE('',#2650,#354);
#221=LINE('',#2655,#355);
#222=LINE('',#2660,#356);
#223=LINE('',#2663,#357);
#224=LINE('',#2666,#358);
#225=LINE('',#2668,#359);
#226=VECTOR('',#1635,10.);
#227=VECTOR('',#1660,10.);
#228=VECTOR('',#1663,10.);
#229=VECTOR('',#1668,7.);
#230=VECTOR('',#1669,10.090454562473);
#231=VECTOR('',#1670,7.);
#232=VECTOR('',#1673,7.);
#233=VECTOR('',#1678,10.);
#234=VECTOR('',#1681,10.);
#235=VECTOR('',#1686,7.);
#236=VECTOR('',#1687,20.4142135700494);
#237=VECTOR('',#1688,7.);
#238=VECTOR('',#1691,7.);
#239=VECTOR('',#1696,10.);
#240=VECTOR('',#1699,10.);
#241=VECTOR('',#1704,7.);
#242=VECTOR('',#1705,10.090454561473);
#243=VECTOR('',#1706,7.);
#244=VECTOR('',#1709,7.);
#245=VECTOR('',#1714,10.);
#246=VECTOR('',#1715,10.);
#247=VECTOR('',#1716,10.);
#248=VECTOR('',#1717,10.);
#249=VECTOR('',#1720,10.);
#250=VECTOR('',#1721,45.);
#251=VECTOR('',#1722,45.);
#252=VECTOR('',#1733,10.);
#253=VECTOR('',#1734,57.625);
#254=VECTOR('',#1741,10.);
#255=VECTOR('',#1742,10.);
#256=VECTOR('',#1745,10.);
#257=VECTOR('',#1754,10.);
#258=VECTOR('',#1755,10.);
#259=VECTOR('',#1758,57.625);
#260=VECTOR('',#1759,45.);
#261=VECTOR('',#1760,6.);
#262=VECTOR('',#1761,3.);
#263=VECTOR('',#1762,9.475);
#264=VECTOR('',#1763,34.999999998);
#265=VECTOR('',#1764,25.125);
#266=VECTOR('',#1765,34.999999998);
#267=VECTOR('',#1766,9.65);
#268=VECTOR('',#1767,3.);
#269=VECTOR('',#1770,2.10000000000001);
#270=VECTOR('',#1775,2.10000000000001);
#271=VECTOR('',#1778,2.10000000000001);
#272=VECTOR('',#1781,2.10000000000001);
#273=VECTOR('',#1784,2.10000000000001);
#274=VECTOR('',#1787,2.10000000000001);
#275=VECTOR('',#1790,2.10000000000001);
#276=VECTOR('',#1795,63.625);
#277=VECTOR('',#1802,4.025000002);
#278=VECTOR('',#1803,0.707106782313452);
#279=VECTOR('',#1804,3.249999998);
#280=VECTOR('',#1805,6.5);
#281=VECTOR('',#1806,1.4142135616269);
#282=VECTOR('',#1807,12.);
#283=VECTOR('',#1808,19.5);
#284=VECTOR('',#1809,12.);
#285=VECTOR('',#1810,1.4142135616269);
#286=VECTOR('',#1811,6.5);
#287=VECTOR('',#1812,3.25);
#288=VECTOR('',#1813,0.707106782313452);
#289=VECTOR('',#1814,4.025);
#290=VECTOR('',#1815,7.59284070494738);
#291=VECTOR('',#1816,11.264239131);
#292=VECTOR('',#1817,25.125);
#293=VECTOR('',#1818,11.09608696);
#294=VECTOR('',#1819,7.83553423700963);
#295=VECTOR('',#1824,10.);
#296=VECTOR('',#1825,10.);
#297=VECTOR('',#1828,40.625);
#298=VECTOR('',#1841,3.);
#299=VECTOR('',#1844,3.);
#300=VECTOR('',#1851,19.884863736);
#301=VECTOR('',#1852,24.478946782);
#302=VECTOR('',#1855,25.125);
#303=VECTOR('',#1856,4.025033378);
#304=VECTOR('',#1859,23.85916664);
#305=VECTOR('',#1862,37.23576087);
#306=VECTOR('',#1863,14.932106435);
#307=VECTOR('',#1864,5.063913405);
#308=VECTOR('',#1865,39.5);
#309=VECTOR('',#1866,4.499999996);
#310=VECTOR('',#1877,0.9);
#311=VECTOR('',#1884,0.9);
#312=VECTOR('',#1891,0.9);
#313=VECTOR('',#1898,0.9);
#314=VECTOR('',#1903,37.403913041);
#315=VECTOR('',#1904,4.5);
#316=VECTOR('',#1905,39.5);
#317=VECTOR('',#1906,24.64083336);
#318=VECTOR('',#1909,20.4142135720494);
#319=VECTOR('',#1910,10.090454561473);
#320=VECTOR('',#1913,10.090454562473);
#321=VECTOR('',#1918,4.499999999);
#322=VECTOR('',#1919,19.5);
#323=VECTOR('',#1920,4.499999999);
#324=VECTOR('',#1923,4.499999999);
#325=VECTOR('',#1924,12.);
#326=VECTOR('',#1927,4.499999999);
#327=VECTOR('',#1928,1.41421356262691);
#328=VECTOR('',#1931,4.5);
#329=VECTOR('',#1932,6.5);
#330=VECTOR('',#1935,4.5);
#331=VECTOR('',#1936,3.25);
#332=VECTOR('',#1939,4.499999999);
#333=VECTOR('',#1940,0.707106781313453);
#334=VECTOR('',#1943,4.499999999);
#335=VECTOR('',#1944,4.025000001);
#336=VECTOR('',#1947,7.83553423800963);
#337=VECTOR('',#1950,7.59284070594738);
#338=VECTOR('',#1951,4.025);
#339=VECTOR('',#1952,0.707106780813453);
#340=VECTOR('',#1953,3.25);
#341=VECTOR('',#1954,6.5);
#342=VECTOR('',#1955,1.4142135626269);
#343=VECTOR('',#1956,12.);
#344=VECTOR('',#1959,4.5);
#345=VECTOR('',#1962,4.5);
#346=VECTOR('',#1965,4.499999998);
#347=VECTOR('',#1968,4.499999998);
#348=VECTOR('',#1971,4.5);
#349=VECTOR('',#1974,4.499999999);
#350=VECTOR('',#1979,7.);
#351=VECTOR('',#1982,7.);
#352=VECTOR('',#1985,7.);
#353=VECTOR('',#1996,2.);
#354=VECTOR('',#2003,2.);
#355=VECTOR('',#2010,2.);
#356=VECTOR('',#2017,2.);
#357=VECTOR('',#2022,19.884863737);
#358=VECTOR('',#2027,19.884863736);
#359=VECTOR('',#2030,19.884863737);
#360=FACE_OUTER_BOUND('',#443,.T.);
#361=FACE_OUTER_BOUND('',#444,.T.);
#362=FACE_OUTER_BOUND('',#445,.T.);
#363=FACE_OUTER_BOUND('',#446,.T.);
#364=FACE_OUTER_BOUND('',#447,.T.);
#365=FACE_OUTER_BOUND('',#448,.T.);
#366=FACE_OUTER_BOUND('',#449,.T.);
#367=FACE_OUTER_BOUND('',#450,.T.);
#368=FACE_OUTER_BOUND('',#451,.T.);
#369=FACE_OUTER_BOUND('',#452,.T.);
#370=FACE_OUTER_BOUND('',#453,.T.);
#371=FACE_OUTER_BOUND('',#454,.T.);
#372=FACE_OUTER_BOUND('',#455,.T.);
#373=FACE_OUTER_BOUND('',#456,.T.);
#374=FACE_OUTER_BOUND('',#457,.T.);
#375=FACE_OUTER_BOUND('',#458,.T.);
#376=FACE_OUTER_BOUND('',#459,.T.);
#377=FACE_OUTER_BOUND('',#460,.T.);
#378=FACE_OUTER_BOUND('',#461,.T.);
#379=FACE_OUTER_BOUND('',#466,.T.);
#380=FACE_OUTER_BOUND('',#468,.T.);
#381=FACE_OUTER_BOUND('',#473,.T.);
#382=FACE_OUTER_BOUND('',#474,.T.);
#383=FACE_OUTER_BOUND('',#476,.T.);
#384=FACE_OUTER_BOUND('',#477,.T.);
#385=FACE_OUTER_BOUND('',#478,.T.);
#386=FACE_OUTER_BOUND('',#479,.T.);
#387=FACE_OUTER_BOUND('',#480,.T.);
#388=FACE_OUTER_BOUND('',#481,.T.);
#389=FACE_OUTER_BOUND('',#482,.T.);
#390=FACE_OUTER_BOUND('',#483,.T.);
#391=FACE_OUTER_BOUND('',#484,.T.);
#392=FACE_OUTER_BOUND('',#491,.T.);
#393=FACE_OUTER_BOUND('',#492,.T.);
#394=FACE_OUTER_BOUND('',#493,.T.);
#395=FACE_OUTER_BOUND('',#494,.T.);
#396=FACE_OUTER_BOUND('',#495,.T.);
#397=FACE_OUTER_BOUND('',#496,.T.);
#398=FACE_OUTER_BOUND('',#497,.T.);
#399=FACE_OUTER_BOUND('',#498,.T.);
#400=FACE_OUTER_BOUND('',#499,.T.);
#401=FACE_OUTER_BOUND('',#500,.T.);
#402=FACE_OUTER_BOUND('',#501,.T.);
#403=FACE_OUTER_BOUND('',#502,.T.);
#404=FACE_OUTER_BOUND('',#503,.T.);
#405=FACE_OUTER_BOUND('',#504,.T.);
#406=FACE_OUTER_BOUND('',#505,.T.);
#407=FACE_OUTER_BOUND('',#509,.T.);
#408=FACE_OUTER_BOUND('',#510,.T.);
#409=FACE_OUTER_BOUND('',#511,.T.);
#410=FACE_OUTER_BOUND('',#512,.T.);
#411=FACE_OUTER_BOUND('',#513,.T.);
#412=FACE_OUTER_BOUND('',#514,.T.);
#413=FACE_OUTER_BOUND('',#515,.T.);
#414=FACE_OUTER_BOUND('',#516,.T.);
#415=FACE_OUTER_BOUND('',#517,.T.);
#416=FACE_OUTER_BOUND('',#522,.T.);
#417=FACE_OUTER_BOUND('',#523,.T.);
#418=FACE_OUTER_BOUND('',#524,.T.);
#419=FACE_OUTER_BOUND('',#525,.T.);
#420=FACE_OUTER_BOUND('',#526,.T.);
#421=FACE_OUTER_BOUND('',#527,.T.);
#422=FACE_OUTER_BOUND('',#528,.T.);
#423=FACE_OUTER_BOUND('',#529,.T.);
#424=FACE_OUTER_BOUND('',#530,.T.);
#425=FACE_OUTER_BOUND('',#531,.T.);
#426=FACE_OUTER_BOUND('',#532,.T.);
#427=FACE_OUTER_BOUND('',#533,.T.);
#428=FACE_OUTER_BOUND('',#534,.T.);
#429=FACE_OUTER_BOUND('',#535,.T.);
#430=FACE_OUTER_BOUND('',#536,.T.);
#431=FACE_OUTER_BOUND('',#538,.T.);
#432=FACE_OUTER_BOUND('',#539,.T.);
#433=FACE_OUTER_BOUND('',#541,.T.);
#434=FACE_OUTER_BOUND('',#542,.T.);
#435=FACE_OUTER_BOUND('',#544,.T.);
#436=FACE_OUTER_BOUND('',#545,.T.);
#437=FACE_OUTER_BOUND('',#547,.T.);
#438=FACE_OUTER_BOUND('',#548,.T.);
#439=FACE_OUTER_BOUND('',#549,.T.);
#440=FACE_OUTER_BOUND('',#550,.T.);
#441=FACE_OUTER_BOUND('',#551,.T.);
#442=FACE_OUTER_BOUND('',#552,.T.);
#443=EDGE_LOOP('',(#936));
#444=EDGE_LOOP('',(#937));
#445=EDGE_LOOP('',(#938,#939));
#446=EDGE_LOOP('',(#940));
#447=EDGE_LOOP('',(#941));
#448=EDGE_LOOP('',(#942));
#449=EDGE_LOOP('',(#943));
#450=EDGE_LOOP('',(#944));
#451=EDGE_LOOP('',(#945,#946,#947,#948));
#452=EDGE_LOOP('',(#949,#950,#951,#952));
#453=EDGE_LOOP('',(#953,#954,#955,#956));
#454=EDGE_LOOP('',(#957,#958,#959,#960));
#455=EDGE_LOOP('',(#961,#962,#963,#964));
#456=EDGE_LOOP('',(#965,#966,#967,#968));
#457=EDGE_LOOP('',(#969,#970,#971,#972));
#458=EDGE_LOOP('',(#973,#974,#975,#976));
#459=EDGE_LOOP('',(#977,#978,#979,#980));
#460=EDGE_LOOP('',(#981,#982,#983,#984));
#461=EDGE_LOOP('',(#985,#986,#987,#988));
#462=EDGE_LOOP('',(#989));
#463=EDGE_LOOP('',(#990));
#464=EDGE_LOOP('',(#991));
#465=EDGE_LOOP('',(#992));
#466=EDGE_LOOP('',(#993,#994,#995,#996,#997));
#467=EDGE_LOOP('',(#998,#999));
#468=EDGE_LOOP('',(#1000,#1001,#1002,#1003));
#469=EDGE_LOOP('',(#1004));
#470=EDGE_LOOP('',(#1005,#1006));
#471=EDGE_LOOP('',(#1007));
#472=EDGE_LOOP('',(#1008));
#473=EDGE_LOOP('',(#1009,#1010,#1011,#1012));
#474=EDGE_LOOP('',(#1013,#1014,#1015,#1016));
#475=EDGE_LOOP('',(#1017,#1018,#1019,#1020,#1021,#1022,#1023,#1024));
#476=EDGE_LOOP('',(#1025,#1026,#1027,#1028));
#477=EDGE_LOOP('',(#1029,#1030,#1031,#1032));
#478=EDGE_LOOP('',(#1033,#1034,#1035,#1036));
#479=EDGE_LOOP('',(#1037,#1038,#1039,#1040));
#480=EDGE_LOOP('',(#1041,#1042,#1043,#1044));
#481=EDGE_LOOP('',(#1045,#1046,#1047,#1048));
#482=EDGE_LOOP('',(#1049,#1050,#1051,#1052));
#483=EDGE_LOOP('',(#1053,#1054,#1055,#1056));
#484=EDGE_LOOP('',(#1057,#1058,#1059,#1060,#1061));
#485=EDGE_LOOP('',(#1062,#1063));
#486=EDGE_LOOP('',(#1064));
#487=EDGE_LOOP('',(#1065));
#488=EDGE_LOOP('',(#1066));
#489=EDGE_LOOP('',(#1067,#1068,#1069,#1070,#1071,#1072,#1073,#1074,#1075,
#1076,#1077,#1078,#1079,#1080,#1081,#1082,#1083,#1084));
#490=EDGE_LOOP('',(#1085));
#491=EDGE_LOOP('',(#1086,#1087,#1088,#1089));
#492=EDGE_LOOP('',(#1090,#1091,#1092,#1093));
#493=EDGE_LOOP('',(#1094,#1095));
#494=EDGE_LOOP('',(#1096,#1097,#1098,#1099));
#495=EDGE_LOOP('',(#1100,#1101,#1102,#1103,#1104,#1105,#1106,#1107,#1108,
#1109,#1110,#1111));
#496=EDGE_LOOP('',(#1112,#1113,#1114,#1115));
#497=EDGE_LOOP('',(#1116,#1117,#1118,#1119,#1120,#1121,#1122));
#498=EDGE_LOOP('',(#1123,#1124,#1125,#1126,#1127,#1128,#1129,#1130,#1131));
#499=EDGE_LOOP('',(#1132,#1133,#1134));
#500=EDGE_LOOP('',(#1135,#1136,#1137,#1138));
#501=EDGE_LOOP('',(#1139,#1140,#1141,#1142));
#502=EDGE_LOOP('',(#1143,#1144,#1145,#1146));
#503=EDGE_LOOP('',(#1147,#1148,#1149,#1150));
#504=EDGE_LOOP('',(#1151,#1152,#1153,#1154));
#505=EDGE_LOOP('',(#1155,#1156,#1157,#1158,#1159,#1160,#1161));
#506=EDGE_LOOP('',(#1162,#1163,#1164,#1165));
#507=EDGE_LOOP('',(#1166,#1167,#1168,#1169));
#508=EDGE_LOOP('',(#1170,#1171,#1172,#1173));
#509=EDGE_LOOP('',(#1174,#1175,#1176,#1177));
#510=EDGE_LOOP('',(#1178,#1179,#1180,#1181));
#511=EDGE_LOOP('',(#1182,#1183,#1184,#1185));
#512=EDGE_LOOP('',(#1186,#1187,#1188,#1189));
#513=EDGE_LOOP('',(#1190,#1191,#1192,#1193));
#514=EDGE_LOOP('',(#1194,#1195,#1196,#1197));
#515=EDGE_LOOP('',(#1198,#1199,#1200,#1201));
#516=EDGE_LOOP('',(#1202,#1203,#1204,#1205));
#517=EDGE_LOOP('',(#1206,#1207,#1208,#1209,#1210,#1211,#1212,#1213,#1214,
#1215,#1216,#1217,#1218,#1219,#1220,#1221,#1222,#1223));
#518=EDGE_LOOP('',(#1224));
#519=EDGE_LOOP('',(#1225));
#520=EDGE_LOOP('',(#1226));
#521=EDGE_LOOP('',(#1227));
#522=EDGE_LOOP('',(#1228,#1229,#1230,#1231));
#523=EDGE_LOOP('',(#1232,#1233,#1234,#1235));
#524=EDGE_LOOP('',(#1236,#1237,#1238,#1239));
#525=EDGE_LOOP('',(#1240,#1241,#1242,#1243));
#526=EDGE_LOOP('',(#1244,#1245,#1246,#1247));
#527=EDGE_LOOP('',(#1248,#1249,#1250,#1251));
#528=EDGE_LOOP('',(#1252,#1253,#1254,#1255));
#529=EDGE_LOOP('',(#1256,#1257,#1258,#1259));
#530=EDGE_LOOP('',(#1260,#1261,#1262,#1263));
#531=EDGE_LOOP('',(#1264,#1265,#1266,#1267));
#532=EDGE_LOOP('',(#1268,#1269,#1270,#1271));
#533=EDGE_LOOP('',(#1272,#1273,#1274,#1275));
#534=EDGE_LOOP('',(#1276,#1277,#1278,#1279));
#535=EDGE_LOOP('',(#1280,#1281,#1282,#1283));
#536=EDGE_LOOP('',(#1284));
#537=EDGE_LOOP('',(#1285));
#538=EDGE_LOOP('',(#1286,#1287,#1288,#1289));
#539=EDGE_LOOP('',(#1290));
#540=EDGE_LOOP('',(#1291));
#541=EDGE_LOOP('',(#1292,#1293,#1294,#1295));
#542=EDGE_LOOP('',(#1296));
#543=EDGE_LOOP('',(#1297));
#544=EDGE_LOOP('',(#1298,#1299,#1300,#1301));
#545=EDGE_LOOP('',(#1302));
#546=EDGE_LOOP('',(#1303));
#547=EDGE_LOOP('',(#1304,#1305,#1306,#1307));
#548=EDGE_LOOP('',(#1308,#1309,#1310,#1311));
#549=EDGE_LOOP('',(#1312,#1313,#1314,#1315));
#550=EDGE_LOOP('',(#1316,#1317,#1318,#1319));
#551=EDGE_LOOP('',(#1320,#1321,#1322,#1323));
#552=EDGE_LOOP('',(#1324,#1325,#1326,#1327));
#553=CIRCLE('',#1483,2.10000000000001);
#554=CIRCLE('',#1485,2.10000000000001);
#555=CIRCLE('',#1487,2.10000000000001);
#556=CIRCLE('',#1489,2.10000000000001);
#557=CIRCLE('',#1491,2.10000000000001);
#558=CIRCLE('',#1493,2.10000000000001);
#559=CIRCLE('',#1495,2.10000000000001);
#560=CIRCLE('',#1497,2.10000000000001);
#561=CIRCLE('',#1499,2.5);
#562=CIRCLE('',#1500,2.5);
#563=CIRCLE('',#1503,2.5);
#564=CIRCLE('',#1505,2.5);
#565=CIRCLE('',#1506,2.5);
#566=CIRCLE('',#1509,2.5);
#567=CIRCLE('',#1511,2.5);
#568=CIRCLE('',#1512,2.5);
#569=CIRCLE('',#1515,2.5);
#570=CIRCLE('',#1518,2.10000000000001);
#571=CIRCLE('',#1519,2.10000000000001);
#572=CIRCLE('',#1520,2.10000000000001);
#573=CIRCLE('',#1521,2.10000000000001);
#574=CIRCLE('',#1523,6.);
#575=CIRCLE('',#1524,18.5);
#576=CIRCLE('',#1526,2.10000000000001);
#577=CIRCLE('',#1527,2.10000000000001);
#578=CIRCLE('',#1528,2.10000000000001);
#579=CIRCLE('',#1529,2.10000000000001);
#580=CIRCLE('',#1541,6.);
#581=CIRCLE('',#1542,2.);
#582=CIRCLE('',#1543,2.);
#583=CIRCLE('',#1544,2.);
#584=CIRCLE('',#1545,2.);
#585=CIRCLE('',#1546,18.5);
#586=CIRCLE('',#1550,18.5);
#587=CIRCLE('',#1551,18.5);
#588=CIRCLE('',#1552,18.5);
#589=CIRCLE('',#1553,18.5);
#590=CIRCLE('',#1554,18.5);
#591=CIRCLE('',#1555,18.5);
#592=CIRCLE('',#1556,18.5);
#593=CIRCLE('',#1559,22.5);
#594=CIRCLE('',#1562,18.5);
#595=CIRCLE('',#1565,0.9);
#596=CIRCLE('',#1566,0.9);
#597=CIRCLE('',#1568,0.9);
#598=CIRCLE('',#1569,0.9);
#599=CIRCLE('',#1571,0.9);
#600=CIRCLE('',#1572,0.9);
#601=CIRCLE('',#1574,0.9);
#602=CIRCLE('',#1575,0.9);
#603=CIRCLE('',#1577,2.5);
#604=CIRCLE('',#1578,2.5);
#605=CIRCLE('',#1579,2.5);
#606=CIRCLE('',#1603,2.);
#607=CIRCLE('',#1606,2.);
#608=CIRCLE('',#1609,2.);
#609=CIRCLE('',#1612,2.);
#610=VERTEX_POINT('',#2040);
#611=VERTEX_POINT('',#2043);
#612=VERTEX_POINT('',#2046);
#613=VERTEX_POINT('',#2047);
#614=VERTEX_POINT('',#2051);
#615=VERTEX_POINT('',#2054);
#616=VERTEX_POINT('',#2057);
#617=VERTEX_POINT('',#2060);
#618=VERTEX_POINT('',#2063);
#619=VERTEX_POINT('',#2066);
#620=VERTEX_POINT('',#2067);
#621=VERTEX_POINT('',#2069);
#622=VERTEX_POINT('',#2071);
#623=VERTEX_POINT('',#2075);
#624=VERTEX_POINT('',#2077);
#625=VERTEX_POINT('',#2081);
#626=VERTEX_POINT('',#2085);
#627=VERTEX_POINT('',#2086);
#628=VERTEX_POINT('',#2088);
#629=VERTEX_POINT('',#2090);
#630=VERTEX_POINT('',#2094);
#631=VERTEX_POINT('',#2096);
#632=VERTEX_POINT('',#2100);
#633=VERTEX_POINT('',#2104);
#634=VERTEX_POINT('',#2105);
#635=VERTEX_POINT('',#2107);
#636=VERTEX_POINT('',#2109);
#637=VERTEX_POINT('',#2113);
#638=VERTEX_POINT('',#2115);
#639=VERTEX_POINT('',#2119);
#640=VERTEX_POINT('',#2123);
#641=VERTEX_POINT('',#2124);
#642=VERTEX_POINT('',#2126);
#643=VERTEX_POINT('',#2128);
#644=VERTEX_POINT('',#2132);
#645=VERTEX_POINT('',#2134);
#646=VERTEX_POINT('',#2137);
#647=VERTEX_POINT('',#2139);
#648=VERTEX_POINT('',#2141);
#649=VERTEX_POINT('',#2143);
#650=VERTEX_POINT('',#2146);
#651=VERTEX_POINT('',#2148);
#652=VERTEX_POINT('',#2151);
#653=VERTEX_POINT('',#2152);
#654=VERTEX_POINT('',#2198);
#655=VERTEX_POINT('',#2201);
#656=VERTEX_POINT('',#2203);
#657=VERTEX_POINT('',#2204);
#658=VERTEX_POINT('',#2207);
#659=VERTEX_POINT('',#2209);
#660=VERTEX_POINT('',#2215);
#661=VERTEX_POINT('',#2218);
#662=VERTEX_POINT('',#2219);
#663=VERTEX_POINT('',#2221);
#664=VERTEX_POINT('',#2223);
#665=VERTEX_POINT('',#2225);
#666=VERTEX_POINT('',#2227);
#667=VERTEX_POINT('',#2229);
#668=VERTEX_POINT('',#2231);
#669=VERTEX_POINT('',#2251);
#670=VERTEX_POINT('',#2252);
#671=VERTEX_POINT('',#2285);
#672=VERTEX_POINT('',#2287);
#673=VERTEX_POINT('',#2289);
#674=VERTEX_POINT('',#2291);
#675=VERTEX_POINT('',#2292);
#676=VERTEX_POINT('',#2294);
#677=VERTEX_POINT('',#2296);
#678=VERTEX_POINT('',#2298);
#679=VERTEX_POINT('',#2300);
#680=VERTEX_POINT('',#2302);
#681=VERTEX_POINT('',#2304);
#682=VERTEX_POINT('',#2306);
#683=VERTEX_POINT('',#2308);
#684=VERTEX_POINT('',#2310);
#685=VERTEX_POINT('',#2312);
#686=VERTEX_POINT('',#2314);
#687=VERTEX_POINT('',#2316);
#688=VERTEX_POINT('',#2318);
#689=VERTEX_POINT('',#2320);
#690=VERTEX_POINT('',#2322);
#691=VERTEX_POINT('',#2324);
#692=VERTEX_POINT('',#2327);
#693=VERTEX_POINT('',#2389);
#694=VERTEX_POINT('',#2394);
#695=VERTEX_POINT('',#2487);
#696=VERTEX_POINT('',#2488);
#697=VERTEX_POINT('',#2496);
#698=VERTEX_POINT('',#2498);
#699=VERTEX_POINT('',#2500);
#700=VERTEX_POINT('',#2502);
#701=VERTEX_POINT('',#2504);
#702=VERTEX_POINT('',#2506);
#703=VERTEX_POINT('',#2508);
#704=VERTEX_POINT('',#2510);
#705=VERTEX_POINT('',#2517);
#706=VERTEX_POINT('',#2518);
#707=VERTEX_POINT('',#2520);
#708=VERTEX_POINT('',#2525);
#709=VERTEX_POINT('',#2527);
#710=VERTEX_POINT('',#2536);
#711=VERTEX_POINT('',#2538);
#712=VERTEX_POINT('',#2542);
#713=VERTEX_POINT('',#2544);
#714=VERTEX_POINT('',#2548);
#715=VERTEX_POINT('',#2550);
#716=VERTEX_POINT('',#2554);
#717=VERTEX_POINT('',#2556);
#718=VERTEX_POINT('',#2560);
#719=VERTEX_POINT('',#2565);
#720=VERTEX_POINT('',#2568);
#721=VERTEX_POINT('',#2571);
#722=VERTEX_POINT('',#2575);
#723=VERTEX_POINT('',#2577);
#724=VERTEX_POINT('',#2581);
#725=VERTEX_POINT('',#2585);
#726=VERTEX_POINT('',#2589);
#727=VERTEX_POINT('',#2593);
#728=VERTEX_POINT('',#2597);
#729=VERTEX_POINT('',#2601);
#730=VERTEX_POINT('',#2607);
#731=VERTEX_POINT('',#2609);
#732=VERTEX_POINT('',#2611);
#733=VERTEX_POINT('',#2613);
#734=VERTEX_POINT('',#2615);
#735=VERTEX_POINT('',#2617);
#736=VERTEX_POINT('',#2643);
#737=VERTEX_POINT('',#2648);
#738=VERTEX_POINT('',#2653);
#739=VERTEX_POINT('',#2658);
#740=EDGE_CURVE('',#610,#610,#553,.T.);
#741=EDGE_CURVE('',#611,#611,#554,.T.);
#742=EDGE_CURVE('',#612,#613,#92,.T.);
#743=EDGE_CURVE('',#613,#612,#555,.T.);
#744=EDGE_CURVE('',#614,#614,#556,.T.);
#745=EDGE_CURVE('',#615,#615,#557,.T.);
#746=EDGE_CURVE('',#616,#616,#558,.T.);
#747=EDGE_CURVE('',#617,#617,#559,.T.);
#748=EDGE_CURVE('',#618,#618,#560,.T.);
#749=EDGE_CURVE('',#619,#620,#93,.T.);
#750=EDGE_CURVE('',#621,#619,#561,.T.);
#751=EDGE_CURVE('',#622,#621,#94,.T.);
#752=EDGE_CURVE('',#620,#622,#562,.T.);
#753=EDGE_CURVE('',#621,#623,#95,.T.);
#754=EDGE_CURVE('',#623,#624,#96,.T.);
#755=EDGE_CURVE('',#624,#622,#97,.T.);
#756=EDGE_CURVE('',#625,#619,#98,.T.);
#757=EDGE_CURVE('',#623,#625,#563,.T.);
#758=EDGE_CURVE('',#626,#627,#99,.T.);
#759=EDGE_CURVE('',#628,#626,#564,.T.);
#760=EDGE_CURVE('',#629,#628,#100,.T.);
#761=EDGE_CURVE('',#627,#629,#565,.T.);
#762=EDGE_CURVE('',#628,#630,#101,.T.);
#763=EDGE_CURVE('',#630,#631,#102,.T.);
#764=EDGE_CURVE('',#631,#629,#103,.T.);
#765=EDGE_CURVE('',#632,#626,#104,.T.);
#766=EDGE_CURVE('',#630,#632,#566,.T.);
#767=EDGE_CURVE('',#633,#634,#105,.T.);
#768=EDGE_CURVE('',#635,#633,#567,.T.);
#769=EDGE_CURVE('',#636,#635,#106,.T.);
#770=EDGE_CURVE('',#634,#636,#568,.T.);
#771=EDGE_CURVE('',#635,#637,#107,.T.);
#772=EDGE_CURVE('',#637,#638,#108,.T.);
#773=EDGE_CURVE('',#638,#636,#109,.T.);
#774=EDGE_CURVE('',#639,#633,#110,.T.);
#775=EDGE_CURVE('',#637,#639,#569,.T.);
#776=EDGE_CURVE('',#640,#641,#111,.T.);
#777=EDGE_CURVE('',#642,#640,#112,.T.);
#778=EDGE_CURVE('',#643,#642,#113,.T.);
#779=EDGE_CURVE('',#641,#643,#114,.T.);
#780=EDGE_CURVE('',#641,#644,#115,.T.);
#781=EDGE_CURVE('',#644,#645,#116,.T.);
#782=EDGE_CURVE('',#640,#645,#117,.T.);
#783=EDGE_CURVE('',#646,#646,#570,.T.);
#784=EDGE_CURVE('',#647,#647,#571,.T.);
#785=EDGE_CURVE('',#648,#648,#572,.T.);
#786=EDGE_CURVE('',#649,#649,#573,.T.);
#787=EDGE_CURVE('',#643,#650,#118,.T.);
#788=EDGE_CURVE('',#650,#651,#119,.T.);
#789=EDGE_CURVE('',#651,#644,#574,.T.);
#790=EDGE_CURVE('',#652,#653,#575,.T.);
#791=EDGE_CURVE('',#653,#652,#20,.T.);
#792=EDGE_CURVE('',#654,#642,#120,.T.);
#793=EDGE_CURVE('',#650,#654,#121,.T.);
#794=EDGE_CURVE('',#655,#655,#576,.T.);
#795=EDGE_CURVE('',#656,#657,#122,.T.);
#796=EDGE_CURVE('',#656,#657,#577,.T.);
#797=EDGE_CURVE('',#658,#658,#578,.T.);
#798=EDGE_CURVE('',#659,#659,#579,.T.);
#799=EDGE_CURVE('',#657,#612,#123,.T.);
#800=EDGE_CURVE('',#656,#613,#124,.T.);
#801=EDGE_CURVE('',#654,#660,#125,.T.);
#802=EDGE_CURVE('',#660,#651,#126,.T.);
#803=EDGE_CURVE('',#661,#662,#127,.T.);
#804=EDGE_CURVE('',#662,#663,#128,.T.);
#805=EDGE_CURVE('',#664,#663,#129,.T.);
#806=EDGE_CURVE('',#664,#665,#130,.T.);
#807=EDGE_CURVE('',#666,#665,#131,.T.);
#808=EDGE_CURVE('',#667,#666,#132,.T.);
#809=EDGE_CURVE('',#668,#667,#133,.T.);
#810=EDGE_CURVE('',#668,#661,#134,.T.);
#811=EDGE_CURVE('',#655,#614,#135,.T.);
#812=EDGE_CURVE('',#658,#611,#136,.T.);
#813=EDGE_CURVE('',#659,#610,#137,.T.);
#814=EDGE_CURVE('',#649,#618,#138,.T.);
#815=EDGE_CURVE('',#648,#615,#139,.T.);
#816=EDGE_CURVE('',#647,#617,#140,.T.);
#817=EDGE_CURVE('',#646,#616,#141,.T.);
#818=EDGE_CURVE('',#645,#660,#580,.T.);
#819=EDGE_CURVE('',#669,#670,#21,.T.);
#820=EDGE_CURVE('',#670,#669,#142,.T.);
#821=EDGE_CURVE('',#671,#671,#581,.T.);
#822=EDGE_CURVE('',#672,#672,#582,.T.);
#823=EDGE_CURVE('',#673,#673,#583,.T.);
#824=EDGE_CURVE('',#674,#675,#143,.T.);
#825=EDGE_CURVE('',#675,#676,#144,.T.);
#826=EDGE_CURVE('',#677,#676,#145,.T.);
#827=EDGE_CURVE('',#677,#678,#146,.T.);
#828=EDGE_CURVE('',#678,#679,#147,.T.);
#829=EDGE_CURVE('',#679,#680,#148,.T.);
#830=EDGE_CURVE('',#680,#681,#149,.T.);
#831=EDGE_CURVE('',#682,#681,#150,.T.);
#832=EDGE_CURVE('',#683,#682,#151,.T.);
#833=EDGE_CURVE('',#684,#683,#152,.T.);
#834=EDGE_CURVE('',#684,#685,#153,.T.);
#835=EDGE_CURVE('',#686,#685,#154,.T.);
#836=EDGE_CURVE('',#687,#686,#155,.T.);
#837=EDGE_CURVE('',#687,#688,#156,.T.);
#838=EDGE_CURVE('',#688,#689,#157,.T.);
#839=EDGE_CURVE('',#689,#690,#158,.T.);
#840=EDGE_CURVE('',#690,#691,#159,.T.);
#841=EDGE_CURVE('',#674,#691,#160,.T.);
#842=EDGE_CURVE('',#692,#692,#584,.T.);
#843=EDGE_CURVE('',#693,#669,#22,.T.);
#844=EDGE_CURVE('',#694,#693,#23,.T.);
#845=EDGE_CURVE('',#670,#694,#24,.T.);
#846=EDGE_CURVE('',#695,#696,#585,.T.);
#847=EDGE_CURVE('',#652,#696,#161,.T.);
#848=EDGE_CURVE('',#695,#653,#162,.T.);
#849=EDGE_CURVE('',#694,#693,#163,.T.);
#850=EDGE_CURVE('',#696,#697,#586,.T.);
#851=EDGE_CURVE('',#697,#698,#587,.T.);
#852=EDGE_CURVE('',#698,#699,#588,.T.);
#853=EDGE_CURVE('',#700,#699,#589,.T.);
#854=EDGE_CURVE('',#700,#701,#164,.T.);
#855=EDGE_CURVE('',#701,#702,#590,.T.);
#856=EDGE_CURVE('',#702,#703,#165,.T.);
#857=EDGE_CURVE('',#704,#703,#591,.T.);
#858=EDGE_CURVE('',#704,#695,#592,.T.);
#859=EDGE_CURVE('',#700,#663,#166,.T.);
#860=EDGE_CURVE('',#664,#699,#167,.T.);
#861=EDGE_CURVE('',#705,#706,#168,.T.);
#862=EDGE_CURVE('',#707,#705,#169,.T.);
#863=EDGE_CURVE('',#697,#707,#593,.T.);
#864=EDGE_CURVE('',#706,#704,#170,.T.);
#865=EDGE_CURVE('',#708,#665,#171,.T.);
#866=EDGE_CURVE('',#699,#709,#172,.T.);
#867=EDGE_CURVE('',#709,#707,#173,.T.);
#868=EDGE_CURVE('',#705,#689,#174,.T.);
#869=EDGE_CURVE('',#708,#688,#175,.T.);
#870=EDGE_CURVE('',#698,#709,#594,.T.);
#871=EDGE_CURVE('',#710,#710,#595,.T.);
#872=EDGE_CURVE('',#710,#711,#176,.T.);
#873=EDGE_CURVE('',#711,#711,#596,.T.);
#874=EDGE_CURVE('',#712,#712,#597,.T.);
#875=EDGE_CURVE('',#712,#713,#177,.T.);
#876=EDGE_CURVE('',#713,#713,#598,.T.);
#877=EDGE_CURVE('',#714,#714,#599,.T.);
#878=EDGE_CURVE('',#714,#715,#178,.T.);
#879=EDGE_CURVE('',#715,#715,#600,.T.);
#880=EDGE_CURVE('',#716,#716,#601,.T.);
#881=EDGE_CURVE('',#716,#717,#179,.T.);
#882=EDGE_CURVE('',#717,#717,#602,.T.);
#883=EDGE_CURVE('',#718,#666,#180,.T.);
#884=EDGE_CURVE('',#718,#691,#181,.T.);
#885=EDGE_CURVE('',#706,#690,#182,.T.);
#886=EDGE_CURVE('',#704,#667,#183,.T.);
#887=EDGE_CURVE('',#719,#631,#603,.T.);
#888=EDGE_CURVE('',#719,#632,#184,.T.);
#889=EDGE_CURVE('',#720,#625,#185,.T.);
#890=EDGE_CURVE('',#720,#624,#604,.T.);
#891=EDGE_CURVE('',#721,#639,#186,.T.);
#892=EDGE_CURVE('',#721,#638,#605,.T.);
#893=EDGE_CURVE('',#722,#680,#187,.T.);
#894=EDGE_CURVE('',#722,#723,#188,.T.);
#895=EDGE_CURVE('',#723,#681,#189,.T.);
#896=EDGE_CURVE('',#724,#679,#190,.T.);
#897=EDGE_CURVE('',#724,#722,#191,.T.);
#898=EDGE_CURVE('',#725,#678,#192,.T.);
#899=EDGE_CURVE('',#725,#724,#193,.T.);
#900=EDGE_CURVE('',#726,#677,#194,.T.);
#901=EDGE_CURVE('',#726,#725,#195,.T.);
#902=EDGE_CURVE('',#727,#676,#196,.T.);
#903=EDGE_CURVE('',#726,#727,#197,.T.);
#904=EDGE_CURVE('',#728,#675,#198,.T.);
#905=EDGE_CURVE('',#728,#727,#199,.T.);
#906=EDGE_CURVE('',#729,#674,#200,.T.);
#907=EDGE_CURVE('',#729,#728,#201,.T.);
#908=EDGE_CURVE('',#729,#718,#202,.T.);
#909=EDGE_CURVE('',#730,#708,#203,.T.);
#910=EDGE_CURVE('',#730,#731,#204,.T.);
#911=EDGE_CURVE('',#731,#732,#205,.T.);
#912=EDGE_CURVE('',#733,#732,#206,.T.);
#913=EDGE_CURVE('',#733,#734,#207,.T.);
#914=EDGE_CURVE('',#734,#735,#208,.T.);
#915=EDGE_CURVE('',#735,#723,#209,.T.);
#916=EDGE_CURVE('',#735,#682,#210,.T.);
#917=EDGE_CURVE('',#734,#683,#211,.T.);
#918=EDGE_CURVE('',#733,#684,#212,.T.);
#919=EDGE_CURVE('',#732,#685,#213,.T.);
#920=EDGE_CURVE('',#731,#686,#214,.T.);
#921=EDGE_CURVE('',#730,#687,#215,.T.);
#922=EDGE_CURVE('',#620,#720,#216,.T.);
#923=EDGE_CURVE('',#627,#719,#217,.T.);
#924=EDGE_CURVE('',#634,#721,#218,.T.);
#925=EDGE_CURVE('',#736,#736,#606,.T.);
#926=EDGE_CURVE('',#736,#672,#219,.T.);
#927=EDGE_CURVE('',#737,#737,#607,.T.);
#928=EDGE_CURVE('',#737,#673,#220,.T.);
#929=EDGE_CURVE('',#738,#738,#608,.T.);
#930=EDGE_CURVE('',#738,#692,#221,.T.);
#931=EDGE_CURVE('',#739,#739,#609,.T.);
#932=EDGE_CURVE('',#739,#671,#222,.T.);
#933=EDGE_CURVE('',#703,#668,#223,.T.);
#934=EDGE_CURVE('',#701,#662,#224,.T.);
#935=EDGE_CURVE('',#702,#661,#225,.T.);
#936=ORIENTED_EDGE('',*,*,#740,.F.);
#937=ORIENTED_EDGE('',*,*,#741,.F.);
#938=ORIENTED_EDGE('',*,*,#742,.F.);
#939=ORIENTED_EDGE('',*,*,#743,.F.);
#940=ORIENTED_EDGE('',*,*,#744,.F.);
#941=ORIENTED_EDGE('',*,*,#745,.F.);
#942=ORIENTED_EDGE('',*,*,#746,.F.);
#943=ORIENTED_EDGE('',*,*,#747,.F.);
#944=ORIENTED_EDGE('',*,*,#748,.F.);
#945=ORIENTED_EDGE('',*,*,#749,.F.);
#946=ORIENTED_EDGE('',*,*,#750,.F.);
#947=ORIENTED_EDGE('',*,*,#751,.F.);
#948=ORIENTED_EDGE('',*,*,#752,.F.);
#949=ORIENTED_EDGE('',*,*,#751,.T.);
#950=ORIENTED_EDGE('',*,*,#753,.T.);
#951=ORIENTED_EDGE('',*,*,#754,.T.);
#952=ORIENTED_EDGE('',*,*,#755,.T.);
#953=ORIENTED_EDGE('',*,*,#750,.T.);
#954=ORIENTED_EDGE('',*,*,#756,.F.);
#955=ORIENTED_EDGE('',*,*,#757,.F.);
#956=ORIENTED_EDGE('',*,*,#753,.F.);
#957=ORIENTED_EDGE('',*,*,#758,.F.);
#958=ORIENTED_EDGE('',*,*,#759,.F.);
#959=ORIENTED_EDGE('',*,*,#760,.F.);
#960=ORIENTED_EDGE('',*,*,#761,.F.);
#961=ORIENTED_EDGE('',*,*,#760,.T.);
#962=ORIENTED_EDGE('',*,*,#762,.T.);
#963=ORIENTED_EDGE('',*,*,#763,.T.);
#964=ORIENTED_EDGE('',*,*,#764,.T.);
#965=ORIENTED_EDGE('',*,*,#759,.T.);
#966=ORIENTED_EDGE('',*,*,#765,.F.);
#967=ORIENTED_EDGE('',*,*,#766,.F.);
#968=ORIENTED_EDGE('',*,*,#762,.F.);
#969=ORIENTED_EDGE('',*,*,#767,.F.);
#970=ORIENTED_EDGE('',*,*,#768,.F.);
#971=ORIENTED_EDGE('',*,*,#769,.F.);
#972=ORIENTED_EDGE('',*,*,#770,.F.);
#973=ORIENTED_EDGE('',*,*,#769,.T.);
#974=ORIENTED_EDGE('',*,*,#771,.T.);
#975=ORIENTED_EDGE('',*,*,#772,.T.);
#976=ORIENTED_EDGE('',*,*,#773,.T.);
#977=ORIENTED_EDGE('',*,*,#768,.T.);
#978=ORIENTED_EDGE('',*,*,#774,.F.);
#979=ORIENTED_EDGE('',*,*,#775,.F.);
#980=ORIENTED_EDGE('',*,*,#771,.F.);
#981=ORIENTED_EDGE('',*,*,#776,.F.);
#982=ORIENTED_EDGE('',*,*,#777,.F.);
#983=ORIENTED_EDGE('',*,*,#778,.F.);
#984=ORIENTED_EDGE('',*,*,#779,.F.);
#985=ORIENTED_EDGE('',*,*,#776,.T.);
#986=ORIENTED_EDGE('',*,*,#780,.T.);
#987=ORIENTED_EDGE('',*,*,#781,.T.);
#988=ORIENTED_EDGE('',*,*,#782,.F.);
#989=ORIENTED_EDGE('',*,*,#783,.T.);
#990=ORIENTED_EDGE('',*,*,#784,.T.);
#991=ORIENTED_EDGE('',*,*,#785,.T.);
#992=ORIENTED_EDGE('',*,*,#786,.T.);
#993=ORIENTED_EDGE('',*,*,#779,.T.);
#994=ORIENTED_EDGE('',*,*,#787,.T.);
#995=ORIENTED_EDGE('',*,*,#788,.T.);
#996=ORIENTED_EDGE('',*,*,#789,.T.);
#997=ORIENTED_EDGE('',*,*,#780,.F.);
#998=ORIENTED_EDGE('',*,*,#790,.T.);
#999=ORIENTED_EDGE('',*,*,#791,.T.);
#1000=ORIENTED_EDGE('',*,*,#778,.T.);
#1001=ORIENTED_EDGE('',*,*,#792,.F.);
#1002=ORIENTED_EDGE('',*,*,#793,.F.);
#1003=ORIENTED_EDGE('',*,*,#787,.F.);
#1004=ORIENTED_EDGE('',*,*,#794,.T.);
#1005=ORIENTED_EDGE('',*,*,#795,.F.);
#1006=ORIENTED_EDGE('',*,*,#796,.T.);
#1007=ORIENTED_EDGE('',*,*,#797,.T.);
#1008=ORIENTED_EDGE('',*,*,#798,.T.);
#1009=ORIENTED_EDGE('',*,*,#799,.T.);
#1010=ORIENTED_EDGE('',*,*,#742,.T.);
#1011=ORIENTED_EDGE('',*,*,#800,.F.);
#1012=ORIENTED_EDGE('',*,*,#795,.T.);
#1013=ORIENTED_EDGE('',*,*,#793,.T.);
#1014=ORIENTED_EDGE('',*,*,#801,.T.);
#1015=ORIENTED_EDGE('',*,*,#802,.T.);
#1016=ORIENTED_EDGE('',*,*,#788,.F.);
#1017=ORIENTED_EDGE('',*,*,#803,.T.);
#1018=ORIENTED_EDGE('',*,*,#804,.T.);
#1019=ORIENTED_EDGE('',*,*,#805,.F.);
#1020=ORIENTED_EDGE('',*,*,#806,.T.);
#1021=ORIENTED_EDGE('',*,*,#807,.F.);
#1022=ORIENTED_EDGE('',*,*,#808,.F.);
#1023=ORIENTED_EDGE('',*,*,#809,.F.);
#1024=ORIENTED_EDGE('',*,*,#810,.T.);
#1025=ORIENTED_EDGE('',*,*,#794,.F.);
#1026=ORIENTED_EDGE('',*,*,#811,.T.);
#1027=ORIENTED_EDGE('',*,*,#744,.T.);
#1028=ORIENTED_EDGE('',*,*,#811,.F.);
#1029=ORIENTED_EDGE('',*,*,#799,.F.);
#1030=ORIENTED_EDGE('',*,*,#796,.F.);
#1031=ORIENTED_EDGE('',*,*,#800,.T.);
#1032=ORIENTED_EDGE('',*,*,#743,.T.);
#1033=ORIENTED_EDGE('',*,*,#797,.F.);
#1034=ORIENTED_EDGE('',*,*,#812,.T.);
#1035=ORIENTED_EDGE('',*,*,#741,.T.);
#1036=ORIENTED_EDGE('',*,*,#812,.F.);
#1037=ORIENTED_EDGE('',*,*,#798,.F.);
#1038=ORIENTED_EDGE('',*,*,#813,.T.);
#1039=ORIENTED_EDGE('',*,*,#740,.T.);
#1040=ORIENTED_EDGE('',*,*,#813,.F.);
#1041=ORIENTED_EDGE('',*,*,#786,.F.);
#1042=ORIENTED_EDGE('',*,*,#814,.T.);
#1043=ORIENTED_EDGE('',*,*,#748,.T.);
#1044=ORIENTED_EDGE('',*,*,#814,.F.);
#1045=ORIENTED_EDGE('',*,*,#785,.F.);
#1046=ORIENTED_EDGE('',*,*,#815,.T.);
#1047=ORIENTED_EDGE('',*,*,#745,.T.);
#1048=ORIENTED_EDGE('',*,*,#815,.F.);
#1049=ORIENTED_EDGE('',*,*,#784,.F.);
#1050=ORIENTED_EDGE('',*,*,#816,.T.);
#1051=ORIENTED_EDGE('',*,*,#747,.T.);
#1052=ORIENTED_EDGE('',*,*,#816,.F.);
#1053=ORIENTED_EDGE('',*,*,#783,.F.);
#1054=ORIENTED_EDGE('',*,*,#817,.T.);
#1055=ORIENTED_EDGE('',*,*,#746,.T.);
#1056=ORIENTED_EDGE('',*,*,#817,.F.);
#1057=ORIENTED_EDGE('',*,*,#777,.T.);
#1058=ORIENTED_EDGE('',*,*,#782,.T.);
#1059=ORIENTED_EDGE('',*,*,#818,.T.);
#1060=ORIENTED_EDGE('',*,*,#801,.F.);
#1061=ORIENTED_EDGE('',*,*,#792,.T.);
#1062=ORIENTED_EDGE('',*,*,#819,.T.);
#1063=ORIENTED_EDGE('',*,*,#820,.T.);
#1064=ORIENTED_EDGE('',*,*,#821,.F.);
#1065=ORIENTED_EDGE('',*,*,#822,.F.);
#1066=ORIENTED_EDGE('',*,*,#823,.F.);
#1067=ORIENTED_EDGE('',*,*,#824,.T.);
#1068=ORIENTED_EDGE('',*,*,#825,.T.);
#1069=ORIENTED_EDGE('',*,*,#826,.F.);
#1070=ORIENTED_EDGE('',*,*,#827,.T.);
#1071=ORIENTED_EDGE('',*,*,#828,.T.);
#1072=ORIENTED_EDGE('',*,*,#829,.T.);
#1073=ORIENTED_EDGE('',*,*,#830,.T.);
#1074=ORIENTED_EDGE('',*,*,#831,.F.);
#1075=ORIENTED_EDGE('',*,*,#832,.F.);
#1076=ORIENTED_EDGE('',*,*,#833,.F.);
#1077=ORIENTED_EDGE('',*,*,#834,.T.);
#1078=ORIENTED_EDGE('',*,*,#835,.F.);
#1079=ORIENTED_EDGE('',*,*,#836,.F.);
#1080=ORIENTED_EDGE('',*,*,#837,.T.);
#1081=ORIENTED_EDGE('',*,*,#838,.T.);
#1082=ORIENTED_EDGE('',*,*,#839,.T.);
#1083=ORIENTED_EDGE('',*,*,#840,.T.);
#1084=ORIENTED_EDGE('',*,*,#841,.F.);
#1085=ORIENTED_EDGE('',*,*,#842,.F.);
#1086=ORIENTED_EDGE('',*,*,#843,.F.);
#1087=ORIENTED_EDGE('',*,*,#844,.F.);
#1088=ORIENTED_EDGE('',*,*,#845,.F.);
#1089=ORIENTED_EDGE('',*,*,#819,.F.);
#1090=ORIENTED_EDGE('',*,*,#846,.T.);
#1091=ORIENTED_EDGE('',*,*,#847,.F.);
#1092=ORIENTED_EDGE('',*,*,#791,.F.);
#1093=ORIENTED_EDGE('',*,*,#848,.F.);
#1094=ORIENTED_EDGE('',*,*,#844,.T.);
#1095=ORIENTED_EDGE('',*,*,#849,.F.);
#1096=ORIENTED_EDGE('',*,*,#845,.T.);
#1097=ORIENTED_EDGE('',*,*,#849,.T.);
#1098=ORIENTED_EDGE('',*,*,#843,.T.);
#1099=ORIENTED_EDGE('',*,*,#820,.F.);
#1100=ORIENTED_EDGE('',*,*,#848,.T.);
#1101=ORIENTED_EDGE('',*,*,#790,.F.);
#1102=ORIENTED_EDGE('',*,*,#847,.T.);
#1103=ORIENTED_EDGE('',*,*,#850,.T.);
#1104=ORIENTED_EDGE('',*,*,#851,.T.);
#1105=ORIENTED_EDGE('',*,*,#852,.T.);
#1106=ORIENTED_EDGE('',*,*,#853,.F.);
#1107=ORIENTED_EDGE('',*,*,#854,.T.);
#1108=ORIENTED_EDGE('',*,*,#855,.T.);
#1109=ORIENTED_EDGE('',*,*,#856,.T.);
#1110=ORIENTED_EDGE('',*,*,#857,.F.);
#1111=ORIENTED_EDGE('',*,*,#858,.T.);
#1112=ORIENTED_EDGE('',*,*,#859,.F.);
#1113=ORIENTED_EDGE('',*,*,#853,.T.);
#1114=ORIENTED_EDGE('',*,*,#860,.F.);
#1115=ORIENTED_EDGE('',*,*,#805,.T.);
#1116=ORIENTED_EDGE('',*,*,#861,.F.);
#1117=ORIENTED_EDGE('',*,*,#862,.F.);
#1118=ORIENTED_EDGE('',*,*,#863,.F.);
#1119=ORIENTED_EDGE('',*,*,#850,.F.);
#1120=ORIENTED_EDGE('',*,*,#846,.F.);
#1121=ORIENTED_EDGE('',*,*,#858,.F.);
#1122=ORIENTED_EDGE('',*,*,#864,.F.);
#1123=ORIENTED_EDGE('',*,*,#865,.T.);
#1124=ORIENTED_EDGE('',*,*,#806,.F.);
#1125=ORIENTED_EDGE('',*,*,#860,.T.);
#1126=ORIENTED_EDGE('',*,*,#866,.T.);
#1127=ORIENTED_EDGE('',*,*,#867,.T.);
#1128=ORIENTED_EDGE('',*,*,#862,.T.);
#1129=ORIENTED_EDGE('',*,*,#868,.T.);
#1130=ORIENTED_EDGE('',*,*,#838,.F.);
#1131=ORIENTED_EDGE('',*,*,#869,.F.);
#1132=ORIENTED_EDGE('',*,*,#852,.F.);
#1133=ORIENTED_EDGE('',*,*,#870,.T.);
#1134=ORIENTED_EDGE('',*,*,#866,.F.);
#1135=ORIENTED_EDGE('',*,*,#851,.F.);
#1136=ORIENTED_EDGE('',*,*,#863,.T.);
#1137=ORIENTED_EDGE('',*,*,#867,.F.);
#1138=ORIENTED_EDGE('',*,*,#870,.F.);
#1139=ORIENTED_EDGE('',*,*,#871,.T.);
#1140=ORIENTED_EDGE('',*,*,#872,.T.);
#1141=ORIENTED_EDGE('',*,*,#873,.F.);
#1142=ORIENTED_EDGE('',*,*,#872,.F.);
#1143=ORIENTED_EDGE('',*,*,#874,.T.);
#1144=ORIENTED_EDGE('',*,*,#875,.T.);
#1145=ORIENTED_EDGE('',*,*,#876,.F.);
#1146=ORIENTED_EDGE('',*,*,#875,.F.);
#1147=ORIENTED_EDGE('',*,*,#877,.F.);
#1148=ORIENTED_EDGE('',*,*,#878,.T.);
#1149=ORIENTED_EDGE('',*,*,#879,.T.);
#1150=ORIENTED_EDGE('',*,*,#878,.F.);
#1151=ORIENTED_EDGE('',*,*,#880,.F.);
#1152=ORIENTED_EDGE('',*,*,#881,.T.);
#1153=ORIENTED_EDGE('',*,*,#882,.T.);
#1154=ORIENTED_EDGE('',*,*,#881,.F.);
#1155=ORIENTED_EDGE('',*,*,#808,.T.);
#1156=ORIENTED_EDGE('',*,*,#883,.F.);
#1157=ORIENTED_EDGE('',*,*,#884,.T.);
#1158=ORIENTED_EDGE('',*,*,#840,.F.);
#1159=ORIENTED_EDGE('',*,*,#885,.F.);
#1160=ORIENTED_EDGE('',*,*,#864,.T.);
#1161=ORIENTED_EDGE('',*,*,#886,.T.);
#1162=ORIENTED_EDGE('',*,*,#887,.T.);
#1163=ORIENTED_EDGE('',*,*,#763,.F.);
#1164=ORIENTED_EDGE('',*,*,#766,.T.);
#1165=ORIENTED_EDGE('',*,*,#888,.F.);
#1166=ORIENTED_EDGE('',*,*,#757,.T.);
#1167=ORIENTED_EDGE('',*,*,#889,.F.);
#1168=ORIENTED_EDGE('',*,*,#890,.T.);
#1169=ORIENTED_EDGE('',*,*,#754,.F.);
#1170=ORIENTED_EDGE('',*,*,#772,.F.);
#1171=ORIENTED_EDGE('',*,*,#775,.T.);
#1172=ORIENTED_EDGE('',*,*,#891,.F.);
#1173=ORIENTED_EDGE('',*,*,#892,.T.);
#1174=ORIENTED_EDGE('',*,*,#830,.F.);
#1175=ORIENTED_EDGE('',*,*,#893,.F.);
#1176=ORIENTED_EDGE('',*,*,#894,.T.);
#1177=ORIENTED_EDGE('',*,*,#895,.T.);
#1178=ORIENTED_EDGE('',*,*,#829,.F.);
#1179=ORIENTED_EDGE('',*,*,#896,.F.);
#1180=ORIENTED_EDGE('',*,*,#897,.T.);
#1181=ORIENTED_EDGE('',*,*,#893,.T.);
#1182=ORIENTED_EDGE('',*,*,#896,.T.);
#1183=ORIENTED_EDGE('',*,*,#828,.F.);
#1184=ORIENTED_EDGE('',*,*,#898,.F.);
#1185=ORIENTED_EDGE('',*,*,#899,.T.);
#1186=ORIENTED_EDGE('',*,*,#827,.F.);
#1187=ORIENTED_EDGE('',*,*,#900,.F.);
#1188=ORIENTED_EDGE('',*,*,#901,.T.);
#1189=ORIENTED_EDGE('',*,*,#898,.T.);
#1190=ORIENTED_EDGE('',*,*,#902,.F.);
#1191=ORIENTED_EDGE('',*,*,#903,.F.);
#1192=ORIENTED_EDGE('',*,*,#900,.T.);
#1193=ORIENTED_EDGE('',*,*,#826,.T.);
#1194=ORIENTED_EDGE('',*,*,#825,.F.);
#1195=ORIENTED_EDGE('',*,*,#904,.F.);
#1196=ORIENTED_EDGE('',*,*,#905,.T.);
#1197=ORIENTED_EDGE('',*,*,#902,.T.);
#1198=ORIENTED_EDGE('',*,*,#904,.T.);
#1199=ORIENTED_EDGE('',*,*,#824,.F.);
#1200=ORIENTED_EDGE('',*,*,#906,.F.);
#1201=ORIENTED_EDGE('',*,*,#907,.T.);
#1202=ORIENTED_EDGE('',*,*,#906,.T.);
#1203=ORIENTED_EDGE('',*,*,#841,.T.);
#1204=ORIENTED_EDGE('',*,*,#884,.F.);
#1205=ORIENTED_EDGE('',*,*,#908,.F.);
#1206=ORIENTED_EDGE('',*,*,#908,.T.);
#1207=ORIENTED_EDGE('',*,*,#883,.T.);
#1208=ORIENTED_EDGE('',*,*,#807,.T.);
#1209=ORIENTED_EDGE('',*,*,#865,.F.);
#1210=ORIENTED_EDGE('',*,*,#909,.F.);
#1211=ORIENTED_EDGE('',*,*,#910,.T.);
#1212=ORIENTED_EDGE('',*,*,#911,.T.);
#1213=ORIENTED_EDGE('',*,*,#912,.F.);
#1214=ORIENTED_EDGE('',*,*,#913,.T.);
#1215=ORIENTED_EDGE('',*,*,#914,.T.);
#1216=ORIENTED_EDGE('',*,*,#915,.T.);
#1217=ORIENTED_EDGE('',*,*,#894,.F.);
#1218=ORIENTED_EDGE('',*,*,#897,.F.);
#1219=ORIENTED_EDGE('',*,*,#899,.F.);
#1220=ORIENTED_EDGE('',*,*,#901,.F.);
#1221=ORIENTED_EDGE('',*,*,#903,.T.);
#1222=ORIENTED_EDGE('',*,*,#905,.F.);
#1223=ORIENTED_EDGE('',*,*,#907,.F.);
#1224=ORIENTED_EDGE('',*,*,#871,.F.);
#1225=ORIENTED_EDGE('',*,*,#874,.F.);
#1226=ORIENTED_EDGE('',*,*,#880,.T.);
#1227=ORIENTED_EDGE('',*,*,#877,.T.);
#1228=ORIENTED_EDGE('',*,*,#831,.T.);
#1229=ORIENTED_EDGE('',*,*,#895,.F.);
#1230=ORIENTED_EDGE('',*,*,#915,.F.);
#1231=ORIENTED_EDGE('',*,*,#916,.T.);
#1232=ORIENTED_EDGE('',*,*,#832,.T.);
#1233=ORIENTED_EDGE('',*,*,#916,.F.);
#1234=ORIENTED_EDGE('',*,*,#914,.F.);
#1235=ORIENTED_EDGE('',*,*,#917,.T.);
#1236=ORIENTED_EDGE('',*,*,#833,.T.);
#1237=ORIENTED_EDGE('',*,*,#917,.F.);
#1238=ORIENTED_EDGE('',*,*,#913,.F.);
#1239=ORIENTED_EDGE('',*,*,#918,.T.);
#1240=ORIENTED_EDGE('',*,*,#834,.F.);
#1241=ORIENTED_EDGE('',*,*,#918,.F.);
#1242=ORIENTED_EDGE('',*,*,#912,.T.);
#1243=ORIENTED_EDGE('',*,*,#919,.T.);
#1244=ORIENTED_EDGE('',*,*,#835,.T.);
#1245=ORIENTED_EDGE('',*,*,#919,.F.);
#1246=ORIENTED_EDGE('',*,*,#911,.F.);
#1247=ORIENTED_EDGE('',*,*,#920,.T.);
#1248=ORIENTED_EDGE('',*,*,#921,.T.);
#1249=ORIENTED_EDGE('',*,*,#836,.T.);
#1250=ORIENTED_EDGE('',*,*,#920,.F.);
#1251=ORIENTED_EDGE('',*,*,#910,.F.);
#1252=ORIENTED_EDGE('',*,*,#909,.T.);
#1253=ORIENTED_EDGE('',*,*,#869,.T.);
#1254=ORIENTED_EDGE('',*,*,#837,.F.);
#1255=ORIENTED_EDGE('',*,*,#921,.F.);
#1256=ORIENTED_EDGE('',*,*,#749,.T.);
#1257=ORIENTED_EDGE('',*,*,#922,.T.);
#1258=ORIENTED_EDGE('',*,*,#889,.T.);
#1259=ORIENTED_EDGE('',*,*,#756,.T.);
#1260=ORIENTED_EDGE('',*,*,#758,.T.);
#1261=ORIENTED_EDGE('',*,*,#923,.T.);
#1262=ORIENTED_EDGE('',*,*,#888,.T.);
#1263=ORIENTED_EDGE('',*,*,#765,.T.);
#1264=ORIENTED_EDGE('',*,*,#767,.T.);
#1265=ORIENTED_EDGE('',*,*,#924,.T.);
#1266=ORIENTED_EDGE('',*,*,#891,.T.);
#1267=ORIENTED_EDGE('',*,*,#774,.T.);
#1268=ORIENTED_EDGE('',*,*,#761,.T.);
#1269=ORIENTED_EDGE('',*,*,#764,.F.);
#1270=ORIENTED_EDGE('',*,*,#887,.F.);
#1271=ORIENTED_EDGE('',*,*,#923,.F.);
#1272=ORIENTED_EDGE('',*,*,#752,.T.);
#1273=ORIENTED_EDGE('',*,*,#755,.F.);
#1274=ORIENTED_EDGE('',*,*,#890,.F.);
#1275=ORIENTED_EDGE('',*,*,#922,.F.);
#1276=ORIENTED_EDGE('',*,*,#770,.T.);
#1277=ORIENTED_EDGE('',*,*,#773,.F.);
#1278=ORIENTED_EDGE('',*,*,#892,.F.);
#1279=ORIENTED_EDGE('',*,*,#924,.F.);
#1280=ORIENTED_EDGE('',*,*,#925,.F.);
#1281=ORIENTED_EDGE('',*,*,#926,.T.);
#1282=ORIENTED_EDGE('',*,*,#822,.T.);
#1283=ORIENTED_EDGE('',*,*,#926,.F.);
#1284=ORIENTED_EDGE('',*,*,#925,.T.);
#1285=ORIENTED_EDGE('',*,*,#882,.F.);
#1286=ORIENTED_EDGE('',*,*,#927,.F.);
#1287=ORIENTED_EDGE('',*,*,#928,.T.);
#1288=ORIENTED_EDGE('',*,*,#823,.T.);
#1289=ORIENTED_EDGE('',*,*,#928,.F.);
#1290=ORIENTED_EDGE('',*,*,#927,.T.);
#1291=ORIENTED_EDGE('',*,*,#879,.F.);
#1292=ORIENTED_EDGE('',*,*,#929,.F.);
#1293=ORIENTED_EDGE('',*,*,#930,.T.);
#1294=ORIENTED_EDGE('',*,*,#842,.T.);
#1295=ORIENTED_EDGE('',*,*,#930,.F.);
#1296=ORIENTED_EDGE('',*,*,#929,.T.);
#1297=ORIENTED_EDGE('',*,*,#876,.T.);
#1298=ORIENTED_EDGE('',*,*,#931,.F.);
#1299=ORIENTED_EDGE('',*,*,#932,.T.);
#1300=ORIENTED_EDGE('',*,*,#821,.T.);
#1301=ORIENTED_EDGE('',*,*,#932,.F.);
#1302=ORIENTED_EDGE('',*,*,#931,.T.);
#1303=ORIENTED_EDGE('',*,*,#873,.T.);
#1304=ORIENTED_EDGE('',*,*,#857,.T.);
#1305=ORIENTED_EDGE('',*,*,#933,.T.);
#1306=ORIENTED_EDGE('',*,*,#809,.T.);
#1307=ORIENTED_EDGE('',*,*,#886,.F.);
#1308=ORIENTED_EDGE('',*,*,#885,.T.);
#1309=ORIENTED_EDGE('',*,*,#839,.F.);
#1310=ORIENTED_EDGE('',*,*,#868,.F.);
#1311=ORIENTED_EDGE('',*,*,#861,.T.);
#1312=ORIENTED_EDGE('',*,*,#859,.T.);
#1313=ORIENTED_EDGE('',*,*,#804,.F.);
#1314=ORIENTED_EDGE('',*,*,#934,.F.);
#1315=ORIENTED_EDGE('',*,*,#854,.F.);
#1316=ORIENTED_EDGE('',*,*,#934,.T.);
#1317=ORIENTED_EDGE('',*,*,#803,.F.);
#1318=ORIENTED_EDGE('',*,*,#935,.F.);
#1319=ORIENTED_EDGE('',*,*,#855,.F.);
#1320=ORIENTED_EDGE('',*,*,#935,.T.);
#1321=ORIENTED_EDGE('',*,*,#810,.F.);
#1322=ORIENTED_EDGE('',*,*,#933,.F.);
#1323=ORIENTED_EDGE('',*,*,#856,.F.);
#1324=ORIENTED_EDGE('',*,*,#818,.F.);
#1325=ORIENTED_EDGE('',*,*,#781,.F.);
#1326=ORIENTED_EDGE('',*,*,#789,.F.);
#1327=ORIENTED_EDGE('',*,*,#802,.F.);
#1328=PLANE('',#1482);
#1329=PLANE('',#1484);
#1330=PLANE('',#1486);
#1331=PLANE('',#1488);
#1332=PLANE('',#1490);
#1333=PLANE('',#1492);
#1334=PLANE('',#1494);
#1335=PLANE('',#1496);
#1336=PLANE('',#1498);
#1337=PLANE('',#1501);
#1338=PLANE('',#1504);
#1339=PLANE('',#1507);
#1340=PLANE('',#1510);
#1341=PLANE('',#1513);
#1342=PLANE('',#1516);
#1343=PLANE('',#1517);
#1344=PLANE('',#1522);
#1345=PLANE('',#1525);
#1346=PLANE('',#1530);
#1347=PLANE('',#1531);
#1348=PLANE('',#1540);
#1349=PLANE('',#1548);
#1350=PLANE('',#1557);
#1351=PLANE('',#1558);
#1352=PLANE('',#1560);
#1353=PLANE('',#1561);
#1354=PLANE('',#1563);
#1355=PLANE('',#1576);
#1356=PLANE('',#1580);
#1357=PLANE('',#1581);
#1358=PLANE('',#1582);
#1359=PLANE('',#1583);
#1360=PLANE('',#1584);
#1361=PLANE('',#1585);
#1362=PLANE('',#1586);
#1363=PLANE('',#1587);
#1364=PLANE('',#1588);
#1365=PLANE('',#1589);
#1366=PLANE('',#1590);
#1367=PLANE('',#1591);
#1368=PLANE('',#1592);
#1369=PLANE('',#1593);
#1370=PLANE('',#1594);
#1371=PLANE('',#1595);
#1372=PLANE('',#1596);
#1373=PLANE('',#1597);
#1374=PLANE('',#1598);
#1375=PLANE('',#1604);
#1376=PLANE('',#1607);
#1377=PLANE('',#1610);
#1378=PLANE('',#1613);
#1379=PLANE('',#1614);
#1380=PLANE('',#1615);
#1381=PLANE('',#1616);
#1382=PLANE('',#1617);
#1383=PLANE('',#1618);
#1384=ADVANCED_FACE('',(#360),#1328,.T.);
#1385=ADVANCED_FACE('',(#361),#1329,.T.);
#1386=ADVANCED_FACE('',(#362),#1330,.T.);
#1387=ADVANCED_FACE('',(#363),#1331,.T.);
#1388=ADVANCED_FACE('',(#364),#1332,.T.);
#1389=ADVANCED_FACE('',(#365),#1333,.T.);
#1390=ADVANCED_FACE('',(#366),#1334,.T.);
#1391=ADVANCED_FACE('',(#367),#1335,.T.);
#1392=ADVANCED_FACE('',(#368),#1336,.T.);
#1393=ADVANCED_FACE('',(#369),#1337,.F.);
#1394=ADVANCED_FACE('',(#370),#52,.F.);
#1395=ADVANCED_FACE('',(#371),#1338,.T.);
#1396=ADVANCED_FACE('',(#372),#1339,.F.);
#1397=ADVANCED_FACE('',(#373),#53,.F.);
#1398=ADVANCED_FACE('',(#374),#1340,.T.);
#1399=ADVANCED_FACE('',(#375),#1341,.F.);
#1400=ADVANCED_FACE('',(#376),#54,.F.);
#1401=ADVANCED_FACE('',(#377),#1342,.F.);
#1402=ADVANCED_FACE('',(#378,#25,#26,#27,#28),#1343,.T.);
#1403=ADVANCED_FACE('',(#379,#29),#1344,.T.);
#1404=ADVANCED_FACE('',(#380,#30,#31,#32,#33),#1345,.F.);
#1405=ADVANCED_FACE('',(#381),#1346,.T.);
#1406=ADVANCED_FACE('',(#382,#34),#1347,.T.);
#1407=ADVANCED_FACE('',(#383),#55,.F.);
#1408=ADVANCED_FACE('',(#384),#56,.F.);
#1409=ADVANCED_FACE('',(#385),#57,.F.);
#1410=ADVANCED_FACE('',(#386),#58,.F.);
#1411=ADVANCED_FACE('',(#387),#59,.F.);
#1412=ADVANCED_FACE('',(#388),#60,.F.);
#1413=ADVANCED_FACE('',(#389),#61,.F.);
#1414=ADVANCED_FACE('',(#390),#62,.F.);
#1415=ADVANCED_FACE('',(#391,#35,#36,#37,#38,#39,#40),#1348,.F.);
#1416=ADVANCED_FACE('',(#392),#18,.T.);
#1417=ADVANCED_FACE('',(#393),#19,.T.);
#1418=ADVANCED_FACE('',(#394),#63,.F.);
#1419=ADVANCED_FACE('',(#395),#1349,.T.);
#1420=ADVANCED_FACE('',(#396),#64,.F.);
#1421=ADVANCED_FACE('',(#397),#1350,.F.);
#1422=ADVANCED_FACE('',(#398),#1351,.T.);
#1423=ADVANCED_FACE('',(#399),#1352,.T.);
#1424=ADVANCED_FACE('',(#400),#1353,.T.);
#1425=ADVANCED_FACE('',(#401),#1354,.T.);
#1426=ADVANCED_FACE('',(#402),#65,.F.);
#1427=ADVANCED_FACE('',(#403),#66,.F.);
#1428=ADVANCED_FACE('',(#404),#67,.F.);
#1429=ADVANCED_FACE('',(#405),#68,.F.);
#1430=ADVANCED_FACE('',(#406,#41,#42,#43),#1355,.T.);
#1431=ADVANCED_FACE('',(#407),#1356,.T.);
#1432=ADVANCED_FACE('',(#408),#1357,.T.);
#1433=ADVANCED_FACE('',(#409),#1358,.T.);
#1434=ADVANCED_FACE('',(#410),#1359,.T.);
#1435=ADVANCED_FACE('',(#411),#1360,.F.);
#1436=ADVANCED_FACE('',(#412),#1361,.T.);
#1437=ADVANCED_FACE('',(#413),#1362,.T.);
#1438=ADVANCED_FACE('',(#414),#1363,.F.);
#1439=ADVANCED_FACE('',(#415,#44,#45,#46,#47),#1364,.T.);
#1440=ADVANCED_FACE('',(#416),#1365,.T.);
#1441=ADVANCED_FACE('',(#417),#1366,.T.);
#1442=ADVANCED_FACE('',(#418),#1367,.T.);
#1443=ADVANCED_FACE('',(#419),#1368,.F.);
#1444=ADVANCED_FACE('',(#420),#1369,.T.);
#1445=ADVANCED_FACE('',(#421),#1370,.T.);
#1446=ADVANCED_FACE('',(#422),#1371,.F.);
#1447=ADVANCED_FACE('',(#423),#1372,.F.);
#1448=ADVANCED_FACE('',(#424),#1373,.F.);
#1449=ADVANCED_FACE('',(#425),#1374,.F.);
#1450=ADVANCED_FACE('',(#426),#69,.F.);
#1451=ADVANCED_FACE('',(#427),#70,.F.);
#1452=ADVANCED_FACE('',(#428),#71,.F.);
#1453=ADVANCED_FACE('',(#429),#72,.F.);
#1454=ADVANCED_FACE('',(#430,#48),#1375,.T.);
#1455=ADVANCED_FACE('',(#431),#73,.F.);
#1456=ADVANCED_FACE('',(#432,#49),#1376,.T.);
#1457=ADVANCED_FACE('',(#433),#74,.F.);
#1458=ADVANCED_FACE('',(#434,#50),#1377,.T.);
#1459=ADVANCED_FACE('',(#435),#75,.F.);
#1460=ADVANCED_FACE('',(#436,#51),#1378,.T.);
#1461=ADVANCED_FACE('',(#437),#1379,.F.);
#1462=ADVANCED_FACE('',(#438),#1380,.T.);
#1463=ADVANCED_FACE('',(#439),#1381,.T.);
#1464=ADVANCED_FACE('',(#440),#1382,.T.);
#1465=ADVANCED_FACE('',(#441),#1383,.T.);
#1466=ADVANCED_FACE('',(#442),#76,.T.);
#1467=CLOSED_SHELL('',(#1384,#1385,#1386,#1387,#1388,#1389,#1390,#1391,
#1392,#1393,#1394,#1395,#1396,#1397,#1398,#1399,#1400,#1401,#1402,#1403,
#1404,#1405,#1406,#1407,#1408,#1409,#1410,#1411,#1412,#1413,#1414,#1415,
#1416,#1417,#1418,#1419,#1420,#1421,#1422,#1423,#1424,#1425,#1426,#1427,
#1428,#1429,#1430,#1431,#1432,#1433,#1434,#1435,#1436,#1437,#1438,#1439,
#1440,#1441,#1442,#1443,#1444,#1445,#1446,#1447,#1448,#1449,#1450,#1451,
#1452,#1453,#1454,#1455,#1456,#1457,#1458,#1459,#1460,#1461,#1462,#1463,
#1464,#1465,#1466));
#1468=DERIVED_UNIT_ELEMENT(#1470,1.);
#1469=DERIVED_UNIT_ELEMENT(#2679,-3.);
#1470=(
MASS_UNIT()
NAMED_UNIT(*)
SI_UNIT(.KILO.,.GRAM.)
);
#1471=DERIVED_UNIT((#1468,#1469));
#1472=MEASURE_REPRESENTATION_ITEM('density measure',
POSITIVE_RATIO_MEASURE(7850.),#1471);
#1473=PROPERTY_DEFINITION_REPRESENTATION(#1478,#1475);
#1474=PROPERTY_DEFINITION_REPRESENTATION(#1479,#1476);
#1475=REPRESENTATION('material name',(#1477),#2676);
#1476=REPRESENTATION('density',(#1472),#2676);
#1477=DESCRIPTIVE_REPRESENTATION_ITEM('Steel','Steel');
#1478=PROPERTY_DEFINITION('material property','material name',#2691);
#1479=PROPERTY_DEFINITION('material property','density of part',#2691);
#1480=AXIS2_PLACEMENT_3D('',#2037,#1621,#1622);
#1481=AXIS2_PLACEMENT_3D('',#2038,#1623,#1624);
#1482=AXIS2_PLACEMENT_3D('',#2039,#1625,#1626);
#1483=AXIS2_PLACEMENT_3D('',#2041,#1627,#1628);
#1484=AXIS2_PLACEMENT_3D('',#2042,#1629,#1630);
#1485=AXIS2_PLACEMENT_3D('',#2044,#1631,#1632);
#1486=AXIS2_PLACEMENT_3D('',#2045,#1633,#1634);
#1487=AXIS2_PLACEMENT_3D('',#2049,#1636,#1637);
#1488=AXIS2_PLACEMENT_3D('',#2050,#1638,#1639);
#1489=AXIS2_PLACEMENT_3D('',#2052,#1640,#1641);
#1490=AXIS2_PLACEMENT_3D('',#2053,#1642,#1643);
#1491=AXIS2_PLACEMENT_3D('',#2055,#1644,#1645);
#1492=AXIS2_PLACEMENT_3D('',#2056,#1646,#1647);
#1493=AXIS2_PLACEMENT_3D('',#2058,#1648,#1649);
#1494=AXIS2_PLACEMENT_3D('',#2059,#1650,#1651);
#1495=AXIS2_PLACEMENT_3D('',#2061,#1652,#1653);
#1496=AXIS2_PLACEMENT_3D('',#2062,#1654,#1655);
#1497=AXIS2_PLACEMENT_3D('',#2064,#1656,#1657);
#1498=AXIS2_PLACEMENT_3D('',#2065,#1658,#1659);
#1499=AXIS2_PLACEMENT_3D('',#2070,#1661,#1662);
#1500=AXIS2_PLACEMENT_3D('',#2073,#1664,#1665);
#1501=AXIS2_PLACEMENT_3D('',#2074,#1666,#1667);
#1502=AXIS2_PLACEMENT_3D('',#2080,#1671,#1672);
#1503=AXIS2_PLACEMENT_3D('',#2083,#1674,#1675);
#1504=AXIS2_PLACEMENT_3D('',#2084,#1676,#1677);
#1505=AXIS2_PLACEMENT_3D('',#2089,#1679,#1680);
#1506=AXIS2_PLACEMENT_3D('',#2092,#1682,#1683);
#1507=AXIS2_PLACEMENT_3D('',#2093,#1684,#1685);
#1508=AXIS2_PLACEMENT_3D('',#2099,#1689,#1690);
#1509=AXIS2_PLACEMENT_3D('',#2102,#1692,#1693);
#1510=AXIS2_PLACEMENT_3D('',#2103,#1694,#1695);
#1511=AXIS2_PLACEMENT_3D('',#2108,#1697,#1698);
#1512=AXIS2_PLACEMENT_3D('',#2111,#1700,#1701);
#1513=AXIS2_PLACEMENT_3D('',#2112,#1702,#1703);
#1514=AXIS2_PLACEMENT_3D('',#2118,#1707,#1708);
#1515=AXIS2_PLACEMENT_3D('',#2121,#1710,#1711);
#1516=AXIS2_PLACEMENT_3D('',#2122,#1712,#1713);
#1517=AXIS2_PLACEMENT_3D('',#2131,#1718,#1719);
#1518=AXIS2_PLACEMENT_3D('',#2138,#1723,#1724);
#1519=AXIS2_PLACEMENT_3D('',#2140,#1725,#1726);
#1520=AXIS2_PLACEMENT_3D('',#2142,#1727,#1728);
#1521=AXIS2_PLACEMENT_3D('',#2144,#1729,#1730);
#1522=AXIS2_PLACEMENT_3D('',#2145,#1731,#1732);
#1523=AXIS2_PLACEMENT_3D('',#2150,#1735,#1736);
#1524=AXIS2_PLACEMENT_3D('',#2153,#1737,#1738);
#1525=AXIS2_PLACEMENT_3D('',#2197,#1739,#1740);
#1526=AXIS2_PLACEMENT_3D('',#2202,#1743,#1744);
#1527=AXIS2_PLACEMENT_3D('',#2206,#1746,#1747);
#1528=AXIS2_PLACEMENT_3D('',#2208,#1748,#1749);
#1529=AXIS2_PLACEMENT_3D('',#2210,#1750,#1751);
#1530=AXIS2_PLACEMENT_3D('',#2211,#1752,#1753);
#1531=AXIS2_PLACEMENT_3D('',#2214,#1756,#1757);
#1532=AXIS2_PLACEMENT_3D('',#2234,#1768,#1769);
#1533=AXIS2_PLACEMENT_3D('',#2236,#1771,#1772);
#1534=AXIS2_PLACEMENT_3D('',#2237,#1773,#1774);
#1535=AXIS2_PLACEMENT_3D('',#2239,#1776,#1777);
#1536=AXIS2_PLACEMENT_3D('',#2241,#1779,#1780);
#1537=AXIS2_PLACEMENT_3D('',#2243,#1782,#1783);
#1538=AXIS2_PLACEMENT_3D('',#2245,#1785,#1786);
#1539=AXIS2_PLACEMENT_3D('',#2247,#1788,#1789);
#1540=AXIS2_PLACEMENT_3D('',#2249,#1791,#1792);
#1541=AXIS2_PLACEMENT_3D('',#2250,#1793,#1794);
#1542=AXIS2_PLACEMENT_3D('',#2286,#1796,#1797);
#1543=AXIS2_PLACEMENT_3D('',#2288,#1798,#1799);
#1544=AXIS2_PLACEMENT_3D('',#2290,#1800,#1801);
#1545=AXIS2_PLACEMENT_3D('',#2328,#1820,#1821);
#1546=AXIS2_PLACEMENT_3D('',#2489,#1822,#1823);
#1547=AXIS2_PLACEMENT_3D('',#2492,#1826,#1827);
#1548=AXIS2_PLACEMENT_3D('',#2494,#1829,#1830);
#1549=AXIS2_PLACEMENT_3D('',#2495,#1831,#1832);
#1550=AXIS2_PLACEMENT_3D('',#2497,#1833,#1834);
#1551=AXIS2_PLACEMENT_3D('',#2499,#1835,#1836);
#1552=AXIS2_PLACEMENT_3D('',#2501,#1837,#1838);
#1553=AXIS2_PLACEMENT_3D('',#2503,#1839,#1840);
#1554=AXIS2_PLACEMENT_3D('',#2507,#1842,#1843);
#1555=AXIS2_PLACEMENT_3D('',#2511,#1845,#1846);
#1556=AXIS2_PLACEMENT_3D('',#2512,#1847,#1848);
#1557=AXIS2_PLACEMENT_3D('',#2513,#1849,#1850);
#1558=AXIS2_PLACEMENT_3D('',#2516,#1853,#1854);
#1559=AXIS2_PLACEMENT_3D('',#2522,#1857,#1858);
#1560=AXIS2_PLACEMENT_3D('',#2524,#1860,#1861);
#1561=AXIS2_PLACEMENT_3D('',#2532,#1867,#1868);
#1562=AXIS2_PLACEMENT_3D('',#2533,#1869,#1870);
#1563=AXIS2_PLACEMENT_3D('',#2534,#1871,#1872);
#1564=AXIS2_PLACEMENT_3D('',#2535,#1873,#1874);
#1565=AXIS2_PLACEMENT_3D('',#2537,#1875,#1876);
#1566=AXIS2_PLACEMENT_3D('',#2540,#1878,#1879);
#1567=AXIS2_PLACEMENT_3D('',#2541,#1880,#1881);
#1568=AXIS2_PLACEMENT_3D('',#2543,#1882,#1883);
#1569=AXIS2_PLACEMENT_3D('',#2546,#1885,#1886);
#1570=AXIS2_PLACEMENT_3D('',#2547,#1887,#1888);
#1571=AXIS2_PLACEMENT_3D('',#2549,#1889,#1890);
#1572=AXIS2_PLACEMENT_3D('',#2552,#1892,#1893);
#1573=AXIS2_PLACEMENT_3D('',#2553,#1894,#1895);
#1574=AXIS2_PLACEMENT_3D('',#2555,#1896,#1897);
#1575=AXIS2_PLACEMENT_3D('',#2558,#1899,#1900);
#1576=AXIS2_PLACEMENT_3D('',#2559,#1901,#1902);
#1577=AXIS2_PLACEMENT_3D('',#2566,#1907,#1908);
#1578=AXIS2_PLACEMENT_3D('',#2570,#1911,#1912);
#1579=AXIS2_PLACEMENT_3D('',#2573,#1914,#1915);
#1580=AXIS2_PLACEMENT_3D('',#2574,#1916,#1917);
#1581=AXIS2_PLACEMENT_3D('',#2580,#1921,#1922);
#1582=AXIS2_PLACEMENT_3D('',#2584,#1925,#1926);
#1583=AXIS2_PLACEMENT_3D('',#2588,#1929,#1930);
#1584=AXIS2_PLACEMENT_3D('',#2592,#1933,#1934);
#1585=AXIS2_PLACEMENT_3D('',#2596,#1937,#1938);
#1586=AXIS2_PLACEMENT_3D('',#2600,#1941,#1942);
#1587=AXIS2_PLACEMENT_3D('',#2604,#1945,#1946);
#1588=AXIS2_PLACEMENT_3D('',#2606,#1948,#1949);
#1589=AXIS2_PLACEMENT_3D('',#2620,#1957,#1958);
#1590=AXIS2_PLACEMENT_3D('',#2622,#1960,#1961);
#1591=AXIS2_PLACEMENT_3D('',#2624,#1963,#1964);
#1592=AXIS2_PLACEMENT_3D('',#2626,#1966,#1967);
#1593=AXIS2_PLACEMENT_3D('',#2628,#1969,#1970);
#1594=AXIS2_PLACEMENT_3D('',#2630,#1972,#1973);
#1595=AXIS2_PLACEMENT_3D('',#2632,#1975,#1976);
#1596=AXIS2_PLACEMENT_3D('',#2633,#1977,#1978);
#1597=AXIS2_PLACEMENT_3D('',#2635,#1980,#1981);
#1598=AXIS2_PLACEMENT_3D('',#2637,#1983,#1984);
#1599=AXIS2_PLACEMENT_3D('',#2639,#1986,#1987);
#1600=AXIS2_PLACEMENT_3D('',#2640,#1988,#1989);
#1601=AXIS2_PLACEMENT_3D('',#2641,#1990,#1991);
#1602=AXIS2_PLACEMENT_3D('',#2642,#1992,#1993);
#1603=AXIS2_PLACEMENT_3D('',#2644,#1994,#1995);
#1604=AXIS2_PLACEMENT_3D('',#2646,#1997,#1998);
#1605=AXIS2_PLACEMENT_3D('',#2647,#1999,#2000);
#1606=AXIS2_PLACEMENT_3D('',#2649,#2001,#2002);
#1607=AXIS2_PLACEMENT_3D('',#2651,#2004,#2005);
#1608=AXIS2_PLACEMENT_3D('',#2652,#2006,#2007);
#1609=AXIS2_PLACEMENT_3D('',#2654,#2008,#2009);
#1610=AXIS2_PLACEMENT_3D('',#2656,#2011,#2012);
#1611=AXIS2_PLACEMENT_3D('',#2657,#2013,#2014);
#1612=AXIS2_PLACEMENT_3D('',#2659,#2015,#2016);
#1613=AXIS2_PLACEMENT_3D('',#2661,#2018,#2019);
#1614=AXIS2_PLACEMENT_3D('',#2662,#2020,#2021);
#1615=AXIS2_PLACEMENT_3D('',#2664,#2023,#2024);
#1616=AXIS2_PLACEMENT_3D('',#2665,#2025,#2026);
#1617=AXIS2_PLACEMENT_3D('',#2667,#2028,#2029);
#1618=AXIS2_PLACEMENT_3D('',#2669,#2031,#2032);
#1619=AXIS2_PLACEMENT_3D('',#2670,#2033,#2034);
#1620=AXIS2_PLACEMENT_3D('',#2671,#2035,#2036);
#1621=DIRECTION('axis',(0.,0.,1.));
#1622=DIRECTION('refdir',(1.,0.,0.));
#1623=DIRECTION('axis',(0.,0.,1.));
#1624=DIRECTION('refdir',(1.,0.,0.));
#1625=DIRECTION('center_axis',(0.,-1.,0.));
#1626=DIRECTION('ref_axis',(1.,0.,0.));
#1627=DIRECTION('center_axis',(0.,1.,0.));
#1628=DIRECTION('ref_axis',(1.,0.,0.));
#1629=DIRECTION('center_axis',(0.,-1.,0.));
#1630=DIRECTION('ref_axis',(1.,0.,0.));
#1631=DIRECTION('center_axis',(0.,1.,0.));
#1632=DIRECTION('ref_axis',(1.,0.,0.));
#1633=DIRECTION('center_axis',(0.,-1.,0.));
#1634=DIRECTION('ref_axis',(1.,0.,0.));
#1635=DIRECTION('',(0.,0.,1.));
#1636=DIRECTION('center_axis',(0.,1.,0.));
#1637=DIRECTION('ref_axis',(1.,0.,0.));
#1638=DIRECTION('center_axis',(0.,-1.,0.));
#1639=DIRECTION('ref_axis',(1.,0.,0.));
#1640=DIRECTION('center_axis',(0.,1.,0.));
#1641=DIRECTION('ref_axis',(1.,0.,0.));
#1642=DIRECTION('center_axis',(0.,1.,0.));
#1643=DIRECTION('ref_axis',(-1.,0.,0.));
#1644=DIRECTION('center_axis',(0.,-1.,0.));
#1645=DIRECTION('ref_axis',(-1.,0.,0.));
#1646=DIRECTION('center_axis',(0.,1.,0.));
#1647=DIRECTION('ref_axis',(-1.,0.,0.));
#1648=DIRECTION('center_axis',(0.,-1.,0.));
#1649=DIRECTION('ref_axis',(-1.,0.,0.));
#1650=DIRECTION('center_axis',(0.,1.,0.));
#1651=DIRECTION('ref_axis',(-1.,0.,0.));
#1652=DIRECTION('center_axis',(0.,-1.,0.));
#1653=DIRECTION('ref_axis',(-1.,0.,0.));
#1654=DIRECTION('center_axis',(0.,1.,0.));
#1655=DIRECTION('ref_axis',(-1.,0.,0.));
#1656=DIRECTION('center_axis',(0.,-1.,0.));
#1657=DIRECTION('ref_axis',(-1.,0.,0.));
#1658=DIRECTION('center_axis',(0.,1.,0.));
#1659=DIRECTION('ref_axis',(0.,0.,1.));
#1660=DIRECTION('',(0.707106780686548,0.,0.707106781686548));
#1661=DIRECTION('center_axis',(0.,-1.,0.));
#1662=DIRECTION('ref_axis',(1.,0.,0.));
#1663=DIRECTION('',(-0.707106780686548,0.,-0.707106781686548));
#1664=DIRECTION('center_axis',(0.,-1.,0.));
#1665=DIRECTION('ref_axis',(1.,0.,0.));
#1666=DIRECTION('center_axis',(-0.707106781686548,0.,0.707106780686548));
#1667=DIRECTION('ref_axis',(0.707106780686548,0.,0.707106781686548));
#1668=DIRECTION('',(0.,1.,0.));
#1669=DIRECTION('',(0.707106780686548,0.,0.707106781686548));
#1670=DIRECTION('',(0.,-1.,0.));
#1671=DIRECTION('center_axis',(0.,1.,0.));
#1672=DIRECTION('ref_axis',(-0.707106781086539,0.,-0.707106781286557));
#1673=DIRECTION('',(0.,-1.,0.));
#1674=DIRECTION('center_axis',(0.,-1.,0.));
#1675=DIRECTION('ref_axis',(0.,0.,1.));
#1676=DIRECTION('center_axis',(0.,1.,0.));
#1677=DIRECTION('ref_axis',(0.,0.,1.));
#1678=DIRECTION('',(-0.707106780686548,0.,-0.707106781686548));
#1679=DIRECTION('center_axis',(0.,-1.,0.));
#1680=DIRECTION('ref_axis',(1.,0.,0.));
#1681=DIRECTION('',(0.707106780686548,0.,0.707106781686548));
#1682=DIRECTION('center_axis',(0.,-1.,0.));
#1683=DIRECTION('ref_axis',(1.,0.,0.));
#1684=DIRECTION('center_axis',(0.707106781686548,0.,-0.707106780686548));
#1685=DIRECTION('ref_axis',(-0.707106780686548,0.,-0.707106781686548));
#1686=DIRECTION('',(0.,1.,0.));
#1687=DIRECTION('',(-0.707106780686548,0.,-0.707106781686548));
#1688=DIRECTION('',(0.,-1.,0.));
#1689=DIRECTION('center_axis',(0.,1.,0.));
#1690=DIRECTION('ref_axis',(1.,0.,0.));
#1691=DIRECTION('',(0.,-1.,0.));
#1692=DIRECTION('center_axis',(0.,-1.,0.));
#1693=DIRECTION('ref_axis',(0.,0.,1.));
#1694=DIRECTION('center_axis',(0.,1.,0.));
#1695=DIRECTION('ref_axis',(0.,0.,1.));
#1696=DIRECTION('',(-0.707106780686548,0.,-0.707106781686548));
#1697=DIRECTION('center_axis',(0.,-1.,0.));
#1698=DIRECTION('ref_axis',(1.,0.,0.));
#1699=DIRECTION('',(0.707106780686548,0.,0.707106781686548));
#1700=DIRECTION('center_axis',(0.,-1.,0.));
#1701=DIRECTION('ref_axis',(1.,0.,0.));
#1702=DIRECTION('center_axis',(0.707106781686548,0.,-0.707106780686548));
#1703=DIRECTION('ref_axis',(-0.707106780686548,0.,-0.707106781686548));
#1704=DIRECTION('',(0.,1.,0.));
#1705=DIRECTION('',(-0.707106780686548,0.,-0.707106781686548));
#1706=DIRECTION('',(0.,-1.,0.));
#1707=DIRECTION('center_axis',(0.,1.,0.));
#1708=DIRECTION('ref_axis',(1.,0.,0.));
#1709=DIRECTION('',(0.,-1.,0.));
#1710=DIRECTION('center_axis',(0.,-1.,0.));
#1711=DIRECTION('ref_axis',(0.,0.,1.));
#1712=DIRECTION('center_axis',(0.,0.,-1.));
#1713=DIRECTION('ref_axis',(-1.,0.,0.));
#1714=DIRECTION('',(1.,0.,0.));
#1715=DIRECTION('',(0.,1.,0.));
#1716=DIRECTION('',(-1.,0.,0.));
#1717=DIRECTION('',(0.,-1.,0.));
#1718=DIRECTION('center_axis',(0.,1.,0.));
#1719=DIRECTION('ref_axis',(-1.,0.,0.));
#1720=DIRECTION('',(0.,0.,-1.));
#1721=DIRECTION('',(-1.,0.,0.));
#1722=DIRECTION('',(0.,0.,-1.));
#1723=DIRECTION('center_axis',(0.,-1.,0.));
#1724=DIRECTION('ref_axis',(-1.,0.,0.));
#1725=DIRECTION('center_axis',(0.,-1.,0.));
#1726=DIRECTION('ref_axis',(-1.,0.,0.));
#1727=DIRECTION('center_axis',(0.,-1.,0.));
#1728=DIRECTION('ref_axis',(-1.,0.,0.));
#1729=DIRECTION('center_axis',(0.,-1.,0.));
#1730=DIRECTION('ref_axis',(-1.,0.,0.));
#1731=DIRECTION('center_axis',(1.,0.,0.));
#1732=DIRECTION('ref_axis',(0.,0.,-1.));
#1733=DIRECTION('',(0.,0.,-1.));
#1734=DIRECTION('',(0.,1.,0.));
#1735=DIRECTION('center_axis',(1.,0.,0.));
#1736=DIRECTION('ref_axis',(0.,1.,0.));
#1737=DIRECTION('center_axis',(-1.,0.,0.));
#1738=DIRECTION('ref_axis',(0.,1.,0.));
#1739=DIRECTION('center_axis',(0.,1.,0.));
#1740=DIRECTION('ref_axis',(0.,0.,-1.));
#1741=DIRECTION('',(0.,0.,1.));
#1742=DIRECTION('',(-1.,0.,0.));
#1743=DIRECTION('center_axis',(0.,1.,0.));
#1744=DIRECTION('ref_axis',(1.,0.,0.));
#1745=DIRECTION('',(0.,0.,-1.));
#1746=DIRECTION('center_axis',(0.,1.,0.));
#1747=DIRECTION('ref_axis',(1.,0.,0.));
#1748=DIRECTION('center_axis',(0.,1.,0.));
#1749=DIRECTION('ref_axis',(1.,0.,0.));
#1750=DIRECTION('center_axis',(0.,1.,0.));
#1751=DIRECTION('ref_axis',(1.,0.,0.));
#1752=DIRECTION('center_axis',(1.,0.,0.));
#1753=DIRECTION('ref_axis',(0.,0.,-1.));
#1754=DIRECTION('',(0.,1.,0.));
#1755=DIRECTION('',(0.,1.,0.));
#1756=DIRECTION('center_axis',(0.,0.,-1.));
#1757=DIRECTION('ref_axis',(1.,0.,0.));
#1758=DIRECTION('',(0.,1.,0.));
#1759=DIRECTION('',(1.,0.,0.));
#1760=DIRECTION('',(0.,1.,0.));
#1761=DIRECTION('',(-1.,0.,0.));
#1762=DIRECTION('',(0.,-1.,0.));
#1763=DIRECTION('',(-1.,0.,0.));
#1764=DIRECTION('',(0.,1.,0.));
#1765=DIRECTION('',(-1.,0.,0.));
#1766=DIRECTION('',(0.,-1.,0.));
#1767=DIRECTION('',(1.,0.,0.));
#1768=DIRECTION('center_axis',(0.,1.,0.));
#1769=DIRECTION('ref_axis',(1.,0.,0.));
#1770=DIRECTION('',(0.,1.,0.));
#1771=DIRECTION('center_axis',(0.,1.,0.));
#1772=DIRECTION('ref_axis',(1.,0.,0.));
#1773=DIRECTION('center_axis',(0.,1.,0.));
#1774=DIRECTION('ref_axis',(1.,0.,0.));
#1775=DIRECTION('',(0.,1.,0.));
#1776=DIRECTION('center_axis',(0.,1.,0.));
#1777=DIRECTION('ref_axis',(1.,0.,0.));
#1778=DIRECTION('',(0.,1.,0.));
#1779=DIRECTION('center_axis',(0.,-1.,0.));
#1780=DIRECTION('ref_axis',(-1.,0.,0.));
#1781=DIRECTION('',(0.,-1.,0.));
#1782=DIRECTION('center_axis',(0.,-1.,0.));
#1783=DIRECTION('ref_axis',(-1.,0.,0.));
#1784=DIRECTION('',(0.,-1.,0.));
#1785=DIRECTION('center_axis',(0.,-1.,0.));
#1786=DIRECTION('ref_axis',(-1.,0.,0.));
#1787=DIRECTION('',(0.,-1.,0.));
#1788=DIRECTION('center_axis',(0.,-1.,0.));
#1789=DIRECTION('ref_axis',(-1.,0.,0.));
#1790=DIRECTION('',(0.,-1.,0.));
#1791=DIRECTION('center_axis',(1.,0.,0.));
#1792=DIRECTION('ref_axis',(0.,0.,-1.));
#1793=DIRECTION('center_axis',(-1.,0.,0.));
#1794=DIRECTION('ref_axis',(0.,1.,0.));
#1795=DIRECTION('',(0.,1.,0.));
#1796=DIRECTION('center_axis',(-1.,0.,0.));
#1797=DIRECTION('ref_axis',(0.,1.,0.));
#1798=DIRECTION('center_axis',(-1.,0.,0.));
#1799=DIRECTION('ref_axis',(0.,1.,0.));
#1800=DIRECTION('center_axis',(-1.,0.,0.));
#1801=DIRECTION('ref_axis',(0.,1.,0.));
#1802=DIRECTION('',(0.,0.,-1.));
#1803=DIRECTION('',(0.,-0.707106780686548,-0.707106781686548));
#1804=DIRECTION('',(0.,1.,0.));
#1805=DIRECTION('',(0.,0.,-1.));
#1806=DIRECTION('',(0.,0.707106780686548,-0.707106781686548));
#1807=DIRECTION('',(0.,0.,-1.));
#1808=DIRECTION('',(0.,1.,0.));
#1809=DIRECTION('',(0.,0.,-1.));
#1810=DIRECTION('',(0.,-0.707106780686548,-0.707106781686548));
#1811=DIRECTION('',(0.,0.,-1.));
#1812=DIRECTION('',(0.,-1.,0.));
#1813=DIRECTION('',(0.,0.707106780686548,-0.707106781686548));
#1814=DIRECTION('',(0.,0.,-1.));
#1815=DIRECTION('',(0.,0.721073997815062,0.692858058822299));
#1816=DIRECTION('',(0.,0.,1.));
#1817=DIRECTION('',(0.,-1.,0.));
#1818=DIRECTION('',(0.,0.,-1.));
#1819=DIRECTION('',(0.,-0.721073997815062,0.692858058822299));
#1820=DIRECTION('center_axis',(-1.,0.,0.));
#1821=DIRECTION('ref_axis',(0.,1.,0.));
#1822=DIRECTION('center_axis',(-1.,0.,0.));
#1823=DIRECTION('ref_axis',(0.,1.,0.));
#1824=DIRECTION('',(-1.,0.,0.));
#1825=DIRECTION('',(1.,0.,0.));
#1826=DIRECTION('center_axis',(0.,1.,0.));
#1827=DIRECTION('ref_axis',(0.,0.,1.));
#1828=DIRECTION('',(0.,1.,0.));
#1829=DIRECTION('center_axis',(0.,0.,1.));
#1830=DIRECTION('ref_axis',(1.,0.,0.));
#1831=DIRECTION('center_axis',(-1.,0.,0.));
#1832=DIRECTION('ref_axis',(0.,3.49148133884313E-15,-1.));
#1833=DIRECTION('center_axis',(-1.,0.,0.));
#1834=DIRECTION('ref_axis',(0.,1.,0.));
#1835=DIRECTION('center_axis',(-1.,0.,0.));
#1836=DIRECTION('ref_axis',(0.,1.,0.));
#1837=DIRECTION('center_axis',(-1.,0.,0.));
#1838=DIRECTION('ref_axis',(0.,1.,0.));
#1839=DIRECTION('center_axis',(1.,0.,0.));
#1840=DIRECTION('ref_axis',(0.,1.,0.));
#1841=DIRECTION('',(1.,0.,0.));
#1842=DIRECTION('center_axis',(-1.,0.,0.));
#1843=DIRECTION('ref_axis',(0.,0.,1.));
#1844=DIRECTION('',(-1.,0.,0.));
#1845=DIRECTION('center_axis',(1.,0.,0.));
#1846=DIRECTION('ref_axis',(0.,1.,0.));
#1847=DIRECTION('center_axis',(-1.,0.,0.));
#1848=DIRECTION('ref_axis',(0.,1.,0.));
#1849=DIRECTION('center_axis',(1.,0.,0.));
#1850=DIRECTION('ref_axis',(0.,1.,0.));
#1851=DIRECTION('',(0.,0.,-1.));
#1852=DIRECTION('',(0.,0.,1.));
#1853=DIRECTION('center_axis',(1.,0.,0.));
#1854=DIRECTION('ref_axis',(0.,1.,0.));
#1855=DIRECTION('',(0.,-1.,0.));
#1856=DIRECTION('',(0.,0.,1.));
#1857=DIRECTION('center_axis',(1.,0.,0.));
#1858=DIRECTION('ref_axis',(0.,1.,0.));
#1859=DIRECTION('',(0.,0.,-1.));
#1860=DIRECTION('center_axis',(0.,-1.,0.));
#1861=DIRECTION('ref_axis',(0.,0.,-1.));
#1862=DIRECTION('',(0.,0.,-1.));
#1863=DIRECTION('',(0.,0.,1.));
#1864=DIRECTION('',(0.,0.,1.));
#1865=DIRECTION('',(-1.,0.,0.));
#1866=DIRECTION('',(-1.,0.,0.));
#1867=DIRECTION('center_axis',(1.,0.,0.));
#1868=DIRECTION('ref_axis',(0.,0.,-1.));
#1869=DIRECTION('center_axis',(1.,0.,0.));
#1870=DIRECTION('ref_axis',(0.,1.,0.));
#1871=DIRECTION('center_axis',(1.,0.,0.));
#1872=DIRECTION('ref_axis',(0.,1.,0.));
#1873=DIRECTION('center_axis',(-1.,0.,0.));
#1874=DIRECTION('ref_axis',(0.,1.,0.));
#1875=DIRECTION('center_axis',(1.,0.,0.));
#1876=DIRECTION('ref_axis',(0.,1.,0.));
#1877=DIRECTION('',(-1.,0.,0.));
#1878=DIRECTION('center_axis',(1.,0.,0.));
#1879=DIRECTION('ref_axis',(0.,1.,0.));
#1880=DIRECTION('center_axis',(-1.,0.,0.));
#1881=DIRECTION('ref_axis',(0.,1.,0.));
#1882=DIRECTION('center_axis',(1.,0.,0.));
#1883=DIRECTION('ref_axis',(0.,1.,0.));
#1884=DIRECTION('',(-1.,0.,0.));
#1885=DIRECTION('center_axis',(1.,0.,0.));
#1886=DIRECTION('ref_axis',(0.,1.,0.));
#1887=DIRECTION('center_axis',(-1.,0.,0.));
#1888=DIRECTION('ref_axis',(0.,-1.,0.));
#1889=DIRECTION('center_axis',(-1.,0.,0.));
#1890=DIRECTION('ref_axis',(0.,1.,0.));
#1891=DIRECTION('',(-1.,0.,0.));
#1892=DIRECTION('center_axis',(-1.,0.,0.));
#1893=DIRECTION('ref_axis',(0.,1.,0.));
#1894=DIRECTION('center_axis',(-1.,0.,0.));
#1895=DIRECTION('ref_axis',(0.,-1.,0.));
#1896=DIRECTION('center_axis',(-1.,0.,0.));
#1897=DIRECTION('ref_axis',(0.,1.,0.));
#1898=DIRECTION('',(-1.,0.,0.));
#1899=DIRECTION('center_axis',(-1.,0.,0.));
#1900=DIRECTION('ref_axis',(0.,1.,0.));
#1901=DIRECTION('center_axis',(0.,1.,0.));
#1902=DIRECTION('ref_axis',(1.,0.,0.));
#1903=DIRECTION('',(0.,0.,-1.));
#1904=DIRECTION('',(-1.,0.,0.));
#1905=DIRECTION('',(-1.,0.,0.));
#1906=DIRECTION('',(0.,0.,-1.));
#1907=DIRECTION('center_axis',(0.,-1.,0.));
#1908=DIRECTION('ref_axis',(0.,0.,1.));
#1909=DIRECTION('',(0.707106780686548,0.,0.707106781686548));
#1910=DIRECTION('',(-0.707106780686548,0.,-0.707106781686548));
#1911=DIRECTION('center_axis',(0.,-1.,0.));
#1912=DIRECTION('ref_axis',(0.,0.,1.));
#1913=DIRECTION('',(0.707106780686548,0.,0.707106781686548));
#1914=DIRECTION('center_axis',(0.,-1.,0.));
#1915=DIRECTION('ref_axis',(0.,0.,1.));
#1916=DIRECTION('center_axis',(0.,0.,1.));
#1917=DIRECTION('ref_axis',(0.,-1.,0.));
#1918=DIRECTION('',(-1.,0.,0.));
#1919=DIRECTION('',(0.,1.,0.));
#1920=DIRECTION('',(-1.,0.,0.));
#1921=DIRECTION('center_axis',(0.,1.,0.));
#1922=DIRECTION('ref_axis',(1.,0.,0.));
#1923=DIRECTION('',(-1.,0.,0.));
#1924=DIRECTION('',(0.,0.,-1.));
#1925=DIRECTION('center_axis',(0.,0.707106781686548,0.707106780686548));
#1926=DIRECTION('ref_axis',(0.,-0.707106780686548,0.707106781686548));
#1927=DIRECTION('',(-1.,0.,0.));
#1928=DIRECTION('',(0.,0.707106780686548,-0.707106781686547));
#1929=DIRECTION('center_axis',(0.,1.,0.));
#1930=DIRECTION('ref_axis',(1.,0.,0.));
#1931=DIRECTION('',(-1.,0.,0.));
#1932=DIRECTION('',(0.,0.,-1.));
#1933=DIRECTION('center_axis',(0.,0.,1.));
#1934=DIRECTION('ref_axis',(0.,-1.,0.));
#1935=DIRECTION('',(-1.,0.,0.));
#1936=DIRECTION('',(0.,1.,0.));
#1937=DIRECTION('center_axis',(0.,0.707106781686548,-0.707106780686548));
#1938=DIRECTION('ref_axis',(0.,0.707106780686548,0.707106781686548));
#1939=DIRECTION('',(-1.,0.,0.));
#1940=DIRECTION('',(0.,-0.707106780686548,-0.707106781686547));
#1941=DIRECTION('center_axis',(0.,1.,0.));
#1942=DIRECTION('ref_axis',(1.,0.,0.));
#1943=DIRECTION('',(-1.,0.,0.));
#1944=DIRECTION('',(0.,0.,-1.));
#1945=DIRECTION('center_axis',(0.,-0.692858058822299,-0.721073997815062));
#1946=DIRECTION('ref_axis',(0.,0.721073997815062,-0.692858058822299));
#1947=DIRECTION('',(0.,-0.721073997815062,0.692858058822299));
#1948=DIRECTION('center_axis',(1.,0.,0.));
#1949=DIRECTION('ref_axis',(0.,0.,-1.));
#1950=DIRECTION('',(0.,0.721073997815062,0.692858058822299));
#1951=DIRECTION('',(0.,0.,-1.));
#1952=DIRECTION('',(0.,0.707106781186547,-0.707106781186547));
#1953=DIRECTION('',(0.,-1.,0.));
#1954=DIRECTION('',(0.,0.,-1.));
#1955=DIRECTION('',(0.,-0.707106781186548,-0.707106781186548));
#1956=DIRECTION('',(0.,0.,-1.));
#1957=DIRECTION('center_axis',(0.,-1.,0.));
#1958=DIRECTION('ref_axis',(1.,0.,0.));
#1959=DIRECTION('',(-1.,0.,0.));
#1960=DIRECTION('center_axis',(0.,-0.707106781686548,0.707106780686548));
#1961=DIRECTION('ref_axis',(0.,0.707106780686548,0.707106781686548));
#1962=DIRECTION('',(-1.,0.,0.));
#1963=DIRECTION('center_axis',(0.,-1.,0.));
#1964=DIRECTION('ref_axis',(1.,0.,0.));
#1965=DIRECTION('',(-1.,0.,0.));
#1966=DIRECTION('center_axis',(0.,0.,1.));
#1967=DIRECTION('ref_axis',(0.,1.,0.));
#1968=DIRECTION('',(-1.,0.,0.));
#1969=DIRECTION('center_axis',(0.,-0.707106781686548,-0.707106780686548));
#1970=DIRECTION('ref_axis',(0.,-0.707106780686548,0.707106781686548));
#1971=DIRECTION('',(-1.,0.,0.));
#1972=DIRECTION('center_axis',(0.,-1.,0.));
#1973=DIRECTION('ref_axis',(1.,0.,0.));
#1974=DIRECTION('',(-1.,0.,0.));
#1975=DIRECTION('center_axis',(0.,0.692858058822299,-0.721073997815062));
#1976=DIRECTION('ref_axis',(0.,-0.721073997815062,-0.692858058822299));
#1977=DIRECTION('center_axis',(0.707106781686548,0.,-0.707106780686548));
#1978=DIRECTION('ref_axis',(-0.707106780686548,0.,-0.707106781686548));
#1979=DIRECTION('',(0.,1.,0.));
#1980=DIRECTION('center_axis',(-0.707106781686548,0.,0.707106780686548));
#1981=DIRECTION('ref_axis',(0.707106780686548,0.,0.707106781686548));
#1982=DIRECTION('',(0.,1.,0.));
#1983=DIRECTION('center_axis',(-0.707106781686548,0.,0.707106780686548));
#1984=DIRECTION('ref_axis',(0.707106780686548,0.,0.707106781686548));
#1985=DIRECTION('',(0.,1.,0.));
#1986=DIRECTION('center_axis',(0.,1.,0.));
#1987=DIRECTION('ref_axis',(-0.70710678128656,0.,-0.707106781086535));
#1988=DIRECTION('center_axis',(0.,1.,0.));
#1989=DIRECTION('ref_axis',(1.,0.,0.));
#1990=DIRECTION('center_axis',(0.,1.,0.));
#1991=DIRECTION('ref_axis',(-0.707106781253228,0.,-0.707106781119867));
#1992=DIRECTION('center_axis',(-1.,0.,0.));
#1993=DIRECTION('ref_axis',(0.,1.,0.));
#1994=DIRECTION('center_axis',(-1.,0.,0.));
#1995=DIRECTION('ref_axis',(0.,1.,0.));
#1996=DIRECTION('',(-1.,0.,0.));
#1997=DIRECTION('center_axis',(-1.,0.,0.));
#1998=DIRECTION('ref_axis',(0.,0.,1.));
#1999=DIRECTION('center_axis',(-1.,0.,0.));
#2000=DIRECTION('ref_axis',(0.,1.,0.));
#2001=DIRECTION('center_axis',(-1.,0.,0.));
#2002=DIRECTION('ref_axis',(0.,1.,0.));
#2003=DIRECTION('',(-1.,0.,0.));
#2004=DIRECTION('center_axis',(-1.,0.,0.));
#2005=DIRECTION('ref_axis',(0.,0.,1.));
#2006=DIRECTION('center_axis',(-1.,0.,0.));
#2007=DIRECTION('ref_axis',(0.,1.,0.));
#2008=DIRECTION('center_axis',(-1.,0.,0.));
#2009=DIRECTION('ref_axis',(0.,1.,0.));
#2010=DIRECTION('',(-1.,0.,0.));
#2011=DIRECTION('center_axis',(-1.,0.,0.));
#2012=DIRECTION('ref_axis',(0.,0.,1.));
#2013=DIRECTION('center_axis',(-1.,0.,0.));
#2014=DIRECTION('ref_axis',(0.,1.,0.));
#2015=DIRECTION('center_axis',(-1.,0.,0.));
#2016=DIRECTION('ref_axis',(0.,1.,0.));
#2017=DIRECTION('',(-1.,0.,0.));
#2018=DIRECTION('center_axis',(-1.,0.,0.));
#2019=DIRECTION('ref_axis',(0.,0.,1.));
#2020=DIRECTION('center_axis',(1.,0.,0.));
#2021=DIRECTION('ref_axis',(0.,1.,0.));
#2022=DIRECTION('',(0.,0.,-1.));
#2023=DIRECTION('center_axis',(0.,0.,-1.));
#2024=DIRECTION('ref_axis',(-1.,0.,0.));
#2025=DIRECTION('center_axis',(0.,-1.,0.));
#2026=DIRECTION('ref_axis',(1.,0.,0.));
#2027=DIRECTION('',(0.,0.,-1.));
#2028=DIRECTION('center_axis',(-1.,0.,0.));
#2029=DIRECTION('ref_axis',(0.,0.,1.));
#2030=DIRECTION('',(0.,0.,-1.));
#2031=DIRECTION('center_axis',(0.,1.,0.));
#2032=DIRECTION('ref_axis',(0.,0.,1.));
#2033=DIRECTION('center_axis',(1.,0.,0.));
#2034=DIRECTION('ref_axis',(0.,1.,0.));
#2035=DIRECTION('',(0.,0.,1.));
#2036=DIRECTION('',(1.,0.,0.));
#2037=CARTESIAN_POINT('',(0.,0.,0.));
#2038=CARTESIAN_POINT('',(0.,0.,0.));
#2039=CARTESIAN_POINT('Origin',(-267.,96.625,841.));
#2040=CARTESIAN_POINT('',(-269.1,96.625,841.));
#2041=CARTESIAN_POINT('Origin',(-267.,96.625,841.));
#2042=CARTESIAN_POINT('Origin',(-287.,96.625,841.));
#2043=CARTESIAN_POINT('',(-289.1,96.625,841.));
#2044=CARTESIAN_POINT('Origin',(-287.,96.625,841.));
#2045=CARTESIAN_POINT('Origin',(-267.,96.625,801.));
#2046=CARTESIAN_POINT('',(-269.097204566829,96.625,800.891681004098));
#2047=CARTESIAN_POINT('',(-269.097204566829,96.625,801.108318995903));
#2048=CARTESIAN_POINT('',(-269.097204566829,96.625,815.));
#2049=CARTESIAN_POINT('Origin',(-267.,96.625,801.));
#2050=CARTESIAN_POINT('Origin',(-287.,96.625,801.));
#2051=CARTESIAN_POINT('',(-289.1,96.625,801.));
#2052=CARTESIAN_POINT('Origin',(-287.,96.625,801.));
#2053=CARTESIAN_POINT('Origin',(-267.,140.625,841.));
#2054=CARTESIAN_POINT('',(-264.9,140.625,841.));
#2055=CARTESIAN_POINT('Origin',(-267.,140.625,841.));
#2056=CARTESIAN_POINT('Origin',(-287.,140.625,841.));
#2057=CARTESIAN_POINT('',(-284.9,140.625,841.));
#2058=CARTESIAN_POINT('Origin',(-287.,140.625,841.));
#2059=CARTESIAN_POINT('Origin',(-267.,140.625,801.));
#2060=CARTESIAN_POINT('',(-264.9,140.625,801.));
#2061=CARTESIAN_POINT('Origin',(-267.,140.625,801.));
#2062=CARTESIAN_POINT('Origin',(-287.,140.625,801.));
#2063=CARTESIAN_POINT('',(-284.9,140.625,801.));
#2064=CARTESIAN_POINT('Origin',(-287.,140.625,801.));
#2065=CARTESIAN_POINT('Origin',(-284.,108.,840.));
#2066=CARTESIAN_POINT('',(-284.300499595996,108.,800.623020749996));
#2067=CARTESIAN_POINT('',(-277.165470756011,108.,807.758049594345));
#2068=CARTESIAN_POINT('',(-272.597372681345,108.,812.326147690161));
#2069=CARTESIAN_POINT('',(-287.836033502489,108.,804.158554655489));
#2070=CARTESIAN_POINT('Origin',(-286.068266559,108.,802.390787707));
#2071=CARTESIAN_POINT('',(-280.701004662726,108.,811.293583501615));
#2072=CARTESIAN_POINT('',(-276.132906588595,108.,815.861681594911));
#2073=CARTESIAN_POINT('Origin',(-278.933237716,108.,809.52581655));
#2074=CARTESIAN_POINT('Origin',(-284.268519091,147.899999999,807.726069081));
#2075=CARTESIAN_POINT('',(-287.836033503655,110.,804.158554655322));
#2076=CARTESIAN_POINT('',(-287.836033499,103.,804.158554652));
#2077=CARTESIAN_POINT('',(-280.701004663671,110.,811.293583501671));
#2078=CARTESIAN_POINT('',(-287.836033502,110.,804.158554652));
#2079=CARTESIAN_POINT('',(-280.701004661,110.,811.293583499));
#2080=CARTESIAN_POINT('Origin',(-286.068266559,147.899999999,802.390787707));
#2081=CARTESIAN_POINT('',(-284.30049959733,110.,800.62302074933));
#2082=CARTESIAN_POINT('',(-284.300499595,110.,800.623020747));
#2083=CARTESIAN_POINT('Origin',(-286.068266559,110.,802.390787707));
#2084=CARTESIAN_POINT('Origin',(-284.,108.,840.));
#2085=CARTESIAN_POINT('',(-282.770160754391,108.,819.953417608725));
#2086=CARTESIAN_POINT('',(-297.205189590822,108.,805.518388760489));
#2087=CARTESIAN_POINT('',(-281.674732183867,108.,821.048846194889));
#2088=CARTESIAN_POINT('',(-279.234626846678,108.,816.417883701678));
#2089=CARTESIAN_POINT('Origin',(-281.002393806,108.,818.185650655));
#2090=CARTESIAN_POINT('',(-293.669655684109,108.,801.982854854109));
#2091=CARTESIAN_POINT('',(-278.139198277367,108.,817.513312290389));
#2092=CARTESIAN_POINT('Origin',(-295.437422649,108.,803.750621813));
#2093=CARTESIAN_POINT('Origin',(-286.452141275,147.899999999,809.200369281));
#2094=CARTESIAN_POINT('',(-279.234626847844,110.,816.417883701511));
#2095=CARTESIAN_POINT('',(-279.234626845,103.,816.4178837));
#2096=CARTESIAN_POINT('',(-293.669655685609,110.,801.982854853609));
#2097=CARTESIAN_POINT('',(-279.234626848,110.,816.4178837));
#2098=CARTESIAN_POINT('',(-293.669655683,110.,801.982854851));
#2099=CARTESIAN_POINT('Origin',(-281.002393806,147.899999999,818.185650655));
#2100=CARTESIAN_POINT('',(-282.770160755558,110.,819.953417608558));
#2101=CARTESIAN_POINT('',(-282.770160753,110.,819.953417606));
#2102=CARTESIAN_POINT('Origin',(-281.002393806,110.,818.185650655));
#2103=CARTESIAN_POINT('Origin',(-284.,108.,840.));
#2104=CARTESIAN_POINT('',(-291.689826023004,108.,821.673245223004));
#2105=CARTESIAN_POINT('',(-298.824854863322,108.,814.538216375989));
#2106=CARTESIAN_POINT('',(-286.96943804273,108.,826.393633221991));
#2107=CARTESIAN_POINT('',(-288.154292116344,108.,818.137711316345));
#2108=CARTESIAN_POINT('Origin',(-289.922059077,108.,819.905478271));
#2109=CARTESIAN_POINT('',(-295.28932095733,108.,811.002682470663));
#2110=CARTESIAN_POINT('',(-283.43390413623,108.,822.858099317491));
#2111=CARTESIAN_POINT('Origin',(-297.05708792,108.,812.770449428));
#2112=CARTESIAN_POINT('Origin',(-291.721806546,147.899999998,814.570196896));
#2113=CARTESIAN_POINT('',(-288.154292117511,110.,818.137711316178));
#2114=CARTESIAN_POINT('',(-288.154292114,103.,818.137711314));
#2115=CARTESIAN_POINT('',(-295.289320958496,110.,811.002682470496));
#2116=CARTESIAN_POINT('',(-288.154292117,110.,818.137711314));
#2117=CARTESIAN_POINT('',(-295.289320956,110.,811.002682468));
#2118=CARTESIAN_POINT('Origin',(-289.922059077,147.899999999,819.905478271));
#2119=CARTESIAN_POINT('',(-291.689826024504,110.,821.673245222504));
#2120=CARTESIAN_POINT('',(-291.689826022,110.,821.67324522));
#2121=CARTESIAN_POINT('Origin',(-289.922059077,110.,819.905478271));
#2122=CARTESIAN_POINT('Origin',(-261.,93.625,850.));
#2123=CARTESIAN_POINT('',(-306.,143.625,850.));
#2124=CARTESIAN_POINT('',(-261.,143.625,850.));
#2125=CARTESIAN_POINT('',(-257.,143.625,850.));
#2126=CARTESIAN_POINT('',(-306.,93.625,850.));
#2127=CARTESIAN_POINT('',(-306.,96.262499998,850.));
#2128=CARTESIAN_POINT('',(-261.,93.625,850.));
#2129=CARTESIAN_POINT('',(-261.,93.625,850.));
#2130=CARTESIAN_POINT('',(-261.,94.7625,850.));
#2131=CARTESIAN_POINT('Origin',(-253.,143.625,809.25));
#2132=CARTESIAN_POINT('',(-261.,143.625,791.));
#2133=CARTESIAN_POINT('',(-261.,143.625,870.436698710099));
#2134=CARTESIAN_POINT('',(-306.,143.625,791.));
#2135=CARTESIAN_POINT('',(-261.,143.625,791.));
#2136=CARTESIAN_POINT('',(-306.,143.625,836.));
#2137=CARTESIAN_POINT('',(-284.9,143.625,841.));
#2138=CARTESIAN_POINT('Origin',(-287.,143.625,841.));
#2139=CARTESIAN_POINT('',(-264.9,143.625,801.));
#2140=CARTESIAN_POINT('Origin',(-267.,143.625,801.));
#2141=CARTESIAN_POINT('',(-264.9,143.625,841.));
#2142=CARTESIAN_POINT('Origin',(-267.,143.625,841.));
#2143=CARTESIAN_POINT('',(-284.9,143.625,801.));
#2144=CARTESIAN_POINT('Origin',(-287.,143.625,801.));
#2145=CARTESIAN_POINT('Origin',(-261.,95.9,839.5));
#2146=CARTESIAN_POINT('',(-261.,93.625,785.));
#2147=CARTESIAN_POINT('',(-261.,93.625,868.761069617827));
#2148=CARTESIAN_POINT('',(-261.,137.625,785.));
#2149=CARTESIAN_POINT('',(-261.,80.,785.));
#2150=CARTESIAN_POINT('Origin',(-261.,137.625,791.));
#2151=CARTESIAN_POINT('',(-261.,140.197375873,829.));
#2152=CARTESIAN_POINT('',(-261.,105.102624129,829.));
#2153=CARTESIAN_POINT('Origin',(-261.,122.650000001,823.14));
#2154=CARTESIAN_POINT('Ctrl Pts',(-261.,105.102624128827,829.000000000058));
#2155=CARTESIAN_POINT('Ctrl Pts',(-261.,105.237800607055,829.404776872502));
#2156=CARTESIAN_POINT('Ctrl Pts',(-261.,105.387209549945,829.80547870633));
#2157=CARTESIAN_POINT('Ctrl Pts',(-261.,105.550265393487,830.200387833016));
#2158=CARTESIAN_POINT('Ctrl Pts',(-261.,106.020037199098,831.338140209547));
#2159=CARTESIAN_POINT('Ctrl Pts',(-261.,106.605297994295,832.429381865506));
#2160=CARTESIAN_POINT('Ctrl Pts',(-261.,107.281385199343,833.438333801071));
#2161=CARTESIAN_POINT('Ctrl Pts',(-261.,107.95747240439,834.447285736636));
#2162=CARTESIAN_POINT('Ctrl Pts',(-261.,108.724470099784,835.373917107597));
#2163=CARTESIAN_POINT('Ctrl Pts',(-261.,109.541008994601,836.193901899208));
#2164=CARTESIAN_POINT('Ctrl Pts',(-261.,110.362107294749,837.018465337414));
#2165=CARTESIAN_POINT('Ctrl Pts',(-261.,111.289840871818,837.79206796208));
#2166=CARTESIAN_POINT('Ctrl Pts',(-261.,112.300353109875,838.474106078576));
#2167=CARTESIAN_POINT('Ctrl Pts',(-261.,113.310865347932,839.156144195072));
#2168=CARTESIAN_POINT('Ctrl Pts',(-261.,114.40412534642,839.746723674876));
#2169=CARTESIAN_POINT('Ctrl Pts',(-261.,115.545353233563,840.22139321923));
#2170=CARTESIAN_POINT('Ctrl Pts',(-261.,116.686581120707,840.696062763584));
#2171=CARTESIAN_POINT('Ctrl Pts',(-261.,117.877665210226,841.055572059553));
#2172=CARTESIAN_POINT('Ctrl Pts',(-261.,119.076497516482,841.291586156398));
#2173=CARTESIAN_POINT('Ctrl Pts',(-261.,120.275329822738,841.527600253243));
#2174=CARTESIAN_POINT('Ctrl Pts',(-261.,121.481938353144,841.64));
#2175=CARTESIAN_POINT('Ctrl Pts',(-261.,122.650000001,841.64));
#2176=CARTESIAN_POINT('Ctrl Pts',(-261.,123.818061648856,841.64));
#2177=CARTESIAN_POINT('Ctrl Pts',(-261.,125.024670179262,841.527600253243));
#2178=CARTESIAN_POINT('Ctrl Pts',(-261.,126.223502485518,841.291586156398));
#2179=CARTESIAN_POINT('Ctrl Pts',(-261.,127.422334791774,841.055572059553));
#2180=CARTESIAN_POINT('Ctrl Pts',(-261.,128.613418881293,840.696062763584));
#2181=CARTESIAN_POINT('Ctrl Pts',(-261.,129.754646768437,840.22139321923));
#2182=CARTESIAN_POINT('Ctrl Pts',(-261.,130.89587465558,839.746723674876));
#2183=CARTESIAN_POINT('Ctrl Pts',(-261.,131.989134654068,839.156144195072));
#2184=CARTESIAN_POINT('Ctrl Pts',(-261.,132.999646892125,838.474106078576));
#2185=CARTESIAN_POINT('Ctrl Pts',(-261.,134.010159130182,837.79206796208));
#2186=CARTESIAN_POINT('Ctrl Pts',(-261.,134.937892707251,837.018465337414));
#2187=CARTESIAN_POINT('Ctrl Pts',(-261.,135.758991007399,836.193901899208));
#2188=CARTESIAN_POINT('Ctrl Pts',(-261.,136.575529902216,835.373917107597));
#2189=CARTESIAN_POINT('Ctrl Pts',(-261.,137.34252759761,834.447285736636));
#2190=CARTESIAN_POINT('Ctrl Pts',(-261.,138.018614802658,833.438333801071));
#2191=CARTESIAN_POINT('Ctrl Pts',(-261.,138.694702007705,832.429381865506));
#2192=CARTESIAN_POINT('Ctrl Pts',(-261.,139.279962802902,831.338140209547));
#2193=CARTESIAN_POINT('Ctrl Pts',(-261.,139.749734608513,830.200387833016));
#2194=CARTESIAN_POINT('Ctrl Pts',(-261.,139.912790452055,829.80547870633));
#2195=CARTESIAN_POINT('Ctrl Pts',(-261.,140.062199394945,829.404776872502));
#2196=CARTESIAN_POINT('Ctrl Pts',(-261.,140.197375873173,829.000000000058));
#2197=CARTESIAN_POINT('Origin',(-261.,93.625,898.022139235654));
#2198=CARTESIAN_POINT('',(-306.,93.625,785.));
#2199=CARTESIAN_POINT('',(-306.,93.625,829.));
#2200=CARTESIAN_POINT('',(-380.5,93.625,785.));
#2201=CARTESIAN_POINT('',(-289.1,93.625,801.));
#2202=CARTESIAN_POINT('Origin',(-287.,93.625,801.));
#2203=CARTESIAN_POINT('',(-269.097204566829,93.625,801.108318995903));
#2204=CARTESIAN_POINT('',(-269.097204566829,93.625,800.891681004098));
#2205=CARTESIAN_POINT('',(-269.097204566829,93.625,829.));
#2206=CARTESIAN_POINT('Origin',(-267.,93.625,801.));
#2207=CARTESIAN_POINT('',(-289.1,93.625,841.));
#2208=CARTESIAN_POINT('Origin',(-287.,93.625,841.));
#2209=CARTESIAN_POINT('',(-269.1,93.625,841.));
#2210=CARTESIAN_POINT('Origin',(-267.,93.625,841.));
#2211=CARTESIAN_POINT('Origin',(-269.097204566829,93.625,829.));
#2212=CARTESIAN_POINT('',(-269.097204566829,95.625,800.891681004098));
#2213=CARTESIAN_POINT('',(-269.097204566829,95.625,801.108318995903));
#2214=CARTESIAN_POINT('Origin',(-500.,100.,785.));
#2215=CARTESIAN_POINT('',(-306.,137.625,785.));
#2216=CARTESIAN_POINT('',(-306.,80.,785.));
#2217=CARTESIAN_POINT('',(-306.,137.625,785.));
#2218=CARTESIAN_POINT('',(-263.500000002,119.65,785.));
#2219=CARTESIAN_POINT('',(-263.500000002,125.65,785.));
#2220=CARTESIAN_POINT('',(-263.500000002,119.65,785.));
#2221=CARTESIAN_POINT('',(-266.500000002,125.65,785.));
#2222=CARTESIAN_POINT('',(-263.500000002,125.65,785.));
#2223=CARTESIAN_POINT('',(-266.500000002,135.125,785.));
#2224=CARTESIAN_POINT('',(-266.500000002,135.125,785.));
#2225=CARTESIAN_POINT('',(-301.5,135.125,785.));
#2226=CARTESIAN_POINT('',(-266.500000002,135.125,785.));
#2227=CARTESIAN_POINT('',(-301.5,110.,785.));
#2228=CARTESIAN_POINT('',(-301.5,110.,785.));
#2229=CARTESIAN_POINT('',(-266.500000002,110.,785.));
#2230=CARTESIAN_POINT('',(-266.500000002,110.,785.));
#2231=CARTESIAN_POINT('',(-266.500000002,119.65,785.));
#2232=CARTESIAN_POINT('',(-266.500000002,119.65,785.));
#2233=CARTESIAN_POINT('',(-266.500000002,119.65,785.));
#2234=CARTESIAN_POINT('Origin',(-287.,93.625,801.));
#2235=CARTESIAN_POINT('',(-289.1,93.625,801.));
#2236=CARTESIAN_POINT('Origin',(-267.,93.625,801.));
#2237=CARTESIAN_POINT('Origin',(-287.,93.625,841.));
#2238=CARTESIAN_POINT('',(-289.1,93.625,841.));
#2239=CARTESIAN_POINT('Origin',(-267.,93.625,841.));
#2240=CARTESIAN_POINT('',(-269.1,93.625,841.));
#2241=CARTESIAN_POINT('Origin',(-287.,143.625,801.));
#2242=CARTESIAN_POINT('',(-284.9,143.625,801.));
#2243=CARTESIAN_POINT('Origin',(-267.,143.625,841.));
#2244=CARTESIAN_POINT('',(-264.9,143.625,841.));
#2245=CARTESIAN_POINT('Origin',(-267.,143.625,801.));
#2246=CARTESIAN_POINT('',(-264.9,143.625,801.));
#2247=CARTESIAN_POINT('Origin',(-287.,143.625,841.));
#2248=CARTESIAN_POINT('',(-284.9,143.625,841.));
#2249=CARTESIAN_POINT('Origin',(-306.,98.899999996,833.5));
#2250=CARTESIAN_POINT('Origin',(-306.,137.625,791.));
#2251=CARTESIAN_POINT('',(-306.,135.949263138482,836.));
#2252=CARTESIAN_POINT('',(-306.,109.350736863518,836.));
#2253=CARTESIAN_POINT('Ctrl Pts',(-306.,135.949243276729,835.999980801395));
#2254=CARTESIAN_POINT('Ctrl Pts',(-306.,135.886140710115,836.065263023603));
#2255=CARTESIAN_POINT('Ctrl Pts',(-306.,135.822716732037,836.129907244));
#2256=CARTESIAN_POINT('Ctrl Pts',(-306.,135.758991007399,836.193901899208));
#2257=CARTESIAN_POINT('Ctrl Pts',(-306.,134.937892707251,837.018465337414));
#2258=CARTESIAN_POINT('Ctrl Pts',(-306.,134.010159130182,837.79206796208));
#2259=CARTESIAN_POINT('Ctrl Pts',(-306.,132.999646892125,838.474106078576));
#2260=CARTESIAN_POINT('Ctrl Pts',(-306.,131.989134654068,839.156144195072));
#2261=CARTESIAN_POINT('Ctrl Pts',(-306.,130.89587465558,839.746723674876));
#2262=CARTESIAN_POINT('Ctrl Pts',(-306.,129.754646768437,840.22139321923));
#2263=CARTESIAN_POINT('Ctrl Pts',(-306.,128.613418881293,840.696062763584));
#2264=CARTESIAN_POINT('Ctrl Pts',(-306.,127.422334791774,841.055572059553));
#2265=CARTESIAN_POINT('Ctrl Pts',(-306.,126.223502485518,841.291586156398));
#2266=CARTESIAN_POINT('Ctrl Pts',(-306.,125.024670179262,841.527600253243));
#2267=CARTESIAN_POINT('Ctrl Pts',(-306.,123.818061648856,841.64));
#2268=CARTESIAN_POINT('Ctrl Pts',(-306.,122.650000001,841.64));
#2269=CARTESIAN_POINT('Ctrl Pts',(-306.,121.481938353144,841.64));
#2270=CARTESIAN_POINT('Ctrl Pts',(-306.,120.275329822738,841.527600253243));
#2271=CARTESIAN_POINT('Ctrl Pts',(-306.,119.076497516482,841.291586156398));
#2272=CARTESIAN_POINT('Ctrl Pts',(-306.,117.877665210226,841.055572059553));
#2273=CARTESIAN_POINT('Ctrl Pts',(-306.,116.686581120707,840.696062763584));
#2274=CARTESIAN_POINT('Ctrl Pts',(-306.,115.545353233563,840.22139321923));
#2275=CARTESIAN_POINT('Ctrl Pts',(-306.,114.40412534642,839.746723674876));
#2276=CARTESIAN_POINT('Ctrl Pts',(-306.,113.310865347932,839.156144195072));
#2277=CARTESIAN_POINT('Ctrl Pts',(-306.,112.300353109875,838.474106078576));
#2278=CARTESIAN_POINT('Ctrl Pts',(-306.,111.289840871818,837.79206796208));
#2279=CARTESIAN_POINT('Ctrl Pts',(-306.,110.362107294749,837.018465337414));
#2280=CARTESIAN_POINT('Ctrl Pts',(-306.,109.541008994601,836.193901899208));
#2281=CARTESIAN_POINT('Ctrl Pts',(-306.,109.477283269963,836.129907244));
#2282=CARTESIAN_POINT('Ctrl Pts',(-306.,109.413859291885,836.065263023603));
#2283=CARTESIAN_POINT('Ctrl Pts',(-306.,109.350756725271,835.999980801395));
#2284=CARTESIAN_POINT('',(-306.,80.,836.));
#2285=CARTESIAN_POINT('',(-306.,110.399999996,790.5));
#2286=CARTESIAN_POINT('Origin',(-306.,112.399999996,790.5));
#2287=CARTESIAN_POINT('',(-306.,130.899999997,790.5));
#2288=CARTESIAN_POINT('Origin',(-306.,132.899999997,790.5));
#2289=CARTESIAN_POINT('',(-306.,130.899999997,815.));
#2290=CARTESIAN_POINT('Origin',(-306.,132.899999997,815.));
#2291=CARTESIAN_POINT('',(-306.,115.649999997139,816.975000001451));
#2292=CARTESIAN_POINT('',(-306.,115.649999996667,812.950000000333));
#2293=CARTESIAN_POINT('',(-306.,115.649999997,816.975000002));
#2294=CARTESIAN_POINT('',(-306.,115.149999996285,812.450000000049));
#2295=CARTESIAN_POINT('',(-306.,115.649999996,812.950000001));
#2296=CARTESIAN_POINT('',(-306.,111.899999998,812.45));
#2297=CARTESIAN_POINT('',(-306.,111.899999998,812.45));
#2298=CARTESIAN_POINT('',(-306.,111.899999997667,805.949999999667));
#2299=CARTESIAN_POINT('',(-306.,111.899999998,812.45));
#2300=CARTESIAN_POINT('',(-306.,112.899999995882,804.950000000215));
#2301=CARTESIAN_POINT('',(-306.,111.899999997,805.949999999));
#2302=CARTESIAN_POINT('',(-306.,112.899999997,792.95));
#2303=CARTESIAN_POINT('',(-306.,112.899999997,804.95));
#2304=CARTESIAN_POINT('',(-306.,132.399999997,792.95));
#2305=CARTESIAN_POINT('',(-306.,112.899999997,792.95));
#2306=CARTESIAN_POINT('',(-306.,132.399999997,804.95));
#2307=CARTESIAN_POINT('',(-306.,132.399999997,804.95));
#2308=CARTESIAN_POINT('',(-306.,133.399999996444,805.950000000039));
#2309=CARTESIAN_POINT('',(-306.,133.399999995,805.95));
#2310=CARTESIAN_POINT('',(-306.,133.399999997,812.45));
#2311=CARTESIAN_POINT('',(-306.,133.399999997,812.45));
#2312=CARTESIAN_POINT('',(-306.,130.149999997549,812.449999999549));
#2313=CARTESIAN_POINT('',(-306.,133.399999997,812.45));
#2314=CARTESIAN_POINT('',(-306.,129.649999997056,812.95000000002));
#2315=CARTESIAN_POINT('',(-306.,129.649999996,812.95));
#2316=CARTESIAN_POINT('',(-306.,129.649999997,816.975));
#2317=CARTESIAN_POINT('',(-306.,129.649999997,816.975));
#2318=CARTESIAN_POINT('',(-306.,135.12499999936,822.235760870154));
#2319=CARTESIAN_POINT('',(-306.,129.649999997,816.975));
#2320=CARTESIAN_POINT('',(-306.,135.125,833.5));
#2321=CARTESIAN_POINT('',(-306.,135.125,822.235760869));
#2322=CARTESIAN_POINT('',(-306.,110.,833.5));
#2323=CARTESIAN_POINT('',(-306.,135.125,833.5));
#2324=CARTESIAN_POINT('',(-306.,110.00000000066,822.403913040354));
#2325=CARTESIAN_POINT('',(-306.,110.,833.5));
#2326=CARTESIAN_POINT('',(-306.,115.649999998,816.975000002));
#2327=CARTESIAN_POINT('',(-306.,110.399999996,815.));
#2328=CARTESIAN_POINT('Origin',(-306.,112.399999996,815.));
#2329=CARTESIAN_POINT('Ctrl Pts',(-261.,140.197375873173,829.000000000058));
#2330=CARTESIAN_POINT('Ctrl Pts',(-306.,140.197375873173,829.000000000058));
#2331=CARTESIAN_POINT('Ctrl Pts',(-261.,140.062199394945,829.404776872502));
#2332=CARTESIAN_POINT('Ctrl Pts',(-306.,140.062199394945,829.404776872502));
#2333=CARTESIAN_POINT('Ctrl Pts',(-261.,139.912790452055,829.80547870633));
#2334=CARTESIAN_POINT('Ctrl Pts',(-306.,139.912790452055,829.80547870633));
#2335=CARTESIAN_POINT('Ctrl Pts',(-261.,139.279962802902,831.338140209547));
#2336=CARTESIAN_POINT('Ctrl Pts',(-306.,139.279962802902,831.338140209547));
#2337=CARTESIAN_POINT('Ctrl Pts',(-261.,138.694702007705,832.429381865506));
#2338=CARTESIAN_POINT('Ctrl Pts',(-306.,138.694702007705,832.429381865506));
#2339=CARTESIAN_POINT('Ctrl Pts',(-261.,137.34252759761,834.447285736636));
#2340=CARTESIAN_POINT('Ctrl Pts',(-306.,137.34252759761,834.447285736636));
#2341=CARTESIAN_POINT('Ctrl Pts',(-261.,136.575529902216,835.373917107597));
#2342=CARTESIAN_POINT('Ctrl Pts',(-306.,136.575529902216,835.373917107597));
#2343=CARTESIAN_POINT('Ctrl Pts',(-261.,134.937892707251,837.018465337414));
#2344=CARTESIAN_POINT('Ctrl Pts',(-306.,134.937892707251,837.018465337414));
#2345=CARTESIAN_POINT('Ctrl Pts',(-261.,134.010159130182,837.79206796208));
#2346=CARTESIAN_POINT('Ctrl Pts',(-306.,134.010159130182,837.79206796208));
#2347=CARTESIAN_POINT('Ctrl Pts',(-261.,131.989134654068,839.156144195072));
#2348=CARTESIAN_POINT('Ctrl Pts',(-306.,131.989134654068,839.156144195072));
#2349=CARTESIAN_POINT('Ctrl Pts',(-261.,130.89587465558,839.746723674876));
#2350=CARTESIAN_POINT('Ctrl Pts',(-306.,130.89587465558,839.746723674876));
#2351=CARTESIAN_POINT('Ctrl Pts',(-261.,128.613418881293,840.696062763584));
#2352=CARTESIAN_POINT('Ctrl Pts',(-306.,128.613418881293,840.696062763584));
#2353=CARTESIAN_POINT('Ctrl Pts',(-261.,127.422334791774,841.055572059553));
#2354=CARTESIAN_POINT('Ctrl Pts',(-306.,127.422334791774,841.055572059553));
#2355=CARTESIAN_POINT('Ctrl Pts',(-261.,125.024670179262,841.527600253243));
#2356=CARTESIAN_POINT('Ctrl Pts',(-306.,125.024670179262,841.527600253243));
#2357=CARTESIAN_POINT('Ctrl Pts',(-261.,123.818061648856,841.64));
#2358=CARTESIAN_POINT('Ctrl Pts',(-306.,123.818061648856,841.64));
#2359=CARTESIAN_POINT('Ctrl Pts',(-261.,121.481938353144,841.64));
#2360=CARTESIAN_POINT('Ctrl Pts',(-306.,121.481938353144,841.64));
#2361=CARTESIAN_POINT('Ctrl Pts',(-261.,120.275329822738,841.527600253243));
#2362=CARTESIAN_POINT('Ctrl Pts',(-306.,120.275329822738,841.527600253243));
#2363=CARTESIAN_POINT('Ctrl Pts',(-261.,117.877665210226,841.055572059553));
#2364=CARTESIAN_POINT('Ctrl Pts',(-306.,117.877665210226,841.055572059553));
#2365=CARTESIAN_POINT('Ctrl Pts',(-261.,116.686581120707,840.696062763584));
#2366=CARTESIAN_POINT('Ctrl Pts',(-306.,116.686581120707,840.696062763584));
#2367=CARTESIAN_POINT('Ctrl Pts',(-261.,114.40412534642,839.746723674876));
#2368=CARTESIAN_POINT('Ctrl Pts',(-306.,114.40412534642,839.746723674876));
#2369=CARTESIAN_POINT('Ctrl Pts',(-261.,113.310865347932,839.156144195072));
#2370=CARTESIAN_POINT('Ctrl Pts',(-306.,113.310865347932,839.156144195072));
#2371=CARTESIAN_POINT('Ctrl Pts',(-261.,111.289840871818,837.79206796208));
#2372=CARTESIAN_POINT('Ctrl Pts',(-306.,111.289840871818,837.79206796208));
#2373=CARTESIAN_POINT('Ctrl Pts',(-261.,110.362107294749,837.018465337414));
#2374=CARTESIAN_POINT('Ctrl Pts',(-306.,110.362107294749,837.018465337414));
#2375=CARTESIAN_POINT('Ctrl Pts',(-261.,108.724470099784,835.373917107597));
#2376=CARTESIAN_POINT('Ctrl Pts',(-306.,108.724470099784,835.373917107597));
#2377=CARTESIAN_POINT('Ctrl Pts',(-261.,107.95747240439,834.447285736636));
#2378=CARTESIAN_POINT('Ctrl Pts',(-306.,107.95747240439,834.447285736636));
#2379=CARTESIAN_POINT('Ctrl Pts',(-261.,106.605297994295,832.429381865506));
#2380=CARTESIAN_POINT('Ctrl Pts',(-306.,106.605297994295,832.429381865506));
#2381=CARTESIAN_POINT('Ctrl Pts',(-261.,106.020037199098,831.338140209547));
#2382=CARTESIAN_POINT('Ctrl Pts',(-306.,106.020037199098,831.338140209547));
#2383=CARTESIAN_POINT('Ctrl Pts',(-261.,105.387209549945,829.80547870633));
#2384=CARTESIAN_POINT('Ctrl Pts',(-306.,105.387209549945,829.80547870633));
#2385=CARTESIAN_POINT('Ctrl Pts',(-261.,105.237800607055,829.404776872502));
#2386=CARTESIAN_POINT('Ctrl Pts',(-306.,105.237800607055,829.404776872502));
#2387=CARTESIAN_POINT('Ctrl Pts',(-261.,105.102624128827,829.000000000058));
#2388=CARTESIAN_POINT('Ctrl Pts',(-306.,105.102624128827,829.000000000058));
#2389=CARTESIAN_POINT('',(-286.,135.949263138483,836.));
#2390=CARTESIAN_POINT('Ctrl Pts',(-286.,135.949263138483,836.));
#2391=CARTESIAN_POINT('Ctrl Pts',(-292.666666666667,135.949263138483,836.));
#2392=CARTESIAN_POINT('Ctrl Pts',(-299.333333333333,135.949263138482,836.));
#2393=CARTESIAN_POINT('Ctrl Pts',(-306.,135.949263138482,836.));
#2394=CARTESIAN_POINT('',(-286.,109.350736863518,836.));
#2395=CARTESIAN_POINT('Ctrl Pts',(-286.,109.350736863518,836.));
#2396=CARTESIAN_POINT('Ctrl Pts',(-285.688825992389,109.350736863518,836.));
#2397=CARTESIAN_POINT('Ctrl Pts',(-285.378453233721,109.368255657208,836.018190091274));
#2398=CARTESIAN_POINT('Ctrl Pts',(-284.652555012158,109.450963159656,836.103028146277));
#2399=CARTESIAN_POINT('Ctrl Pts',(-284.243397920181,109.530716234473,836.184497733233));
#2400=CARTESIAN_POINT('Ctrl Pts',(-283.052613506186,109.866889013504,836.516921652832));
#2401=CARTESIAN_POINT('Ctrl Pts',(-282.341322828359,110.212656978216,836.848505088609));
#2402=CARTESIAN_POINT('Ctrl Pts',(-281.125310507653,111.11702280419,837.617022240174));
#2403=CARTESIAN_POINT('Ctrl Pts',(-280.635479994286,111.655722632146,838.037172077823));
#2404=CARTESIAN_POINT('Ctrl Pts',(-279.723943389468,113.053294662924,838.984551987607));
#2405=CARTESIAN_POINT('Ctrl Pts',(-279.344270297297,113.980702396806,839.526025172636));
#2406=CARTESIAN_POINT('Ctrl Pts',(-278.70392025256,116.457819633688,840.639867099332));
#2407=CARTESIAN_POINT('Ctrl Pts',(-278.518394026344,118.064207200283,841.152432245195));
#2408=CARTESIAN_POINT('Ctrl Pts',(-278.312149676574,122.012145569558,841.759174780811));
#2409=CARTESIAN_POINT('Ctrl Pts',(-278.323689232602,124.271498808948,841.698131185697));
#2410=CARTESIAN_POINT('Ctrl Pts',(-278.615249556351,128.110693577598,840.900566865052));
#2411=CARTESIAN_POINT('Ctrl Pts',(-278.846217582842,129.628057645271,840.335665487508));
#2412=CARTESIAN_POINT('Ctrl Pts',(-279.586466879203,131.93296047145,839.181326090728));
#2413=CARTESIAN_POINT('Ctrl Pts',(-280.007890495688,132.7749238217,838.647590552517));
#2414=CARTESIAN_POINT('Ctrl Pts',(-281.033795588917,134.096415261089,837.693807755175));
#2415=CARTESIAN_POINT('Ctrl Pts',(-281.621071812052,134.619007586214,837.257147447752));
#2416=CARTESIAN_POINT('Ctrl Pts',(-282.885573208008,135.343620803054,836.604906978568));
#2417=CARTESIAN_POINT('Ctrl Pts',(-283.498152789561,135.582146717915,836.370963387572));
#2418=CARTESIAN_POINT('Ctrl Pts',(-284.486884155115,135.81568089255,836.137185793983));
#2419=CARTESIAN_POINT('Ctrl Pts',(-284.823070217038,135.871936541509,836.079586575384));
#2420=CARTESIAN_POINT('Ctrl Pts',(-285.441473634229,135.935118144853,836.014675822494));
#2421=CARTESIAN_POINT('Ctrl Pts',(-285.720446888327,135.949263138483,836.));
#2422=CARTESIAN_POINT('Ctrl Pts',(-286.,135.949263138483,836.));
#2423=CARTESIAN_POINT('Ctrl Pts',(-306.,109.350736863518,836.));
#2424=CARTESIAN_POINT('Ctrl Pts',(-299.333333333333,109.350736863518,836.));
#2425=CARTESIAN_POINT('Ctrl Pts',(-292.666666666667,109.350736863518,836.));
#2426=CARTESIAN_POINT('Ctrl Pts',(-286.,109.350736863518,836.));
#2427=CARTESIAN_POINT('Ctrl Pts',(-261.,140.197375873173,829.000000000058));
#2428=CARTESIAN_POINT('Ctrl Pts',(-306.,140.197375873173,829.000000000058));
#2429=CARTESIAN_POINT('Ctrl Pts',(-261.,140.062199394945,829.404776872502));
#2430=CARTESIAN_POINT('Ctrl Pts',(-306.,140.062199394945,829.404776872502));
#2431=CARTESIAN_POINT('Ctrl Pts',(-261.,139.912790452055,829.80547870633));
#2432=CARTESIAN_POINT('Ctrl Pts',(-306.,139.912790452055,829.80547870633));
#2433=CARTESIAN_POINT('Ctrl Pts',(-261.,139.279962802902,831.338140209547));
#2434=CARTESIAN_POINT('Ctrl Pts',(-306.,139.279962802902,831.338140209547));
#2435=CARTESIAN_POINT('Ctrl Pts',(-261.,138.694702007705,832.429381865506));
#2436=CARTESIAN_POINT('Ctrl Pts',(-306.,138.694702007705,832.429381865506));
#2437=CARTESIAN_POINT('Ctrl Pts',(-261.,137.34252759761,834.447285736636));
#2438=CARTESIAN_POINT('Ctrl Pts',(-306.,137.34252759761,834.447285736636));
#2439=CARTESIAN_POINT('Ctrl Pts',(-261.,136.575529902216,835.373917107597));
#2440=CARTESIAN_POINT('Ctrl Pts',(-306.,136.575529902216,835.373917107597));
#2441=CARTESIAN_POINT('Ctrl Pts',(-261.,134.937892707251,837.018465337414));
#2442=CARTESIAN_POINT('Ctrl Pts',(-306.,134.937892707251,837.018465337414));
#2443=CARTESIAN_POINT('Ctrl Pts',(-261.,134.010159130182,837.79206796208));
#2444=CARTESIAN_POINT('Ctrl Pts',(-306.,134.010159130182,837.79206796208));
#2445=CARTESIAN_POINT('Ctrl Pts',(-261.,131.989134654068,839.156144195072));
#2446=CARTESIAN_POINT('Ctrl Pts',(-306.,131.989134654068,839.156144195072));
#2447=CARTESIAN_POINT('Ctrl Pts',(-261.,130.89587465558,839.746723674876));
#2448=CARTESIAN_POINT('Ctrl Pts',(-306.,130.89587465558,839.746723674876));
#2449=CARTESIAN_POINT('Ctrl Pts',(-261.,128.613418881293,840.696062763584));
#2450=CARTESIAN_POINT('Ctrl Pts',(-306.,128.613418881293,840.696062763584));
#2451=CARTESIAN_POINT('Ctrl Pts',(-261.,127.422334791774,841.055572059553));
#2452=CARTESIAN_POINT('Ctrl Pts',(-306.,127.422334791774,841.055572059553));
#2453=CARTESIAN_POINT('Ctrl Pts',(-261.,125.024670179262,841.527600253243));
#2454=CARTESIAN_POINT('Ctrl Pts',(-306.,125.024670179262,841.527600253243));
#2455=CARTESIAN_POINT('Ctrl Pts',(-261.,123.818061648856,841.64));
#2456=CARTESIAN_POINT('Ctrl Pts',(-306.,123.818061648856,841.64));
#2457=CARTESIAN_POINT('Ctrl Pts',(-261.,121.481938353144,841.64));
#2458=CARTESIAN_POINT('Ctrl Pts',(-306.,121.481938353144,841.64));
#2459=CARTESIAN_POINT('Ctrl Pts',(-261.,120.275329822738,841.527600253243));
#2460=CARTESIAN_POINT('Ctrl Pts',(-306.,120.275329822738,841.527600253243));
#2461=CARTESIAN_POINT('Ctrl Pts',(-261.,117.877665210226,841.055572059553));
#2462=CARTESIAN_POINT('Ctrl Pts',(-306.,117.877665210226,841.055572059553));
#2463=CARTESIAN_POINT('Ctrl Pts',(-261.,116.686581120707,840.696062763584));
#2464=CARTESIAN_POINT('Ctrl Pts',(-306.,116.686581120707,840.696062763584));
#2465=CARTESIAN_POINT('Ctrl Pts',(-261.,114.40412534642,839.746723674876));
#2466=CARTESIAN_POINT('Ctrl Pts',(-306.,114.40412534642,839.746723674876));
#2467=CARTESIAN_POINT('Ctrl Pts',(-261.,113.310865347932,839.156144195072));
#2468=CARTESIAN_POINT('Ctrl Pts',(-306.,113.310865347932,839.156144195072));
#2469=CARTESIAN_POINT('Ctrl Pts',(-261.,111.289840871818,837.79206796208));
#2470=CARTESIAN_POINT('Ctrl Pts',(-306.,111.289840871818,837.79206796208));
#2471=CARTESIAN_POINT('Ctrl Pts',(-261.,110.362107294749,837.018465337414));
#2472=CARTESIAN_POINT('Ctrl Pts',(-306.,110.362107294749,837.018465337414));
#2473=CARTESIAN_POINT('Ctrl Pts',(-261.,108.724470099784,835.373917107597));
#2474=CARTESIAN_POINT('Ctrl Pts',(-306.,108.724470099784,835.373917107597));
#2475=CARTESIAN_POINT('Ctrl Pts',(-261.,107.95747240439,834.447285736636));
#2476=CARTESIAN_POINT('Ctrl Pts',(-306.,107.95747240439,834.447285736636));
#2477=CARTESIAN_POINT('Ctrl Pts',(-261.,106.605297994295,832.429381865506));
#2478=CARTESIAN_POINT('Ctrl Pts',(-306.,106.605297994295,832.429381865506));
#2479=CARTESIAN_POINT('Ctrl Pts',(-261.,106.020037199098,831.338140209547));
#2480=CARTESIAN_POINT('Ctrl Pts',(-306.,106.020037199098,831.338140209547));
#2481=CARTESIAN_POINT('Ctrl Pts',(-261.,105.387209549945,829.80547870633));
#2482=CARTESIAN_POINT('Ctrl Pts',(-306.,105.387209549945,829.80547870633));
#2483=CARTESIAN_POINT('Ctrl Pts',(-261.,105.237800607055,829.404776872502));
#2484=CARTESIAN_POINT('Ctrl Pts',(-306.,105.237800607055,829.404776872502));
#2485=CARTESIAN_POINT('Ctrl Pts',(-261.,105.102624128827,829.000000000058));
#2486=CARTESIAN_POINT('Ctrl Pts',(-306.,105.102624128827,829.000000000058));
#2487=CARTESIAN_POINT('',(-266.5,105.102624128808,829.));
#2488=CARTESIAN_POINT('',(-266.5,140.197375873173,829.000000000058));
#2489=CARTESIAN_POINT('Origin',(-266.5,122.650000001,823.14));
#2490=CARTESIAN_POINT('',(-258.500000002,140.197375873173,829.000000000058));
#2491=CARTESIAN_POINT('',(-258.500000002,105.102624128808,829.));
#2492=CARTESIAN_POINT('Origin',(-286.,143.,844.));
#2493=CARTESIAN_POINT('',(-286.,103.,836.));
#2494=CARTESIAN_POINT('Origin',(-269.,123.811495882,836.));
#2495=CARTESIAN_POINT('Origin',(-258.500000002,122.650000001,823.14));
#2496=CARTESIAN_POINT('',(-266.5,141.145157947,823.563240515));
#2497=CARTESIAN_POINT('Origin',(-266.5,122.650000001,823.14));
#2498=CARTESIAN_POINT('',(-266.5,140.081924019,816.944999999));
#2499=CARTESIAN_POINT('Origin',(-266.5,122.650000001,823.14));
#2500=CARTESIAN_POINT('',(-266.500000001,135.125,809.478946782));
#2501=CARTESIAN_POINT('Origin',(-266.5,122.650000001,823.14));
#2502=CARTESIAN_POINT('',(-266.500000002,125.65,804.884863736));
#2503=CARTESIAN_POINT('Origin',(-266.500000002,122.650000001,823.14));
#2504=CARTESIAN_POINT('',(-263.500000002,125.65,804.884863736));
#2505=CARTESIAN_POINT('',(-266.500000002,125.65,804.884863736));
#2506=CARTESIAN_POINT('',(-263.500000002,119.65,804.884863737));
#2507=CARTESIAN_POINT('Origin',(-263.500000002,122.650000001,823.14));
#2508=CARTESIAN_POINT('',(-266.500000002,119.65,804.884863737));
#2509=CARTESIAN_POINT('',(-263.500000002,119.65,804.884863737));
#2510=CARTESIAN_POINT('',(-266.500000001,110.,809.64083336));
#2511=CARTESIAN_POINT('Origin',(-266.500000002,122.650000001,823.14));
#2512=CARTESIAN_POINT('Origin',(-266.5,122.650000001,823.14));
#2513=CARTESIAN_POINT('Origin',(-266.500000002,-17.014033532,-1.36));
#2514=CARTESIAN_POINT('',(-266.500000002,125.65,804.884863736));
#2515=CARTESIAN_POINT('',(-266.500000002,135.125,785.));
#2516=CARTESIAN_POINT('Origin',(-266.5,-17.014033533,-13.75));
#2517=CARTESIAN_POINT('',(-266.5,135.125,833.5));
#2518=CARTESIAN_POINT('',(-266.5,110.,833.5));
#2519=CARTESIAN_POINT('',(-266.5,135.125,833.5));
#2520=CARTESIAN_POINT('',(-266.5,135.125,829.474966622));
#2521=CARTESIAN_POINT('',(-266.5,135.125,829.474966622));
#2522=CARTESIAN_POINT('Origin',(-266.5,122.65,810.75));
#2523=CARTESIAN_POINT('',(-266.5,110.,833.5));
#2524=CARTESIAN_POINT('Origin',(-272.000000004,135.125,813.225));
#2525=CARTESIAN_POINT('',(-301.500000001593,135.124999999376,822.235760870843));
#2526=CARTESIAN_POINT('',(-301.5,135.125,822.23576087));
#2527=CARTESIAN_POINT('',(-266.5,135.125,824.411053217));
#2528=CARTESIAN_POINT('',(-266.5,135.125,809.478946782));
#2529=CARTESIAN_POINT('',(-266.5,135.125,824.411053217));
#2530=CARTESIAN_POINT('',(-266.5,135.125,833.5));
#2531=CARTESIAN_POINT('',(-301.500000004,135.125,822.23576087));
#2532=CARTESIAN_POINT('Origin',(-266.5,98.9,833.5));
#2533=CARTESIAN_POINT('Origin',(-266.5,122.65,810.75));
#2534=CARTESIAN_POINT('Origin',(-266.5,-17.014033533,-13.75));
#2535=CARTESIAN_POINT('Origin',(-301.500000001,112.399999997,790.5));
#2536=CARTESIAN_POINT('',(-301.500000001,111.499999997,790.5));
#2537=CARTESIAN_POINT('Origin',(-301.500000001,112.399999997,790.5));
#2538=CARTESIAN_POINT('',(-304.500000001,111.499999997,790.5));
#2539=CARTESIAN_POINT('',(-301.500000001,111.499999997,790.5));
#2540=CARTESIAN_POINT('Origin',(-304.500000001,112.399999997,790.5));
#2541=CARTESIAN_POINT('Origin',(-301.500000001,112.399999997,815.));
#2542=CARTESIAN_POINT('',(-301.500000001,111.499999997,815.));
#2543=CARTESIAN_POINT('Origin',(-301.500000001,112.399999997,815.));
#2544=CARTESIAN_POINT('',(-304.500000001,111.499999997,815.));
#2545=CARTESIAN_POINT('',(-301.500000001,111.499999997,815.));
#2546=CARTESIAN_POINT('Origin',(-304.500000001,112.399999997,815.));
#2547=CARTESIAN_POINT('Origin',(-301.500000003,132.899999997,815.));
#2548=CARTESIAN_POINT('',(-301.500000003,133.799999997,815.));
#2549=CARTESIAN_POINT('Origin',(-301.500000003,132.899999997,815.));
#2550=CARTESIAN_POINT('',(-304.500000003,133.799999997,815.));
#2551=CARTESIAN_POINT('',(-301.500000003,133.799999997,815.));
#2552=CARTESIAN_POINT('Origin',(-304.500000003,132.899999997,815.));
#2553=CARTESIAN_POINT('Origin',(-301.500000003,132.899999997,790.5));
#2554=CARTESIAN_POINT('',(-301.500000003,133.799999997,790.5));
#2555=CARTESIAN_POINT('Origin',(-301.500000003,132.899999997,790.5));
#2556=CARTESIAN_POINT('',(-304.500000003,133.799999997,790.5));
#2557=CARTESIAN_POINT('',(-301.500000003,133.799999997,790.5));
#2558=CARTESIAN_POINT('Origin',(-304.500000003,132.899999997,790.5));
#2559=CARTESIAN_POINT('Origin',(-272.000000001,110.,790.475));
#2560=CARTESIAN_POINT('',(-301.5,110.000000000001,822.403913040334));
#2561=CARTESIAN_POINT('',(-301.5,110.,822.403913041));
#2562=CARTESIAN_POINT('',(-301.5,110.,822.403913039));
#2563=CARTESIAN_POINT('',(-266.5,110.,833.5));
#2564=CARTESIAN_POINT('',(-266.500000002,110.,809.64083336));
#2565=CARTESIAN_POINT('',(-297.205189591322,110.,805.518388760989));
#2566=CARTESIAN_POINT('Origin',(-295.437422649,110.,803.750621813));
#2567=CARTESIAN_POINT('',(-297.205189589,110.,805.518388757));
#2568=CARTESIAN_POINT('',(-277.165470756678,110.,807.758049594345));
#2569=CARTESIAN_POINT('',(-277.165470756,110.,807.758049592));
#2570=CARTESIAN_POINT('Origin',(-278.933237716,110.,809.52581655));
#2571=CARTESIAN_POINT('',(-298.824854863822,110.,814.538216376489));
#2572=CARTESIAN_POINT('',(-298.824854862,110.,814.538216373));
#2573=CARTESIAN_POINT('Origin',(-297.05708792,110.,812.770449428));
#2574=CARTESIAN_POINT('Origin',(-301.500000002,116.274999997,792.95));
#2575=CARTESIAN_POINT('',(-301.500000001,112.899999997,792.95));
#2576=CARTESIAN_POINT('',(-301.500000001,112.899999997,792.95));
#2577=CARTESIAN_POINT('',(-301.500000001,132.399999997,792.95));
#2578=CARTESIAN_POINT('',(-301.500000001,112.899999997,792.95));
#2579=CARTESIAN_POINT('',(-301.500000001,132.399999997,792.95));
#2580=CARTESIAN_POINT('Origin',(-301.500000001,112.899999997,798.95));
#2581=CARTESIAN_POINT('',(-301.500000001,112.899999997,804.95));
#2582=CARTESIAN_POINT('',(-301.500000001,112.899999997,804.95));
#2583=CARTESIAN_POINT('',(-301.500000001,112.899999997,804.95));
#2584=CARTESIAN_POINT('Origin',(-301.500000001,112.399999997,805.45));
#2585=CARTESIAN_POINT('',(-301.500000001,111.899999998,805.95));
#2586=CARTESIAN_POINT('',(-301.500000001,111.899999998,805.95));
#2587=CARTESIAN_POINT('',(-301.500000001,111.899999998,805.95));
#2588=CARTESIAN_POINT('Origin',(-301.500000001,111.899999998,809.2));
#2589=CARTESIAN_POINT('',(-301.5,111.899999998,812.45));
#2590=CARTESIAN_POINT('',(-301.5,111.899999998,812.45));
#2591=CARTESIAN_POINT('',(-301.500000001,111.899999998,812.45));
#2592=CARTESIAN_POINT('Origin',(-301.500000001,113.524999997,812.45));
#2593=CARTESIAN_POINT('',(-301.500000000333,115.149999997118,812.449999999882));
#2594=CARTESIAN_POINT('',(-301.5,115.149999997,812.45));
#2595=CARTESIAN_POINT('',(-301.5,111.899999998,812.45));
#2596=CARTESIAN_POINT('Origin',(-301.500000001,115.399999997,812.7));
#2597=CARTESIAN_POINT('',(-301.500000001,115.649999997,812.95));
#2598=CARTESIAN_POINT('',(-301.500000001,115.649999997,812.95));
#2599=CARTESIAN_POINT('',(-301.500000001,115.649999997,812.95));
#2600=CARTESIAN_POINT('Origin',(-301.500000001,115.649999997,814.9625));
#2601=CARTESIAN_POINT('',(-301.500000000667,115.649999997305,816.975000000624));
#2602=CARTESIAN_POINT('',(-301.500000001,115.649999998,816.975000001));
#2603=CARTESIAN_POINT('',(-301.500000001,115.649999997,816.975000001));
#2604=CARTESIAN_POINT('Origin',(-301.500000001,112.774999997,819.7375));
#2605=CARTESIAN_POINT('',(-301.5,115.649999997,816.975));
#2606=CARTESIAN_POINT('Origin',(-301.5,98.899999997,833.5));
#2607=CARTESIAN_POINT('',(-301.500000001333,129.649999996833,816.975000000173));
#2608=CARTESIAN_POINT('',(-301.500000003,129.649999997,816.975000001));
#2609=CARTESIAN_POINT('',(-301.5,129.649999997,812.95));
#2610=CARTESIAN_POINT('',(-301.5,129.649999997,816.975));
#2611=CARTESIAN_POINT('',(-301.500000001444,130.149999997758,812.449999999833));
#2612=CARTESIAN_POINT('',(-301.5,129.649999997,812.95));
#2613=CARTESIAN_POINT('',(-301.500000001444,133.399999997,812.45));
#2614=CARTESIAN_POINT('',(-301.500000003,133.399999997,812.45));
#2615=CARTESIAN_POINT('',(-301.5,133.399999997,805.95));
#2616=CARTESIAN_POINT('',(-301.5,133.399999997,812.45));
#2617=CARTESIAN_POINT('',(-301.5,132.399999997,804.95));
#2618=CARTESIAN_POINT('',(-301.5,133.399999997,805.95));
#2619=CARTESIAN_POINT('',(-301.5,132.399999997,804.95));
#2620=CARTESIAN_POINT('Origin',(-301.500000003,132.399999997,798.95));
#2621=CARTESIAN_POINT('',(-301.5,132.399999997,804.95));
#2622=CARTESIAN_POINT('Origin',(-301.500000003,132.899999997,805.45));
#2623=CARTESIAN_POINT('',(-301.5,133.399999997,805.95));
#2624=CARTESIAN_POINT('Origin',(-301.500000003,133.399999997,809.2));
#2625=CARTESIAN_POINT('',(-301.500000002,133.399999997,812.45));
#2626=CARTESIAN_POINT('Origin',(-301.500000003,131.774999997,812.45));
#2627=CARTESIAN_POINT('',(-301.500000002,130.149999998,812.45));
#2628=CARTESIAN_POINT('Origin',(-301.500000003,129.899999997,812.7));
#2629=CARTESIAN_POINT('',(-301.5,129.649999998,812.95));
#2630=CARTESIAN_POINT('Origin',(-301.500000003,129.649999997,814.9625));
#2631=CARTESIAN_POINT('',(-301.500000001,129.649999997,816.975));
#2632=CARTESIAN_POINT('Origin',(-301.500000003,132.524999998,819.7375));
#2633=CARTESIAN_POINT('Origin',(-280.732985185,147.9,804.190535175));
#2634=CARTESIAN_POINT('',(-277.165470753,103.,807.758049592));
#2635=CARTESIAN_POINT('Origin',(-289.98767518,147.899999998,812.735903187));
#2636=CARTESIAN_POINT('',(-297.205189586,103.,805.518388757));
#2637=CARTESIAN_POINT('Origin',(-295.257340451,147.899999998,818.105730802));
#2638=CARTESIAN_POINT('',(-298.824854859,103.,814.538216373));
#2639=CARTESIAN_POINT('Origin',(-295.437422649,147.899999998,803.750621813));
#2640=CARTESIAN_POINT('Origin',(-278.933237716,147.9,809.52581655));
#2641=CARTESIAN_POINT('Origin',(-297.05708792,147.899999997,812.770449428));
#2642=CARTESIAN_POINT('Origin',(-305.000000003,132.899999997,790.5));
#2643=CARTESIAN_POINT('',(-304.500000003,130.899999997,790.5));
#2644=CARTESIAN_POINT('Origin',(-304.500000003,132.899999997,790.5));
#2645=CARTESIAN_POINT('',(-305.000000003,130.899999997,790.5));
#2646=CARTESIAN_POINT('Origin',(-304.5,98.899999996,833.5));
#2647=CARTESIAN_POINT('Origin',(-305.000000003,132.899999997,815.));
#2648=CARTESIAN_POINT('',(-304.500000003,130.899999997,815.));
#2649=CARTESIAN_POINT('Origin',(-304.500000003,132.899999997,815.));
#2650=CARTESIAN_POINT('',(-305.000000003,130.899999997,815.));
#2651=CARTESIAN_POINT('Origin',(-304.5,98.899999996,833.5));
#2652=CARTESIAN_POINT('Origin',(-305.000000001,112.399999996,815.));
#2653=CARTESIAN_POINT('',(-304.500000001,110.399999996,815.));
#2654=CARTESIAN_POINT('Origin',(-304.500000001,112.399999996,815.));
#2655=CARTESIAN_POINT('',(-305.000000001,110.399999996,815.));
#2656=CARTESIAN_POINT('Origin',(-304.5,98.899999996,833.5));
#2657=CARTESIAN_POINT('Origin',(-305.000000001,112.399999996,790.5));
#2658=CARTESIAN_POINT('',(-304.500000001,110.399999996,790.5));
#2659=CARTESIAN_POINT('Origin',(-304.500000001,112.399999996,790.5));
#2660=CARTESIAN_POINT('',(-305.000000001,110.399999996,790.5));
#2661=CARTESIAN_POINT('Origin',(-304.5,98.899999996,833.5));
#2662=CARTESIAN_POINT('Origin',(-266.500000002,-17.014033532,-1.36));
#2663=CARTESIAN_POINT('',(-266.500000002,119.65,804.884863737));
#2664=CARTESIAN_POINT('Origin',(-269.,123.811495882,833.5));
#2665=CARTESIAN_POINT('Origin',(-266.500000002,125.65,808.));
#2666=CARTESIAN_POINT('',(-263.500000002,125.65,804.884863736));
#2667=CARTESIAN_POINT('Origin',(-263.500000002,122.65,808.));
#2668=CARTESIAN_POINT('',(-263.500000002,119.65,804.884863737));
#2669=CARTESIAN_POINT('Origin',(-266.500000002,119.65,808.));
#2670=CARTESIAN_POINT('Origin',(-500.,137.625,791.));
#2671=CARTESIAN_POINT('',(400.,0.,-750.));
#2672=UNCERTAINTY_MEASURE_WITH_UNIT(LENGTH_MEASURE(0.01),#2678,
'DISTANCE_ACCURACY_VALUE',
'Maximum model space distance between geometric entities at asserted c
onnectivities');
#2673=UNCERTAINTY_MEASURE_WITH_UNIT(LENGTH_MEASURE(0.01),#2678,
'DISTANCE_ACCURACY_VALUE',
'Maximum model space distance between geometric entities at asserted c
onnectivities');
#2674=UNCERTAINTY_MEASURE_WITH_UNIT(LENGTH_MEASURE(0.01),#2678,
'DISTANCE_ACCURACY_VALUE',
'Maximum model space distance between geometric entities at asserted c
onnectivities');
#2675=(
GEOMETRIC_REPRESENTATION_CONTEXT(3)
GLOBAL_UNCERTAINTY_ASSIGNED_CONTEXT((#2672))
GLOBAL_UNIT_ASSIGNED_CONTEXT((#2678,#2680,#2681))
REPRESENTATION_CONTEXT('','3D')
);
#2676=(
GEOMETRIC_REPRESENTATION_CONTEXT(3)
GLOBAL_UNCERTAINTY_ASSIGNED_CONTEXT((#2673))
GLOBAL_UNIT_ASSIGNED_CONTEXT((#2678,#2680,#2681))
REPRESENTATION_CONTEXT('','3D')
);
#2677=(
GEOMETRIC_REPRESENTATION_CONTEXT(3)
GLOBAL_UNCERTAINTY_ASSIGNED_CONTEXT((#2674))
GLOBAL_UNIT_ASSIGNED_CONTEXT((#2678,#2680,#2681))
REPRESENTATION_CONTEXT('','3D')
);
#2678=(
LENGTH_UNIT()
NAMED_UNIT(*)
SI_UNIT(.MILLI.,.METRE.)
);
#2679=(
LENGTH_UNIT()
NAMED_UNIT(*)
SI_UNIT($,.METRE.)
);
#2680=(
NAMED_UNIT(*)
PLANE_ANGLE_UNIT()
SI_UNIT($,.RADIAN.)
);
#2681=(
NAMED_UNIT(*)
SI_UNIT($,.STERADIAN.)
SOLID_ANGLE_UNIT()
);
#2682=SHAPE_DEFINITION_REPRESENTATION(#2684,#2687);
#2683=SHAPE_DEFINITION_REPRESENTATION(#2685,#2688);
#2684=PRODUCT_DEFINITION_SHAPE('',$,#2690);
#2685=PRODUCT_DEFINITION_SHAPE('',$,#2691);
#2686=PRODUCT_DEFINITION_SHAPE($,$,#14);
#2687=SHAPE_REPRESENTATION('',(#1480,#1620),#2675);
#2688=SHAPE_REPRESENTATION('',(#1481),#2676);
#2689=PRODUCT_DEFINITION_CONTEXT('part definition',#2697,'design');
#2690=PRODUCT_DEFINITION('root','XLeRobot 035 wheels v3',#2692,#2689);
#2691=PRODUCT_DEFINITION('Circular Pattern 01','Circular Pattern 01',#2693,
#2689);
#2692=PRODUCT_DEFINITION_FORMATION('',$,#2699);
#2693=PRODUCT_DEFINITION_FORMATION('',$,#2700);
#2694=PRODUCT_RELATED_PRODUCT_CATEGORY('XLeRobot 035 wheels v3',
'XLeRobot 035 wheels v3',(#2699));
#2695=PRODUCT_RELATED_PRODUCT_CATEGORY('Circular Pattern 01',
'Circular Pattern 01',(#2700));
#2696=APPLICATION_PROTOCOL_DEFINITION('international standard',
'automotive_design',2009,#2697);
#2697=APPLICATION_CONTEXT(
'Core Data for Automotive Mechanical Design Process');
#2698=PRODUCT_CONTEXT('part definition',#2697,'mechanical');
#2699=PRODUCT('root','XLeRobot 035 wheels v3','HOOPS Exchange Step',(#2698));
#2700=PRODUCT('Circular Pattern 01','Circular Pattern 01',$,(#2698));
#2701=PRESENTATION_STYLE_ASSIGNMENT((#2704));
#2702=PRESENTATION_STYLE_ASSIGNMENT((#2705));
#2703=PRESENTATION_STYLE_ASSIGNMENT((#2706));
#2704=SURFACE_STYLE_USAGE(.BOTH.,#2707);
#2705=SURFACE_STYLE_USAGE(.BOTH.,#2708);
#2706=SURFACE_STYLE_USAGE(.BOTH.,#2709);
#2707=SURFACE_SIDE_STYLE('',(#2710));
#2708=SURFACE_SIDE_STYLE('',(#2711));
#2709=SURFACE_SIDE_STYLE('',(#2712));
#2710=SURFACE_STYLE_FILL_AREA(#2713);
#2711=SURFACE_STYLE_FILL_AREA(#2714);
#2712=SURFACE_STYLE_FILL_AREA(#2715);
#2713=FILL_AREA_STYLE('Steel - Satin',(#2716));
#2714=FILL_AREA_STYLE('Opaque(25,25,25)',(#2717));
#2715=FILL_AREA_STYLE('Opaque(160,160,164)',(#2718));
#2716=FILL_AREA_STYLE_COLOUR('Steel - Satin',#2719);
#2717=FILL_AREA_STYLE_COLOUR('Opaque(25,25,25)',#2720);
#2718=FILL_AREA_STYLE_COLOUR('Opaque(160,160,164)',#2721);
#2719=COLOUR_RGB('Steel - Satin',0.627450980392157,0.627450980392157,0.627450980392157);
#2720=COLOUR_RGB('Opaque(25,25,25)',0.0980392156862745,0.0980392156862745,
0.0980392156862745);
#2721=COLOUR_RGB('Opaque(160,160,164)',0.627450980392157,0.627450980392157,
0.643137254901961);
ENDSEC;
END-ISO-10303-21;
